{
    "app_entry": {},
    "app_summary": {},
    "app_type": {},
    "builds": [
        "py_0"
    ],
    "conda_platforms": [
        "noarch"
    ],
    "created_at": "2019-12-09 09:00:54.787000+00:00",
    "description": "",
    "dev_url": "https://github.com/MDU-PHL/abritamr",
    "doc_url": null,
    "files": [
        {
            "attrs": {
                "arch": null,
                "build": "py_0",
                "build_number": 0,
                "depends": [
                    "blast 2.9 pl526h3066fca_4",
                    "click",
                    "jinja2",
                    "ncbi-amrfinderplus",
                    "pandas",
                    "python >=3.6",
                    "snakemake"
                ],
                "has_prefix": false,
                "license": "GNU General Public v3 (GPLv3)",
                "license_family": "GPL3",
                "machine": null,
                "noarch": "python",
                "operatingsystem": null,
                "platform": null,
                "subdir": "noarch",
                "target-triplet": "None-any-None",
                "timestamp": 1575880812257
            },
            "basename": "noarch/abritamr-0.1.0-py_0.tar.bz2",
            "dependencies": {
                "depends": [
                    {
                        "name": "blast",
                        "specs": [
                            [
                                "==",
                                "2.9 pl526h3066fca_4"
                            ]
                        ]
                    },
                    {
                        "name": "click",
                        "specs": []
                    },
                    {
                        "name": "jinja2",
                        "specs": []
                    },
                    {
                        "name": "ncbi-amrfinderplus",
                        "specs": []
                    },
                    {
                        "name": "pandas",
                        "specs": []
                    },
                    {
                        "name": "python",
                        "specs": [
                            [
                                ">=",
                                "3.6"
                            ]
                        ]
                    },
                    {
                        "name": "snakemake",
                        "specs": []
                    }
                ]
            },
            "description": null,
            "distribution_type": "conda",
            "download_url": "//api.anaconda.org/download/bioconda/abritamr/0.1.0/noarch/abritamr-0.1.0-py_0.tar.bz2",
            "full_name": "bioconda/abritamr/0.1.0/noarch/abritamr-0.1.0-py_0.tar.bz2",
            "labels": [
                "main"
            ],
            "md5": "8095d16a7cce150581b0b2c0c16a31e4",
            "ndownloads": 12,
            "owner": "bioconda",
            "size": 252203,
            "type": "conda",
            "upload_time": "2019-12-09 09:00:55.576000+00:00",
            "version": "0.1.0"
        }
    ],
    "full_name": "bioconda/abritamr",
    "home": "https://github.com/MDU-PHL/abritamr",
    "html_url": "http://anaconda.org/bioconda/abritamr",
    "id": "5dee0d46778a87205020514e",
    "latest_version": "0.1.0",
    "license": "GNU General Public v3 (GPLv3)",
    "license_url": null,
    "modified_at": "2019-12-09 09:00:55.877000+00:00",
    "name": "abritamr",
    "owner": {
        "company": "",
        "created_at": "2015-09-11 22:59:20.880000+00:00",
        "description": "Bioconda is a distribution of bioinformatics software realized as a channel for the versatile Conda package manager.",
        "location": "",
        "login": "bioconda",
        "name": "bioconda",
        "url": "",
        "user_type": "org"
    },
    "package_types": [
        "conda"
    ],
    "public": true,
    "releases": [
        {
            "distributions": [],
            "full_name": "bioconda/abritamr/0.1.0",
            "version": "0.1.0"
        }
    ],
    "revision": 2,
    "source_git_tag": null,
    "source_git_url": null,
    "summary": "Running AMRFinderPlus for MDU",
    "upvoted": 0,
    "url": "http://api.anaconda.org/packages/bioconda/abritamr",
    "versions": [
        "0.1.0"
    ],
    "watchers": 1
}