{
    "app_entry": {},
    "app_summary": {},
    "app_type": {},
    "builds": [
        "1",
        "0",
        "hd28b015_0"
    ],
    "conda_platforms": [
        "linux-64",
        "osx-64"
    ],
    "created_at": "2016-12-28 21:39:30.519000+00:00",
    "description": "",
    "dev_url": null,
    "doc_url": null,
    "files": [
        {
            "attrs": {
                "arch": "x86_64",
                "build": "1",
                "build_number": 1,
                "depends": [
                    "libgcc",
                    "zlib 1.2.11*"
                ],
                "has_prefix": true,
                "license": "GPL3",
                "machine": "x86_64",
                "operatingsystem": "linux",
                "platform": "linux",
                "subdir": "linux-64",
                "target-triplet": "x86_64-any-linux"
            },
            "basename": "linux-64/agg-0.3.5-1.tar.bz2",
            "dependencies": {
                "depends": [
                    {
                        "name": "libgcc",
                        "specs": []
                    },
                    {
                        "name": "zlib",
                        "specs": [
                            [
                                "==",
                                "1.2.11"
                            ]
                        ]
                    }
                ]
            },
            "description": null,
            "distribution_type": "conda",
            "download_url": "//api.anaconda.org/download/bioconda/agg/0.3.5/linux-64/agg-0.3.5-1.tar.bz2",
            "full_name": "bioconda/agg/0.3.5/linux-64/agg-0.3.5-1.tar.bz2",
            "labels": [
                "main",
                "cf201901"
            ],
            "md5": "7d65c47c5c8877eba93626696c65b6e8",
            "ndownloads": 369,
            "owner": "bioconda",
            "size": 957274,
            "type": "conda",
            "upload_time": "2018-02-13 21:07:14.046000+00:00",
            "version": "0.3.5"
        },
        {
            "attrs": {
                "arch": "x86_64",
                "build": "0",
                "build_number": 0,
                "depends": [
                    "libgcc",
                    "zlib"
                ],
                "has_prefix": true,
                "license": "GPL3",
                "machine": "x86_64",
                "operatingsystem": "linux",
                "platform": "linux",
                "subdir": "linux-64",
                "target-triplet": "x86_64-any-linux"
            },
            "basename": "linux-64/agg-0.3.5-0.tar.bz2",
            "dependencies": {
                "depends": [
                    {
                        "name": "libgcc",
                        "specs": []
                    },
                    {
                        "name": "zlib",
                        "specs": []
                    }
                ]
            },
            "description": null,
            "distribution_type": "conda",
            "download_url": "//api.anaconda.org/download/bioconda/agg/0.3.5/linux-64/agg-0.3.5-0.tar.bz2",
            "full_name": "bioconda/agg/0.3.5/linux-64/agg-0.3.5-0.tar.bz2",
            "labels": [
                "main",
                "cf201901"
            ],
            "md5": "17dc1dbfa7c8c4b01ac37d223090f432",
            "ndownloads": 545,
            "owner": "bioconda",
            "size": 959613,
            "type": "conda",
            "upload_time": "2016-12-28 21:39:30.929000+00:00",
            "version": "0.3.5"
        },
        {
            "attrs": {
                "arch": "x86_64",
                "build": "0",
                "build_number": 0,
                "depends": [
                    "libgcc",
                    "zlib"
                ],
                "has_prefix": false,
                "license": "GPL3",
                "machine": "x86_64",
                "operatingsystem": "darwin",
                "platform": "osx",
                "subdir": "osx-64",
                "target-triplet": "x86_64-any-darwin"
            },
            "basename": "osx-64/agg-0.3.5-0.tar.bz2",
            "dependencies": {
                "depends": [
                    {
                        "name": "libgcc",
                        "specs": []
                    },
                    {
                        "name": "zlib",
                        "specs": []
                    }
                ]
            },
            "description": null,
            "distribution_type": "conda",
            "download_url": "//api.anaconda.org/download/bioconda/agg/0.3.5/osx-64/agg-0.3.5-0.tar.bz2",
            "full_name": "bioconda/agg/0.3.5/osx-64/agg-0.3.5-0.tar.bz2",
            "labels": [
                "main",
                "cf201901"
            ],
            "md5": "cd0b6090d2d92a039108229c1f1e1ce7",
            "ndownloads": 154,
            "owner": "bioconda",
            "size": 397700,
            "type": "conda",
            "upload_time": "2016-12-28 21:53:50.905000+00:00",
            "version": "0.3.5"
        },
        {
            "attrs": {
                "arch": "x86_64",
                "build": "1",
                "build_number": 1,
                "depends": [
                    "libgcc",
                    "zlib 1.2.11*"
                ],
                "has_prefix": false,
                "license": "GPL3",
                "machine": "x86_64",
                "operatingsystem": "darwin",
                "platform": "osx",
                "subdir": "osx-64",
                "target-triplet": "x86_64-any-darwin"
            },
            "basename": "osx-64/agg-0.3.5-1.tar.bz2",
            "dependencies": {
                "depends": [
                    {
                        "name": "libgcc",
                        "specs": []
                    },
                    {
                        "name": "zlib",
                        "specs": [
                            [
                                "==",
                                "1.2.11"
                            ]
                        ]
                    }
                ]
            },
            "description": null,
            "distribution_type": "conda",
            "download_url": "//api.anaconda.org/download/bioconda/agg/0.3.5/osx-64/agg-0.3.5-1.tar.bz2",
            "full_name": "bioconda/agg/0.3.5/osx-64/agg-0.3.5-1.tar.bz2",
            "labels": [
                "main",
                "cf201901"
            ],
            "md5": "5fcb7d7f16a1900d10856ba250c0b397",
            "ndownloads": 716,
            "owner": "bioconda",
            "size": 397595,
            "type": "conda",
            "upload_time": "2018-02-04 16:31:48.698000+00:00",
            "version": "0.3.5"
        },
        {
            "attrs": {
                "arch": "x86_64",
                "build": "hd28b015_0",
                "build_number": 0,
                "depends": [
                    "libgcc-ng >=4.9",
                    "libstdcxx-ng >=4.9",
                    "zlib >=1.2.11,<1.3.0a0"
                ],
                "has_prefix": true,
                "license": "GPL3",
                "machine": "x86_64",
                "operatingsystem": "linux",
                "platform": "linux",
                "subdir": "linux-64",
                "target-triplet": "x86_64-any-linux",
                "timestamp": 1533929922649
            },
            "basename": "linux-64/agg-0.3.6-hd28b015_0.tar.bz2",
            "dependencies": {
                "depends": [
                    {
                        "name": "libgcc-ng",
                        "specs": [
                            [
                                ">=",
                                "4.9"
                            ]
                        ]
                    },
                    {
                        "name": "libstdcxx-ng",
                        "specs": [
                            [
                                ">=",
                                "4.9"
                            ]
                        ]
                    },
                    {
                        "name": "zlib",
                        "specs": [
                            [
                                ">=",
                                "1.2.11,<1.3.0a0"
                            ]
                        ]
                    }
                ]
            },
            "description": null,
            "distribution_type": "conda",
            "download_url": "//api.anaconda.org/download/bioconda/agg/0.3.6/linux-64/agg-0.3.6-hd28b015_0.tar.bz2",
            "full_name": "bioconda/agg/0.3.6/linux-64/agg-0.3.6-hd28b015_0.tar.bz2",
            "labels": [
                "main",
                "cf201901"
            ],
            "md5": "daa63dcba87ba4396b2808e59518cff4",
            "ndownloads": 1058,
            "owner": "bioconda",
            "size": 1077323,
            "type": "conda",
            "upload_time": "2018-08-10 19:40:06.681000+00:00",
            "version": "0.3.6"
        }
    ],
    "full_name": "bioconda/agg",
    "home": "None",
    "html_url": "http://anaconda.org/bioconda/agg",
    "id": "5864311235eac30fddb24381",
    "latest_version": "0.3.6",
    "license": "GPL3",
    "license_url": null,
    "modified_at": "2018-08-10 19:40:07.816000+00:00",
    "name": "agg",
    "owner": {
        "company": "",
        "created_at": "2015-09-11 22:59:20.880000+00:00",
        "description": "Bioconda is a distribution of bioinformatics software realized as a channel for the versatile Conda package manager.",
        "location": "",
        "login": "bioconda",
        "name": "bioconda",
        "url": "",
        "user_type": "org"
    },
    "package_types": [
        "conda"
    ],
    "public": true,
    "releases": [
        {
            "distributions": [],
            "full_name": "bioconda/agg/0.3.5",
            "version": "0.3.5"
        },
        {
            "distributions": [],
            "full_name": "bioconda/agg/0.3.6",
            "version": "0.3.6"
        }
    ],
    "revision": 3,
    "source_git_tag": null,
    "source_git_url": null,
    "summary": "gvcf aggregation tool",
    "upvoted": 0,
    "url": "http://api.anaconda.org/packages/bioconda/agg",
    "versions": [
        "0.3.5",
        "0.3.6"
    ],
    "watchers": 1
}