{
    "app_entry": {},
    "app_summary": {},
    "app_type": {},
    "builds": [
        "h1de35cc_1",
        "h1de35cc_0",
        "h14c3975_1",
        "h14c3975_0",
        "h470a237_1",
        "h470a237_0",
        "h516909a_0",
        "h01d97ff_0"
    ],
    "conda_platforms": [
        "linux-64",
        "osx-64"
    ],
    "created_at": "2018-06-26 22:55:41.741000+00:00",
    "description": "",
    "dev_url": null,
    "doc_url": null,
    "files": [
        {
            "attrs": {
                "arch": "x86_64",
                "build": "h470a237_1",
                "build_number": 1,
                "depends": [
                    "htslib >=1.9,<1.10.0a0",
                    "libgcc-ng >=4.9"
                ],
                "has_prefix": false,
                "license": "BSD",
                "machine": "x86_64",
                "operatingsystem": "linux",
                "platform": "linux",
                "subdir": "linux-64",
                "target-triplet": "x86_64-any-linux",
                "timestamp": 1533144813143
            },
            "basename": "linux-64/alignstats-0.3-h470a237_1.tar.bz2",
            "dependencies": {
                "depends": [
                    {
                        "name": "htslib",
                        "specs": [
                            [
                                ">=",
                                "1.9,<1.10.0a0"
                            ]
                        ]
                    },
                    {
                        "name": "libgcc-ng",
                        "specs": [
                            [
                                ">=",
                                "4.9"
                            ]
                        ]
                    }
                ]
            },
            "description": null,
            "distribution_type": "conda",
            "download_url": "//api.anaconda.org/download/bioconda/alignstats/0.3/linux-64/alignstats-0.3-h470a237_1.tar.bz2",
            "full_name": "bioconda/alignstats/0.3/linux-64/alignstats-0.3-h470a237_1.tar.bz2",
            "labels": [
                "main",
                "cf201901"
            ],
            "md5": "8dd358a6d7b1be9426a0dc74f9171f51",
            "ndownloads": 317,
            "owner": "bioconda",
            "size": 26972,
            "type": "conda",
            "upload_time": "2018-08-01 17:34:53.095000+00:00",
            "version": "0.3"
        },
        {
            "attrs": {
                "arch": "x86_64",
                "build": "h470a237_0",
                "build_number": 0,
                "depends": [
                    "htslib >=1.8,<1.9.0a0"
                ],
                "has_prefix": true,
                "license": "BSD",
                "machine": "x86_64",
                "operatingsystem": "darwin",
                "platform": "osx",
                "subdir": "osx-64",
                "target-triplet": "x86_64-any-darwin",
                "timestamp": 1530053727779
            },
            "basename": "osx-64/alignstats-0.3-h470a237_0.tar.bz2",
            "dependencies": {
                "depends": [
                    {
                        "name": "htslib",
                        "specs": [
                            [
                                ">=",
                                "1.8,<1.9.0a0"
                            ]
                        ]
                    }
                ]
            },
            "description": null,
            "distribution_type": "conda",
            "download_url": "//api.anaconda.org/download/bioconda/alignstats/0.3/osx-64/alignstats-0.3-h470a237_0.tar.bz2",
            "full_name": "bioconda/alignstats/0.3/osx-64/alignstats-0.3-h470a237_0.tar.bz2",
            "labels": [
                "main",
                "cf201901"
            ],
            "md5": "35684dc18b406565581901a55cf7a168",
            "ndownloads": 192,
            "owner": "bioconda",
            "size": 26602,
            "type": "conda",
            "upload_time": "2018-06-26 22:55:45.863000+00:00",
            "version": "0.3"
        },
        {
            "attrs": {
                "arch": "x86_64",
                "build": "h470a237_0",
                "build_number": 0,
                "depends": [
                    "htslib >=1.8,<1.9.0a0",
                    "libgcc-ng >=4.9"
                ],
                "has_prefix": false,
                "license": "BSD",
                "machine": "x86_64",
                "operatingsystem": "linux",
                "platform": "linux",
                "subdir": "linux-64",
                "target-triplet": "x86_64-any-linux",
                "timestamp": 1530053909147
            },
            "basename": "linux-64/alignstats-0.3-h470a237_0.tar.bz2",
            "dependencies": {
                "depends": [
                    {
                        "name": "htslib",
                        "specs": [
                            [
                                ">=",
                                "1.8,<1.9.0a0"
                            ]
                        ]
                    },
                    {
                        "name": "libgcc-ng",
                        "specs": [
                            [
                                ">=",
                                "4.9"
                            ]
                        ]
                    }
                ]
            },
            "description": null,
            "distribution_type": "conda",
            "download_url": "//api.anaconda.org/download/bioconda/alignstats/0.3/linux-64/alignstats-0.3-h470a237_0.tar.bz2",
            "full_name": "bioconda/alignstats/0.3/linux-64/alignstats-0.3-h470a237_0.tar.bz2",
            "labels": [
                "main",
                "cf201901"
            ],
            "md5": "5d18b11a1e1d00725111df2639875f50",
            "ndownloads": 299,
            "owner": "bioconda",
            "size": 26803,
            "type": "conda",
            "upload_time": "2018-06-26 22:59:49.063000+00:00",
            "version": "0.3"
        },
        {
            "attrs": {
                "arch": "x86_64",
                "build": "h470a237_0",
                "build_number": 0,
                "depends": [
                    "htslib >=1.9,<1.10.0a0",
                    "libgcc-ng >=4.9"
                ],
                "has_prefix": false,
                "license": "BSD",
                "machine": "x86_64",
                "operatingsystem": "linux",
                "platform": "linux",
                "subdir": "linux-64",
                "target-triplet": "x86_64-any-linux",
                "timestamp": 1540023589718
            },
            "basename": "linux-64/alignstats-0.5-h470a237_0.tar.bz2",
            "dependencies": {
                "depends": [
                    {
                        "name": "htslib",
                        "specs": [
                            [
                                ">=",
                                "1.9,<1.10.0a0"
                            ]
                        ]
                    },
                    {
                        "name": "libgcc-ng",
                        "specs": [
                            [
                                ">=",
                                "4.9"
                            ]
                        ]
                    }
                ]
            },
            "description": null,
            "distribution_type": "conda",
            "download_url": "//api.anaconda.org/download/bioconda/alignstats/0.5/linux-64/alignstats-0.5-h470a237_0.tar.bz2",
            "full_name": "bioconda/alignstats/0.5/linux-64/alignstats-0.5-h470a237_0.tar.bz2",
            "labels": [
                "main",
                "cf201901"
            ],
            "md5": "b204ab1382f94043a29b3478281d8c1e",
            "ndownloads": 297,
            "owner": "bioconda",
            "size": 27391,
            "type": "conda",
            "upload_time": "2018-10-20 08:21:13.539000+00:00",
            "version": "0.5"
        },
        {
            "attrs": {
                "arch": "x86_64",
                "build": "h470a237_0",
                "build_number": 0,
                "depends": [
                    "htslib >=1.9,<1.10.0a0"
                ],
                "has_prefix": true,
                "license": "BSD",
                "machine": "x86_64",
                "operatingsystem": "darwin",
                "platform": "osx",
                "subdir": "osx-64",
                "target-triplet": "x86_64-any-darwin",
                "timestamp": 1540024689496
            },
            "basename": "osx-64/alignstats-0.5-h470a237_0.tar.bz2",
            "dependencies": {
                "depends": [
                    {
                        "name": "htslib",
                        "specs": [
                            [
                                ">=",
                                "1.9,<1.10.0a0"
                            ]
                        ]
                    }
                ]
            },
            "description": null,
            "distribution_type": "conda",
            "download_url": "//api.anaconda.org/download/bioconda/alignstats/0.5/osx-64/alignstats-0.5-h470a237_0.tar.bz2",
            "full_name": "bioconda/alignstats/0.5/osx-64/alignstats-0.5-h470a237_0.tar.bz2",
            "labels": [
                "main",
                "cf201901"
            ],
            "md5": "30ccb81f1175ece932b25673d1ae302e",
            "ndownloads": 754,
            "owner": "bioconda",
            "size": 26958,
            "type": "conda",
            "upload_time": "2018-10-20 08:38:25.629000+00:00",
            "version": "0.5"
        },
        {
            "attrs": {
                "arch": "x86_64",
                "build": "h470a237_1",
                "build_number": 1,
                "depends": [
                    "htslib >=1.9,<1.10.0a0"
                ],
                "has_prefix": true,
                "license": "BSD",
                "machine": "x86_64",
                "operatingsystem": "darwin",
                "platform": "osx",
                "subdir": "osx-64",
                "target-triplet": "x86_64-any-darwin",
                "timestamp": 1533125053837
            },
            "basename": "osx-64/alignstats-0.3-h470a237_1.tar.bz2",
            "dependencies": {
                "depends": [
                    {
                        "name": "htslib",
                        "specs": [
                            [
                                ">=",
                                "1.9,<1.10.0a0"
                            ]
                        ]
                    }
                ]
            },
            "description": null,
            "distribution_type": "conda",
            "download_url": "//api.anaconda.org/download/bioconda/alignstats/0.3/osx-64/alignstats-0.3-h470a237_1.tar.bz2",
            "full_name": "bioconda/alignstats/0.3/osx-64/alignstats-0.3-h470a237_1.tar.bz2",
            "labels": [
                "main",
                "cf201901"
            ],
            "md5": "6b2d10c1ef206d816db7b3d2482b0d86",
            "ndownloads": 702,
            "owner": "bioconda",
            "size": 26756,
            "type": "conda",
            "upload_time": "2018-08-01 12:04:26.489000+00:00",
            "version": "0.3"
        },
        {
            "attrs": {
                "arch": "x86_64",
                "build": "h1de35cc_1",
                "build_number": 1,
                "depends": [
                    "htslib >=1.9,<1.10.0a0"
                ],
                "has_prefix": true,
                "license": "BSD",
                "machine": "x86_64",
                "operatingsystem": "darwin",
                "platform": "osx",
                "subdir": "osx-64",
                "target-triplet": "x86_64-any-darwin",
                "timestamp": 1552160872973
            },
            "basename": "osx-64/alignstats-0.5-h1de35cc_1.tar.bz2",
            "dependencies": {
                "depends": [
                    {
                        "name": "htslib",
                        "specs": [
                            [
                                ">=",
                                "1.9,<1.10.0a0"
                            ]
                        ]
                    }
                ]
            },
            "description": null,
            "distribution_type": "conda",
            "download_url": "//api.anaconda.org/download/bioconda/alignstats/0.5/osx-64/alignstats-0.5-h1de35cc_1.tar.bz2",
            "full_name": "bioconda/alignstats/0.5/osx-64/alignstats-0.5-h1de35cc_1.tar.bz2",
            "labels": [
                "main"
            ],
            "md5": "5d3e84a1463d48fa314f298989035068",
            "ndownloads": 126,
            "owner": "bioconda",
            "size": 26829,
            "type": "conda",
            "upload_time": "2019-03-09 19:48:10.595000+00:00",
            "version": "0.5"
        },
        {
            "attrs": {
                "arch": "x86_64",
                "build": "h14c3975_1",
                "build_number": 1,
                "depends": [
                    "htslib >=1.9,<1.10.0a0",
                    "libgcc-ng >=7.3.0"
                ],
                "has_prefix": false,
                "license": "BSD",
                "machine": "x86_64",
                "operatingsystem": "linux",
                "platform": "linux",
                "subdir": "linux-64",
                "target-triplet": "x86_64-any-linux",
                "timestamp": 1552476752739
            },
            "basename": "linux-64/alignstats-0.5-h14c3975_1.tar.bz2",
            "dependencies": {
                "depends": [
                    {
                        "name": "htslib",
                        "specs": [
                            [
                                ">=",
                                "1.9,<1.10.0a0"
                            ]
                        ]
                    },
                    {
                        "name": "libgcc-ng",
                        "specs": [
                            [
                                ">=",
                                "7.3.0"
                            ]
                        ]
                    }
                ]
            },
            "description": null,
            "distribution_type": "conda",
            "download_url": "//api.anaconda.org/download/bioconda/alignstats/0.5/linux-64/alignstats-0.5-h14c3975_1.tar.bz2",
            "full_name": "bioconda/alignstats/0.5/linux-64/alignstats-0.5-h14c3975_1.tar.bz2",
            "labels": [
                "main"
            ],
            "md5": "bc6c6c429bb5f24fa9a6d00a30c5e1b4",
            "ndownloads": 81,
            "owner": "bioconda",
            "size": 30932,
            "type": "conda",
            "upload_time": "2019-03-13 11:34:01.115000+00:00",
            "version": "0.5"
        },
        {
            "attrs": {
                "arch": "x86_64",
                "build": "h14c3975_0",
                "build_number": 0,
                "depends": [
                    "htslib >=1.9,<1.10.0a0",
                    "libgcc-ng >=7.3.0"
                ],
                "has_prefix": false,
                "license": "BSD",
                "machine": "x86_64",
                "operatingsystem": "linux",
                "platform": "linux",
                "subdir": "linux-64",
                "target-triplet": "x86_64-any-linux",
                "timestamp": 1556376549671
            },
            "basename": "linux-64/alignstats-0.7-h14c3975_0.tar.bz2",
            "dependencies": {
                "depends": [
                    {
                        "name": "htslib",
                        "specs": [
                            [
                                ">=",
                                "1.9,<1.10.0a0"
                            ]
                        ]
                    },
                    {
                        "name": "libgcc-ng",
                        "specs": [
                            [
                                ">=",
                                "7.3.0"
                            ]
                        ]
                    }
                ]
            },
            "description": null,
            "distribution_type": "conda",
            "download_url": "//api.anaconda.org/download/bioconda/alignstats/0.7/linux-64/alignstats-0.7-h14c3975_0.tar.bz2",
            "full_name": "bioconda/alignstats/0.7/linux-64/alignstats-0.7-h14c3975_0.tar.bz2",
            "labels": [
                "main"
            ],
            "md5": "a189e381478642a15691f272fa4f4611",
            "ndownloads": 77,
            "owner": "bioconda",
            "size": 30661,
            "type": "conda",
            "upload_time": "2019-04-27 14:50:58.680000+00:00",
            "version": "0.7"
        },
        {
            "attrs": {
                "arch": "x86_64",
                "build": "h1de35cc_0",
                "build_number": 0,
                "depends": [
                    "htslib >=1.9,<1.10.0a0"
                ],
                "has_prefix": true,
                "license": "BSD",
                "machine": "x86_64",
                "operatingsystem": "darwin",
                "platform": "osx",
                "subdir": "osx-64",
                "target-triplet": "x86_64-any-darwin",
                "timestamp": 1556379851388
            },
            "basename": "osx-64/alignstats-0.7-h1de35cc_0.tar.bz2",
            "dependencies": {
                "depends": [
                    {
                        "name": "htslib",
                        "specs": [
                            [
                                ">=",
                                "1.9,<1.10.0a0"
                            ]
                        ]
                    }
                ]
            },
            "description": null,
            "distribution_type": "conda",
            "download_url": "//api.anaconda.org/download/bioconda/alignstats/0.7/osx-64/alignstats-0.7-h1de35cc_0.tar.bz2",
            "full_name": "bioconda/alignstats/0.7/osx-64/alignstats-0.7-h1de35cc_0.tar.bz2",
            "labels": [
                "main"
            ],
            "md5": "8689ae40b6f5ff946da7c0b60632189c",
            "ndownloads": 613,
            "owner": "bioconda",
            "size": 26928,
            "type": "conda",
            "upload_time": "2019-04-27 15:44:33.626000+00:00",
            "version": "0.7"
        },
        {
            "attrs": {
                "arch": "x86_64",
                "build": "h516909a_0",
                "build_number": 0,
                "depends": [
                    "htslib >=1.9,<1.10.0a0",
                    "libgcc-ng >=7.3.0"
                ],
                "has_prefix": false,
                "license": "BSD",
                "machine": "x86_64",
                "operatingsystem": "linux",
                "platform": "linux",
                "subdir": "linux-64",
                "target-triplet": "x86_64-any-linux",
                "timestamp": 1568405521265
            },
            "basename": "linux-64/alignstats-0.8-h516909a_0.tar.bz2",
            "dependencies": {
                "depends": [
                    {
                        "name": "htslib",
                        "specs": [
                            [
                                ">=",
                                "1.9,<1.10.0a0"
                            ]
                        ]
                    },
                    {
                        "name": "libgcc-ng",
                        "specs": [
                            [
                                ">=",
                                "7.3.0"
                            ]
                        ]
                    }
                ]
            },
            "description": null,
            "distribution_type": "conda",
            "download_url": "//api.anaconda.org/download/bioconda/alignstats/0.8/linux-64/alignstats-0.8-h516909a_0.tar.bz2",
            "full_name": "bioconda/alignstats/0.8/linux-64/alignstats-0.8-h516909a_0.tar.bz2",
            "labels": [
                "main"
            ],
            "md5": "0a503b97a56276a53faf6669ccb90160",
            "ndownloads": 33,
            "owner": "bioconda",
            "size": 31405,
            "type": "conda",
            "upload_time": "2019-09-14 15:22:13.594000+00:00",
            "version": "0.8"
        },
        {
            "attrs": {
                "arch": "x86_64",
                "build": "h01d97ff_0",
                "build_number": 0,
                "depends": [
                    "htslib >=1.9,<1.10.0a0"
                ],
                "has_prefix": true,
                "license": "BSD",
                "machine": "x86_64",
                "operatingsystem": "darwin",
                "platform": "osx",
                "subdir": "osx-64",
                "target-triplet": "x86_64-any-darwin",
                "timestamp": 1568405972239
            },
            "basename": "osx-64/alignstats-0.8-h01d97ff_0.tar.bz2",
            "dependencies": {
                "depends": [
                    {
                        "name": "htslib",
                        "specs": [
                            [
                                ">=",
                                "1.9,<1.10.0a0"
                            ]
                        ]
                    }
                ]
            },
            "description": null,
            "distribution_type": "conda",
            "download_url": "//api.anaconda.org/download/bioconda/alignstats/0.8/osx-64/alignstats-0.8-h01d97ff_0.tar.bz2",
            "full_name": "bioconda/alignstats/0.8/osx-64/alignstats-0.8-h01d97ff_0.tar.bz2",
            "labels": [
                "main"
            ],
            "md5": "34a8b1b9e03dec18d10f81a7701314cf",
            "ndownloads": 365,
            "owner": "bioconda",
            "size": 27559,
            "type": "conda",
            "upload_time": "2019-09-14 15:22:16.109000+00:00",
            "version": "0.8"
        },
        {
            "attrs": {
                "arch": "x86_64",
                "build": "h516909a_0",
                "build_number": 0,
                "depends": [
                    "htslib >=1.9,<1.10.0a0",
                    "libgcc-ng >=7.3.0"
                ],
                "has_prefix": false,
                "license": "BSD",
                "machine": "x86_64",
                "operatingsystem": "linux",
                "platform": "linux",
                "subdir": "linux-64",
                "target-triplet": "x86_64-any-linux",
                "timestamp": 1572945282543
            },
            "basename": "linux-64/alignstats-0.9-h516909a_0.tar.bz2",
            "dependencies": {
                "depends": [
                    {
                        "name": "htslib",
                        "specs": [
                            [
                                ">=",
                                "1.9,<1.10.0a0"
                            ]
                        ]
                    },
                    {
                        "name": "libgcc-ng",
                        "specs": [
                            [
                                ">=",
                                "7.3.0"
                            ]
                        ]
                    }
                ]
            },
            "description": null,
            "distribution_type": "conda",
            "download_url": "//api.anaconda.org/download/bioconda/alignstats/0.9/linux-64/alignstats-0.9-h516909a_0.tar.bz2",
            "full_name": "bioconda/alignstats/0.9/linux-64/alignstats-0.9-h516909a_0.tar.bz2",
            "labels": [
                "main"
            ],
            "md5": "82120ea831ce5d9820c12147da4b1828",
            "ndownloads": 31,
            "owner": "bioconda",
            "size": 33764,
            "type": "conda",
            "upload_time": "2019-11-05 09:16:38.694000+00:00",
            "version": "0.9"
        },
        {
            "attrs": {
                "arch": "x86_64",
                "build": "h01d97ff_0",
                "build_number": 0,
                "depends": [
                    "htslib >=1.9,<1.10.0a0"
                ],
                "has_prefix": true,
                "license": "BSD",
                "machine": "x86_64",
                "operatingsystem": "darwin",
                "platform": "osx",
                "subdir": "osx-64",
                "target-triplet": "x86_64-any-darwin",
                "timestamp": 1572945746493
            },
            "basename": "osx-64/alignstats-0.9-h01d97ff_0.tar.bz2",
            "dependencies": {
                "depends": [
                    {
                        "name": "htslib",
                        "specs": [
                            [
                                ">=",
                                "1.9,<1.10.0a0"
                            ]
                        ]
                    }
                ]
            },
            "description": null,
            "distribution_type": "conda",
            "download_url": "//api.anaconda.org/download/bioconda/alignstats/0.9/osx-64/alignstats-0.9-h01d97ff_0.tar.bz2",
            "full_name": "bioconda/alignstats/0.9/osx-64/alignstats-0.9-h01d97ff_0.tar.bz2",
            "labels": [
                "main"
            ],
            "md5": "de8c2c0d5cdefd95c7a07cfc5348046d",
            "ndownloads": 260,
            "owner": "bioconda",
            "size": 30209,
            "type": "conda",
            "upload_time": "2019-11-05 09:22:51.019000+00:00",
            "version": "0.9"
        },
        {
            "attrs": {
                "arch": "x86_64",
                "build": "h516909a_0",
                "build_number": 0,
                "depends": [
                    "htslib >=1.10.2,<1.11.0a0",
                    "libgcc-ng >=7.3.0"
                ],
                "has_prefix": false,
                "license": "BSD",
                "machine": "x86_64",
                "operatingsystem": "linux",
                "platform": "linux",
                "subdir": "linux-64",
                "target-triplet": "x86_64-any-linux",
                "timestamp": 1581102612425
            },
            "basename": "linux-64/alignstats-0.9.1-h516909a_0.tar.bz2",
            "dependencies": {
                "depends": [
                    {
                        "name": "htslib",
                        "specs": [
                            [
                                ">=",
                                "1.10.2,<1.11.0a0"
                            ]
                        ]
                    },
                    {
                        "name": "libgcc-ng",
                        "specs": [
                            [
                                ">=",
                                "7.3.0"
                            ]
                        ]
                    }
                ]
            },
            "description": null,
            "distribution_type": "conda",
            "download_url": "//api.anaconda.org/download/bioconda/alignstats/0.9.1/linux-64/alignstats-0.9.1-h516909a_0.tar.bz2",
            "full_name": "bioconda/alignstats/0.9.1/linux-64/alignstats-0.9.1-h516909a_0.tar.bz2",
            "labels": [
                "main"
            ],
            "md5": "6c7f410e5ea2107aae2a08bbdb72dbbc",
            "ndownloads": 8,
            "owner": "bioconda",
            "size": 33991,
            "type": "conda",
            "upload_time": "2020-02-07 21:46:08.939000+00:00",
            "version": "0.9.1"
        },
        {
            "attrs": {
                "arch": "x86_64",
                "build": "h01d97ff_0",
                "build_number": 0,
                "depends": [
                    "htslib >=1.10.2,<1.11.0a0"
                ],
                "has_prefix": true,
                "license": "BSD",
                "machine": "x86_64",
                "operatingsystem": "darwin",
                "platform": "osx",
                "subdir": "osx-64",
                "target-triplet": "x86_64-any-darwin",
                "timestamp": 1581103092163
            },
            "basename": "osx-64/alignstats-0.9.1-h01d97ff_0.tar.bz2",
            "dependencies": {
                "depends": [
                    {
                        "name": "htslib",
                        "specs": [
                            [
                                ">=",
                                "1.10.2,<1.11.0a0"
                            ]
                        ]
                    }
                ]
            },
            "description": null,
            "distribution_type": "conda",
            "download_url": "//api.anaconda.org/download/bioconda/alignstats/0.9.1/osx-64/alignstats-0.9.1-h01d97ff_0.tar.bz2",
            "full_name": "bioconda/alignstats/0.9.1/osx-64/alignstats-0.9.1-h01d97ff_0.tar.bz2",
            "labels": [
                "main"
            ],
            "md5": "dcf357ee540ef35bdb74a4e1d691de1f",
            "ndownloads": 24,
            "owner": "bioconda",
            "size": 30299,
            "type": "conda",
            "upload_time": "2020-02-07 21:46:10.932000+00:00",
            "version": "0.9.1"
        }
    ],
    "full_name": "bioconda/alignstats",
    "home": "https://github.com/jfarek/alignstats",
    "html_url": "http://anaconda.org/bioconda/alignstats",
    "id": "5b32c46d6de53511e6d9623c",
    "latest_version": "0.9.1",
    "license": "BSD",
    "license_url": null,
    "modified_at": "2020-02-07 21:46:11.227000+00:00",
    "name": "alignstats",
    "owner": {
        "company": "",
        "created_at": "2015-09-11 22:59:20.880000+00:00",
        "description": "Bioconda is a distribution of bioinformatics software realized as a channel for the versatile Conda package manager.",
        "location": "",
        "login": "bioconda",
        "name": "bioconda",
        "url": "",
        "user_type": "org"
    },
    "package_types": [
        "conda"
    ],
    "public": true,
    "releases": [
        {
            "distributions": [],
            "full_name": "bioconda/alignstats/0.3",
            "version": "0.3"
        },
        {
            "distributions": [],
            "full_name": "bioconda/alignstats/0.5",
            "version": "0.5"
        },
        {
            "distributions": [],
            "full_name": "bioconda/alignstats/0.7",
            "version": "0.7"
        },
        {
            "distributions": [],
            "full_name": "bioconda/alignstats/0.8",
            "version": "0.8"
        },
        {
            "distributions": [],
            "full_name": "bioconda/alignstats/0.9",
            "version": "0.9"
        },
        {
            "distributions": [],
            "full_name": "bioconda/alignstats/0.9.1",
            "version": "0.9.1"
        }
    ],
    "revision": 12,
    "source_git_tag": null,
    "source_git_url": null,
    "summary": "Comprehensive alignment, whole-genome coverage, and capture coverage statistics.",
    "upvoted": 0,
    "url": "http://api.anaconda.org/packages/bioconda/alignstats",
    "versions": [
        "0.3",
        "0.5",
        "0.7",
        "0.8",
        "0.9",
        "0.9.1"
    ],
    "watchers": 1
}