{
    "app_entry": {},
    "app_summary": {},
    "app_type": {},
    "builds": [
        "py27_1",
        "py27_0",
        "py36_1",
        "py36_0",
        "py_0",
        "py35_0",
        "py35_1"
    ],
    "conda_platforms": [
        "linux-64",
        "noarch",
        "osx-64"
    ],
    "created_at": "2018-03-05 21:52:24.184000+00:00",
    "description": "",
    "dev_url": null,
    "doc_url": null,
    "files": [
        {
            "attrs": {
                "arch": "x86_64",
                "build": "py36_1",
                "build_number": 1,
                "depends": [
                    "python >=3.6,<3.7.0a0"
                ],
                "has_prefix": true,
                "license": "Apache 2.0",
                "license_family": "APACHE",
                "machine": "x86_64",
                "operatingsystem": "darwin",
                "platform": "osx",
                "subdir": "osx-64",
                "target-triplet": "x86_64-any-darwin",
                "timestamp": 1529846471551
            },
            "basename": "osx-64/avro-cwl-1.8.4-py36_1.tar.bz2",
            "dependencies": {
                "depends": [
                    {
                        "name": "python",
                        "specs": [
                            [
                                ">=",
                                "3.6,<3.7.0a0"
                            ]
                        ]
                    }
                ]
            },
            "description": null,
            "distribution_type": "conda",
            "download_url": "//api.anaconda.org/download/bioconda/avro-cwl/1.8.4/osx-64/avro-cwl-1.8.4-py36_1.tar.bz2",
            "full_name": "bioconda/avro-cwl/1.8.4/osx-64/avro-cwl-1.8.4-py36_1.tar.bz2",
            "labels": [
                "main",
                "cf201901"
            ],
            "md5": "3010a3fe7c9f4bc2ff5ea7667fc16ec9",
            "ndownloads": 580,
            "owner": "bioconda",
            "size": 39794,
            "type": "conda",
            "upload_time": "2018-06-24 13:22:53.996000+00:00",
            "version": "1.8.4"
        },
        {
            "attrs": {
                "arch": "x86_64",
                "build": "py27_1",
                "build_number": 1,
                "depends": [
                    "python >=2.7,<2.8.0a0"
                ],
                "has_prefix": true,
                "license": "Apache 2.0",
                "license_family": "APACHE",
                "machine": "x86_64",
                "operatingsystem": "linux",
                "platform": "linux",
                "subdir": "linux-64",
                "target-triplet": "x86_64-any-linux",
                "timestamp": 1529861153144
            },
            "basename": "linux-64/avro-cwl-1.8.4-py27_1.tar.bz2",
            "dependencies": {
                "depends": [
                    {
                        "name": "python",
                        "specs": [
                            [
                                ">=",
                                "2.7,<2.8.0a0"
                            ]
                        ]
                    }
                ]
            },
            "description": null,
            "distribution_type": "conda",
            "download_url": "//api.anaconda.org/download/bioconda/avro-cwl/1.8.4/linux-64/avro-cwl-1.8.4-py27_1.tar.bz2",
            "full_name": "bioconda/avro-cwl/1.8.4/linux-64/avro-cwl-1.8.4-py27_1.tar.bz2",
            "labels": [
                "main",
                "cf201901"
            ],
            "md5": "99cc05db7280acd7fe1f54ca7aa79620",
            "ndownloads": 195,
            "owner": "bioconda",
            "size": 54556,
            "type": "conda",
            "upload_time": "2018-06-24 17:30:32.642000+00:00",
            "version": "1.8.4"
        },
        {
            "attrs": {
                "arch": null,
                "build": "py_0",
                "build_number": 0,
                "depends": [
                    "python"
                ],
                "has_prefix": false,
                "license": "Apache 2.0",
                "license_family": "APACHE",
                "machine": null,
                "noarch": "python",
                "operatingsystem": null,
                "platform": null,
                "subdir": "noarch",
                "target-triplet": "None-any-None",
                "timestamp": 1543370326185
            },
            "basename": "noarch/avro-cwl-1.8.9-py_0.tar.bz2",
            "dependencies": {
                "depends": [
                    {
                        "name": "python",
                        "specs": []
                    }
                ]
            },
            "description": null,
            "distribution_type": "conda",
            "download_url": "//api.anaconda.org/download/bioconda/avro-cwl/1.8.9/noarch/avro-cwl-1.8.9-py_0.tar.bz2",
            "full_name": "bioconda/avro-cwl/1.8.9/noarch/avro-cwl-1.8.9-py_0.tar.bz2",
            "labels": [
                "main",
                "cf201901"
            ],
            "md5": "1677215a04e8e3448cc7629e7c9a1417",
            "ndownloads": 97,
            "owner": "bioconda",
            "size": 31246,
            "type": "conda",
            "upload_time": "2018-11-28 02:01:21.351000+00:00",
            "version": "1.8.9"
        },
        {
            "attrs": {
                "arch": "x86_64",
                "build": "py35_0",
                "build_number": 0,
                "depends": [
                    "python 3.5*"
                ],
                "has_prefix": true,
                "license": "Apache 2.0",
                "license_family": "APACHE",
                "machine": "x86_64",
                "operatingsystem": "linux",
                "platform": "linux",
                "subdir": "linux-64",
                "target-triplet": "x86_64-any-linux"
            },
            "basename": "linux-64/avro-cwl-1.8.4-py35_0.tar.bz2",
            "dependencies": {
                "depends": [
                    {
                        "name": "python",
                        "specs": [
                            [
                                "==",
                                "3.5"
                            ]
                        ]
                    }
                ]
            },
            "description": null,
            "distribution_type": "conda",
            "download_url": "//api.anaconda.org/download/bioconda/avro-cwl/1.8.4/linux-64/avro-cwl-1.8.4-py35_0.tar.bz2",
            "full_name": "bioconda/avro-cwl/1.8.4/linux-64/avro-cwl-1.8.4-py35_0.tar.bz2",
            "labels": [
                "main",
                "cf201901"
            ],
            "md5": "757e414754d13fa8858085503ff5fd2b",
            "ndownloads": 237,
            "owner": "bioconda",
            "size": 39624,
            "type": "conda",
            "upload_time": "2018-03-05 22:00:58.682000+00:00",
            "version": "1.8.4"
        },
        {
            "attrs": {
                "arch": "x86_64",
                "build": "py35_1",
                "build_number": 1,
                "depends": [
                    "python >=3.5,<3.6.0a0"
                ],
                "has_prefix": true,
                "license": "Apache 2.0",
                "license_family": "APACHE",
                "machine": "x86_64",
                "operatingsystem": "darwin",
                "platform": "osx",
                "subdir": "osx-64",
                "target-triplet": "x86_64-any-darwin",
                "timestamp": 1529846547762
            },
            "basename": "osx-64/avro-cwl-1.8.4-py35_1.tar.bz2",
            "dependencies": {
                "depends": [
                    {
                        "name": "python",
                        "specs": [
                            [
                                ">=",
                                "3.5,<3.6.0a0"
                            ]
                        ]
                    }
                ]
            },
            "description": null,
            "distribution_type": "conda",
            "download_url": "//api.anaconda.org/download/bioconda/avro-cwl/1.8.4/osx-64/avro-cwl-1.8.4-py35_1.tar.bz2",
            "full_name": "bioconda/avro-cwl/1.8.4/osx-64/avro-cwl-1.8.4-py35_1.tar.bz2",
            "labels": [
                "main",
                "cf201901"
            ],
            "md5": "e860111adeda197184efc8fce3c466cf",
            "ndownloads": 47,
            "owner": "bioconda",
            "size": 39803,
            "type": "conda",
            "upload_time": "2018-06-24 13:22:50.321000+00:00",
            "version": "1.8.4"
        },
        {
            "attrs": {
                "arch": "x86_64",
                "build": "py27_1",
                "build_number": 1,
                "depends": [
                    "python >=2.7,<2.8.0a0"
                ],
                "has_prefix": true,
                "license": "Apache 2.0",
                "license_family": "APACHE",
                "machine": "x86_64",
                "operatingsystem": "darwin",
                "platform": "osx",
                "subdir": "osx-64",
                "target-triplet": "x86_64-any-darwin",
                "timestamp": 1529846509658
            },
            "basename": "osx-64/avro-cwl-1.8.4-py27_1.tar.bz2",
            "dependencies": {
                "depends": [
                    {
                        "name": "python",
                        "specs": [
                            [
                                ">=",
                                "2.7,<2.8.0a0"
                            ]
                        ]
                    }
                ]
            },
            "description": null,
            "distribution_type": "conda",
            "download_url": "//api.anaconda.org/download/bioconda/avro-cwl/1.8.4/osx-64/avro-cwl-1.8.4-py27_1.tar.bz2",
            "full_name": "bioconda/avro-cwl/1.8.4/osx-64/avro-cwl-1.8.4-py27_1.tar.bz2",
            "labels": [
                "main",
                "cf201901"
            ],
            "md5": "86684f104985700e9f20096eae69ad63",
            "ndownloads": 39,
            "owner": "bioconda",
            "size": 54767,
            "type": "conda",
            "upload_time": "2018-06-24 13:22:57.170000+00:00",
            "version": "1.8.4"
        },
        {
            "attrs": {
                "arch": "x86_64",
                "build": "py35_1",
                "build_number": 1,
                "depends": [
                    "python >=3.5,<3.6.0a0"
                ],
                "has_prefix": true,
                "license": "Apache 2.0",
                "license_family": "APACHE",
                "machine": "x86_64",
                "operatingsystem": "linux",
                "platform": "linux",
                "subdir": "linux-64",
                "target-triplet": "x86_64-any-linux",
                "timestamp": 1529861210156
            },
            "basename": "linux-64/avro-cwl-1.8.4-py35_1.tar.bz2",
            "dependencies": {
                "depends": [
                    {
                        "name": "python",
                        "specs": [
                            [
                                ">=",
                                "3.5,<3.6.0a0"
                            ]
                        ]
                    }
                ]
            },
            "description": null,
            "distribution_type": "conda",
            "download_url": "//api.anaconda.org/download/bioconda/avro-cwl/1.8.4/linux-64/avro-cwl-1.8.4-py35_1.tar.bz2",
            "full_name": "bioconda/avro-cwl/1.8.4/linux-64/avro-cwl-1.8.4-py35_1.tar.bz2",
            "labels": [
                "main",
                "cf201901"
            ],
            "md5": "f96950fb89398c4a663157e36c1e94ee",
            "ndownloads": 174,
            "owner": "bioconda",
            "size": 39542,
            "type": "conda",
            "upload_time": "2018-06-24 17:30:27.501000+00:00",
            "version": "1.8.4"
        },
        {
            "attrs": {
                "arch": "x86_64",
                "build": "py36_1",
                "build_number": 1,
                "depends": [
                    "python >=3.6,<3.7.0a0"
                ],
                "has_prefix": true,
                "license": "Apache 2.0",
                "license_family": "APACHE",
                "machine": "x86_64",
                "operatingsystem": "linux",
                "platform": "linux",
                "subdir": "linux-64",
                "target-triplet": "x86_64-any-linux",
                "timestamp": 1529861178590
            },
            "basename": "linux-64/avro-cwl-1.8.4-py36_1.tar.bz2",
            "dependencies": {
                "depends": [
                    {
                        "name": "python",
                        "specs": [
                            [
                                ">=",
                                "3.6,<3.7.0a0"
                            ]
                        ]
                    }
                ]
            },
            "description": null,
            "distribution_type": "conda",
            "download_url": "//api.anaconda.org/download/bioconda/avro-cwl/1.8.4/linux-64/avro-cwl-1.8.4-py36_1.tar.bz2",
            "full_name": "bioconda/avro-cwl/1.8.4/linux-64/avro-cwl-1.8.4-py36_1.tar.bz2",
            "labels": [
                "main",
                "cf201901"
            ],
            "md5": "1f19b9a1118b8fc472b94a3e82b0999f",
            "ndownloads": 451,
            "owner": "bioconda",
            "size": 39525,
            "type": "conda",
            "upload_time": "2018-06-24 17:30:30.025000+00:00",
            "version": "1.8.4"
        },
        {
            "attrs": {
                "arch": "x86_64",
                "build": "py35_0",
                "build_number": 0,
                "depends": [
                    "python 3.5*"
                ],
                "has_prefix": true,
                "license": "Apache 2.0",
                "license_family": "APACHE",
                "machine": "x86_64",
                "operatingsystem": "darwin",
                "platform": "osx",
                "subdir": "osx-64",
                "target-triplet": "x86_64-any-darwin"
            },
            "basename": "osx-64/avro-cwl-1.8.4-py35_0.tar.bz2",
            "dependencies": {
                "depends": [
                    {
                        "name": "python",
                        "specs": [
                            [
                                "==",
                                "3.5"
                            ]
                        ]
                    }
                ]
            },
            "description": null,
            "distribution_type": "conda",
            "download_url": "//api.anaconda.org/download/bioconda/avro-cwl/1.8.4/osx-64/avro-cwl-1.8.4-py35_0.tar.bz2",
            "full_name": "bioconda/avro-cwl/1.8.4/osx-64/avro-cwl-1.8.4-py35_0.tar.bz2",
            "labels": [
                "main",
                "cf201901"
            ],
            "md5": "2c576f52ad00c15620a9d97c1301c389",
            "ndownloads": 291,
            "owner": "bioconda",
            "size": 39330,
            "type": "conda",
            "upload_time": "2018-03-05 21:52:24.802000+00:00",
            "version": "1.8.4"
        },
        {
            "attrs": {
                "arch": "x86_64",
                "build": "py36_0",
                "build_number": 0,
                "depends": [
                    "python 3.6*"
                ],
                "has_prefix": true,
                "license": "Apache 2.0",
                "license_family": "APACHE",
                "machine": "x86_64",
                "operatingsystem": "darwin",
                "platform": "osx",
                "subdir": "osx-64",
                "target-triplet": "x86_64-any-darwin"
            },
            "basename": "osx-64/avro-cwl-1.8.4-py36_0.tar.bz2",
            "dependencies": {
                "depends": [
                    {
                        "name": "python",
                        "specs": [
                            [
                                "==",
                                "3.6"
                            ]
                        ]
                    }
                ]
            },
            "description": null,
            "distribution_type": "conda",
            "download_url": "//api.anaconda.org/download/bioconda/avro-cwl/1.8.4/osx-64/avro-cwl-1.8.4-py36_0.tar.bz2",
            "full_name": "bioconda/avro-cwl/1.8.4/osx-64/avro-cwl-1.8.4-py36_0.tar.bz2",
            "labels": [
                "main",
                "cf201901"
            ],
            "md5": "3538c9a2c019abbc8f1978b810a57d07",
            "ndownloads": 56,
            "owner": "bioconda",
            "size": 39258,
            "type": "conda",
            "upload_time": "2018-03-05 21:54:33.664000+00:00",
            "version": "1.8.4"
        },
        {
            "attrs": {
                "arch": "x86_64",
                "build": "py36_0",
                "build_number": 0,
                "depends": [
                    "python 3.6*"
                ],
                "has_prefix": true,
                "license": "Apache 2.0",
                "license_family": "APACHE",
                "machine": "x86_64",
                "operatingsystem": "linux",
                "platform": "linux",
                "subdir": "linux-64",
                "target-triplet": "x86_64-any-linux"
            },
            "basename": "linux-64/avro-cwl-1.8.4-py36_0.tar.bz2",
            "dependencies": {
                "depends": [
                    {
                        "name": "python",
                        "specs": [
                            [
                                "==",
                                "3.6"
                            ]
                        ]
                    }
                ]
            },
            "description": null,
            "distribution_type": "conda",
            "download_url": "//api.anaconda.org/download/bioconda/avro-cwl/1.8.4/linux-64/avro-cwl-1.8.4-py36_0.tar.bz2",
            "full_name": "bioconda/avro-cwl/1.8.4/linux-64/avro-cwl-1.8.4-py36_0.tar.bz2",
            "labels": [
                "main",
                "cf201901"
            ],
            "md5": "092f3a0b1ead1017485c83360e7e10b9",
            "ndownloads": 253,
            "owner": "bioconda",
            "size": 39536,
            "type": "conda",
            "upload_time": "2018-03-05 22:06:07.493000+00:00",
            "version": "1.8.4"
        },
        {
            "attrs": {
                "arch": "x86_64",
                "build": "py27_0",
                "build_number": 0,
                "depends": [
                    "python 2.7*"
                ],
                "has_prefix": true,
                "license": "Apache 2.0",
                "license_family": "APACHE",
                "machine": "x86_64",
                "operatingsystem": "darwin",
                "platform": "osx",
                "subdir": "osx-64",
                "target-triplet": "x86_64-any-darwin"
            },
            "basename": "osx-64/avro-cwl-1.8.4-py27_0.tar.bz2",
            "dependencies": {
                "depends": [
                    {
                        "name": "python",
                        "specs": [
                            [
                                "==",
                                "2.7"
                            ]
                        ]
                    }
                ]
            },
            "description": null,
            "distribution_type": "conda",
            "download_url": "//api.anaconda.org/download/bioconda/avro-cwl/1.8.4/osx-64/avro-cwl-1.8.4-py27_0.tar.bz2",
            "full_name": "bioconda/avro-cwl/1.8.4/osx-64/avro-cwl-1.8.4-py27_0.tar.bz2",
            "labels": [
                "main",
                "cf201901"
            ],
            "md5": "58134472135bcecfa225f8fe8b310e07",
            "ndownloads": 52,
            "owner": "bioconda",
            "size": 54298,
            "type": "conda",
            "upload_time": "2018-03-05 21:53:29.068000+00:00",
            "version": "1.8.4"
        },
        {
            "attrs": {
                "arch": "x86_64",
                "build": "py27_0",
                "build_number": 0,
                "depends": [
                    "python 2.7*"
                ],
                "has_prefix": true,
                "license": "Apache 2.0",
                "license_family": "APACHE",
                "machine": "x86_64",
                "operatingsystem": "linux",
                "platform": "linux",
                "subdir": "linux-64",
                "target-triplet": "x86_64-any-linux"
            },
            "basename": "linux-64/avro-cwl-1.8.4-py27_0.tar.bz2",
            "dependencies": {
                "depends": [
                    {
                        "name": "python",
                        "specs": [
                            [
                                "==",
                                "2.7"
                            ]
                        ]
                    }
                ]
            },
            "description": null,
            "distribution_type": "conda",
            "download_url": "//api.anaconda.org/download/bioconda/avro-cwl/1.8.4/linux-64/avro-cwl-1.8.4-py27_0.tar.bz2",
            "full_name": "bioconda/avro-cwl/1.8.4/linux-64/avro-cwl-1.8.4-py27_0.tar.bz2",
            "labels": [
                "main",
                "cf201901"
            ],
            "md5": "bfd8b2b7d12adefa9a5a2eaca58c89b7",
            "ndownloads": 308,
            "owner": "bioconda",
            "size": 54465,
            "type": "conda",
            "upload_time": "2018-03-05 21:55:39.493000+00:00",
            "version": "1.8.4"
        }
    ],
    "full_name": "bioconda/avro-cwl",
    "home": "https://pypi.python.org/pypi?:action=display&name=avro-cwl",
    "html_url": "http://anaconda.org/bioconda/avro-cwl",
    "id": "5a9dbc185571b411e555d3bd",
    "latest_version": "1.8.9",
    "license": "Apache 2.0",
    "license_url": null,
    "modified_at": "2018-11-28 02:01:21.769000+00:00",
    "name": "avro-cwl",
    "owner": {
        "company": "",
        "created_at": "2015-09-11 22:59:20.880000+00:00",
        "description": "Bioconda is a distribution of bioinformatics software realized as a channel for the versatile Conda package manager.",
        "location": "",
        "login": "bioconda",
        "name": "bioconda",
        "url": "",
        "user_type": "org"
    },
    "package_types": [
        "conda"
    ],
    "public": true,
    "releases": [
        {
            "distributions": [],
            "full_name": "bioconda/avro-cwl/1.8.4",
            "version": "1.8.4"
        },
        {
            "distributions": [],
            "full_name": "bioconda/avro-cwl/1.8.9",
            "version": "1.8.9"
        }
    ],
    "revision": 4,
    "source_git_tag": null,
    "source_git_url": null,
    "summary": "Avro is a serialization and RPC framework. This package is a fork of regular avro made by the CWL team in order to fix some issues (https://github.com/common-workflow-language/cwltool/issues/524)",
    "upvoted": 0,
    "url": "http://api.anaconda.org/packages/bioconda/avro-cwl",
    "versions": [
        "1.8.4",
        "1.8.9"
    ],
    "watchers": 1
}