{
    "app_entry": {},
    "app_summary": {},
    "app_type": {},
    "builds": [
        "r351_0",
        "r36_1",
        "r40_0",
        "r36_0"
    ],
    "conda_platforms": [
        "noarch"
    ],
    "created_at": "2019-01-11 15:24:13.254000+00:00",
    "description": "Extracting Features from Biological Sequences and Building Classification Model",
    "dev_url": null,
    "doc_url": null,
    "files": [
        {
            "attrs": {
                "arch": null,
                "build": "r351_0",
                "build_number": 0,
                "depends": [
                    "bioconductor-biobase >=2.42.0,<2.43.0",
                    "bioconductor-biostrings >=2.50.0,<2.51.0",
                    "r-base >=3.5.1,<3.5.2.0a0",
                    "r-class",
                    "r-e1071",
                    "r-foreign",
                    "r-ipred",
                    "r-klar",
                    "r-nnet",
                    "r-party",
                    "r-randomforest",
                    "r-rpart",
                    "r-scatterplot3d",
                    "r-tree"
                ],
                "has_prefix": false,
                "license": "LGPL (>= 2.0)",
                "machine": null,
                "noarch": "generic",
                "operatingsystem": null,
                "platform": null,
                "subdir": "noarch",
                "target-triplet": "None-any-None",
                "timestamp": 1547220010456
            },
            "basename": "noarch/bioconductor-bioseqclass-1.40.0-r351_0.tar.bz2",
            "dependencies": {
                "depends": [
                    {
                        "name": "bioconductor-biobase",
                        "specs": [
                            [
                                ">=",
                                "2.42.0,<2.43.0"
                            ]
                        ]
                    },
                    {
                        "name": "bioconductor-biostrings",
                        "specs": [
                            [
                                ">=",
                                "2.50.0,<2.51.0"
                            ]
                        ]
                    },
                    {
                        "name": "r-base",
                        "specs": [
                            [
                                ">=",
                                "3.5.1,<3.5.2.0a0"
                            ]
                        ]
                    },
                    {
                        "name": "r-class",
                        "specs": []
                    },
                    {
                        "name": "r-e1071",
                        "specs": []
                    },
                    {
                        "name": "r-foreign",
                        "specs": []
                    },
                    {
                        "name": "r-ipred",
                        "specs": []
                    },
                    {
                        "name": "r-klar",
                        "specs": []
                    },
                    {
                        "name": "r-nnet",
                        "specs": []
                    },
                    {
                        "name": "r-party",
                        "specs": []
                    },
                    {
                        "name": "r-randomforest",
                        "specs": []
                    },
                    {
                        "name": "r-rpart",
                        "specs": []
                    },
                    {
                        "name": "r-scatterplot3d",
                        "specs": []
                    },
                    {
                        "name": "r-tree",
                        "specs": []
                    }
                ]
            },
            "description": null,
            "distribution_type": "conda",
            "download_url": "//api.anaconda.org/download/bioconda/bioconductor-bioseqclass/1.40.0/noarch/bioconductor-bioseqclass-1.40.0-r351_0.tar.bz2",
            "full_name": "bioconda/bioconductor-bioseqclass/1.40.0/noarch/bioconductor-bioseqclass-1.40.0-r351_0.tar.bz2",
            "labels": [
                "gcc7",
                "main"
            ],
            "md5": "a3c2b3dbe5bf4f8601466f6ec1637263",
            "ndownloads": 108,
            "owner": "bioconda",
            "size": 6232478,
            "type": "conda",
            "upload_time": "2019-01-11 15:24:14.069000+00:00",
            "version": "1.40.0"
        },
        {
            "attrs": {
                "arch": null,
                "build": "r36_1",
                "build_number": 1,
                "depends": [
                    "bioconductor-biobase >=2.44.0,<2.45.0",
                    "bioconductor-biostrings >=2.52.0,<2.53.0",
                    "r-base >=3.6,<3.7.0a0",
                    "r-class",
                    "r-e1071",
                    "r-foreign",
                    "r-ipred",
                    "r-klar",
                    "r-nnet",
                    "r-party",
                    "r-randomforest",
                    "r-rpart",
                    "r-scatterplot3d",
                    "r-tree"
                ],
                "has_prefix": false,
                "license": "LGPL (>= 2.0)",
                "machine": null,
                "noarch": "generic",
                "operatingsystem": null,
                "platform": null,
                "subdir": "noarch",
                "target-triplet": "None-any-None",
                "timestamp": 1563990167084
            },
            "basename": "noarch/bioconductor-bioseqclass-1.42.0-r36_1.tar.bz2",
            "dependencies": {
                "depends": [
                    {
                        "name": "bioconductor-biobase",
                        "specs": [
                            [
                                ">=",
                                "2.44.0,<2.45.0"
                            ]
                        ]
                    },
                    {
                        "name": "bioconductor-biostrings",
                        "specs": [
                            [
                                ">=",
                                "2.52.0,<2.53.0"
                            ]
                        ]
                    },
                    {
                        "name": "r-base",
                        "specs": [
                            [
                                ">=",
                                "3.6,<3.7.0a0"
                            ]
                        ]
                    },
                    {
                        "name": "r-class",
                        "specs": []
                    },
                    {
                        "name": "r-e1071",
                        "specs": []
                    },
                    {
                        "name": "r-foreign",
                        "specs": []
                    },
                    {
                        "name": "r-ipred",
                        "specs": []
                    },
                    {
                        "name": "r-klar",
                        "specs": []
                    },
                    {
                        "name": "r-nnet",
                        "specs": []
                    },
                    {
                        "name": "r-party",
                        "specs": []
                    },
                    {
                        "name": "r-randomforest",
                        "specs": []
                    },
                    {
                        "name": "r-rpart",
                        "specs": []
                    },
                    {
                        "name": "r-scatterplot3d",
                        "specs": []
                    },
                    {
                        "name": "r-tree",
                        "specs": []
                    }
                ]
            },
            "description": null,
            "distribution_type": "conda",
            "download_url": "//api.anaconda.org/download/bioconda/bioconductor-bioseqclass/1.42.0/noarch/bioconductor-bioseqclass-1.42.0-r36_1.tar.bz2",
            "full_name": "bioconda/bioconductor-bioseqclass/1.42.0/noarch/bioconductor-bioseqclass-1.42.0-r36_1.tar.bz2",
            "labels": [
                "main"
            ],
            "md5": "02d47b96f1b93d009910d1a8e8c7ae70",
            "ndownloads": 58,
            "owner": "bioconda",
            "size": 6256585,
            "type": "conda",
            "upload_time": "2019-07-24 17:48:04.018000+00:00",
            "version": "1.42.0"
        },
        {
            "attrs": {
                "arch": null,
                "build": "r36_0",
                "build_number": 0,
                "depends": [
                    "bioconductor-biobase >=2.46.0,<2.47.0",
                    "bioconductor-biostrings >=2.54.0,<2.55.0",
                    "r-base >=3.6,<3.7.0a0",
                    "r-class",
                    "r-e1071",
                    "r-foreign",
                    "r-ipred",
                    "r-klar",
                    "r-nnet",
                    "r-party",
                    "r-randomforest",
                    "r-rpart",
                    "r-scatterplot3d",
                    "r-tree"
                ],
                "has_prefix": false,
                "license": "LGPL (>= 2.0)",
                "machine": null,
                "noarch": "generic",
                "operatingsystem": null,
                "platform": null,
                "subdir": "noarch",
                "target-triplet": "None-any-None",
                "timestamp": 1572685575799
            },
            "basename": "noarch/bioconductor-bioseqclass-1.44.0-r36_0.tar.bz2",
            "dependencies": {
                "depends": [
                    {
                        "name": "bioconductor-biobase",
                        "specs": [
                            [
                                ">=",
                                "2.46.0,<2.47.0"
                            ]
                        ]
                    },
                    {
                        "name": "bioconductor-biostrings",
                        "specs": [
                            [
                                ">=",
                                "2.54.0,<2.55.0"
                            ]
                        ]
                    },
                    {
                        "name": "r-base",
                        "specs": [
                            [
                                ">=",
                                "3.6,<3.7.0a0"
                            ]
                        ]
                    },
                    {
                        "name": "r-class",
                        "specs": []
                    },
                    {
                        "name": "r-e1071",
                        "specs": []
                    },
                    {
                        "name": "r-foreign",
                        "specs": []
                    },
                    {
                        "name": "r-ipred",
                        "specs": []
                    },
                    {
                        "name": "r-klar",
                        "specs": []
                    },
                    {
                        "name": "r-nnet",
                        "specs": []
                    },
                    {
                        "name": "r-party",
                        "specs": []
                    },
                    {
                        "name": "r-randomforest",
                        "specs": []
                    },
                    {
                        "name": "r-rpart",
                        "specs": []
                    },
                    {
                        "name": "r-scatterplot3d",
                        "specs": []
                    },
                    {
                        "name": "r-tree",
                        "specs": []
                    }
                ]
            },
            "description": null,
            "distribution_type": "conda",
            "download_url": "//api.anaconda.org/download/bioconda/bioconductor-bioseqclass/1.44.0/noarch/bioconductor-bioseqclass-1.44.0-r36_0.tar.bz2",
            "full_name": "bioconda/bioconductor-bioseqclass/1.44.0/noarch/bioconductor-bioseqclass-1.44.0-r36_0.tar.bz2",
            "labels": [
                "main"
            ],
            "md5": "635c210f3fd61bfea625df54cf2ef44d",
            "ndownloads": 52,
            "owner": "bioconda",
            "size": 6309621,
            "type": "conda",
            "upload_time": "2019-11-02 09:10:33.772000+00:00",
            "version": "1.44.0"
        },
        {
            "attrs": {
                "arch": null,
                "build": "r40_0",
                "build_number": 0,
                "depends": [
                    "bioconductor-biobase >=2.48.0,<2.49.0",
                    "bioconductor-biostrings >=2.56.0,<2.57.0",
                    "r-base >=4.0,<4.1.0a0",
                    "r-class",
                    "r-e1071",
                    "r-foreign",
                    "r-ipred",
                    "r-klar",
                    "r-nnet",
                    "r-party",
                    "r-randomforest",
                    "r-rpart",
                    "r-scatterplot3d",
                    "r-tree"
                ],
                "has_prefix": false,
                "license": "LGPL (>= 2.0)",
                "machine": null,
                "noarch": "generic",
                "operatingsystem": null,
                "platform": null,
                "subdir": "noarch",
                "target-triplet": "None-any-None",
                "timestamp": 1589112664525
            },
            "basename": "noarch/bioconductor-bioseqclass-1.45.0-r40_0.tar.bz2",
            "dependencies": {
                "depends": [
                    {
                        "name": "bioconductor-biobase",
                        "specs": [
                            [
                                ">=",
                                "2.48.0,<2.49.0"
                            ]
                        ]
                    },
                    {
                        "name": "bioconductor-biostrings",
                        "specs": [
                            [
                                ">=",
                                "2.56.0,<2.57.0"
                            ]
                        ]
                    },
                    {
                        "name": "r-base",
                        "specs": [
                            [
                                ">=",
                                "4.0,<4.1.0a0"
                            ]
                        ]
                    },
                    {
                        "name": "r-class",
                        "specs": []
                    },
                    {
                        "name": "r-e1071",
                        "specs": []
                    },
                    {
                        "name": "r-foreign",
                        "specs": []
                    },
                    {
                        "name": "r-ipred",
                        "specs": []
                    },
                    {
                        "name": "r-klar",
                        "specs": []
                    },
                    {
                        "name": "r-nnet",
                        "specs": []
                    },
                    {
                        "name": "r-party",
                        "specs": []
                    },
                    {
                        "name": "r-randomforest",
                        "specs": []
                    },
                    {
                        "name": "r-rpart",
                        "specs": []
                    },
                    {
                        "name": "r-scatterplot3d",
                        "specs": []
                    },
                    {
                        "name": "r-tree",
                        "specs": []
                    }
                ]
            },
            "description": null,
            "distribution_type": "conda",
            "download_url": "//api.anaconda.org/download/bioconda/bioconductor-bioseqclass/1.45.0/noarch/bioconductor-bioseqclass-1.45.0-r40_0.tar.bz2",
            "full_name": "bioconda/bioconductor-bioseqclass/1.45.0/noarch/bioconductor-bioseqclass-1.45.0-r40_0.tar.bz2",
            "labels": [
                "main"
            ],
            "md5": "eb82b7309b63214a1129f532d92ce6f9",
            "ndownloads": 25,
            "owner": "bioconda",
            "size": 6286802,
            "type": "conda",
            "upload_time": "2020-05-10 12:16:26.835000+00:00",
            "version": "1.45.0"
        }
    ],
    "full_name": "bioconda/bioconductor-bioseqclass",
    "home": "https://bioconductor.org/packages/3.8/bioc/html/BioSeqClass.html",
    "html_url": "http://anaconda.org/bioconda/bioconductor-bioseqclass",
    "id": "5c38b51dd9c2cf1352821b41",
    "latest_version": "1.45.0",
    "license": "LGPL (>= 2.0)",
    "license_url": null,
    "modified_at": "2020-05-10 12:16:27.272000+00:00",
    "name": "bioconductor-bioseqclass",
    "owner": {
        "company": "",
        "created_at": "2015-09-11 22:59:20.880000+00:00",
        "description": "Bioconda is a distribution of bioinformatics software realized as a channel for the versatile Conda package manager.",
        "location": "",
        "login": "bioconda",
        "name": "bioconda",
        "url": "",
        "user_type": "org"
    },
    "package_types": [
        "conda"
    ],
    "public": true,
    "releases": [
        {
            "distributions": [],
            "full_name": "bioconda/bioconductor-bioseqclass/1.40.0",
            "version": "1.40.0"
        },
        {
            "distributions": [],
            "full_name": "bioconda/bioconductor-bioseqclass/1.42.0",
            "version": "1.42.0"
        },
        {
            "distributions": [],
            "full_name": "bioconda/bioconductor-bioseqclass/1.44.0",
            "version": "1.44.0"
        },
        {
            "distributions": [],
            "full_name": "bioconda/bioconductor-bioseqclass/1.45.0",
            "version": "1.45.0"
        }
    ],
    "revision": 8,
    "source_git_tag": null,
    "source_git_url": null,
    "summary": "Classification for Biological Sequences",
    "upvoted": 0,
    "url": "http://api.anaconda.org/packages/bioconda/bioconductor-bioseqclass",
    "versions": [
        "1.40.0",
        "1.42.0",
        "1.44.0",
        "1.45.0"
    ],
    "watchers": 1
}