{
    "app_entry": {},
    "app_summary": {},
    "app_type": {},
    "builds": [
        "r351_0",
        "r36_3",
        "r36_2"
    ],
    "conda_platforms": [
        "noarch"
    ],
    "created_at": "2018-12-15 18:29:03.228000+00:00",
    "description": "",
    "dev_url": null,
    "doc_url": null,
    "files": [
        {
            "attrs": {
                "arch": null,
                "build": "r351_0",
                "build_number": 0,
                "depends": [
                    "bioconductor-bsgenome >=1.50.0,<1.51.0",
                    "r-base >=3.5.1,<3.5.2.0a0",
                    "wget"
                ],
                "has_prefix": false,
                "license": "Artistic-2.0",
                "machine": null,
                "noarch": "generic",
                "operatingsystem": null,
                "platform": null,
                "subdir": "noarch",
                "target-triplet": "None-any-None",
                "timestamp": 1544898205352
            },
            "basename": "noarch/bioconductor-bsgenome.drerio.ucsc.danrer10-1.4.2-r351_0.tar.bz2",
            "dependencies": {
                "depends": [
                    {
                        "name": "bioconductor-bsgenome",
                        "specs": [
                            [
                                ">=",
                                "1.50.0,<1.51.0"
                            ]
                        ]
                    },
                    {
                        "name": "r-base",
                        "specs": [
                            [
                                ">=",
                                "3.5.1,<3.5.2.0a0"
                            ]
                        ]
                    },
                    {
                        "name": "wget",
                        "specs": []
                    }
                ]
            },
            "description": null,
            "distribution_type": "conda",
            "download_url": "//api.anaconda.org/download/bioconda/bioconductor-bsgenome.drerio.ucsc.danrer10/1.4.2/noarch/bioconductor-bsgenome.drerio.ucsc.danrer10-1.4.2-r351_0.tar.bz2",
            "full_name": "bioconda/bioconductor-bsgenome.drerio.ucsc.danrer10/1.4.2/noarch/bioconductor-bsgenome.drerio.ucsc.danrer10-1.4.2-r351_0.tar.bz2",
            "labels": [
                "gcc7",
                "main"
            ],
            "md5": "f60d2522f32e408281009f795fa75268",
            "ndownloads": 72,
            "owner": "bioconda",
            "size": 6388,
            "type": "conda",
            "upload_time": "2018-12-15 18:29:04.071000+00:00",
            "version": "1.4.2"
        },
        {
            "attrs": {
                "arch": null,
                "build": "r36_2",
                "build_number": 2,
                "depends": [
                    "bioconductor-bsgenome >=1.52.0,<1.53.0",
                    "curl >=7.65.3,<8.0a0",
                    "r-base >=3.6,<3.7.0a0"
                ],
                "has_prefix": false,
                "license": "Artistic-2.0",
                "machine": null,
                "noarch": "generic",
                "operatingsystem": null,
                "platform": null,
                "subdir": "noarch",
                "target-triplet": "None-any-None",
                "timestamp": 1565698315342
            },
            "basename": "noarch/bioconductor-bsgenome.drerio.ucsc.danrer10-1.4.2-r36_2.tar.bz2",
            "dependencies": {
                "depends": [
                    {
                        "name": "bioconductor-bsgenome",
                        "specs": [
                            [
                                ">=",
                                "1.52.0,<1.53.0"
                            ]
                        ]
                    },
                    {
                        "name": "curl",
                        "specs": [
                            [
                                ">=",
                                "7.65.3,<8.0a0"
                            ]
                        ]
                    },
                    {
                        "name": "r-base",
                        "specs": [
                            [
                                ">=",
                                "3.6,<3.7.0a0"
                            ]
                        ]
                    }
                ]
            },
            "description": null,
            "distribution_type": "conda",
            "download_url": "//api.anaconda.org/download/bioconda/bioconductor-bsgenome.drerio.ucsc.danrer10/1.4.2/noarch/bioconductor-bsgenome.drerio.ucsc.danrer10-1.4.2-r36_2.tar.bz2",
            "full_name": "bioconda/bioconductor-bsgenome.drerio.ucsc.danrer10/1.4.2/noarch/bioconductor-bsgenome.drerio.ucsc.danrer10-1.4.2-r36_2.tar.bz2",
            "labels": [
                "main"
            ],
            "md5": "e83b91796954f31406b7e2d9230927da",
            "ndownloads": 21,
            "owner": "bioconda",
            "size": 6892,
            "type": "conda",
            "upload_time": "2019-08-13 12:19:04.717000+00:00",
            "version": "1.4.2"
        },
        {
            "attrs": {
                "arch": null,
                "build": "r36_3",
                "build_number": 3,
                "depends": [
                    "bioconductor-bsgenome >=1.54.0,<1.55.0",
                    "curl >=7.65.3,<8.0a0",
                    "r-base >=3.6,<3.7.0a0"
                ],
                "has_prefix": false,
                "license": "Artistic-2.0",
                "machine": null,
                "noarch": "generic",
                "operatingsystem": null,
                "platform": null,
                "subdir": "noarch",
                "target-triplet": "None-any-None",
                "timestamp": 1572857865933
            },
            "basename": "noarch/bioconductor-bsgenome.drerio.ucsc.danrer10-1.4.2-r36_3.tar.bz2",
            "dependencies": {
                "depends": [
                    {
                        "name": "bioconductor-bsgenome",
                        "specs": [
                            [
                                ">=",
                                "1.54.0,<1.55.0"
                            ]
                        ]
                    },
                    {
                        "name": "curl",
                        "specs": [
                            [
                                ">=",
                                "7.65.3,<8.0a0"
                            ]
                        ]
                    },
                    {
                        "name": "r-base",
                        "specs": [
                            [
                                ">=",
                                "3.6,<3.7.0a0"
                            ]
                        ]
                    }
                ]
            },
            "description": null,
            "distribution_type": "conda",
            "download_url": "//api.anaconda.org/download/bioconda/bioconductor-bsgenome.drerio.ucsc.danrer10/1.4.2/noarch/bioconductor-bsgenome.drerio.ucsc.danrer10-1.4.2-r36_3.tar.bz2",
            "full_name": "bioconda/bioconductor-bsgenome.drerio.ucsc.danrer10/1.4.2/noarch/bioconductor-bsgenome.drerio.ucsc.danrer10-1.4.2-r36_3.tar.bz2",
            "labels": [
                "main"
            ],
            "md5": "bc655235bd9b7dc4e00fef31c167db6b",
            "ndownloads": 13,
            "owner": "bioconda",
            "size": 7010,
            "type": "conda",
            "upload_time": "2019-11-04 09:05:06.522000+00:00",
            "version": "1.4.2"
        }
    ],
    "full_name": "bioconda/bioconductor-bsgenome.drerio.ucsc.danrer10",
    "home": "https://bioconductor.org/packages/3.8/data/annotation/html/BSgenome.Drerio.UCSC.danRer10.html",
    "html_url": "http://anaconda.org/bioconda/bioconductor-bsgenome.drerio.ucsc.danrer10",
    "id": "5c1547ef036b861358067dad",
    "latest_version": "1.4.2",
    "license": "Artistic-2.0",
    "license_url": null,
    "modified_at": "2019-11-04 09:05:06.859000+00:00",
    "name": "bioconductor-bsgenome.drerio.ucsc.danrer10",
    "owner": {
        "company": "",
        "created_at": "2015-09-11 22:59:20.880000+00:00",
        "description": "Bioconda is a distribution of bioinformatics software realized as a channel for the versatile Conda package manager.",
        "location": "",
        "login": "bioconda",
        "name": "bioconda",
        "url": "",
        "user_type": "org"
    },
    "package_types": [
        "conda"
    ],
    "public": true,
    "releases": [
        {
            "distributions": [],
            "full_name": "bioconda/bioconductor-bsgenome.drerio.ucsc.danrer10/1.4.2",
            "version": "1.4.2"
        }
    ],
    "revision": 2,
    "source_git_tag": null,
    "source_git_url": null,
    "summary": "Full genome sequences for Danio rerio (Zebrafish) as provided by UCSC (danRer10, Sep. 2014) and stored in Biostrings objects.",
    "upvoted": 0,
    "url": "http://api.anaconda.org/packages/bioconda/bioconductor-bsgenome.drerio.ucsc.danrer10",
    "versions": [
        "1.4.2"
    ],
    "watchers": 1
}