{
    "app_entry": {},
    "app_summary": {},
    "app_type": {},
    "builds": [
        "r351_0",
        "r36_0",
        "r40_0"
    ],
    "conda_platforms": [
        "noarch"
    ],
    "created_at": "2019-01-02 02:33:25.943000+00:00",
    "description": "Calculates functional similarities based on the pathways described on KEGG and REACTOME or in gene sets. These similarities can be calculated for pathways or gene sets, genes, or clusters and combined with other similarities. They can be used to improve networks, gene selection, testing relationships...",
    "dev_url": null,
    "doc_url": null,
    "files": [
        {
            "attrs": {
                "arch": null,
                "build": "r351_0",
                "build_number": 0,
                "depends": [
                    "bioconductor-biocparallel >=1.16.0,<1.17.0",
                    "bioconductor-gseabase >=1.44.0,<1.45.0",
                    "r-base >=3.5.1,<3.5.2.0a0",
                    "r-matrix"
                ],
                "has_prefix": false,
                "license": "MIT + file LICENSE",
                "machine": null,
                "noarch": "generic",
                "operatingsystem": null,
                "platform": null,
                "subdir": "noarch",
                "target-triplet": "None-any-None",
                "timestamp": 1546396172611
            },
            "basename": "noarch/bioconductor-biocor-1.6.0-r351_0.tar.bz2",
            "dependencies": {
                "depends": [
                    {
                        "name": "bioconductor-biocparallel",
                        "specs": [
                            [
                                ">=",
                                "1.16.0,<1.17.0"
                            ]
                        ]
                    },
                    {
                        "name": "bioconductor-gseabase",
                        "specs": [
                            [
                                ">=",
                                "1.44.0,<1.45.0"
                            ]
                        ]
                    },
                    {
                        "name": "r-base",
                        "specs": [
                            [
                                ">=",
                                "3.5.1,<3.5.2.0a0"
                            ]
                        ]
                    },
                    {
                        "name": "r-matrix",
                        "specs": []
                    }
                ]
            },
            "description": null,
            "distribution_type": "conda",
            "download_url": "//api.anaconda.org/download/bioconda/bioconductor-biocor/1.6.0/noarch/bioconductor-biocor-1.6.0-r351_0.tar.bz2",
            "full_name": "bioconda/bioconductor-biocor/1.6.0/noarch/bioconductor-biocor-1.6.0-r351_0.tar.bz2",
            "labels": [
                "gcc7",
                "main"
            ],
            "md5": "de226b482eda977d1f111d359ff19315",
            "ndownloads": 105,
            "owner": "bioconda",
            "size": 1460266,
            "type": "conda",
            "upload_time": "2019-01-02 02:33:26.682000+00:00",
            "version": "1.6.0"
        },
        {
            "attrs": {
                "arch": null,
                "build": "r36_0",
                "build_number": 0,
                "depends": [
                    "bioconductor-biocparallel >=1.18.0,<1.19.0",
                    "bioconductor-gseabase >=1.46.0,<1.47.0",
                    "r-base >=3.6,<3.7.0a0",
                    "r-matrix"
                ],
                "has_prefix": false,
                "license": "MIT + file LICENSE",
                "machine": null,
                "noarch": "generic",
                "operatingsystem": null,
                "platform": null,
                "subdir": "noarch",
                "target-triplet": "None-any-None",
                "timestamp": 1564322598204
            },
            "basename": "noarch/bioconductor-biocor-1.8.1-r36_0.tar.bz2",
            "dependencies": {
                "depends": [
                    {
                        "name": "bioconductor-biocparallel",
                        "specs": [
                            [
                                ">=",
                                "1.18.0,<1.19.0"
                            ]
                        ]
                    },
                    {
                        "name": "bioconductor-gseabase",
                        "specs": [
                            [
                                ">=",
                                "1.46.0,<1.47.0"
                            ]
                        ]
                    },
                    {
                        "name": "r-base",
                        "specs": [
                            [
                                ">=",
                                "3.6,<3.7.0a0"
                            ]
                        ]
                    },
                    {
                        "name": "r-matrix",
                        "specs": []
                    }
                ]
            },
            "description": null,
            "distribution_type": "conda",
            "download_url": "//api.anaconda.org/download/bioconda/bioconductor-biocor/1.8.1/noarch/bioconductor-biocor-1.8.1-r36_0.tar.bz2",
            "full_name": "bioconda/bioconductor-biocor/1.8.1/noarch/bioconductor-biocor-1.8.1-r36_0.tar.bz2",
            "labels": [
                "main"
            ],
            "md5": "2cd204e8e1533bde85baab339b17f6fe",
            "ndownloads": 63,
            "owner": "bioconda",
            "size": 1486151,
            "type": "conda",
            "upload_time": "2019-07-28 14:07:24.705000+00:00",
            "version": "1.8.1"
        },
        {
            "attrs": {
                "arch": null,
                "build": "r36_0",
                "build_number": 0,
                "depends": [
                    "bioconductor-biocparallel >=1.20.0,<1.21.0",
                    "bioconductor-gseabase >=1.48.0,<1.49.0",
                    "r-base >=3.6,<3.7.0a0",
                    "r-matrix"
                ],
                "has_prefix": false,
                "license": "MIT + file LICENSE",
                "machine": null,
                "noarch": "generic",
                "operatingsystem": null,
                "platform": null,
                "subdir": "noarch",
                "target-triplet": "None-any-None",
                "timestamp": 1572806190675
            },
            "basename": "noarch/bioconductor-biocor-1.10.0-r36_0.tar.bz2",
            "dependencies": {
                "depends": [
                    {
                        "name": "bioconductor-biocparallel",
                        "specs": [
                            [
                                ">=",
                                "1.20.0,<1.21.0"
                            ]
                        ]
                    },
                    {
                        "name": "bioconductor-gseabase",
                        "specs": [
                            [
                                ">=",
                                "1.48.0,<1.49.0"
                            ]
                        ]
                    },
                    {
                        "name": "r-base",
                        "specs": [
                            [
                                ">=",
                                "3.6,<3.7.0a0"
                            ]
                        ]
                    },
                    {
                        "name": "r-matrix",
                        "specs": []
                    }
                ]
            },
            "description": null,
            "distribution_type": "conda",
            "download_url": "//api.anaconda.org/download/bioconda/bioconductor-biocor/1.10.0/noarch/bioconductor-biocor-1.10.0-r36_0.tar.bz2",
            "full_name": "bioconda/bioconductor-biocor/1.10.0/noarch/bioconductor-biocor-1.10.0-r36_0.tar.bz2",
            "labels": [
                "main"
            ],
            "md5": "413966baf3af8c6307769e31615ba331",
            "ndownloads": 45,
            "owner": "bioconda",
            "size": 1486379,
            "type": "conda",
            "upload_time": "2019-11-03 18:41:56.787000+00:00",
            "version": "1.10.0"
        },
        {
            "attrs": {
                "arch": null,
                "build": "r40_0",
                "build_number": 0,
                "depends": [
                    "bioconductor-biocparallel >=1.22.0,<1.23.0",
                    "bioconductor-gseabase >=1.50.0,<1.51.0",
                    "r-base >=4.0,<4.1.0a0",
                    "r-matrix"
                ],
                "has_prefix": false,
                "license": "MIT + file LICENSE",
                "machine": null,
                "noarch": "generic",
                "operatingsystem": null,
                "platform": null,
                "subdir": "noarch",
                "target-triplet": "None-any-None",
                "timestamp": 1589269736634
            },
            "basename": "noarch/bioconductor-biocor-1.12.0-r40_0.tar.bz2",
            "dependencies": {
                "depends": [
                    {
                        "name": "bioconductor-biocparallel",
                        "specs": [
                            [
                                ">=",
                                "1.22.0,<1.23.0"
                            ]
                        ]
                    },
                    {
                        "name": "bioconductor-gseabase",
                        "specs": [
                            [
                                ">=",
                                "1.50.0,<1.51.0"
                            ]
                        ]
                    },
                    {
                        "name": "r-base",
                        "specs": [
                            [
                                ">=",
                                "4.0,<4.1.0a0"
                            ]
                        ]
                    },
                    {
                        "name": "r-matrix",
                        "specs": []
                    }
                ]
            },
            "description": null,
            "distribution_type": "conda",
            "download_url": "//api.anaconda.org/download/bioconda/bioconductor-biocor/1.12.0/noarch/bioconductor-biocor-1.12.0-r40_0.tar.bz2",
            "full_name": "bioconda/bioconductor-biocor/1.12.0/noarch/bioconductor-biocor-1.12.0-r40_0.tar.bz2",
            "labels": [
                "main"
            ],
            "md5": "b007272069deb74679a094bda7599807",
            "ndownloads": 20,
            "owner": "bioconda",
            "size": 1487359,
            "type": "conda",
            "upload_time": "2020-05-12 07:54:27.137000+00:00",
            "version": "1.12.0"
        }
    ],
    "full_name": "bioconda/bioconductor-biocor",
    "home": "https://bioconductor.org/packages/3.8/bioc/html/BioCor.html",
    "html_url": "http://anaconda.org/bioconda/bioconductor-biocor",
    "id": "5c2c22f537f33978ad872e62",
    "latest_version": "1.12.0",
    "license": "MIT + file LICENSE",
    "license_url": null,
    "modified_at": "2020-05-12 07:54:27.384000+00:00",
    "name": "bioconductor-biocor",
    "owner": {
        "company": "",
        "created_at": "2015-09-11 22:59:20.880000+00:00",
        "description": "Bioconda is a distribution of bioinformatics software realized as a channel for the versatile Conda package manager.",
        "location": "",
        "login": "bioconda",
        "name": "bioconda",
        "url": "",
        "user_type": "org"
    },
    "package_types": [
        "conda"
    ],
    "public": true,
    "releases": [
        {
            "distributions": [],
            "full_name": "bioconda/bioconductor-biocor/1.6.0",
            "version": "1.6.0"
        },
        {
            "distributions": [],
            "full_name": "bioconda/bioconductor-biocor/1.8.1",
            "version": "1.8.1"
        },
        {
            "distributions": [],
            "full_name": "bioconda/bioconductor-biocor/1.10.0",
            "version": "1.10.0"
        },
        {
            "distributions": [],
            "full_name": "bioconda/bioconductor-biocor/1.12.0",
            "version": "1.12.0"
        }
    ],
    "revision": 8,
    "source_git_tag": null,
    "source_git_url": null,
    "summary": "Functional similarities",
    "upvoted": 0,
    "url": "http://api.anaconda.org/packages/bioconda/bioconductor-biocor",
    "versions": [
        "1.6.0",
        "1.8.1",
        "1.10.0",
        "1.12.0"
    ],
    "watchers": 1
}