{
    "app_entry": {},
    "app_summary": {},
    "app_type": {},
    "builds": [
        "r351_0",
        "r36_3",
        "r36_2"
    ],
    "conda_platforms": [
        "noarch"
    ],
    "created_at": "2018-12-23 01:53:18.001000+00:00",
    "description": "",
    "dev_url": null,
    "doc_url": null,
    "files": [
        {
            "attrs": {
                "arch": null,
                "build": "r351_0",
                "build_number": 0,
                "depends": [
                    "bioconductor-annotationhub >=2.14.0,<2.15.0",
                    "bioconductor-genomeinfodb >=1.18.0,<1.19.0",
                    "r-base >=3.5.1,<3.5.2.0a0",
                    "r-dbplyr",
                    "r-digest",
                    "r-dplyr",
                    "r-rsqlite",
                    "wget"
                ],
                "has_prefix": false,
                "license": "Artistic-2.0 + file LICENSE",
                "machine": null,
                "noarch": "generic",
                "operatingsystem": null,
                "platform": null,
                "subdir": "noarch",
                "target-triplet": "None-any-None",
                "timestamp": 1545529760722
            },
            "basename": "noarch/bioconductor-grasp2db-1.1.0-r351_0.tar.bz2",
            "dependencies": {
                "depends": [
                    {
                        "name": "bioconductor-annotationhub",
                        "specs": [
                            [
                                ">=",
                                "2.14.0,<2.15.0"
                            ]
                        ]
                    },
                    {
                        "name": "bioconductor-genomeinfodb",
                        "specs": [
                            [
                                ">=",
                                "1.18.0,<1.19.0"
                            ]
                        ]
                    },
                    {
                        "name": "r-base",
                        "specs": [
                            [
                                ">=",
                                "3.5.1,<3.5.2.0a0"
                            ]
                        ]
                    },
                    {
                        "name": "r-dbplyr",
                        "specs": []
                    },
                    {
                        "name": "r-digest",
                        "specs": []
                    },
                    {
                        "name": "r-dplyr",
                        "specs": []
                    },
                    {
                        "name": "r-rsqlite",
                        "specs": []
                    },
                    {
                        "name": "wget",
                        "specs": []
                    }
                ]
            },
            "description": null,
            "distribution_type": "conda",
            "download_url": "//api.anaconda.org/download/bioconda/bioconductor-grasp2db/1.1.0/noarch/bioconductor-grasp2db-1.1.0-r351_0.tar.bz2",
            "full_name": "bioconda/bioconductor-grasp2db/1.1.0/noarch/bioconductor-grasp2db-1.1.0-r351_0.tar.bz2",
            "labels": [
                "gcc7",
                "main"
            ],
            "md5": "5918baf92f784aee45a43c60c1ac7660",
            "ndownloads": 64,
            "owner": "bioconda",
            "size": 6763,
            "type": "conda",
            "upload_time": "2018-12-23 01:53:18.850000+00:00",
            "version": "1.1.0"
        },
        {
            "attrs": {
                "arch": null,
                "build": "r36_2",
                "build_number": 2,
                "depends": [
                    "bioconductor-annotationhub >=2.16.0,<2.17.0",
                    "bioconductor-genomeinfodb >=1.20.0,<1.21.0",
                    "curl >=7.65.3,<8.0a0",
                    "r-base >=3.6,<3.7.0a0",
                    "r-dbplyr",
                    "r-digest",
                    "r-dplyr",
                    "r-rsqlite"
                ],
                "has_prefix": false,
                "license": "Artistic-2.0 + file LICENSE",
                "machine": null,
                "noarch": "generic",
                "operatingsystem": null,
                "platform": null,
                "subdir": "noarch",
                "target-triplet": "None-any-None",
                "timestamp": 1564491089737
            },
            "basename": "noarch/bioconductor-grasp2db-1.1.0-r36_2.tar.bz2",
            "dependencies": {
                "depends": [
                    {
                        "name": "bioconductor-annotationhub",
                        "specs": [
                            [
                                ">=",
                                "2.16.0,<2.17.0"
                            ]
                        ]
                    },
                    {
                        "name": "bioconductor-genomeinfodb",
                        "specs": [
                            [
                                ">=",
                                "1.20.0,<1.21.0"
                            ]
                        ]
                    },
                    {
                        "name": "curl",
                        "specs": [
                            [
                                ">=",
                                "7.65.3,<8.0a0"
                            ]
                        ]
                    },
                    {
                        "name": "r-base",
                        "specs": [
                            [
                                ">=",
                                "3.6,<3.7.0a0"
                            ]
                        ]
                    },
                    {
                        "name": "r-dbplyr",
                        "specs": []
                    },
                    {
                        "name": "r-digest",
                        "specs": []
                    },
                    {
                        "name": "r-dplyr",
                        "specs": []
                    },
                    {
                        "name": "r-rsqlite",
                        "specs": []
                    }
                ]
            },
            "description": null,
            "distribution_type": "conda",
            "download_url": "//api.anaconda.org/download/bioconda/bioconductor-grasp2db/1.1.0/noarch/bioconductor-grasp2db-1.1.0-r36_2.tar.bz2",
            "full_name": "bioconda/bioconductor-grasp2db/1.1.0/noarch/bioconductor-grasp2db-1.1.0-r36_2.tar.bz2",
            "labels": [
                "main"
            ],
            "md5": "e8bd0df977bd2e88c966e2554ec16577",
            "ndownloads": 33,
            "owner": "bioconda",
            "size": 7066,
            "type": "conda",
            "upload_time": "2019-07-30 12:56:44.010000+00:00",
            "version": "1.1.0"
        },
        {
            "attrs": {
                "arch": null,
                "build": "r36_3",
                "build_number": 3,
                "depends": [
                    "bioconductor-annotationhub >=2.18.0,<2.19.0",
                    "bioconductor-genomeinfodb >=1.22.0,<1.23.0",
                    "curl >=7.65.3,<8.0a0",
                    "r-base >=3.6,<3.7.0a0",
                    "r-dbplyr",
                    "r-digest",
                    "r-dplyr",
                    "r-rsqlite"
                ],
                "has_prefix": false,
                "license": "Artistic-2.0 + file LICENSE",
                "machine": null,
                "noarch": "generic",
                "operatingsystem": null,
                "platform": null,
                "subdir": "noarch",
                "target-triplet": "None-any-None",
                "timestamp": 1572809576515
            },
            "basename": "noarch/bioconductor-grasp2db-1.1.0-r36_3.tar.bz2",
            "dependencies": {
                "depends": [
                    {
                        "name": "bioconductor-annotationhub",
                        "specs": [
                            [
                                ">=",
                                "2.18.0,<2.19.0"
                            ]
                        ]
                    },
                    {
                        "name": "bioconductor-genomeinfodb",
                        "specs": [
                            [
                                ">=",
                                "1.22.0,<1.23.0"
                            ]
                        ]
                    },
                    {
                        "name": "curl",
                        "specs": [
                            [
                                ">=",
                                "7.65.3,<8.0a0"
                            ]
                        ]
                    },
                    {
                        "name": "r-base",
                        "specs": [
                            [
                                ">=",
                                "3.6,<3.7.0a0"
                            ]
                        ]
                    },
                    {
                        "name": "r-dbplyr",
                        "specs": []
                    },
                    {
                        "name": "r-digest",
                        "specs": []
                    },
                    {
                        "name": "r-dplyr",
                        "specs": []
                    },
                    {
                        "name": "r-rsqlite",
                        "specs": []
                    }
                ]
            },
            "description": null,
            "distribution_type": "conda",
            "download_url": "//api.anaconda.org/download/bioconda/bioconductor-grasp2db/1.1.0/noarch/bioconductor-grasp2db-1.1.0-r36_3.tar.bz2",
            "full_name": "bioconda/bioconductor-grasp2db/1.1.0/noarch/bioconductor-grasp2db-1.1.0-r36_3.tar.bz2",
            "labels": [
                "main"
            ],
            "md5": "80bb487a9a3aefbdc46ce77e98208e3e",
            "ndownloads": 20,
            "owner": "bioconda",
            "size": 7299,
            "type": "conda",
            "upload_time": "2019-11-03 19:37:15.688000+00:00",
            "version": "1.1.0"
        }
    ],
    "full_name": "bioconda/bioconductor-grasp2db",
    "home": "https://bioconductor.org/packages/3.8/data/annotation/html/grasp2db.html",
    "html_url": "http://anaconda.org/bioconda/bioconductor-grasp2db",
    "id": "5c1eea8ed9c2cf135589b5e1",
    "latest_version": "1.1.0",
    "license": "Artistic-2.0 + file LICENSE",
    "license_url": null,
    "modified_at": "2019-11-03 19:37:15.953000+00:00",
    "name": "bioconductor-grasp2db",
    "owner": {
        "company": "",
        "created_at": "2015-09-11 22:59:20.880000+00:00",
        "description": "Bioconda is a distribution of bioinformatics software realized as a channel for the versatile Conda package manager.",
        "location": "",
        "login": "bioconda",
        "name": "bioconda",
        "url": "",
        "user_type": "org"
    },
    "package_types": [
        "conda"
    ],
    "public": true,
    "releases": [
        {
            "distributions": [],
            "full_name": "bioconda/bioconductor-grasp2db/1.1.0",
            "version": "1.1.0"
        }
    ],
    "revision": 2,
    "source_git_tag": null,
    "source_git_url": null,
    "summary": "grasp2db, sqlite wrap of NHLBI GRASP 2.0, an extended GWAS catalog.",
    "upvoted": 0,
    "url": "http://api.anaconda.org/packages/bioconda/bioconductor-grasp2db",
    "versions": [
        "1.1.0"
    ],
    "watchers": 1
}