{
    "app_entry": {},
    "app_summary": {},
    "app_type": {},
    "builds": [
        "r36_1",
        "r36_0",
        "r341_0",
        "r3.3.2_0",
        "r351_0",
        "r3.4.1_0"
    ],
    "conda_platforms": [
        "linux-64",
        "noarch",
        "osx-64"
    ],
    "created_at": "2017-08-23 13:35:12.838000+00:00",
    "description": "A set of tools to work with alternative splicing",
    "dev_url": null,
    "doc_url": null,
    "files": [
        {
            "attrs": {
                "arch": "x86_64",
                "build": "r3.3.2_0",
                "build_number": 0,
                "depends": [
                    "bioconductor-annotate",
                    "bioconductor-biobase >=2.5.5",
                    "r-base 3.3.2*",
                    "r-xml"
                ],
                "has_prefix": false,
                "license": "LGPL",
                "machine": "x86_64",
                "operatingsystem": "linux",
                "platform": "linux",
                "subdir": "linux-64",
                "target-triplet": "x86_64-any-linux"
            },
            "basename": "linux-64/bioconductor-splicegear-1.48.0-r3.3.2_0.tar.bz2",
            "dependencies": {
                "depends": [
                    {
                        "name": "bioconductor-annotate",
                        "specs": []
                    },
                    {
                        "name": "bioconductor-biobase",
                        "specs": [
                            [
                                ">=",
                                "2.5.5"
                            ]
                        ]
                    },
                    {
                        "name": "r-base",
                        "specs": [
                            [
                                "==",
                                "3.3.2"
                            ]
                        ]
                    },
                    {
                        "name": "r-xml",
                        "specs": []
                    }
                ]
            },
            "description": null,
            "distribution_type": "conda",
            "download_url": "//api.anaconda.org/download/bioconda/bioconductor-splicegear/1.48.0/linux-64/bioconductor-splicegear-1.48.0-r3.3.2_0.tar.bz2",
            "full_name": "bioconda/bioconductor-splicegear/1.48.0/linux-64/bioconductor-splicegear-1.48.0-r3.3.2_0.tar.bz2",
            "labels": [
                "main",
                "cf201901"
            ],
            "md5": "b42426e158596ebb28ffc7907dd72f88",
            "ndownloads": 543,
            "owner": "bioconda",
            "size": 357357,
            "type": "conda",
            "upload_time": "2017-08-23 13:35:13.308000+00:00",
            "version": "1.48.0"
        },
        {
            "attrs": {
                "arch": "x86_64",
                "build": "r3.3.2_0",
                "build_number": 0,
                "depends": [
                    "bioconductor-annotate",
                    "bioconductor-biobase >=2.5.5",
                    "r-base 3.3.2*",
                    "r-xml"
                ],
                "has_prefix": false,
                "license": "LGPL",
                "machine": "x86_64",
                "operatingsystem": "darwin",
                "platform": "osx",
                "subdir": "osx-64",
                "target-triplet": "x86_64-any-darwin"
            },
            "basename": "osx-64/bioconductor-splicegear-1.48.0-r3.3.2_0.tar.bz2",
            "dependencies": {
                "depends": [
                    {
                        "name": "bioconductor-annotate",
                        "specs": []
                    },
                    {
                        "name": "bioconductor-biobase",
                        "specs": [
                            [
                                ">=",
                                "2.5.5"
                            ]
                        ]
                    },
                    {
                        "name": "r-base",
                        "specs": [
                            [
                                "==",
                                "3.3.2"
                            ]
                        ]
                    },
                    {
                        "name": "r-xml",
                        "specs": []
                    }
                ]
            },
            "description": null,
            "distribution_type": "conda",
            "download_url": "//api.anaconda.org/download/bioconda/bioconductor-splicegear/1.48.0/osx-64/bioconductor-splicegear-1.48.0-r3.3.2_0.tar.bz2",
            "full_name": "bioconda/bioconductor-splicegear/1.48.0/osx-64/bioconductor-splicegear-1.48.0-r3.3.2_0.tar.bz2",
            "labels": [
                "main",
                "cf201901"
            ],
            "md5": "7dd305c5d9ffd4def69f6811e543599e",
            "ndownloads": 263,
            "owner": "bioconda",
            "size": 357350,
            "type": "conda",
            "upload_time": "2017-08-23 17:40:07.642000+00:00",
            "version": "1.48.0"
        },
        {
            "attrs": {
                "arch": "x86_64",
                "build": "r3.4.1_0",
                "build_number": 0,
                "depends": [
                    "bioconductor-annotate",
                    "bioconductor-biobase >=2.5.5",
                    "r-base 3.4.1*",
                    "r-xml"
                ],
                "has_prefix": false,
                "license": "LGPL",
                "machine": "x86_64",
                "operatingsystem": "linux",
                "platform": "linux",
                "subdir": "linux-64",
                "target-triplet": "x86_64-any-linux"
            },
            "basename": "linux-64/bioconductor-splicegear-1.48.0-r3.4.1_0.tar.bz2",
            "dependencies": {
                "depends": [
                    {
                        "name": "bioconductor-annotate",
                        "specs": []
                    },
                    {
                        "name": "bioconductor-biobase",
                        "specs": [
                            [
                                ">=",
                                "2.5.5"
                            ]
                        ]
                    },
                    {
                        "name": "r-base",
                        "specs": [
                            [
                                "==",
                                "3.4.1"
                            ]
                        ]
                    },
                    {
                        "name": "r-xml",
                        "specs": []
                    }
                ]
            },
            "description": null,
            "distribution_type": "conda",
            "download_url": "//api.anaconda.org/download/bioconda/bioconductor-splicegear/1.48.0/linux-64/bioconductor-splicegear-1.48.0-r3.4.1_0.tar.bz2",
            "full_name": "bioconda/bioconductor-splicegear/1.48.0/linux-64/bioconductor-splicegear-1.48.0-r3.4.1_0.tar.bz2",
            "labels": [
                "main",
                "cf201901"
            ],
            "md5": "d6a9b16998d37c5d0978460745b4b8cf",
            "ndownloads": 385,
            "owner": "bioconda",
            "size": 372050,
            "type": "conda",
            "upload_time": "2017-09-19 22:28:16.488000+00:00",
            "version": "1.48.0"
        },
        {
            "attrs": {
                "arch": "x86_64",
                "build": "r3.4.1_0",
                "build_number": 0,
                "depends": [
                    "bioconductor-annotate",
                    "bioconductor-biobase >=2.5.5",
                    "r-base 3.4.1*",
                    "r-xml"
                ],
                "has_prefix": false,
                "license": "LGPL",
                "machine": "x86_64",
                "operatingsystem": "darwin",
                "platform": "osx",
                "subdir": "osx-64",
                "target-triplet": "x86_64-any-darwin"
            },
            "basename": "osx-64/bioconductor-splicegear-1.48.0-r3.4.1_0.tar.bz2",
            "dependencies": {
                "depends": [
                    {
                        "name": "bioconductor-annotate",
                        "specs": []
                    },
                    {
                        "name": "bioconductor-biobase",
                        "specs": [
                            [
                                ">=",
                                "2.5.5"
                            ]
                        ]
                    },
                    {
                        "name": "r-base",
                        "specs": [
                            [
                                "==",
                                "3.4.1"
                            ]
                        ]
                    },
                    {
                        "name": "r-xml",
                        "specs": []
                    }
                ]
            },
            "description": null,
            "distribution_type": "conda",
            "download_url": "//api.anaconda.org/download/bioconda/bioconductor-splicegear/1.48.0/osx-64/bioconductor-splicegear-1.48.0-r3.4.1_0.tar.bz2",
            "full_name": "bioconda/bioconductor-splicegear/1.48.0/osx-64/bioconductor-splicegear-1.48.0-r3.4.1_0.tar.bz2",
            "labels": [
                "main",
                "cf201901"
            ],
            "md5": "da5550ab0e09c86c6a5d5c49246636b6",
            "ndownloads": 531,
            "owner": "bioconda",
            "size": 371883,
            "type": "conda",
            "upload_time": "2017-09-19 23:57:19.851000+00:00",
            "version": "1.48.0"
        },
        {
            "attrs": {
                "arch": "x86_64",
                "build": "r3.4.1_0",
                "build_number": 0,
                "depends": [
                    "bioconductor-annotate",
                    "bioconductor-biobase >=2.5.5",
                    "r-base 3.4.1*",
                    "r-xml"
                ],
                "has_prefix": false,
                "license": "LGPL",
                "machine": "x86_64",
                "operatingsystem": "darwin",
                "platform": "osx",
                "subdir": "osx-64",
                "target-triplet": "x86_64-any-darwin"
            },
            "basename": "osx-64/bioconductor-splicegear-1.50.0-r3.4.1_0.tar.bz2",
            "dependencies": {
                "depends": [
                    {
                        "name": "bioconductor-annotate",
                        "specs": []
                    },
                    {
                        "name": "bioconductor-biobase",
                        "specs": [
                            [
                                ">=",
                                "2.5.5"
                            ]
                        ]
                    },
                    {
                        "name": "r-base",
                        "specs": [
                            [
                                "==",
                                "3.4.1"
                            ]
                        ]
                    },
                    {
                        "name": "r-xml",
                        "specs": []
                    }
                ]
            },
            "description": null,
            "distribution_type": "conda",
            "download_url": "//api.anaconda.org/download/bioconda/bioconductor-splicegear/1.50.0/osx-64/bioconductor-splicegear-1.50.0-r3.4.1_0.tar.bz2",
            "full_name": "bioconda/bioconductor-splicegear/1.50.0/osx-64/bioconductor-splicegear-1.50.0-r3.4.1_0.tar.bz2",
            "labels": [
                "main",
                "cf201901"
            ],
            "md5": "9fde9df53fd8b9d4b7aa907545404815",
            "ndownloads": 732,
            "owner": "bioconda",
            "size": 372361,
            "type": "conda",
            "upload_time": "2017-11-07 17:43:50.118000+00:00",
            "version": "1.50.0"
        },
        {
            "attrs": {
                "arch": "x86_64",
                "build": "r3.4.1_0",
                "build_number": 0,
                "depends": [
                    "bioconductor-annotate",
                    "bioconductor-biobase >=2.5.5",
                    "r-base 3.4.1*",
                    "r-xml"
                ],
                "has_prefix": false,
                "license": "LGPL",
                "machine": "x86_64",
                "operatingsystem": "linux",
                "platform": "linux",
                "subdir": "linux-64",
                "target-triplet": "x86_64-any-linux"
            },
            "basename": "linux-64/bioconductor-splicegear-1.50.0-r3.4.1_0.tar.bz2",
            "dependencies": {
                "depends": [
                    {
                        "name": "bioconductor-annotate",
                        "specs": []
                    },
                    {
                        "name": "bioconductor-biobase",
                        "specs": [
                            [
                                ">=",
                                "2.5.5"
                            ]
                        ]
                    },
                    {
                        "name": "r-base",
                        "specs": [
                            [
                                "==",
                                "3.4.1"
                            ]
                        ]
                    },
                    {
                        "name": "r-xml",
                        "specs": []
                    }
                ]
            },
            "description": null,
            "distribution_type": "conda",
            "download_url": "//api.anaconda.org/download/bioconda/bioconductor-splicegear/1.50.0/linux-64/bioconductor-splicegear-1.50.0-r3.4.1_0.tar.bz2",
            "full_name": "bioconda/bioconductor-splicegear/1.50.0/linux-64/bioconductor-splicegear-1.50.0-r3.4.1_0.tar.bz2",
            "labels": [
                "main",
                "cf201901"
            ],
            "md5": "30e31b153063740b2fe10677879177be",
            "ndownloads": 526,
            "owner": "bioconda",
            "size": 372713,
            "type": "conda",
            "upload_time": "2017-11-10 03:51:13.518000+00:00",
            "version": "1.50.0"
        },
        {
            "attrs": {
                "arch": "x86_64",
                "build": "r341_0",
                "build_number": 0,
                "depends": [
                    "bioconductor-annotate >=1.58.0,<1.60.0",
                    "bioconductor-biobase >=2.40.0,<2.42.0",
                    "r-base >=3.4.1,<3.4.2.0a0",
                    "r-xml"
                ],
                "has_prefix": false,
                "license": "LGPL",
                "machine": "x86_64",
                "operatingsystem": "darwin",
                "platform": "osx",
                "subdir": "osx-64",
                "target-triplet": "x86_64-any-darwin",
                "timestamp": 1540460521017
            },
            "basename": "osx-64/bioconductor-splicegear-1.52.0-r341_0.tar.bz2",
            "dependencies": {
                "depends": [
                    {
                        "name": "bioconductor-annotate",
                        "specs": [
                            [
                                ">=",
                                "1.58.0,<1.60.0"
                            ]
                        ]
                    },
                    {
                        "name": "bioconductor-biobase",
                        "specs": [
                            [
                                ">=",
                                "2.40.0,<2.42.0"
                            ]
                        ]
                    },
                    {
                        "name": "r-base",
                        "specs": [
                            [
                                ">=",
                                "3.4.1,<3.4.2.0a0"
                            ]
                        ]
                    },
                    {
                        "name": "r-xml",
                        "specs": []
                    }
                ]
            },
            "description": null,
            "distribution_type": "conda",
            "download_url": "//api.anaconda.org/download/bioconda/bioconductor-splicegear/1.52.0/osx-64/bioconductor-splicegear-1.52.0-r341_0.tar.bz2",
            "full_name": "bioconda/bioconductor-splicegear/1.52.0/osx-64/bioconductor-splicegear-1.52.0-r341_0.tar.bz2",
            "labels": [
                "main",
                "cf201901"
            ],
            "md5": "7aa47e577c371de8d4594d1312e13d52",
            "ndownloads": 24,
            "owner": "bioconda",
            "size": 374529,
            "type": "conda",
            "upload_time": "2018-10-25 09:45:17.644000+00:00",
            "version": "1.52.0"
        },
        {
            "attrs": {
                "arch": "x86_64",
                "build": "r351_0",
                "build_number": 0,
                "depends": [
                    "bioconductor-annotate >=1.58.0,<1.60.0",
                    "bioconductor-biobase >=2.40.0,<2.42.0",
                    "r-base >=3.5.1,<3.5.2.0a0",
                    "r-xml"
                ],
                "has_prefix": false,
                "license": "LGPL",
                "machine": "x86_64",
                "operatingsystem": "darwin",
                "platform": "osx",
                "subdir": "osx-64",
                "target-triplet": "x86_64-any-darwin",
                "timestamp": 1540460650972
            },
            "basename": "osx-64/bioconductor-splicegear-1.52.0-r351_0.tar.bz2",
            "dependencies": {
                "depends": [
                    {
                        "name": "bioconductor-annotate",
                        "specs": [
                            [
                                ">=",
                                "1.58.0,<1.60.0"
                            ]
                        ]
                    },
                    {
                        "name": "bioconductor-biobase",
                        "specs": [
                            [
                                ">=",
                                "2.40.0,<2.42.0"
                            ]
                        ]
                    },
                    {
                        "name": "r-base",
                        "specs": [
                            [
                                ">=",
                                "3.5.1,<3.5.2.0a0"
                            ]
                        ]
                    },
                    {
                        "name": "r-xml",
                        "specs": []
                    }
                ]
            },
            "description": null,
            "distribution_type": "conda",
            "download_url": "//api.anaconda.org/download/bioconda/bioconductor-splicegear/1.52.0/osx-64/bioconductor-splicegear-1.52.0-r351_0.tar.bz2",
            "full_name": "bioconda/bioconductor-splicegear/1.52.0/osx-64/bioconductor-splicegear-1.52.0-r351_0.tar.bz2",
            "labels": [
                "main",
                "cf201901"
            ],
            "md5": "284ede80f80abdc6352394d0f3288ee8",
            "ndownloads": 746,
            "owner": "bioconda",
            "size": 457814,
            "type": "conda",
            "upload_time": "2018-10-25 09:45:21.772000+00:00",
            "version": "1.52.0"
        },
        {
            "attrs": {
                "arch": "x86_64",
                "build": "r351_0",
                "build_number": 0,
                "depends": [
                    "bioconductor-annotate >=1.58.0,<1.60.0",
                    "bioconductor-biobase >=2.40.0,<2.42.0",
                    "r-base >=3.5.1,<3.5.2.0a0",
                    "r-xml"
                ],
                "has_prefix": false,
                "license": "LGPL",
                "machine": "x86_64",
                "operatingsystem": "linux",
                "platform": "linux",
                "subdir": "linux-64",
                "target-triplet": "x86_64-any-linux",
                "timestamp": 1540602013964
            },
            "basename": "linux-64/bioconductor-splicegear-1.52.0-r351_0.tar.bz2",
            "dependencies": {
                "depends": [
                    {
                        "name": "bioconductor-annotate",
                        "specs": [
                            [
                                ">=",
                                "1.58.0,<1.60.0"
                            ]
                        ]
                    },
                    {
                        "name": "bioconductor-biobase",
                        "specs": [
                            [
                                ">=",
                                "2.40.0,<2.42.0"
                            ]
                        ]
                    },
                    {
                        "name": "r-base",
                        "specs": [
                            [
                                ">=",
                                "3.5.1,<3.5.2.0a0"
                            ]
                        ]
                    },
                    {
                        "name": "r-xml",
                        "specs": []
                    }
                ]
            },
            "description": null,
            "distribution_type": "conda",
            "download_url": "//api.anaconda.org/download/bioconda/bioconductor-splicegear/1.52.0/linux-64/bioconductor-splicegear-1.52.0-r351_0.tar.bz2",
            "full_name": "bioconda/bioconductor-splicegear/1.52.0/linux-64/bioconductor-splicegear-1.52.0-r351_0.tar.bz2",
            "labels": [
                "main",
                "cf201901"
            ],
            "md5": "6464c806bda517ceb2e17c2b6e44c1c1",
            "ndownloads": 234,
            "owner": "bioconda",
            "size": 457221,
            "type": "conda",
            "upload_time": "2018-10-27 01:05:11.728000+00:00",
            "version": "1.52.0"
        },
        {
            "attrs": {
                "arch": "x86_64",
                "build": "r341_0",
                "build_number": 0,
                "depends": [
                    "bioconductor-annotate >=1.58.0,<1.60.0",
                    "bioconductor-biobase >=2.40.0,<2.42.0",
                    "r-base >=3.4.1,<3.4.2.0a0",
                    "r-xml"
                ],
                "has_prefix": false,
                "license": "LGPL",
                "machine": "x86_64",
                "operatingsystem": "linux",
                "platform": "linux",
                "subdir": "linux-64",
                "target-triplet": "x86_64-any-linux",
                "timestamp": 1540601915505
            },
            "basename": "linux-64/bioconductor-splicegear-1.52.0-r341_0.tar.bz2",
            "dependencies": {
                "depends": [
                    {
                        "name": "bioconductor-annotate",
                        "specs": [
                            [
                                ">=",
                                "1.58.0,<1.60.0"
                            ]
                        ]
                    },
                    {
                        "name": "bioconductor-biobase",
                        "specs": [
                            [
                                ">=",
                                "2.40.0,<2.42.0"
                            ]
                        ]
                    },
                    {
                        "name": "r-base",
                        "specs": [
                            [
                                ">=",
                                "3.4.1,<3.4.2.0a0"
                            ]
                        ]
                    },
                    {
                        "name": "r-xml",
                        "specs": []
                    }
                ]
            },
            "description": null,
            "distribution_type": "conda",
            "download_url": "//api.anaconda.org/download/bioconda/bioconductor-splicegear/1.52.0/linux-64/bioconductor-splicegear-1.52.0-r341_0.tar.bz2",
            "full_name": "bioconda/bioconductor-splicegear/1.52.0/linux-64/bioconductor-splicegear-1.52.0-r341_0.tar.bz2",
            "labels": [
                "main",
                "cf201901"
            ],
            "md5": "37787b6d70c44a17613a7ef9786bfe24",
            "ndownloads": 109,
            "owner": "bioconda",
            "size": 373938,
            "type": "conda",
            "upload_time": "2018-10-27 01:05:16.591000+00:00",
            "version": "1.52.0"
        },
        {
            "attrs": {
                "arch": null,
                "build": "r351_0",
                "build_number": 0,
                "depends": [
                    "bioconductor-annotate >=1.60.0,<1.61.0",
                    "bioconductor-biobase >=2.42.0,<2.43.0",
                    "r-base >=3.5.1,<3.5.2.0a0",
                    "r-xml"
                ],
                "has_prefix": false,
                "license": "LGPL",
                "machine": null,
                "noarch": "generic",
                "operatingsystem": null,
                "platform": null,
                "subdir": "noarch",
                "target-triplet": "None-any-None",
                "timestamp": 1546487590288
            },
            "basename": "noarch/bioconductor-splicegear-1.54.0-r351_0.tar.bz2",
            "dependencies": {
                "depends": [
                    {
                        "name": "bioconductor-annotate",
                        "specs": [
                            [
                                ">=",
                                "1.60.0,<1.61.0"
                            ]
                        ]
                    },
                    {
                        "name": "bioconductor-biobase",
                        "specs": [
                            [
                                ">=",
                                "2.42.0,<2.43.0"
                            ]
                        ]
                    },
                    {
                        "name": "r-base",
                        "specs": [
                            [
                                ">=",
                                "3.5.1,<3.5.2.0a0"
                            ]
                        ]
                    },
                    {
                        "name": "r-xml",
                        "specs": []
                    }
                ]
            },
            "description": null,
            "distribution_type": "conda",
            "download_url": "//api.anaconda.org/download/bioconda/bioconductor-splicegear/1.54.0/noarch/bioconductor-splicegear-1.54.0-r351_0.tar.bz2",
            "full_name": "bioconda/bioconductor-splicegear/1.54.0/noarch/bioconductor-splicegear-1.54.0-r351_0.tar.bz2",
            "labels": [
                "gcc7",
                "main"
            ],
            "md5": "8e5d2b72852ff09b37fbcac0d00e9984",
            "ndownloads": 75,
            "owner": "bioconda",
            "size": 458423,
            "type": "conda",
            "upload_time": "2019-01-03 03:57:03.050000+00:00",
            "version": "1.54.0"
        },
        {
            "attrs": {
                "arch": null,
                "build": "r36_1",
                "build_number": 1,
                "depends": [
                    "bioconductor-annotate >=1.62.0,<1.63.0",
                    "bioconductor-biobase >=2.44.0,<2.45.0",
                    "r-base >=3.6,<3.7.0a0",
                    "r-xml"
                ],
                "has_prefix": false,
                "license": "LGPL",
                "machine": null,
                "noarch": "generic",
                "operatingsystem": null,
                "platform": null,
                "subdir": "noarch",
                "target-triplet": "None-any-None",
                "timestamp": 1564276985591
            },
            "basename": "noarch/bioconductor-splicegear-1.56.0-r36_1.tar.bz2",
            "dependencies": {
                "depends": [
                    {
                        "name": "bioconductor-annotate",
                        "specs": [
                            [
                                ">=",
                                "1.62.0,<1.63.0"
                            ]
                        ]
                    },
                    {
                        "name": "bioconductor-biobase",
                        "specs": [
                            [
                                ">=",
                                "2.44.0,<2.45.0"
                            ]
                        ]
                    },
                    {
                        "name": "r-base",
                        "specs": [
                            [
                                ">=",
                                "3.6,<3.7.0a0"
                            ]
                        ]
                    },
                    {
                        "name": "r-xml",
                        "specs": []
                    }
                ]
            },
            "description": null,
            "distribution_type": "conda",
            "download_url": "//api.anaconda.org/download/bioconda/bioconductor-splicegear/1.56.0/noarch/bioconductor-splicegear-1.56.0-r36_1.tar.bz2",
            "full_name": "bioconda/bioconductor-splicegear/1.56.0/noarch/bioconductor-splicegear-1.56.0-r36_1.tar.bz2",
            "labels": [
                "main"
            ],
            "md5": "6493c58f7f2609343c50f65dd30c9194",
            "ndownloads": 32,
            "owner": "bioconda",
            "size": 451767,
            "type": "conda",
            "upload_time": "2019-07-28 01:27:07.377000+00:00",
            "version": "1.56.0"
        },
        {
            "attrs": {
                "arch": null,
                "build": "r36_0",
                "build_number": 0,
                "depends": [
                    "bioconductor-annotate >=1.64.0,<1.65.0",
                    "bioconductor-biobase >=2.46.0,<2.47.0",
                    "r-base >=3.6,<3.7.0a0",
                    "r-xml"
                ],
                "has_prefix": false,
                "license": "LGPL",
                "machine": null,
                "noarch": "generic",
                "operatingsystem": null,
                "platform": null,
                "subdir": "noarch",
                "target-triplet": "None-any-None",
                "timestamp": 1572797501779
            },
            "basename": "noarch/bioconductor-splicegear-1.58.0-r36_0.tar.bz2",
            "dependencies": {
                "depends": [
                    {
                        "name": "bioconductor-annotate",
                        "specs": [
                            [
                                ">=",
                                "1.64.0,<1.65.0"
                            ]
                        ]
                    },
                    {
                        "name": "bioconductor-biobase",
                        "specs": [
                            [
                                ">=",
                                "2.46.0,<2.47.0"
                            ]
                        ]
                    },
                    {
                        "name": "r-base",
                        "specs": [
                            [
                                ">=",
                                "3.6,<3.7.0a0"
                            ]
                        ]
                    },
                    {
                        "name": "r-xml",
                        "specs": []
                    }
                ]
            },
            "description": null,
            "distribution_type": "conda",
            "download_url": "//api.anaconda.org/download/bioconda/bioconductor-splicegear/1.58.0/noarch/bioconductor-splicegear-1.58.0-r36_0.tar.bz2",
            "full_name": "bioconda/bioconductor-splicegear/1.58.0/noarch/bioconductor-splicegear-1.58.0-r36_0.tar.bz2",
            "labels": [
                "main"
            ],
            "md5": "881b1e7e2ade07d5f3f33d83d71815b6",
            "ndownloads": 17,
            "owner": "bioconda",
            "size": 456520,
            "type": "conda",
            "upload_time": "2019-11-03 16:15:45.670000+00:00",
            "version": "1.58.0"
        }
    ],
    "full_name": "bioconda/bioconductor-splicegear",
    "home": "http://bioconductor.org/packages/3.5/bioc/html/splicegear.html",
    "html_url": "http://anaconda.org/bioconda/bioconductor-splicegear",
    "id": "599d8490c7d29212d56a0708",
    "latest_version": "1.58.0",
    "license": "LGPL",
    "license_url": null,
    "modified_at": "2019-11-03 16:15:45.966000+00:00",
    "name": "bioconductor-splicegear",
    "owner": {
        "company": "",
        "created_at": "2015-09-11 22:59:20.880000+00:00",
        "description": "Bioconda is a distribution of bioinformatics software realized as a channel for the versatile Conda package manager.",
        "location": "",
        "login": "bioconda",
        "name": "bioconda",
        "url": "",
        "user_type": "org"
    },
    "package_types": [
        "conda"
    ],
    "public": true,
    "releases": [
        {
            "distributions": [],
            "full_name": "bioconda/bioconductor-splicegear/1.48.0",
            "version": "1.48.0"
        },
        {
            "distributions": [],
            "full_name": "bioconda/bioconductor-splicegear/1.50.0",
            "version": "1.50.0"
        },
        {
            "distributions": [],
            "full_name": "bioconda/bioconductor-splicegear/1.52.0",
            "version": "1.52.0"
        },
        {
            "distributions": [],
            "full_name": "bioconda/bioconductor-splicegear/1.54.0",
            "version": "1.54.0"
        },
        {
            "distributions": [],
            "full_name": "bioconda/bioconductor-splicegear/1.56.0",
            "version": "1.56.0"
        },
        {
            "distributions": [],
            "full_name": "bioconda/bioconductor-splicegear/1.58.0",
            "version": "1.58.0"
        }
    ],
    "revision": 12,
    "source_git_tag": null,
    "source_git_url": null,
    "summary": "splicegear",
    "upvoted": 0,
    "url": "http://api.anaconda.org/packages/bioconda/bioconductor-splicegear",
    "versions": [
        "1.48.0",
        "1.50.0",
        "1.52.0",
        "1.54.0",
        "1.56.0",
        "1.58.0"
    ],
    "watchers": 1
}