{
    "app_entry": {},
    "app_summary": {},
    "app_type": {},
    "builds": [
        "r36h516909a_0",
        "r36h516909a_1",
        "r351h14c3975_0",
        "r40h037d062_0",
        "r351h1de35cc_0",
        "r3.4.1_0",
        "r40h8909d69_0",
        "r36h01d97ff_0",
        "r36h01d97ff_1",
        "r351h470a237_0",
        "r341h470a237_0"
    ],
    "conda_platforms": [
        "linux-64",
        "osx-64"
    ],
    "created_at": "2018-02-18 17:38:59.283000+00:00",
    "description": "Bayesian hidden Ising models are implemented to identify IP-enriched genomic regions from ChIP-seq data. They can be used to analyze ChIP-seq data with and without controls and replicates.",
    "dev_url": null,
    "doc_url": null,
    "files": [
        {
            "attrs": {
                "arch": "x86_64",
                "build": "r351h470a237_0",
                "build_number": 0,
                "depends": [
                    "r-base >=3.5.1,<3.5.2.0a0"
                ],
                "has_prefix": true,
                "license": "GPL (>= 2)",
                "machine": "x86_64",
                "operatingsystem": "darwin",
                "platform": "osx",
                "subdir": "osx-64",
                "target-triplet": "x86_64-any-darwin",
                "timestamp": 1540644360125
            },
            "basename": "osx-64/bioconductor-iseq-1.32.0-r351h470a237_0.tar.bz2",
            "dependencies": {
                "depends": [
                    {
                        "name": "r-base",
                        "specs": [
                            [
                                ">=",
                                "3.5.1,<3.5.2.0a0"
                            ]
                        ]
                    }
                ]
            },
            "description": null,
            "distribution_type": "conda",
            "download_url": "//api.anaconda.org/download/bioconda/bioconductor-iseq/1.32.0/osx-64/bioconductor-iseq-1.32.0-r351h470a237_0.tar.bz2",
            "full_name": "bioconda/bioconductor-iseq/1.32.0/osx-64/bioconductor-iseq-1.32.0-r351h470a237_0.tar.bz2",
            "labels": [
                "main",
                "cf201901"
            ],
            "md5": "7d30b7d89cdb7748e262d3fe12c9c505",
            "ndownloads": 978,
            "owner": "bioconda",
            "size": 1698997,
            "type": "conda",
            "upload_time": "2018-10-27 12:46:42.943000+00:00",
            "version": "1.32.0"
        },
        {
            "attrs": {
                "arch": "x86_64",
                "build": "r3.4.1_0",
                "build_number": 0,
                "depends": [
                    "r-base 3.4.1*"
                ],
                "has_prefix": true,
                "license": "GPL (>= 2)",
                "machine": "x86_64",
                "operatingsystem": "linux",
                "platform": "linux",
                "subdir": "linux-64",
                "target-triplet": "x86_64-any-linux"
            },
            "basename": "linux-64/bioconductor-iseq-1.30.0-r3.4.1_0.tar.bz2",
            "dependencies": {
                "depends": [
                    {
                        "name": "r-base",
                        "specs": [
                            [
                                "==",
                                "3.4.1"
                            ]
                        ]
                    }
                ]
            },
            "description": null,
            "distribution_type": "conda",
            "download_url": "//api.anaconda.org/download/bioconda/bioconductor-iseq/1.30.0/linux-64/bioconductor-iseq-1.30.0-r3.4.1_0.tar.bz2",
            "full_name": "bioconda/bioconductor-iseq/1.30.0/linux-64/bioconductor-iseq-1.30.0-r3.4.1_0.tar.bz2",
            "labels": [
                "main",
                "cf201901"
            ],
            "md5": "a52eec104aa5b8eed4581387908d89bc",
            "ndownloads": 331,
            "owner": "bioconda",
            "size": 1683779,
            "type": "conda",
            "upload_time": "2018-02-18 17:38:59.811000+00:00",
            "version": "1.30.0"
        },
        {
            "attrs": {
                "arch": "x86_64",
                "build": "r3.4.1_0",
                "build_number": 0,
                "depends": [
                    "libcxx",
                    "r-base 3.4.1*"
                ],
                "has_prefix": false,
                "license": "GPL (>= 2)",
                "machine": "x86_64",
                "operatingsystem": "darwin",
                "platform": "osx",
                "subdir": "osx-64",
                "target-triplet": "x86_64-any-darwin"
            },
            "basename": "osx-64/bioconductor-iseq-1.30.0-r3.4.1_0.tar.bz2",
            "dependencies": {
                "depends": [
                    {
                        "name": "libcxx",
                        "specs": []
                    },
                    {
                        "name": "r-base",
                        "specs": [
                            [
                                "==",
                                "3.4.1"
                            ]
                        ]
                    }
                ]
            },
            "description": null,
            "distribution_type": "conda",
            "download_url": "//api.anaconda.org/download/bioconda/bioconductor-iseq/1.30.0/osx-64/bioconductor-iseq-1.30.0-r3.4.1_0.tar.bz2",
            "full_name": "bioconda/bioconductor-iseq/1.30.0/osx-64/bioconductor-iseq-1.30.0-r3.4.1_0.tar.bz2",
            "labels": [
                "main",
                "cf201901"
            ],
            "md5": "b68d947479ceed1847202a000d56e275",
            "ndownloads": 1226,
            "owner": "bioconda",
            "size": 1683327,
            "type": "conda",
            "upload_time": "2018-02-18 18:45:06.151000+00:00",
            "version": "1.30.0"
        },
        {
            "attrs": {
                "arch": "x86_64",
                "build": "r341h470a237_0",
                "build_number": 0,
                "depends": [
                    "r-base >=3.4.1,<3.4.2.0a0"
                ],
                "has_prefix": true,
                "license": "GPL (>= 2)",
                "machine": "x86_64",
                "operatingsystem": "darwin",
                "platform": "osx",
                "subdir": "osx-64",
                "target-triplet": "x86_64-any-darwin",
                "timestamp": 1540644292513
            },
            "basename": "osx-64/bioconductor-iseq-1.32.0-r341h470a237_0.tar.bz2",
            "dependencies": {
                "depends": [
                    {
                        "name": "r-base",
                        "specs": [
                            [
                                ">=",
                                "3.4.1,<3.4.2.0a0"
                            ]
                        ]
                    }
                ]
            },
            "description": null,
            "distribution_type": "conda",
            "download_url": "//api.anaconda.org/download/bioconda/bioconductor-iseq/1.32.0/osx-64/bioconductor-iseq-1.32.0-r341h470a237_0.tar.bz2",
            "full_name": "bioconda/bioconductor-iseq/1.32.0/osx-64/bioconductor-iseq-1.32.0-r341h470a237_0.tar.bz2",
            "labels": [
                "main",
                "cf201901"
            ],
            "md5": "b4a824939eb3692ddaa4e3322653d4f7",
            "ndownloads": 271,
            "owner": "bioconda",
            "size": 1684142,
            "type": "conda",
            "upload_time": "2018-10-27 12:46:34.136000+00:00",
            "version": "1.32.0"
        },
        {
            "attrs": {
                "arch": "x86_64",
                "build": "r341h470a237_0",
                "build_number": 0,
                "depends": [
                    "libgcc-ng >=4.9",
                    "r-base >=3.4.1,<3.4.2.0a0"
                ],
                "has_prefix": false,
                "license": "GPL (>= 2)",
                "machine": "x86_64",
                "operatingsystem": "linux",
                "platform": "linux",
                "subdir": "linux-64",
                "target-triplet": "x86_64-any-linux",
                "timestamp": 1540822864536
            },
            "basename": "linux-64/bioconductor-iseq-1.32.0-r341h470a237_0.tar.bz2",
            "dependencies": {
                "depends": [
                    {
                        "name": "libgcc-ng",
                        "specs": [
                            [
                                ">=",
                                "4.9"
                            ]
                        ]
                    },
                    {
                        "name": "r-base",
                        "specs": [
                            [
                                ">=",
                                "3.4.1,<3.4.2.0a0"
                            ]
                        ]
                    }
                ]
            },
            "description": null,
            "distribution_type": "conda",
            "download_url": "//api.anaconda.org/download/bioconda/bioconductor-iseq/1.32.0/linux-64/bioconductor-iseq-1.32.0-r341h470a237_0.tar.bz2",
            "full_name": "bioconda/bioconductor-iseq/1.32.0/linux-64/bioconductor-iseq-1.32.0-r341h470a237_0.tar.bz2",
            "labels": [
                "main",
                "cf201901"
            ],
            "md5": "144aa8e8e38f3bbd208f3dc2410f6ff5",
            "ndownloads": 138,
            "owner": "bioconda",
            "size": 1683977,
            "type": "conda",
            "upload_time": "2018-10-29 14:25:54.853000+00:00",
            "version": "1.32.0"
        },
        {
            "attrs": {
                "arch": "x86_64",
                "build": "r351h470a237_0",
                "build_number": 0,
                "depends": [
                    "libgcc-ng >=4.9",
                    "r-base >=3.5.1,<3.5.2.0a0"
                ],
                "has_prefix": false,
                "license": "GPL (>= 2)",
                "machine": "x86_64",
                "operatingsystem": "linux",
                "platform": "linux",
                "subdir": "linux-64",
                "target-triplet": "x86_64-any-linux",
                "timestamp": 1540822813066
            },
            "basename": "linux-64/bioconductor-iseq-1.32.0-r351h470a237_0.tar.bz2",
            "dependencies": {
                "depends": [
                    {
                        "name": "libgcc-ng",
                        "specs": [
                            [
                                ">=",
                                "4.9"
                            ]
                        ]
                    },
                    {
                        "name": "r-base",
                        "specs": [
                            [
                                ">=",
                                "3.5.1,<3.5.2.0a0"
                            ]
                        ]
                    }
                ]
            },
            "description": null,
            "distribution_type": "conda",
            "download_url": "//api.anaconda.org/download/bioconda/bioconductor-iseq/1.32.0/linux-64/bioconductor-iseq-1.32.0-r351h470a237_0.tar.bz2",
            "full_name": "bioconda/bioconductor-iseq/1.32.0/linux-64/bioconductor-iseq-1.32.0-r351h470a237_0.tar.bz2",
            "labels": [
                "main",
                "cf201901"
            ],
            "md5": "6bd82bcc6079fb14ad44bca92c76e4ea",
            "ndownloads": 253,
            "owner": "bioconda",
            "size": 1698720,
            "type": "conda",
            "upload_time": "2018-10-29 14:25:58.140000+00:00",
            "version": "1.32.0"
        },
        {
            "attrs": {
                "arch": "x86_64",
                "build": "r351h1de35cc_0",
                "build_number": 0,
                "depends": [
                    "r-base >=3.5.1,<3.5.2.0a0"
                ],
                "has_prefix": true,
                "license": "GPL (>= 2)",
                "machine": "x86_64",
                "operatingsystem": "darwin",
                "platform": "osx",
                "subdir": "osx-64",
                "target-triplet": "x86_64-any-darwin",
                "timestamp": 1544412263349
            },
            "basename": "osx-64/bioconductor-iseq-1.34.0-r351h1de35cc_0.tar.bz2",
            "dependencies": {
                "depends": [
                    {
                        "name": "r-base",
                        "specs": [
                            [
                                ">=",
                                "3.5.1,<3.5.2.0a0"
                            ]
                        ]
                    }
                ]
            },
            "description": null,
            "distribution_type": "conda",
            "download_url": "//api.anaconda.org/download/bioconda/bioconductor-iseq/1.34.0/osx-64/bioconductor-iseq-1.34.0-r351h1de35cc_0.tar.bz2",
            "full_name": "bioconda/bioconductor-iseq/1.34.0/osx-64/bioconductor-iseq-1.34.0-r351h1de35cc_0.tar.bz2",
            "labels": [
                "gcc7",
                "main"
            ],
            "md5": "5d92e111aa66a7da4f8000d899e9648c",
            "ndownloads": 1144,
            "owner": "bioconda",
            "size": 1699729,
            "type": "conda",
            "upload_time": "2018-12-10 03:25:05.629000+00:00",
            "version": "1.34.0"
        },
        {
            "attrs": {
                "arch": "x86_64",
                "build": "r351h14c3975_0",
                "build_number": 0,
                "depends": [
                    "libgcc-ng >=7.3.0",
                    "r-base >=3.5.1,<3.5.2.0a0"
                ],
                "has_prefix": false,
                "license": "GPL (>= 2)",
                "machine": "x86_64",
                "operatingsystem": "linux",
                "platform": "linux",
                "subdir": "linux-64",
                "target-triplet": "x86_64-any-linux",
                "timestamp": 1547043543537
            },
            "basename": "linux-64/bioconductor-iseq-1.34.0-r351h14c3975_0.tar.bz2",
            "dependencies": {
                "depends": [
                    {
                        "name": "libgcc-ng",
                        "specs": [
                            [
                                ">=",
                                "7.3.0"
                            ]
                        ]
                    },
                    {
                        "name": "r-base",
                        "specs": [
                            [
                                ">=",
                                "3.5.1,<3.5.2.0a0"
                            ]
                        ]
                    }
                ]
            },
            "description": null,
            "distribution_type": "conda",
            "download_url": "//api.anaconda.org/download/bioconda/bioconductor-iseq/1.34.0/linux-64/bioconductor-iseq-1.34.0-r351h14c3975_0.tar.bz2",
            "full_name": "bioconda/bioconductor-iseq/1.34.0/linux-64/bioconductor-iseq-1.34.0-r351h14c3975_0.tar.bz2",
            "labels": [
                "gcc7",
                "main"
            ],
            "md5": "c0f390697907cf54548efb749d370631",
            "ndownloads": 107,
            "owner": "bioconda",
            "size": 1701694,
            "type": "conda",
            "upload_time": "2019-01-09 14:21:43.896000+00:00",
            "version": "1.34.0"
        },
        {
            "attrs": {
                "arch": "x86_64",
                "build": "r351h1de35cc_0",
                "build_number": 0,
                "depends": [
                    "r-base >=3.5.1,<3.5.2.0a0"
                ],
                "has_prefix": true,
                "license": "GPL (>= 2)",
                "machine": "x86_64",
                "operatingsystem": "darwin",
                "platform": "osx",
                "subdir": "osx-64",
                "target-triplet": "x86_64-any-darwin",
                "timestamp": 1557423179099
            },
            "basename": "osx-64/bioconductor-iseq-1.36.0-r351h1de35cc_0.tar.bz2",
            "dependencies": {
                "depends": [
                    {
                        "name": "r-base",
                        "specs": [
                            [
                                ">=",
                                "3.5.1,<3.5.2.0a0"
                            ]
                        ]
                    }
                ]
            },
            "description": null,
            "distribution_type": "conda",
            "download_url": "//api.anaconda.org/download/bioconda/bioconductor-iseq/1.36.0/osx-64/bioconductor-iseq-1.36.0-r351h1de35cc_0.tar.bz2",
            "full_name": "bioconda/bioconductor-iseq/1.36.0/osx-64/bioconductor-iseq-1.36.0-r351h1de35cc_0.tar.bz2",
            "labels": [
                "main"
            ],
            "md5": "70c06d082356874311507047c2e6c56e",
            "ndownloads": 169,
            "owner": "bioconda",
            "size": 1702018,
            "type": "conda",
            "upload_time": "2019-05-09 17:33:46.225000+00:00",
            "version": "1.36.0"
        },
        {
            "attrs": {
                "arch": "x86_64",
                "build": "r351h14c3975_0",
                "build_number": 0,
                "depends": [
                    "libgcc-ng >=7.3.0",
                    "r-base >=3.5.1,<3.5.2.0a0"
                ],
                "has_prefix": false,
                "license": "GPL (>= 2)",
                "machine": "x86_64",
                "operatingsystem": "linux",
                "platform": "linux",
                "subdir": "linux-64",
                "target-triplet": "x86_64-any-linux",
                "timestamp": 1557493894033
            },
            "basename": "linux-64/bioconductor-iseq-1.36.0-r351h14c3975_0.tar.bz2",
            "dependencies": {
                "depends": [
                    {
                        "name": "libgcc-ng",
                        "specs": [
                            [
                                ">=",
                                "7.3.0"
                            ]
                        ]
                    },
                    {
                        "name": "r-base",
                        "specs": [
                            [
                                ">=",
                                "3.5.1,<3.5.2.0a0"
                            ]
                        ]
                    }
                ]
            },
            "description": null,
            "distribution_type": "conda",
            "download_url": "//api.anaconda.org/download/bioconda/bioconductor-iseq/1.36.0/linux-64/bioconductor-iseq-1.36.0-r351h14c3975_0.tar.bz2",
            "full_name": "bioconda/bioconductor-iseq/1.36.0/linux-64/bioconductor-iseq-1.36.0-r351h14c3975_0.tar.bz2",
            "labels": [
                "main"
            ],
            "md5": "6e4392cde92ac445038605d15cbe532f",
            "ndownloads": 94,
            "owner": "bioconda",
            "size": 1703069,
            "type": "conda",
            "upload_time": "2019-05-10 13:15:37.403000+00:00",
            "version": "1.36.0"
        },
        {
            "attrs": {
                "arch": "x86_64",
                "build": "r36h01d97ff_1",
                "build_number": 1,
                "depends": [
                    "r-base >=3.6,<3.7.0a0"
                ],
                "has_prefix": true,
                "license": "GPL (>= 2)",
                "machine": "x86_64",
                "operatingsystem": "darwin",
                "platform": "osx",
                "subdir": "osx-64",
                "target-triplet": "x86_64-any-darwin",
                "timestamp": 1563341490221
            },
            "basename": "osx-64/bioconductor-iseq-1.36.0-r36h01d97ff_1.tar.bz2",
            "dependencies": {
                "depends": [
                    {
                        "name": "r-base",
                        "specs": [
                            [
                                ">=",
                                "3.6,<3.7.0a0"
                            ]
                        ]
                    }
                ]
            },
            "description": null,
            "distribution_type": "conda",
            "download_url": "//api.anaconda.org/download/bioconda/bioconductor-iseq/1.36.0/osx-64/bioconductor-iseq-1.36.0-r36h01d97ff_1.tar.bz2",
            "full_name": "bioconda/bioconductor-iseq/1.36.0/osx-64/bioconductor-iseq-1.36.0-r36h01d97ff_1.tar.bz2",
            "labels": [
                "main"
            ],
            "md5": "645f67a3cf8e869f4f203b769716f789",
            "ndownloads": 813,
            "owner": "bioconda",
            "size": 1703613,
            "type": "conda",
            "upload_time": "2019-07-17 05:32:11.487000+00:00",
            "version": "1.36.0"
        },
        {
            "attrs": {
                "arch": "x86_64",
                "build": "r36h516909a_1",
                "build_number": 1,
                "depends": [
                    "libgcc-ng >=7.3.0",
                    "r-base >=3.6,<3.7.0a0"
                ],
                "has_prefix": false,
                "license": "GPL (>= 2)",
                "machine": "x86_64",
                "operatingsystem": "linux",
                "platform": "linux",
                "subdir": "linux-64",
                "target-triplet": "x86_64-any-linux",
                "timestamp": 1563529459782
            },
            "basename": "linux-64/bioconductor-iseq-1.36.0-r36h516909a_1.tar.bz2",
            "dependencies": {
                "depends": [
                    {
                        "name": "libgcc-ng",
                        "specs": [
                            [
                                ">=",
                                "7.3.0"
                            ]
                        ]
                    },
                    {
                        "name": "r-base",
                        "specs": [
                            [
                                ">=",
                                "3.6,<3.7.0a0"
                            ]
                        ]
                    }
                ]
            },
            "description": null,
            "distribution_type": "conda",
            "download_url": "//api.anaconda.org/download/bioconda/bioconductor-iseq/1.36.0/linux-64/bioconductor-iseq-1.36.0-r36h516909a_1.tar.bz2",
            "full_name": "bioconda/bioconductor-iseq/1.36.0/linux-64/bioconductor-iseq-1.36.0-r36h516909a_1.tar.bz2",
            "labels": [
                "main"
            ],
            "md5": "2077a2dc7a35d694b8007edce3e124f7",
            "ndownloads": 62,
            "owner": "bioconda",
            "size": 1703651,
            "type": "conda",
            "upload_time": "2019-07-19 09:48:20.612000+00:00",
            "version": "1.36.0"
        },
        {
            "attrs": {
                "arch": "x86_64",
                "build": "r36h01d97ff_0",
                "build_number": 0,
                "depends": [
                    "r-base >=3.6,<3.7.0a0"
                ],
                "has_prefix": true,
                "license": "GPL (>= 2)",
                "machine": "x86_64",
                "operatingsystem": "darwin",
                "platform": "osx",
                "subdir": "osx-64",
                "target-triplet": "x86_64-any-darwin",
                "timestamp": 1572596645367
            },
            "basename": "osx-64/bioconductor-iseq-1.38.0-r36h01d97ff_0.tar.bz2",
            "dependencies": {
                "depends": [
                    {
                        "name": "r-base",
                        "specs": [
                            [
                                ">=",
                                "3.6,<3.7.0a0"
                            ]
                        ]
                    }
                ]
            },
            "description": null,
            "distribution_type": "conda",
            "download_url": "//api.anaconda.org/download/bioconda/bioconductor-iseq/1.38.0/osx-64/bioconductor-iseq-1.38.0-r36h01d97ff_0.tar.bz2",
            "full_name": "bioconda/bioconductor-iseq/1.38.0/osx-64/bioconductor-iseq-1.38.0-r36h01d97ff_0.tar.bz2",
            "labels": [
                "main"
            ],
            "md5": "a7567c94b077c3183875451a05818008",
            "ndownloads": 619,
            "owner": "bioconda",
            "size": 1716972,
            "type": "conda",
            "upload_time": "2019-11-01 08:24:51.299000+00:00",
            "version": "1.38.0"
        },
        {
            "attrs": {
                "arch": "x86_64",
                "build": "r36h516909a_0",
                "build_number": 0,
                "depends": [
                    "libgcc-ng >=7.3.0",
                    "r-base >=3.6,<3.7.0a0"
                ],
                "has_prefix": false,
                "license": "GPL (>= 2)",
                "machine": "x86_64",
                "operatingsystem": "linux",
                "platform": "linux",
                "subdir": "linux-64",
                "target-triplet": "x86_64-any-linux",
                "timestamp": 1572606265804
            },
            "basename": "linux-64/bioconductor-iseq-1.38.0-r36h516909a_0.tar.bz2",
            "dependencies": {
                "depends": [
                    {
                        "name": "libgcc-ng",
                        "specs": [
                            [
                                ">=",
                                "7.3.0"
                            ]
                        ]
                    },
                    {
                        "name": "r-base",
                        "specs": [
                            [
                                ">=",
                                "3.6,<3.7.0a0"
                            ]
                        ]
                    }
                ]
            },
            "description": null,
            "distribution_type": "conda",
            "download_url": "//api.anaconda.org/download/bioconda/bioconductor-iseq/1.38.0/linux-64/bioconductor-iseq-1.38.0-r36h516909a_0.tar.bz2",
            "full_name": "bioconda/bioconductor-iseq/1.38.0/linux-64/bioconductor-iseq-1.38.0-r36h516909a_0.tar.bz2",
            "labels": [
                "main"
            ],
            "md5": "9c2b00aac6f57f93001fbd878030b342",
            "ndownloads": 50,
            "owner": "bioconda",
            "size": 1718928,
            "type": "conda",
            "upload_time": "2019-11-01 11:08:27.658000+00:00",
            "version": "1.38.0"
        },
        {
            "attrs": {
                "arch": "x86_64",
                "build": "r40h8909d69_0",
                "build_number": 0,
                "depends": [
                    "libblas >=3.8.0,<4.0a0",
                    "liblapack >=3.8.0,<3.9.0a0",
                    "r-base >=4.0,<4.1.0a0"
                ],
                "has_prefix": true,
                "license": "GPL (>= 2)",
                "machine": "x86_64",
                "operatingsystem": "darwin",
                "platform": "osx",
                "subdir": "osx-64",
                "target-triplet": "x86_64-any-darwin",
                "timestamp": 1588982350519
            },
            "basename": "osx-64/bioconductor-iseq-1.40.0-r40h8909d69_0.tar.bz2",
            "dependencies": {
                "depends": [
                    {
                        "name": "libblas",
                        "specs": [
                            [
                                ">=",
                                "3.8.0,<4.0a0"
                            ]
                        ]
                    },
                    {
                        "name": "liblapack",
                        "specs": [
                            [
                                ">=",
                                "3.8.0,<3.9.0a0"
                            ]
                        ]
                    },
                    {
                        "name": "r-base",
                        "specs": [
                            [
                                ">=",
                                "4.0,<4.1.0a0"
                            ]
                        ]
                    }
                ]
            },
            "description": null,
            "distribution_type": "conda",
            "download_url": "//api.anaconda.org/download/bioconda/bioconductor-iseq/1.40.0/osx-64/bioconductor-iseq-1.40.0-r40h8909d69_0.tar.bz2",
            "full_name": "bioconda/bioconductor-iseq/1.40.0/osx-64/bioconductor-iseq-1.40.0-r40h8909d69_0.tar.bz2",
            "labels": [
                "main"
            ],
            "md5": "535bc670b35f6a917b02c77a91b57ba4",
            "ndownloads": 183,
            "owner": "bioconda",
            "size": 1714325,
            "type": "conda",
            "upload_time": "2020-05-09 00:00:08.436000+00:00",
            "version": "1.40.0"
        },
        {
            "attrs": {
                "arch": "x86_64",
                "build": "r40h037d062_0",
                "build_number": 0,
                "depends": [
                    "libblas >=3.8.0,<4.0a0",
                    "libgcc-ng >=7.3.0",
                    "liblapack >=3.8.0,<3.9.0a0",
                    "r-base >=4.0,<4.1.0a0"
                ],
                "has_prefix": false,
                "license": "GPL (>= 2)",
                "machine": "x86_64",
                "operatingsystem": "linux",
                "platform": "linux",
                "subdir": "linux-64",
                "target-triplet": "x86_64-any-linux",
                "timestamp": 1589030601514
            },
            "basename": "linux-64/bioconductor-iseq-1.40.0-r40h037d062_0.tar.bz2",
            "dependencies": {
                "depends": [
                    {
                        "name": "libblas",
                        "specs": [
                            [
                                ">=",
                                "3.8.0,<4.0a0"
                            ]
                        ]
                    },
                    {
                        "name": "libgcc-ng",
                        "specs": [
                            [
                                ">=",
                                "7.3.0"
                            ]
                        ]
                    },
                    {
                        "name": "liblapack",
                        "specs": [
                            [
                                ">=",
                                "3.8.0,<3.9.0a0"
                            ]
                        ]
                    },
                    {
                        "name": "r-base",
                        "specs": [
                            [
                                ">=",
                                "4.0,<4.1.0a0"
                            ]
                        ]
                    }
                ]
            },
            "description": null,
            "distribution_type": "conda",
            "download_url": "//api.anaconda.org/download/bioconda/bioconductor-iseq/1.40.0/linux-64/bioconductor-iseq-1.40.0-r40h037d062_0.tar.bz2",
            "full_name": "bioconda/bioconductor-iseq/1.40.0/linux-64/bioconductor-iseq-1.40.0-r40h037d062_0.tar.bz2",
            "labels": [
                "main"
            ],
            "md5": "5b97388ead287b345774b3d07dbfc052",
            "ndownloads": 22,
            "owner": "bioconda",
            "size": 1719618,
            "type": "conda",
            "upload_time": "2020-05-09 13:27:45.184000+00:00",
            "version": "1.40.0"
        }
    ],
    "full_name": "bioconda/bioconductor-iseq",
    "home": "http://bioconductor.org/packages/3.6/bioc/html/iSeq.html",
    "html_url": "http://anaconda.org/bioconda/bioconductor-iseq",
    "id": "5a89ba33baec3611fd467029",
    "latest_version": "1.40.0",
    "license": "GPL (>= 2)",
    "license_url": null,
    "modified_at": "2020-05-09 13:27:45.646000+00:00",
    "name": "bioconductor-iseq",
    "owner": {
        "company": "",
        "created_at": "2015-09-11 22:59:20.880000+00:00",
        "description": "Bioconda is a distribution of bioinformatics software realized as a channel for the versatile Conda package manager.",
        "location": "",
        "login": "bioconda",
        "name": "bioconda",
        "url": "",
        "user_type": "org"
    },
    "package_types": [
        "conda"
    ],
    "public": true,
    "releases": [
        {
            "distributions": [],
            "full_name": "bioconda/bioconductor-iseq/1.30.0",
            "version": "1.30.0"
        },
        {
            "distributions": [],
            "full_name": "bioconda/bioconductor-iseq/1.32.0",
            "version": "1.32.0"
        },
        {
            "distributions": [],
            "full_name": "bioconda/bioconductor-iseq/1.34.0",
            "version": "1.34.0"
        },
        {
            "distributions": [],
            "full_name": "bioconda/bioconductor-iseq/1.36.0",
            "version": "1.36.0"
        },
        {
            "distributions": [],
            "full_name": "bioconda/bioconductor-iseq/1.38.0",
            "version": "1.38.0"
        },
        {
            "distributions": [],
            "full_name": "bioconda/bioconductor-iseq/1.40.0",
            "version": "1.40.0"
        }
    ],
    "revision": 12,
    "source_git_tag": null,
    "source_git_url": null,
    "summary": "Bayesian Hierarchical Modeling of ChIP-seq Data Through Hidden Ising Models",
    "upvoted": 0,
    "url": "http://api.anaconda.org/packages/bioconda/bioconductor-iseq",
    "versions": [
        "1.30.0",
        "1.32.0",
        "1.34.0",
        "1.36.0",
        "1.38.0",
        "1.40.0"
    ],
    "watchers": 1
}