{
    "app_entry": {},
    "app_summary": {},
    "app_type": {},
    "builds": [
        "r40_0",
        "r36_1",
        "r36_0",
        "r341_0",
        "r351_0",
        "r3.4.1_0"
    ],
    "conda_platforms": [
        "linux-64",
        "noarch",
        "osx-64"
    ],
    "created_at": "2018-02-18 16:32:26.550000+00:00",
    "description": "The ClusterSignificance package provides tools to assess if class clusters in dimensionality reduced data representations have a separation different from permuted data. The term class clusters here refers to, clusters of points representing known classes in the data. This is particularly useful to determine if a subset of the variables, e.g. genes in a specific pathway, alone can separate samples into these established classes. ClusterSignificance accomplishes this by, projecting all points onto a one dimensional line. Cluster separations are then scored and the probability of the seen separation being due to chance is evaluated using a permutation method.",
    "dev_url": null,
    "doc_url": null,
    "files": [
        {
            "attrs": {
                "arch": "x86_64",
                "build": "r3.4.1_0",
                "build_number": 0,
                "depends": [
                    "r-base 3.4.1*",
                    "r-pracma",
                    "r-princurve",
                    "r-rcolorbrewer",
                    "r-scatterplot3d"
                ],
                "has_prefix": false,
                "license": "GPL-3",
                "machine": "x86_64",
                "operatingsystem": "darwin",
                "platform": "osx",
                "subdir": "osx-64",
                "target-triplet": "x86_64-any-darwin"
            },
            "basename": "osx-64/bioconductor-clustersignificance-1.6.0-r3.4.1_0.tar.bz2",
            "dependencies": {
                "depends": [
                    {
                        "name": "r-base",
                        "specs": [
                            [
                                "==",
                                "3.4.1"
                            ]
                        ]
                    },
                    {
                        "name": "r-pracma",
                        "specs": []
                    },
                    {
                        "name": "r-princurve",
                        "specs": []
                    },
                    {
                        "name": "r-rcolorbrewer",
                        "specs": []
                    },
                    {
                        "name": "r-scatterplot3d",
                        "specs": []
                    }
                ]
            },
            "description": null,
            "distribution_type": "conda",
            "download_url": "//api.anaconda.org/download/bioconda/bioconductor-clustersignificance/1.6.0/osx-64/bioconductor-clustersignificance-1.6.0-r3.4.1_0.tar.bz2",
            "full_name": "bioconda/bioconductor-clustersignificance/1.6.0/osx-64/bioconductor-clustersignificance-1.6.0-r3.4.1_0.tar.bz2",
            "labels": [
                "main",
                "cf201901"
            ],
            "md5": "8d98a8e84735ea6d244abeed23421917",
            "ndownloads": 1227,
            "owner": "bioconda",
            "size": 1236178,
            "type": "conda",
            "upload_time": "2018-02-18 16:36:58.540000+00:00",
            "version": "1.6.0"
        },
        {
            "attrs": {
                "arch": "x86_64",
                "build": "r3.4.1_0",
                "build_number": 0,
                "depends": [
                    "r-base 3.4.1*",
                    "r-pracma",
                    "r-princurve",
                    "r-rcolorbrewer",
                    "r-scatterplot3d"
                ],
                "has_prefix": false,
                "license": "GPL-3",
                "machine": "x86_64",
                "operatingsystem": "linux",
                "platform": "linux",
                "subdir": "linux-64",
                "target-triplet": "x86_64-any-linux"
            },
            "basename": "linux-64/bioconductor-clustersignificance-1.6.0-r3.4.1_0.tar.bz2",
            "dependencies": {
                "depends": [
                    {
                        "name": "r-base",
                        "specs": [
                            [
                                "==",
                                "3.4.1"
                            ]
                        ]
                    },
                    {
                        "name": "r-pracma",
                        "specs": []
                    },
                    {
                        "name": "r-princurve",
                        "specs": []
                    },
                    {
                        "name": "r-rcolorbrewer",
                        "specs": []
                    },
                    {
                        "name": "r-scatterplot3d",
                        "specs": []
                    }
                ]
            },
            "description": null,
            "distribution_type": "conda",
            "download_url": "//api.anaconda.org/download/bioconda/bioconductor-clustersignificance/1.6.0/linux-64/bioconductor-clustersignificance-1.6.0-r3.4.1_0.tar.bz2",
            "full_name": "bioconda/bioconductor-clustersignificance/1.6.0/linux-64/bioconductor-clustersignificance-1.6.0-r3.4.1_0.tar.bz2",
            "labels": [
                "main",
                "cf201901"
            ],
            "md5": "c6e8472dc95fbf934aed584baf7aac25",
            "ndownloads": 348,
            "owner": "bioconda",
            "size": 1235886,
            "type": "conda",
            "upload_time": "2018-02-18 16:32:27.061000+00:00",
            "version": "1.6.0"
        },
        {
            "attrs": {
                "arch": "x86_64",
                "build": "r341_0",
                "build_number": 0,
                "depends": [
                    "r-base >=3.4.1,<3.4.2.0a0",
                    "r-pracma",
                    "r-princurve >=2.0.5",
                    "r-rcolorbrewer",
                    "r-scatterplot3d"
                ],
                "has_prefix": false,
                "license": "GPL-3",
                "machine": "x86_64",
                "operatingsystem": "darwin",
                "platform": "osx",
                "subdir": "osx-64",
                "target-triplet": "x86_64-any-darwin",
                "timestamp": 1540594885822
            },
            "basename": "osx-64/bioconductor-clustersignificance-1.8.2-r341_0.tar.bz2",
            "dependencies": {
                "depends": [
                    {
                        "name": "r-base",
                        "specs": [
                            [
                                ">=",
                                "3.4.1,<3.4.2.0a0"
                            ]
                        ]
                    },
                    {
                        "name": "r-pracma",
                        "specs": []
                    },
                    {
                        "name": "r-princurve",
                        "specs": [
                            [
                                ">=",
                                "2.0.5"
                            ]
                        ]
                    },
                    {
                        "name": "r-rcolorbrewer",
                        "specs": []
                    },
                    {
                        "name": "r-scatterplot3d",
                        "specs": []
                    }
                ]
            },
            "description": null,
            "distribution_type": "conda",
            "download_url": "//api.anaconda.org/download/bioconda/bioconductor-clustersignificance/1.8.2/osx-64/bioconductor-clustersignificance-1.8.2-r341_0.tar.bz2",
            "full_name": "bioconda/bioconductor-clustersignificance/1.8.2/osx-64/bioconductor-clustersignificance-1.8.2-r341_0.tar.bz2",
            "labels": [
                "main",
                "cf201901"
            ],
            "md5": "69f5174ca0be2a279f55046f0621de4c",
            "ndownloads": 117,
            "owner": "bioconda",
            "size": 2005915,
            "type": "conda",
            "upload_time": "2018-10-26 23:03:27.873000+00:00",
            "version": "1.8.2"
        },
        {
            "attrs": {
                "arch": "x86_64",
                "build": "r351_0",
                "build_number": 0,
                "depends": [
                    "r-base >=3.5.1,<3.5.2.0a0",
                    "r-pracma",
                    "r-princurve >=2.0.5",
                    "r-rcolorbrewer",
                    "r-scatterplot3d"
                ],
                "has_prefix": false,
                "license": "GPL-3",
                "machine": "x86_64",
                "operatingsystem": "darwin",
                "platform": "osx",
                "subdir": "osx-64",
                "target-triplet": "x86_64-any-darwin",
                "timestamp": 1540594968233
            },
            "basename": "osx-64/bioconductor-clustersignificance-1.8.2-r351_0.tar.bz2",
            "dependencies": {
                "depends": [
                    {
                        "name": "r-base",
                        "specs": [
                            [
                                ">=",
                                "3.5.1,<3.5.2.0a0"
                            ]
                        ]
                    },
                    {
                        "name": "r-pracma",
                        "specs": []
                    },
                    {
                        "name": "r-princurve",
                        "specs": [
                            [
                                ">=",
                                "2.0.5"
                            ]
                        ]
                    },
                    {
                        "name": "r-rcolorbrewer",
                        "specs": []
                    },
                    {
                        "name": "r-scatterplot3d",
                        "specs": []
                    }
                ]
            },
            "description": null,
            "distribution_type": "conda",
            "download_url": "//api.anaconda.org/download/bioconda/bioconductor-clustersignificance/1.8.2/osx-64/bioconductor-clustersignificance-1.8.2-r351_0.tar.bz2",
            "full_name": "bioconda/bioconductor-clustersignificance/1.8.2/osx-64/bioconductor-clustersignificance-1.8.2-r351_0.tar.bz2",
            "labels": [
                "main",
                "cf201901"
            ],
            "md5": "4b4e677fb56f5bef40aff8dcee4ec61c",
            "ndownloads": 1144,
            "owner": "bioconda",
            "size": 2092541,
            "type": "conda",
            "upload_time": "2018-10-26 23:03:36.957000+00:00",
            "version": "1.8.2"
        },
        {
            "attrs": {
                "arch": "x86_64",
                "build": "r341_0",
                "build_number": 0,
                "depends": [
                    "r-base >=3.4.1,<3.4.2.0a0",
                    "r-pracma",
                    "r-princurve >=2.0.5",
                    "r-rcolorbrewer",
                    "r-scatterplot3d"
                ],
                "has_prefix": false,
                "license": "GPL-3",
                "machine": "x86_64",
                "operatingsystem": "linux",
                "platform": "linux",
                "subdir": "linux-64",
                "target-triplet": "x86_64-any-linux",
                "timestamp": 1540783856288
            },
            "basename": "linux-64/bioconductor-clustersignificance-1.8.2-r341_0.tar.bz2",
            "dependencies": {
                "depends": [
                    {
                        "name": "r-base",
                        "specs": [
                            [
                                ">=",
                                "3.4.1,<3.4.2.0a0"
                            ]
                        ]
                    },
                    {
                        "name": "r-pracma",
                        "specs": []
                    },
                    {
                        "name": "r-princurve",
                        "specs": [
                            [
                                ">=",
                                "2.0.5"
                            ]
                        ]
                    },
                    {
                        "name": "r-rcolorbrewer",
                        "specs": []
                    },
                    {
                        "name": "r-scatterplot3d",
                        "specs": []
                    }
                ]
            },
            "description": null,
            "distribution_type": "conda",
            "download_url": "//api.anaconda.org/download/bioconda/bioconductor-clustersignificance/1.8.2/linux-64/bioconductor-clustersignificance-1.8.2-r341_0.tar.bz2",
            "full_name": "bioconda/bioconductor-clustersignificance/1.8.2/linux-64/bioconductor-clustersignificance-1.8.2-r341_0.tar.bz2",
            "labels": [
                "main",
                "cf201901"
            ],
            "md5": "af0b8b78d57773197e1b72e811a2d032",
            "ndownloads": 169,
            "owner": "bioconda",
            "size": 2005369,
            "type": "conda",
            "upload_time": "2018-10-29 03:36:44.232000+00:00",
            "version": "1.8.2"
        },
        {
            "attrs": {
                "arch": "x86_64",
                "build": "r351_0",
                "build_number": 0,
                "depends": [
                    "r-base >=3.5.1,<3.5.2.0a0",
                    "r-pracma",
                    "r-princurve >=2.0.5",
                    "r-rcolorbrewer",
                    "r-scatterplot3d"
                ],
                "has_prefix": false,
                "license": "GPL-3",
                "machine": "x86_64",
                "operatingsystem": "linux",
                "platform": "linux",
                "subdir": "linux-64",
                "target-triplet": "x86_64-any-linux",
                "timestamp": 1540783916824
            },
            "basename": "linux-64/bioconductor-clustersignificance-1.8.2-r351_0.tar.bz2",
            "dependencies": {
                "depends": [
                    {
                        "name": "r-base",
                        "specs": [
                            [
                                ">=",
                                "3.5.1,<3.5.2.0a0"
                            ]
                        ]
                    },
                    {
                        "name": "r-pracma",
                        "specs": []
                    },
                    {
                        "name": "r-princurve",
                        "specs": [
                            [
                                ">=",
                                "2.0.5"
                            ]
                        ]
                    },
                    {
                        "name": "r-rcolorbrewer",
                        "specs": []
                    },
                    {
                        "name": "r-scatterplot3d",
                        "specs": []
                    }
                ]
            },
            "description": null,
            "distribution_type": "conda",
            "download_url": "//api.anaconda.org/download/bioconda/bioconductor-clustersignificance/1.8.2/linux-64/bioconductor-clustersignificance-1.8.2-r351_0.tar.bz2",
            "full_name": "bioconda/bioconductor-clustersignificance/1.8.2/linux-64/bioconductor-clustersignificance-1.8.2-r351_0.tar.bz2",
            "labels": [
                "main",
                "cf201901"
            ],
            "md5": "3f28f54faf955038cef2ce77e8fe6587",
            "ndownloads": 278,
            "owner": "bioconda",
            "size": 2091775,
            "type": "conda",
            "upload_time": "2018-10-29 03:36:41.195000+00:00",
            "version": "1.8.2"
        },
        {
            "attrs": {
                "arch": null,
                "build": "r351_0",
                "build_number": 0,
                "depends": [
                    "r-base >=3.5.1,<3.5.2.0a0",
                    "r-pracma",
                    "r-princurve >=2.0.5",
                    "r-rcolorbrewer",
                    "r-scatterplot3d"
                ],
                "has_prefix": false,
                "license": "GPL-3",
                "machine": null,
                "noarch": "generic",
                "operatingsystem": null,
                "platform": null,
                "subdir": "noarch",
                "target-triplet": "None-any-None",
                "timestamp": 1546969345313
            },
            "basename": "noarch/bioconductor-clustersignificance-1.10.0-r351_0.tar.bz2",
            "dependencies": {
                "depends": [
                    {
                        "name": "r-base",
                        "specs": [
                            [
                                ">=",
                                "3.5.1,<3.5.2.0a0"
                            ]
                        ]
                    },
                    {
                        "name": "r-pracma",
                        "specs": []
                    },
                    {
                        "name": "r-princurve",
                        "specs": [
                            [
                                ">=",
                                "2.0.5"
                            ]
                        ]
                    },
                    {
                        "name": "r-rcolorbrewer",
                        "specs": []
                    },
                    {
                        "name": "r-scatterplot3d",
                        "specs": []
                    }
                ]
            },
            "description": null,
            "distribution_type": "conda",
            "download_url": "//api.anaconda.org/download/bioconda/bioconductor-clustersignificance/1.10.0/noarch/bioconductor-clustersignificance-1.10.0-r351_0.tar.bz2",
            "full_name": "bioconda/bioconductor-clustersignificance/1.10.0/noarch/bioconductor-clustersignificance-1.10.0-r351_0.tar.bz2",
            "labels": [
                "gcc7",
                "main"
            ],
            "md5": "919129316a2d91920042b0a6a0cae66c",
            "ndownloads": 110,
            "owner": "bioconda",
            "size": 2093056,
            "type": "conda",
            "upload_time": "2019-01-08 17:45:11.065000+00:00",
            "version": "1.10.0"
        },
        {
            "attrs": {
                "arch": null,
                "build": "r351_0",
                "build_number": 0,
                "depends": [
                    "r-base >=3.5.1,<3.5.2.0a0",
                    "r-pracma",
                    "r-princurve >=2.0.5",
                    "r-rcolorbrewer",
                    "r-scatterplot3d"
                ],
                "has_prefix": false,
                "license": "GPL-3",
                "machine": null,
                "noarch": "generic",
                "operatingsystem": null,
                "platform": null,
                "subdir": "noarch",
                "target-triplet": "None-any-None",
                "timestamp": 1557881826014
            },
            "basename": "noarch/bioconductor-clustersignificance-1.12.0-r351_0.tar.bz2",
            "dependencies": {
                "depends": [
                    {
                        "name": "r-base",
                        "specs": [
                            [
                                ">=",
                                "3.5.1,<3.5.2.0a0"
                            ]
                        ]
                    },
                    {
                        "name": "r-pracma",
                        "specs": []
                    },
                    {
                        "name": "r-princurve",
                        "specs": [
                            [
                                ">=",
                                "2.0.5"
                            ]
                        ]
                    },
                    {
                        "name": "r-rcolorbrewer",
                        "specs": []
                    },
                    {
                        "name": "r-scatterplot3d",
                        "specs": []
                    }
                ]
            },
            "description": null,
            "distribution_type": "conda",
            "download_url": "//api.anaconda.org/download/bioconda/bioconductor-clustersignificance/1.12.0/noarch/bioconductor-clustersignificance-1.12.0-r351_0.tar.bz2",
            "full_name": "bioconda/bioconductor-clustersignificance/1.12.0/noarch/bioconductor-clustersignificance-1.12.0-r351_0.tar.bz2",
            "labels": [
                "main"
            ],
            "md5": "d66211ccfa45be3f65a1cf587adaf0fe",
            "ndownloads": 97,
            "owner": "bioconda",
            "size": 2084552,
            "type": "conda",
            "upload_time": "2019-05-15 01:01:09.951000+00:00",
            "version": "1.12.0"
        },
        {
            "attrs": {
                "arch": null,
                "build": "r36_1",
                "build_number": 1,
                "depends": [
                    "r-base >=3.6,<3.7.0a0",
                    "r-pracma",
                    "r-princurve >=2.0.5",
                    "r-rcolorbrewer",
                    "r-scatterplot3d"
                ],
                "has_prefix": false,
                "license": "GPL-3",
                "machine": null,
                "noarch": "generic",
                "operatingsystem": null,
                "platform": null,
                "subdir": "noarch",
                "target-triplet": "None-any-None",
                "timestamp": 1563305680570
            },
            "basename": "noarch/bioconductor-clustersignificance-1.12.0-r36_1.tar.bz2",
            "dependencies": {
                "depends": [
                    {
                        "name": "r-base",
                        "specs": [
                            [
                                ">=",
                                "3.6,<3.7.0a0"
                            ]
                        ]
                    },
                    {
                        "name": "r-pracma",
                        "specs": []
                    },
                    {
                        "name": "r-princurve",
                        "specs": [
                            [
                                ">=",
                                "2.0.5"
                            ]
                        ]
                    },
                    {
                        "name": "r-rcolorbrewer",
                        "specs": []
                    },
                    {
                        "name": "r-scatterplot3d",
                        "specs": []
                    }
                ]
            },
            "description": null,
            "distribution_type": "conda",
            "download_url": "//api.anaconda.org/download/bioconda/bioconductor-clustersignificance/1.12.0/noarch/bioconductor-clustersignificance-1.12.0-r36_1.tar.bz2",
            "full_name": "bioconda/bioconductor-clustersignificance/1.12.0/noarch/bioconductor-clustersignificance-1.12.0-r36_1.tar.bz2",
            "labels": [
                "main"
            ],
            "md5": "d6063087b13cb57f57d0f65bd08e4e7d",
            "ndownloads": 59,
            "owner": "bioconda",
            "size": 2077357,
            "type": "conda",
            "upload_time": "2019-07-16 19:38:38.581000+00:00",
            "version": "1.12.0"
        },
        {
            "attrs": {
                "arch": null,
                "build": "r36_0",
                "build_number": 0,
                "depends": [
                    "r-base >=3.6,<3.7.0a0",
                    "r-pracma",
                    "r-princurve >=2.0.5",
                    "r-rcolorbrewer",
                    "r-scatterplot3d"
                ],
                "has_prefix": false,
                "license": "GPL-3",
                "machine": null,
                "noarch": "generic",
                "operatingsystem": null,
                "platform": null,
                "subdir": "noarch",
                "target-triplet": "None-any-None",
                "timestamp": 1572683107265
            },
            "basename": "noarch/bioconductor-clustersignificance-1.14.0-r36_0.tar.bz2",
            "dependencies": {
                "depends": [
                    {
                        "name": "r-base",
                        "specs": [
                            [
                                ">=",
                                "3.6,<3.7.0a0"
                            ]
                        ]
                    },
                    {
                        "name": "r-pracma",
                        "specs": []
                    },
                    {
                        "name": "r-princurve",
                        "specs": [
                            [
                                ">=",
                                "2.0.5"
                            ]
                        ]
                    },
                    {
                        "name": "r-rcolorbrewer",
                        "specs": []
                    },
                    {
                        "name": "r-scatterplot3d",
                        "specs": []
                    }
                ]
            },
            "description": null,
            "distribution_type": "conda",
            "download_url": "//api.anaconda.org/download/bioconda/bioconductor-clustersignificance/1.14.0/noarch/bioconductor-clustersignificance-1.14.0-r36_0.tar.bz2",
            "full_name": "bioconda/bioconductor-clustersignificance/1.14.0/noarch/bioconductor-clustersignificance-1.14.0-r36_0.tar.bz2",
            "labels": [
                "main"
            ],
            "md5": "e7f331b5761b9a1c478470edca5e0e08",
            "ndownloads": 46,
            "owner": "bioconda",
            "size": 2103885,
            "type": "conda",
            "upload_time": "2019-11-02 08:29:09.893000+00:00",
            "version": "1.14.0"
        },
        {
            "attrs": {
                "arch": null,
                "build": "r40_0",
                "build_number": 0,
                "depends": [
                    "r-base >=4.0,<4.1.0a0",
                    "r-pracma",
                    "r-princurve >=2.0.5",
                    "r-rcolorbrewer",
                    "r-scatterplot3d"
                ],
                "has_prefix": false,
                "license": "GPL-3",
                "machine": null,
                "noarch": "generic",
                "operatingsystem": null,
                "platform": null,
                "subdir": "noarch",
                "target-triplet": "None-any-None",
                "timestamp": 1589059354374
            },
            "basename": "noarch/bioconductor-clustersignificance-1.16.0-r40_0.tar.bz2",
            "dependencies": {
                "depends": [
                    {
                        "name": "r-base",
                        "specs": [
                            [
                                ">=",
                                "4.0,<4.1.0a0"
                            ]
                        ]
                    },
                    {
                        "name": "r-pracma",
                        "specs": []
                    },
                    {
                        "name": "r-princurve",
                        "specs": [
                            [
                                ">=",
                                "2.0.5"
                            ]
                        ]
                    },
                    {
                        "name": "r-rcolorbrewer",
                        "specs": []
                    },
                    {
                        "name": "r-scatterplot3d",
                        "specs": []
                    }
                ]
            },
            "description": null,
            "distribution_type": "conda",
            "download_url": "//api.anaconda.org/download/bioconda/bioconductor-clustersignificance/1.16.0/noarch/bioconductor-clustersignificance-1.16.0-r40_0.tar.bz2",
            "full_name": "bioconda/bioconductor-clustersignificance/1.16.0/noarch/bioconductor-clustersignificance-1.16.0-r40_0.tar.bz2",
            "labels": [
                "main"
            ],
            "md5": "9ed79c3ae8e4a5a63cded23aae83ad2d",
            "ndownloads": 23,
            "owner": "bioconda",
            "size": 2106305,
            "type": "conda",
            "upload_time": "2020-05-09 21:26:47.392000+00:00",
            "version": "1.16.0"
        }
    ],
    "full_name": "bioconda/bioconductor-clustersignificance",
    "home": "http://bioconductor.org/packages/3.6/bioc/html/ClusterSignificance.html",
    "html_url": "http://anaconda.org/bioconda/bioconductor-clustersignificance",
    "id": "5a89aa9ad60b3511fab483be",
    "latest_version": "1.16.0",
    "license": "GPL-3",
    "license_url": null,
    "modified_at": "2020-05-09 21:26:47.667000+00:00",
    "name": "bioconductor-clustersignificance",
    "owner": {
        "company": "",
        "created_at": "2015-09-11 22:59:20.880000+00:00",
        "description": "Bioconda is a distribution of bioinformatics software realized as a channel for the versatile Conda package manager.",
        "location": "",
        "login": "bioconda",
        "name": "bioconda",
        "url": "",
        "user_type": "org"
    },
    "package_types": [
        "conda"
    ],
    "public": true,
    "releases": [
        {
            "distributions": [],
            "full_name": "bioconda/bioconductor-clustersignificance/1.6.0",
            "version": "1.6.0"
        },
        {
            "distributions": [],
            "full_name": "bioconda/bioconductor-clustersignificance/1.8.2",
            "version": "1.8.2"
        },
        {
            "distributions": [],
            "full_name": "bioconda/bioconductor-clustersignificance/1.10.0",
            "version": "1.10.0"
        },
        {
            "distributions": [],
            "full_name": "bioconda/bioconductor-clustersignificance/1.12.0",
            "version": "1.12.0"
        },
        {
            "distributions": [],
            "full_name": "bioconda/bioconductor-clustersignificance/1.14.0",
            "version": "1.14.0"
        },
        {
            "distributions": [],
            "full_name": "bioconda/bioconductor-clustersignificance/1.16.0",
            "version": "1.16.0"
        }
    ],
    "revision": 12,
    "source_git_tag": null,
    "source_git_url": null,
    "summary": "The ClusterSignificance package provides tools to assess if class clusters in dimensionality reduced data representations have a separation different from permuted data",
    "upvoted": 0,
    "url": "http://api.anaconda.org/packages/bioconda/bioconductor-clustersignificance",
    "versions": [
        "1.6.0",
        "1.8.2",
        "1.10.0",
        "1.12.0",
        "1.14.0",
        "1.16.0"
    ],
    "watchers": 1
}