{
    "app_entry": {},
    "app_summary": {},
    "app_type": {},
    "builds": [
        "r40_0"
    ],
    "conda_platforms": [
        "noarch"
    ],
    "created_at": "2020-05-09 23:49:50.663000+00:00",
    "description": "scClassify is a multiscale classification framework for single-cell RNA-seq data based on ensemble learning and cell type hierarchies, enabling sample size estimation required for accurate cell type classification and joint classification of cells using multiple references.",
    "dev_url": null,
    "doc_url": null,
    "files": [
        {
            "attrs": {
                "arch": null,
                "build": "r40_0",
                "build_number": 0,
                "depends": [
                    "bioconductor-biocparallel >=1.22.0,<1.23.0",
                    "bioconductor-hopach >=2.48.0,<2.49.0",
                    "bioconductor-limma >=3.44.0,<3.45.0",
                    "bioconductor-s4vectors >=0.26.0,<0.27.0",
                    "r-base >=4.0,<4.1.0a0",
                    "r-cluster",
                    "r-diptest",
                    "r-ggplot2",
                    "r-ggraph",
                    "r-igraph",
                    "r-matrix",
                    "r-mgcv",
                    "r-minpack.lm",
                    "r-mixtools",
                    "r-proxy",
                    "r-proxyc",
                    "r-statmod"
                ],
                "has_prefix": false,
                "license": "GPL-3",
                "machine": null,
                "noarch": "generic",
                "operatingsystem": null,
                "platform": null,
                "subdir": "noarch",
                "target-triplet": "None-any-None",
                "timestamp": 1589067795190
            },
            "basename": "noarch/bioconductor-scclassify-1.0.0-r40_0.tar.bz2",
            "dependencies": {
                "depends": [
                    {
                        "name": "bioconductor-biocparallel",
                        "specs": [
                            [
                                ">=",
                                "1.22.0,<1.23.0"
                            ]
                        ]
                    },
                    {
                        "name": "bioconductor-hopach",
                        "specs": [
                            [
                                ">=",
                                "2.48.0,<2.49.0"
                            ]
                        ]
                    },
                    {
                        "name": "bioconductor-limma",
                        "specs": [
                            [
                                ">=",
                                "3.44.0,<3.45.0"
                            ]
                        ]
                    },
                    {
                        "name": "bioconductor-s4vectors",
                        "specs": [
                            [
                                ">=",
                                "0.26.0,<0.27.0"
                            ]
                        ]
                    },
                    {
                        "name": "r-base",
                        "specs": [
                            [
                                ">=",
                                "4.0,<4.1.0a0"
                            ]
                        ]
                    },
                    {
                        "name": "r-cluster",
                        "specs": []
                    },
                    {
                        "name": "r-diptest",
                        "specs": []
                    },
                    {
                        "name": "r-ggplot2",
                        "specs": []
                    },
                    {
                        "name": "r-ggraph",
                        "specs": []
                    },
                    {
                        "name": "r-igraph",
                        "specs": []
                    },
                    {
                        "name": "r-matrix",
                        "specs": []
                    },
                    {
                        "name": "r-mgcv",
                        "specs": []
                    },
                    {
                        "name": "r-minpack.lm",
                        "specs": []
                    },
                    {
                        "name": "r-mixtools",
                        "specs": []
                    },
                    {
                        "name": "r-proxy",
                        "specs": []
                    },
                    {
                        "name": "r-proxyc",
                        "specs": []
                    },
                    {
                        "name": "r-statmod",
                        "specs": []
                    }
                ]
            },
            "description": null,
            "distribution_type": "conda",
            "download_url": "//api.anaconda.org/download/bioconda/bioconductor-scclassify/1.0.0/noarch/bioconductor-scclassify-1.0.0-r40_0.tar.bz2",
            "full_name": "bioconda/bioconductor-scclassify/1.0.0/noarch/bioconductor-scclassify-1.0.0-r40_0.tar.bz2",
            "labels": [
                "main"
            ],
            "md5": "9bad5d5680f30a4d4fffb9e160bdadfa",
            "ndownloads": 22,
            "owner": "bioconda",
            "size": 3542649,
            "type": "conda",
            "upload_time": "2020-05-09 23:49:51.524000+00:00",
            "version": "1.0.0"
        }
    ],
    "full_name": "bioconda/bioconductor-scclassify",
    "home": "https://bioconductor.org/packages/3.11/bioc/html/scClassify.html",
    "html_url": "http://anaconda.org/bioconda/bioconductor-scclassify",
    "id": "5eb7419efe6b2a01a138bd45",
    "latest_version": "1.0.0",
    "license": "GPL-3",
    "license_url": null,
    "modified_at": "2020-05-09 23:49:52.012000+00:00",
    "name": "bioconductor-scclassify",
    "owner": {
        "company": "",
        "created_at": "2015-09-11 22:59:20.880000+00:00",
        "description": "Bioconda is a distribution of bioinformatics software realized as a channel for the versatile Conda package manager.",
        "location": "",
        "login": "bioconda",
        "name": "bioconda",
        "url": "",
        "user_type": "org"
    },
    "package_types": [
        "conda"
    ],
    "public": true,
    "releases": [
        {
            "distributions": [],
            "full_name": "bioconda/bioconductor-scclassify/1.0.0",
            "version": "1.0.0"
        }
    ],
    "revision": 2,
    "source_git_tag": null,
    "source_git_url": null,
    "summary": "scClassify: single-cell Hierarchical Classification",
    "upvoted": 0,
    "url": "http://api.anaconda.org/packages/bioconda/bioconductor-scclassify",
    "versions": [
        "1.0.0"
    ],
    "watchers": 1
}