{
    "app_entry": {},
    "app_summary": {},
    "app_type": {},
    "builds": [
        "r351_0",
        "r36_1",
        "r40_0",
        "r36_0"
    ],
    "conda_platforms": [
        "noarch"
    ],
    "created_at": "2019-01-08 22:31:27.703000+00:00",
    "description": "EpiDISH is a R package to infer the proportions of a priori known cell-types present in a sample representing a mixture of such cell-types. Right now, the package can be used on DNAm data of whole blood, generic epithelial tissue and breast tissue. Besides, the package provides a function that allows the identification of differentially methylated cell-types and their directionality of change in Epigenome-Wide Association Studies.",
    "dev_url": null,
    "doc_url": null,
    "files": [
        {
            "attrs": {
                "arch": null,
                "build": "r351_0",
                "build_number": 0,
                "depends": [
                    "r-base >=3.5.1,<3.5.2.0a0",
                    "r-e1071",
                    "r-mass",
                    "r-quadprog"
                ],
                "has_prefix": false,
                "license": "GPL-2",
                "machine": null,
                "noarch": "generic",
                "operatingsystem": null,
                "platform": null,
                "subdir": "noarch",
                "target-triplet": "None-any-None",
                "timestamp": 1546986529400
            },
            "basename": "noarch/bioconductor-epidish-1.4.1-r351_0.tar.bz2",
            "dependencies": {
                "depends": [
                    {
                        "name": "r-base",
                        "specs": [
                            [
                                ">=",
                                "3.5.1,<3.5.2.0a0"
                            ]
                        ]
                    },
                    {
                        "name": "r-e1071",
                        "specs": []
                    },
                    {
                        "name": "r-mass",
                        "specs": []
                    },
                    {
                        "name": "r-quadprog",
                        "specs": []
                    }
                ]
            },
            "description": null,
            "distribution_type": "conda",
            "download_url": "//api.anaconda.org/download/bioconda/bioconductor-epidish/1.4.1/noarch/bioconductor-epidish-1.4.1-r351_0.tar.bz2",
            "full_name": "bioconda/bioconductor-epidish/1.4.1/noarch/bioconductor-epidish-1.4.1-r351_0.tar.bz2",
            "labels": [
                "gcc7",
                "main"
            ],
            "md5": "283eedc59c4816cdad4cf0120d09105c",
            "ndownloads": 102,
            "owner": "bioconda",
            "size": 295837,
            "type": "conda",
            "upload_time": "2019-01-08 22:31:29.430000+00:00",
            "version": "1.4.1"
        },
        {
            "attrs": {
                "arch": null,
                "build": "r351_0",
                "build_number": 0,
                "depends": [
                    "r-base >=3.5.1,<3.5.2.0a0",
                    "r-e1071",
                    "r-mass",
                    "r-matrixstats",
                    "r-quadprog",
                    "r-stringr"
                ],
                "has_prefix": false,
                "license": "GPL-2",
                "machine": null,
                "noarch": "generic",
                "operatingsystem": null,
                "platform": null,
                "subdir": "noarch",
                "target-triplet": "None-any-None",
                "timestamp": 1557670757644
            },
            "basename": "noarch/bioconductor-epidish-2.0.2-r351_0.tar.bz2",
            "dependencies": {
                "depends": [
                    {
                        "name": "r-base",
                        "specs": [
                            [
                                ">=",
                                "3.5.1,<3.5.2.0a0"
                            ]
                        ]
                    },
                    {
                        "name": "r-e1071",
                        "specs": []
                    },
                    {
                        "name": "r-mass",
                        "specs": []
                    },
                    {
                        "name": "r-matrixstats",
                        "specs": []
                    },
                    {
                        "name": "r-quadprog",
                        "specs": []
                    },
                    {
                        "name": "r-stringr",
                        "specs": []
                    }
                ]
            },
            "description": null,
            "distribution_type": "conda",
            "download_url": "//api.anaconda.org/download/bioconda/bioconductor-epidish/2.0.2/noarch/bioconductor-epidish-2.0.2-r351_0.tar.bz2",
            "full_name": "bioconda/bioconductor-epidish/2.0.2/noarch/bioconductor-epidish-2.0.2-r351_0.tar.bz2",
            "labels": [
                "main"
            ],
            "md5": "2e3b43fd934c9439eb5b1cf7d9f6ab73",
            "ndownloads": 91,
            "owner": "bioconda",
            "size": 1820547,
            "type": "conda",
            "upload_time": "2019-05-12 14:23:18.838000+00:00",
            "version": "2.0.2"
        },
        {
            "attrs": {
                "arch": null,
                "build": "r36_1",
                "build_number": 1,
                "depends": [
                    "r-base >=3.6,<3.7.0a0",
                    "r-e1071",
                    "r-mass",
                    "r-matrixstats",
                    "r-quadprog",
                    "r-stringr"
                ],
                "has_prefix": false,
                "license": "GPL-2",
                "machine": null,
                "noarch": "generic",
                "operatingsystem": null,
                "platform": null,
                "subdir": "noarch",
                "target-triplet": "None-any-None",
                "timestamp": 1563385318263
            },
            "basename": "noarch/bioconductor-epidish-2.0.2-r36_1.tar.bz2",
            "dependencies": {
                "depends": [
                    {
                        "name": "r-base",
                        "specs": [
                            [
                                ">=",
                                "3.6,<3.7.0a0"
                            ]
                        ]
                    },
                    {
                        "name": "r-e1071",
                        "specs": []
                    },
                    {
                        "name": "r-mass",
                        "specs": []
                    },
                    {
                        "name": "r-matrixstats",
                        "specs": []
                    },
                    {
                        "name": "r-quadprog",
                        "specs": []
                    },
                    {
                        "name": "r-stringr",
                        "specs": []
                    }
                ]
            },
            "description": null,
            "distribution_type": "conda",
            "download_url": "//api.anaconda.org/download/bioconda/bioconductor-epidish/2.0.2/noarch/bioconductor-epidish-2.0.2-r36_1.tar.bz2",
            "full_name": "bioconda/bioconductor-epidish/2.0.2/noarch/bioconductor-epidish-2.0.2-r36_1.tar.bz2",
            "labels": [
                "main"
            ],
            "md5": "6eba4394ce6670693a5290387ec4c772",
            "ndownloads": 51,
            "owner": "bioconda",
            "size": 1829068,
            "type": "conda",
            "upload_time": "2019-07-17 17:45:58.653000+00:00",
            "version": "2.0.2"
        },
        {
            "attrs": {
                "arch": null,
                "build": "r36_0",
                "build_number": 0,
                "depends": [
                    "r-base >=3.6,<3.7.0a0",
                    "r-e1071",
                    "r-mass",
                    "r-matrixstats",
                    "r-quadprog",
                    "r-stringr"
                ],
                "has_prefix": false,
                "license": "GPL-2",
                "machine": null,
                "noarch": "generic",
                "operatingsystem": null,
                "platform": null,
                "subdir": "noarch",
                "target-triplet": "None-any-None",
                "timestamp": 1572598263989
            },
            "basename": "noarch/bioconductor-epidish-2.2.0-r36_0.tar.bz2",
            "dependencies": {
                "depends": [
                    {
                        "name": "r-base",
                        "specs": [
                            [
                                ">=",
                                "3.6,<3.7.0a0"
                            ]
                        ]
                    },
                    {
                        "name": "r-e1071",
                        "specs": []
                    },
                    {
                        "name": "r-mass",
                        "specs": []
                    },
                    {
                        "name": "r-matrixstats",
                        "specs": []
                    },
                    {
                        "name": "r-quadprog",
                        "specs": []
                    },
                    {
                        "name": "r-stringr",
                        "specs": []
                    }
                ]
            },
            "description": null,
            "distribution_type": "conda",
            "download_url": "//api.anaconda.org/download/bioconda/bioconductor-epidish/2.2.0/noarch/bioconductor-epidish-2.2.0-r36_0.tar.bz2",
            "full_name": "bioconda/bioconductor-epidish/2.2.0/noarch/bioconductor-epidish-2.2.0-r36_0.tar.bz2",
            "labels": [
                "main"
            ],
            "md5": "5fcf9929d3fee09cde3a7863756cb061",
            "ndownloads": 54,
            "owner": "bioconda",
            "size": 1842271,
            "type": "conda",
            "upload_time": "2019-11-01 08:55:10.184000+00:00",
            "version": "2.2.0"
        },
        {
            "attrs": {
                "arch": null,
                "build": "r40_0",
                "build_number": 0,
                "depends": [
                    "r-base >=4.0,<4.1.0a0",
                    "r-e1071",
                    "r-locfdr",
                    "r-mass",
                    "r-matrixstats",
                    "r-quadprog",
                    "r-stringr"
                ],
                "has_prefix": false,
                "license": "GPL-2",
                "machine": null,
                "noarch": "generic",
                "operatingsystem": null,
                "platform": null,
                "subdir": "noarch",
                "target-triplet": "None-any-None",
                "timestamp": 1589006140603
            },
            "basename": "noarch/bioconductor-epidish-2.4.0-r40_0.tar.bz2",
            "dependencies": {
                "depends": [
                    {
                        "name": "r-base",
                        "specs": [
                            [
                                ">=",
                                "4.0,<4.1.0a0"
                            ]
                        ]
                    },
                    {
                        "name": "r-e1071",
                        "specs": []
                    },
                    {
                        "name": "r-locfdr",
                        "specs": []
                    },
                    {
                        "name": "r-mass",
                        "specs": []
                    },
                    {
                        "name": "r-matrixstats",
                        "specs": []
                    },
                    {
                        "name": "r-quadprog",
                        "specs": []
                    },
                    {
                        "name": "r-stringr",
                        "specs": []
                    }
                ]
            },
            "description": null,
            "distribution_type": "conda",
            "download_url": "//api.anaconda.org/download/bioconda/bioconductor-epidish/2.4.0/noarch/bioconductor-epidish-2.4.0-r40_0.tar.bz2",
            "full_name": "bioconda/bioconductor-epidish/2.4.0/noarch/bioconductor-epidish-2.4.0-r40_0.tar.bz2",
            "labels": [
                "main"
            ],
            "md5": "4a2c87f4a9acf9fc6813b16524b9ce7e",
            "ndownloads": 23,
            "owner": "bioconda",
            "size": 1848608,
            "type": "conda",
            "upload_time": "2020-05-09 06:40:49.715000+00:00",
            "version": "2.4.0"
        }
    ],
    "full_name": "bioconda/bioconductor-epidish",
    "home": "https://bioconductor.org/packages/3.8/bioc/html/EpiDISH.html",
    "html_url": "http://anaconda.org/bioconda/bioconductor-epidish",
    "id": "5c3524bfd9c2cf135505cc2b",
    "latest_version": "2.4.0",
    "license": "GPL-2",
    "license_url": null,
    "modified_at": "2020-05-09 06:40:50.117000+00:00",
    "name": "bioconductor-epidish",
    "owner": {
        "company": "",
        "created_at": "2015-09-11 22:59:20.880000+00:00",
        "description": "Bioconda is a distribution of bioinformatics software realized as a channel for the versatile Conda package manager.",
        "location": "",
        "login": "bioconda",
        "name": "bioconda",
        "url": "",
        "user_type": "org"
    },
    "package_types": [
        "conda"
    ],
    "public": true,
    "releases": [
        {
            "distributions": [],
            "full_name": "bioconda/bioconductor-epidish/1.4.1",
            "version": "1.4.1"
        },
        {
            "distributions": [],
            "full_name": "bioconda/bioconductor-epidish/2.0.2",
            "version": "2.0.2"
        },
        {
            "distributions": [],
            "full_name": "bioconda/bioconductor-epidish/2.2.0",
            "version": "2.2.0"
        },
        {
            "distributions": [],
            "full_name": "bioconda/bioconductor-epidish/2.4.0",
            "version": "2.4.0"
        }
    ],
    "revision": 8,
    "source_git_tag": null,
    "source_git_url": null,
    "summary": "Epigenetic Dissection of Intra-Sample-Heterogeneity",
    "upvoted": 0,
    "url": "http://api.anaconda.org/packages/bioconda/bioconductor-epidish",
    "versions": [
        "1.4.1",
        "2.0.2",
        "2.2.0",
        "2.4.0"
    ],
    "watchers": 1
}