{
    "app_entry": {},
    "app_summary": {},
    "app_type": {},
    "builds": [
        "r40_0",
        "r36_1",
        "r36_0",
        "r341_0",
        "r3.3.2_0",
        "r351_0",
        "r3.4.1_0"
    ],
    "conda_platforms": [
        "linux-64",
        "noarch",
        "osx-64"
    ],
    "created_at": "2017-08-22 10:19:34.838000+00:00",
    "description": "rTRM identifies transcriptional regulatory modules (TRMs) from protein-protein interaction networks.",
    "dev_url": null,
    "doc_url": null,
    "files": [
        {
            "attrs": {
                "arch": "x86_64",
                "build": "r3.3.2_0",
                "build_number": 0,
                "depends": [
                    "bioconductor-annotationdbi",
                    "r-base 3.3.2*",
                    "r-dbi",
                    "r-igraph >=1.0",
                    "r-rsqlite"
                ],
                "has_prefix": false,
                "license": "GPL-3",
                "machine": "x86_64",
                "operatingsystem": "linux",
                "platform": "linux",
                "subdir": "linux-64",
                "target-triplet": "x86_64-any-linux"
            },
            "basename": "linux-64/bioconductor-rtrm-1.14.0-r3.3.2_0.tar.bz2",
            "dependencies": {
                "depends": [
                    {
                        "name": "bioconductor-annotationdbi",
                        "specs": []
                    },
                    {
                        "name": "r-base",
                        "specs": [
                            [
                                "==",
                                "3.3.2"
                            ]
                        ]
                    },
                    {
                        "name": "r-dbi",
                        "specs": []
                    },
                    {
                        "name": "r-igraph",
                        "specs": [
                            [
                                ">=",
                                "1.0"
                            ]
                        ]
                    },
                    {
                        "name": "r-rsqlite",
                        "specs": []
                    }
                ]
            },
            "description": null,
            "distribution_type": "conda",
            "download_url": "//api.anaconda.org/download/bioconda/bioconductor-rtrm/1.14.0/linux-64/bioconductor-rtrm-1.14.0-r3.3.2_0.tar.bz2",
            "full_name": "bioconda/bioconductor-rtrm/1.14.0/linux-64/bioconductor-rtrm-1.14.0-r3.3.2_0.tar.bz2",
            "labels": [
                "main",
                "cf201901"
            ],
            "md5": "ee218fad3d6f51fd1e5f44d919f78464",
            "ndownloads": 572,
            "owner": "bioconda",
            "size": 3186618,
            "type": "conda",
            "upload_time": "2017-08-22 10:19:35.283000+00:00",
            "version": "1.14.0"
        },
        {
            "attrs": {
                "arch": "x86_64",
                "build": "r3.3.2_0",
                "build_number": 0,
                "depends": [
                    "bioconductor-annotationdbi",
                    "r-base 3.3.2*",
                    "r-dbi",
                    "r-igraph >=1.0",
                    "r-rsqlite"
                ],
                "has_prefix": false,
                "license": "GPL-3",
                "machine": "x86_64",
                "operatingsystem": "darwin",
                "platform": "osx",
                "subdir": "osx-64",
                "target-triplet": "x86_64-any-darwin"
            },
            "basename": "osx-64/bioconductor-rtrm-1.14.0-r3.3.2_0.tar.bz2",
            "dependencies": {
                "depends": [
                    {
                        "name": "bioconductor-annotationdbi",
                        "specs": []
                    },
                    {
                        "name": "r-base",
                        "specs": [
                            [
                                "==",
                                "3.3.2"
                            ]
                        ]
                    },
                    {
                        "name": "r-dbi",
                        "specs": []
                    },
                    {
                        "name": "r-igraph",
                        "specs": [
                            [
                                ">=",
                                "1.0"
                            ]
                        ]
                    },
                    {
                        "name": "r-rsqlite",
                        "specs": []
                    }
                ]
            },
            "description": null,
            "distribution_type": "conda",
            "download_url": "//api.anaconda.org/download/bioconda/bioconductor-rtrm/1.14.0/osx-64/bioconductor-rtrm-1.14.0-r3.3.2_0.tar.bz2",
            "full_name": "bioconda/bioconductor-rtrm/1.14.0/osx-64/bioconductor-rtrm-1.14.0-r3.3.2_0.tar.bz2",
            "labels": [
                "main",
                "cf201901"
            ],
            "md5": "2319c61f6b6a739d83663cb9ad260f9a",
            "ndownloads": 174,
            "owner": "bioconda",
            "size": 3186711,
            "type": "conda",
            "upload_time": "2017-08-22 10:35:54.892000+00:00",
            "version": "1.14.0"
        },
        {
            "attrs": {
                "arch": "x86_64",
                "build": "r3.4.1_0",
                "build_number": 0,
                "depends": [
                    "bioconductor-annotationdbi",
                    "r-base 3.4.1*",
                    "r-dbi",
                    "r-igraph >=1.0",
                    "r-rsqlite"
                ],
                "has_prefix": false,
                "license": "GPL-3",
                "machine": "x86_64",
                "operatingsystem": "linux",
                "platform": "linux",
                "subdir": "linux-64",
                "target-triplet": "x86_64-any-linux"
            },
            "basename": "linux-64/bioconductor-rtrm-1.14.0-r3.4.1_0.tar.bz2",
            "dependencies": {
                "depends": [
                    {
                        "name": "bioconductor-annotationdbi",
                        "specs": []
                    },
                    {
                        "name": "r-base",
                        "specs": [
                            [
                                "==",
                                "3.4.1"
                            ]
                        ]
                    },
                    {
                        "name": "r-dbi",
                        "specs": []
                    },
                    {
                        "name": "r-igraph",
                        "specs": [
                            [
                                ">=",
                                "1.0"
                            ]
                        ]
                    },
                    {
                        "name": "r-rsqlite",
                        "specs": []
                    }
                ]
            },
            "description": null,
            "distribution_type": "conda",
            "download_url": "//api.anaconda.org/download/bioconda/bioconductor-rtrm/1.14.0/linux-64/bioconductor-rtrm-1.14.0-r3.4.1_0.tar.bz2",
            "full_name": "bioconda/bioconductor-rtrm/1.14.0/linux-64/bioconductor-rtrm-1.14.0-r3.4.1_0.tar.bz2",
            "labels": [
                "main",
                "cf201901"
            ],
            "md5": "bbccbdc4a019aedff24bead93b7b07a4",
            "ndownloads": 412,
            "owner": "bioconda",
            "size": 3199432,
            "type": "conda",
            "upload_time": "2017-09-19 06:13:46.922000+00:00",
            "version": "1.14.0"
        },
        {
            "attrs": {
                "arch": "x86_64",
                "build": "r3.4.1_0",
                "build_number": 0,
                "depends": [
                    "bioconductor-annotationdbi",
                    "r-base 3.4.1*",
                    "r-dbi",
                    "r-igraph >=1.0",
                    "r-rsqlite"
                ],
                "has_prefix": false,
                "license": "GPL-3",
                "machine": "x86_64",
                "operatingsystem": "darwin",
                "platform": "osx",
                "subdir": "osx-64",
                "target-triplet": "x86_64-any-darwin"
            },
            "basename": "osx-64/bioconductor-rtrm-1.14.0-r3.4.1_0.tar.bz2",
            "dependencies": {
                "depends": [
                    {
                        "name": "bioconductor-annotationdbi",
                        "specs": []
                    },
                    {
                        "name": "r-base",
                        "specs": [
                            [
                                "==",
                                "3.4.1"
                            ]
                        ]
                    },
                    {
                        "name": "r-dbi",
                        "specs": []
                    },
                    {
                        "name": "r-igraph",
                        "specs": [
                            [
                                ">=",
                                "1.0"
                            ]
                        ]
                    },
                    {
                        "name": "r-rsqlite",
                        "specs": []
                    }
                ]
            },
            "description": null,
            "distribution_type": "conda",
            "download_url": "//api.anaconda.org/download/bioconda/bioconductor-rtrm/1.14.0/osx-64/bioconductor-rtrm-1.14.0-r3.4.1_0.tar.bz2",
            "full_name": "bioconda/bioconductor-rtrm/1.14.0/osx-64/bioconductor-rtrm-1.14.0-r3.4.1_0.tar.bz2",
            "labels": [
                "main",
                "cf201901"
            ],
            "md5": "22fac7f2547de4e5e99cb7568a2d33ad",
            "ndownloads": 1072,
            "owner": "bioconda",
            "size": 3198985,
            "type": "conda",
            "upload_time": "2017-09-19 22:31:52.097000+00:00",
            "version": "1.14.0"
        },
        {
            "attrs": {
                "arch": "x86_64",
                "build": "r3.4.1_0",
                "build_number": 0,
                "depends": [
                    "bioconductor-annotationdbi",
                    "r-base 3.4.1*",
                    "r-dbi",
                    "r-igraph >=1.0",
                    "r-rsqlite"
                ],
                "has_prefix": false,
                "license": "GPL-3",
                "machine": "x86_64",
                "operatingsystem": "darwin",
                "platform": "osx",
                "subdir": "osx-64",
                "target-triplet": "x86_64-any-darwin"
            },
            "basename": "osx-64/bioconductor-rtrm-1.16.0-r3.4.1_0.tar.bz2",
            "dependencies": {
                "depends": [
                    {
                        "name": "bioconductor-annotationdbi",
                        "specs": []
                    },
                    {
                        "name": "r-base",
                        "specs": [
                            [
                                "==",
                                "3.4.1"
                            ]
                        ]
                    },
                    {
                        "name": "r-dbi",
                        "specs": []
                    },
                    {
                        "name": "r-igraph",
                        "specs": [
                            [
                                ">=",
                                "1.0"
                            ]
                        ]
                    },
                    {
                        "name": "r-rsqlite",
                        "specs": []
                    }
                ]
            },
            "description": null,
            "distribution_type": "conda",
            "download_url": "//api.anaconda.org/download/bioconda/bioconductor-rtrm/1.16.0/osx-64/bioconductor-rtrm-1.16.0-r3.4.1_0.tar.bz2",
            "full_name": "bioconda/bioconductor-rtrm/1.16.0/osx-64/bioconductor-rtrm-1.16.0-r3.4.1_0.tar.bz2",
            "labels": [
                "main",
                "cf201901"
            ],
            "md5": "e1549729d397136b1f575ee99c219c20",
            "ndownloads": 1196,
            "owner": "bioconda",
            "size": 3196773,
            "type": "conda",
            "upload_time": "2017-11-08 00:20:23.970000+00:00",
            "version": "1.16.0"
        },
        {
            "attrs": {
                "arch": "x86_64",
                "build": "r3.4.1_0",
                "build_number": 0,
                "depends": [
                    "bioconductor-annotationdbi",
                    "r-base 3.4.1*",
                    "r-dbi",
                    "r-igraph >=1.0",
                    "r-rsqlite"
                ],
                "has_prefix": false,
                "license": "GPL-3",
                "machine": "x86_64",
                "operatingsystem": "linux",
                "platform": "linux",
                "subdir": "linux-64",
                "target-triplet": "x86_64-any-linux"
            },
            "basename": "linux-64/bioconductor-rtrm-1.16.0-r3.4.1_0.tar.bz2",
            "dependencies": {
                "depends": [
                    {
                        "name": "bioconductor-annotationdbi",
                        "specs": []
                    },
                    {
                        "name": "r-base",
                        "specs": [
                            [
                                "==",
                                "3.4.1"
                            ]
                        ]
                    },
                    {
                        "name": "r-dbi",
                        "specs": []
                    },
                    {
                        "name": "r-igraph",
                        "specs": [
                            [
                                ">=",
                                "1.0"
                            ]
                        ]
                    },
                    {
                        "name": "r-rsqlite",
                        "specs": []
                    }
                ]
            },
            "description": null,
            "distribution_type": "conda",
            "download_url": "//api.anaconda.org/download/bioconda/bioconductor-rtrm/1.16.0/linux-64/bioconductor-rtrm-1.16.0-r3.4.1_0.tar.bz2",
            "full_name": "bioconda/bioconductor-rtrm/1.16.0/linux-64/bioconductor-rtrm-1.16.0-r3.4.1_0.tar.bz2",
            "labels": [
                "main",
                "cf201901"
            ],
            "md5": "e9a0eeb0859485eb238a89ec9a1e99be",
            "ndownloads": 578,
            "owner": "bioconda",
            "size": 3198014,
            "type": "conda",
            "upload_time": "2017-11-10 04:52:49.967000+00:00",
            "version": "1.16.0"
        },
        {
            "attrs": {
                "arch": "x86_64",
                "build": "r341_0",
                "build_number": 0,
                "depends": [
                    "bioconductor-annotationdbi >=1.42.1,<1.44.0",
                    "r-base >=3.4.1,<3.4.2.0a0",
                    "r-dbi",
                    "r-igraph >=1.0",
                    "r-rsqlite"
                ],
                "has_prefix": false,
                "license": "GPL-3",
                "machine": "x86_64",
                "operatingsystem": "darwin",
                "platform": "osx",
                "subdir": "osx-64",
                "target-triplet": "x86_64-any-darwin",
                "timestamp": 1539970282365
            },
            "basename": "osx-64/bioconductor-rtrm-1.18.0-r341_0.tar.bz2",
            "dependencies": {
                "depends": [
                    {
                        "name": "bioconductor-annotationdbi",
                        "specs": [
                            [
                                ">=",
                                "1.42.1,<1.44.0"
                            ]
                        ]
                    },
                    {
                        "name": "r-base",
                        "specs": [
                            [
                                ">=",
                                "3.4.1,<3.4.2.0a0"
                            ]
                        ]
                    },
                    {
                        "name": "r-dbi",
                        "specs": []
                    },
                    {
                        "name": "r-igraph",
                        "specs": [
                            [
                                ">=",
                                "1.0"
                            ]
                        ]
                    },
                    {
                        "name": "r-rsqlite",
                        "specs": []
                    }
                ]
            },
            "description": null,
            "distribution_type": "conda",
            "download_url": "//api.anaconda.org/download/bioconda/bioconductor-rtrm/1.18.0/osx-64/bioconductor-rtrm-1.18.0-r341_0.tar.bz2",
            "full_name": "bioconda/bioconductor-rtrm/1.18.0/osx-64/bioconductor-rtrm-1.18.0-r341_0.tar.bz2",
            "labels": [
                "main",
                "cf201901"
            ],
            "md5": "d0fd6705a1c30bf81a20af51560d6605",
            "ndownloads": 34,
            "owner": "bioconda",
            "size": 3201266,
            "type": "conda",
            "upload_time": "2018-10-19 17:34:42.718000+00:00",
            "version": "1.18.0"
        },
        {
            "attrs": {
                "arch": "x86_64",
                "build": "r351_0",
                "build_number": 0,
                "depends": [
                    "bioconductor-annotationdbi >=1.42.1,<1.44.0",
                    "r-base >=3.5.1,<3.5.2.0a0",
                    "r-dbi",
                    "r-igraph >=1.0",
                    "r-rsqlite"
                ],
                "has_prefix": false,
                "license": "GPL-3",
                "machine": "x86_64",
                "operatingsystem": "darwin",
                "platform": "osx",
                "subdir": "osx-64",
                "target-triplet": "x86_64-any-darwin",
                "timestamp": 1539970414738
            },
            "basename": "osx-64/bioconductor-rtrm-1.18.0-r351_0.tar.bz2",
            "dependencies": {
                "depends": [
                    {
                        "name": "bioconductor-annotationdbi",
                        "specs": [
                            [
                                ">=",
                                "1.42.1,<1.44.0"
                            ]
                        ]
                    },
                    {
                        "name": "r-base",
                        "specs": [
                            [
                                ">=",
                                "3.5.1,<3.5.2.0a0"
                            ]
                        ]
                    },
                    {
                        "name": "r-dbi",
                        "specs": []
                    },
                    {
                        "name": "r-igraph",
                        "specs": [
                            [
                                ">=",
                                "1.0"
                            ]
                        ]
                    },
                    {
                        "name": "r-rsqlite",
                        "specs": []
                    }
                ]
            },
            "description": null,
            "distribution_type": "conda",
            "download_url": "//api.anaconda.org/download/bioconda/bioconductor-rtrm/1.18.0/osx-64/bioconductor-rtrm-1.18.0-r351_0.tar.bz2",
            "full_name": "bioconda/bioconductor-rtrm/1.18.0/osx-64/bioconductor-rtrm-1.18.0-r351_0.tar.bz2",
            "labels": [
                "main",
                "cf201901"
            ],
            "md5": "c89bbc98ea4015535bba7e7d737c9be8",
            "ndownloads": 1192,
            "owner": "bioconda",
            "size": 3200733,
            "type": "conda",
            "upload_time": "2018-10-19 17:34:38.604000+00:00",
            "version": "1.18.0"
        },
        {
            "attrs": {
                "arch": "x86_64",
                "build": "r341_0",
                "build_number": 0,
                "depends": [
                    "bioconductor-annotationdbi >=1.42.1,<1.44.0",
                    "r-base >=3.4.1,<3.4.2.0a0",
                    "r-dbi",
                    "r-igraph >=1.0",
                    "r-rsqlite"
                ],
                "has_prefix": false,
                "license": "GPL-3",
                "machine": "x86_64",
                "operatingsystem": "linux",
                "platform": "linux",
                "subdir": "linux-64",
                "target-triplet": "x86_64-any-linux",
                "timestamp": 1540172667351
            },
            "basename": "linux-64/bioconductor-rtrm-1.18.0-r341_0.tar.bz2",
            "dependencies": {
                "depends": [
                    {
                        "name": "bioconductor-annotationdbi",
                        "specs": [
                            [
                                ">=",
                                "1.42.1,<1.44.0"
                            ]
                        ]
                    },
                    {
                        "name": "r-base",
                        "specs": [
                            [
                                ">=",
                                "3.4.1,<3.4.2.0a0"
                            ]
                        ]
                    },
                    {
                        "name": "r-dbi",
                        "specs": []
                    },
                    {
                        "name": "r-igraph",
                        "specs": [
                            [
                                ">=",
                                "1.0"
                            ]
                        ]
                    },
                    {
                        "name": "r-rsqlite",
                        "specs": []
                    }
                ]
            },
            "description": null,
            "distribution_type": "conda",
            "download_url": "//api.anaconda.org/download/bioconda/bioconductor-rtrm/1.18.0/linux-64/bioconductor-rtrm-1.18.0-r341_0.tar.bz2",
            "full_name": "bioconda/bioconductor-rtrm/1.18.0/linux-64/bioconductor-rtrm-1.18.0-r341_0.tar.bz2",
            "labels": [
                "main",
                "cf201901"
            ],
            "md5": "144732623d89acc4681d8fb6b97fa05e",
            "ndownloads": 270,
            "owner": "bioconda",
            "size": 3199763,
            "type": "conda",
            "upload_time": "2018-10-22 01:51:14.612000+00:00",
            "version": "1.18.0"
        },
        {
            "attrs": {
                "arch": "x86_64",
                "build": "r351_0",
                "build_number": 0,
                "depends": [
                    "bioconductor-annotationdbi >=1.42.1,<1.44.0",
                    "r-base >=3.5.1,<3.5.2.0a0",
                    "r-dbi",
                    "r-igraph >=1.0",
                    "r-rsqlite"
                ],
                "has_prefix": false,
                "license": "GPL-3",
                "machine": "x86_64",
                "operatingsystem": "linux",
                "platform": "linux",
                "subdir": "linux-64",
                "target-triplet": "x86_64-any-linux",
                "timestamp": 1540172770946
            },
            "basename": "linux-64/bioconductor-rtrm-1.18.0-r351_0.tar.bz2",
            "dependencies": {
                "depends": [
                    {
                        "name": "bioconductor-annotationdbi",
                        "specs": [
                            [
                                ">=",
                                "1.42.1,<1.44.0"
                            ]
                        ]
                    },
                    {
                        "name": "r-base",
                        "specs": [
                            [
                                ">=",
                                "3.5.1,<3.5.2.0a0"
                            ]
                        ]
                    },
                    {
                        "name": "r-dbi",
                        "specs": []
                    },
                    {
                        "name": "r-igraph",
                        "specs": [
                            [
                                ">=",
                                "1.0"
                            ]
                        ]
                    },
                    {
                        "name": "r-rsqlite",
                        "specs": []
                    }
                ]
            },
            "description": null,
            "distribution_type": "conda",
            "download_url": "//api.anaconda.org/download/bioconda/bioconductor-rtrm/1.18.0/linux-64/bioconductor-rtrm-1.18.0-r351_0.tar.bz2",
            "full_name": "bioconda/bioconductor-rtrm/1.18.0/linux-64/bioconductor-rtrm-1.18.0-r351_0.tar.bz2",
            "labels": [
                "main",
                "cf201901"
            ],
            "md5": "c070a4b2a96f1f06497e41dde5b7da3d",
            "ndownloads": 159,
            "owner": "bioconda",
            "size": 3199015,
            "type": "conda",
            "upload_time": "2018-10-22 01:51:10.731000+00:00",
            "version": "1.18.0"
        },
        {
            "attrs": {
                "arch": null,
                "build": "r351_0",
                "build_number": 0,
                "depends": [
                    "bioconductor-annotationdbi >=1.44.0,<1.45.0",
                    "r-base >=3.5.1,<3.5.2.0a0",
                    "r-dbi",
                    "r-igraph >=1.0",
                    "r-rsqlite"
                ],
                "has_prefix": false,
                "license": "GPL-3",
                "machine": null,
                "noarch": "generic",
                "operatingsystem": null,
                "platform": null,
                "subdir": "noarch",
                "target-triplet": "None-any-None",
                "timestamp": 1546021490215
            },
            "basename": "noarch/bioconductor-rtrm-1.20.0-r351_0.tar.bz2",
            "dependencies": {
                "depends": [
                    {
                        "name": "bioconductor-annotationdbi",
                        "specs": [
                            [
                                ">=",
                                "1.44.0,<1.45.0"
                            ]
                        ]
                    },
                    {
                        "name": "r-base",
                        "specs": [
                            [
                                ">=",
                                "3.5.1,<3.5.2.0a0"
                            ]
                        ]
                    },
                    {
                        "name": "r-dbi",
                        "specs": []
                    },
                    {
                        "name": "r-igraph",
                        "specs": [
                            [
                                ">=",
                                "1.0"
                            ]
                        ]
                    },
                    {
                        "name": "r-rsqlite",
                        "specs": []
                    }
                ]
            },
            "description": null,
            "distribution_type": "conda",
            "download_url": "//api.anaconda.org/download/bioconda/bioconductor-rtrm/1.20.0/noarch/bioconductor-rtrm-1.20.0-r351_0.tar.bz2",
            "full_name": "bioconda/bioconductor-rtrm/1.20.0/noarch/bioconductor-rtrm-1.20.0-r351_0.tar.bz2",
            "labels": [
                "gcc7",
                "main"
            ],
            "md5": "489423642bba578b7e1efe35c71237d4",
            "ndownloads": 123,
            "owner": "bioconda",
            "size": 3199301,
            "type": "conda",
            "upload_time": "2018-12-28 18:28:40.174000+00:00",
            "version": "1.20.0"
        },
        {
            "attrs": {
                "arch": null,
                "build": "r36_1",
                "build_number": 1,
                "depends": [
                    "bioconductor-annotationdbi >=1.46.0,<1.47.0",
                    "r-base >=3.6,<3.7.0a0",
                    "r-dbi",
                    "r-igraph >=1.0",
                    "r-rsqlite"
                ],
                "has_prefix": false,
                "license": "GPL-3",
                "machine": null,
                "noarch": "generic",
                "operatingsystem": null,
                "platform": null,
                "subdir": "noarch",
                "target-triplet": "None-any-None",
                "timestamp": 1564978693023
            },
            "basename": "noarch/bioconductor-rtrm-1.22.0-r36_1.tar.bz2",
            "dependencies": {
                "depends": [
                    {
                        "name": "bioconductor-annotationdbi",
                        "specs": [
                            [
                                ">=",
                                "1.46.0,<1.47.0"
                            ]
                        ]
                    },
                    {
                        "name": "r-base",
                        "specs": [
                            [
                                ">=",
                                "3.6,<3.7.0a0"
                            ]
                        ]
                    },
                    {
                        "name": "r-dbi",
                        "specs": []
                    },
                    {
                        "name": "r-igraph",
                        "specs": [
                            [
                                ">=",
                                "1.0"
                            ]
                        ]
                    },
                    {
                        "name": "r-rsqlite",
                        "specs": []
                    }
                ]
            },
            "description": null,
            "distribution_type": "conda",
            "download_url": "//api.anaconda.org/download/bioconda/bioconductor-rtrm/1.22.0/noarch/bioconductor-rtrm-1.22.0-r36_1.tar.bz2",
            "full_name": "bioconda/bioconductor-rtrm/1.22.0/noarch/bioconductor-rtrm-1.22.0-r36_1.tar.bz2",
            "labels": [
                "main"
            ],
            "md5": "440e08dc02e5c20e48a0555f0a7b45f5",
            "ndownloads": 62,
            "owner": "bioconda",
            "size": 3209185,
            "type": "conda",
            "upload_time": "2019-08-05 04:22:21.450000+00:00",
            "version": "1.22.0"
        },
        {
            "attrs": {
                "arch": null,
                "build": "r36_0",
                "build_number": 0,
                "depends": [
                    "bioconductor-annotationdbi >=1.48.0,<1.49.0",
                    "r-base >=3.6,<3.7.0a0",
                    "r-dbi",
                    "r-igraph >=1.0",
                    "r-rsqlite"
                ],
                "has_prefix": false,
                "license": "GPL-3",
                "machine": null,
                "noarch": "generic",
                "operatingsystem": null,
                "platform": null,
                "subdir": "noarch",
                "target-triplet": "None-any-None",
                "timestamp": 1572730919837
            },
            "basename": "noarch/bioconductor-rtrm-1.24.0-r36_0.tar.bz2",
            "dependencies": {
                "depends": [
                    {
                        "name": "bioconductor-annotationdbi",
                        "specs": [
                            [
                                ">=",
                                "1.48.0,<1.49.0"
                            ]
                        ]
                    },
                    {
                        "name": "r-base",
                        "specs": [
                            [
                                ">=",
                                "3.6,<3.7.0a0"
                            ]
                        ]
                    },
                    {
                        "name": "r-dbi",
                        "specs": []
                    },
                    {
                        "name": "r-igraph",
                        "specs": [
                            [
                                ">=",
                                "1.0"
                            ]
                        ]
                    },
                    {
                        "name": "r-rsqlite",
                        "specs": []
                    }
                ]
            },
            "description": null,
            "distribution_type": "conda",
            "download_url": "//api.anaconda.org/download/bioconda/bioconductor-rtrm/1.24.0/noarch/bioconductor-rtrm-1.24.0-r36_0.tar.bz2",
            "full_name": "bioconda/bioconductor-rtrm/1.24.0/noarch/bioconductor-rtrm-1.24.0-r36_0.tar.bz2",
            "labels": [
                "main"
            ],
            "md5": "c9e919f96a34eb1a53d3a62df017eef3",
            "ndownloads": 54,
            "owner": "bioconda",
            "size": 3218660,
            "type": "conda",
            "upload_time": "2019-11-02 21:47:13.684000+00:00",
            "version": "1.24.0"
        },
        {
            "attrs": {
                "arch": null,
                "build": "r40_0",
                "build_number": 0,
                "depends": [
                    "bioconductor-annotationdbi >=1.50.0,<1.51.0",
                    "r-base >=4.0,<4.1.0a0",
                    "r-dbi",
                    "r-igraph >=1.0",
                    "r-rsqlite"
                ],
                "has_prefix": false,
                "license": "GPL-3",
                "machine": null,
                "noarch": "generic",
                "operatingsystem": null,
                "platform": null,
                "subdir": "noarch",
                "target-triplet": "None-any-None",
                "timestamp": 1589095090259
            },
            "basename": "noarch/bioconductor-rtrm-1.26.0-r40_0.tar.bz2",
            "dependencies": {
                "depends": [
                    {
                        "name": "bioconductor-annotationdbi",
                        "specs": [
                            [
                                ">=",
                                "1.50.0,<1.51.0"
                            ]
                        ]
                    },
                    {
                        "name": "r-base",
                        "specs": [
                            [
                                ">=",
                                "4.0,<4.1.0a0"
                            ]
                        ]
                    },
                    {
                        "name": "r-dbi",
                        "specs": []
                    },
                    {
                        "name": "r-igraph",
                        "specs": [
                            [
                                ">=",
                                "1.0"
                            ]
                        ]
                    },
                    {
                        "name": "r-rsqlite",
                        "specs": []
                    }
                ]
            },
            "description": null,
            "distribution_type": "conda",
            "download_url": "//api.anaconda.org/download/bioconda/bioconductor-rtrm/1.26.0/noarch/bioconductor-rtrm-1.26.0-r40_0.tar.bz2",
            "full_name": "bioconda/bioconductor-rtrm/1.26.0/noarch/bioconductor-rtrm-1.26.0-r40_0.tar.bz2",
            "labels": [
                "main"
            ],
            "md5": "3057f26e056e3dfdf2d67e2c59d67457",
            "ndownloads": 25,
            "owner": "bioconda",
            "size": 3207084,
            "type": "conda",
            "upload_time": "2020-05-10 07:22:20.795000+00:00",
            "version": "1.26.0"
        }
    ],
    "full_name": "bioconda/bioconductor-rtrm",
    "home": "http://bioconductor.org/packages/3.5/bioc/html/rTRM.html",
    "html_url": "http://anaconda.org/bioconda/bioconductor-rtrm",
    "id": "599c0536449cc412b7a5cee3",
    "latest_version": "1.26.0",
    "license": "GPL-3",
    "license_url": null,
    "modified_at": "2020-05-10 07:22:21.225000+00:00",
    "name": "bioconductor-rtrm",
    "owner": {
        "company": "",
        "created_at": "2015-09-11 22:59:20.880000+00:00",
        "description": "Bioconda is a distribution of bioinformatics software realized as a channel for the versatile Conda package manager.",
        "location": "",
        "login": "bioconda",
        "name": "bioconda",
        "url": "",
        "user_type": "org"
    },
    "package_types": [
        "conda"
    ],
    "public": true,
    "releases": [
        {
            "distributions": [],
            "full_name": "bioconda/bioconductor-rtrm/1.14.0",
            "version": "1.14.0"
        },
        {
            "distributions": [],
            "full_name": "bioconda/bioconductor-rtrm/1.16.0",
            "version": "1.16.0"
        },
        {
            "distributions": [],
            "full_name": "bioconda/bioconductor-rtrm/1.18.0",
            "version": "1.18.0"
        },
        {
            "distributions": [],
            "full_name": "bioconda/bioconductor-rtrm/1.20.0",
            "version": "1.20.0"
        },
        {
            "distributions": [],
            "full_name": "bioconda/bioconductor-rtrm/1.22.0",
            "version": "1.22.0"
        },
        {
            "distributions": [],
            "full_name": "bioconda/bioconductor-rtrm/1.24.0",
            "version": "1.24.0"
        },
        {
            "distributions": [],
            "full_name": "bioconda/bioconductor-rtrm/1.26.0",
            "version": "1.26.0"
        }
    ],
    "revision": 14,
    "source_git_tag": null,
    "source_git_url": null,
    "summary": "Identification of transcriptional regulatory modules from PPI networks",
    "upvoted": 0,
    "url": "http://api.anaconda.org/packages/bioconda/bioconductor-rtrm",
    "versions": [
        "1.14.0",
        "1.16.0",
        "1.18.0",
        "1.20.0",
        "1.22.0",
        "1.24.0",
        "1.26.0"
    ],
    "watchers": 1
}