{
    "app_entry": {},
    "app_summary": {},
    "app_type": {},
    "builds": [
        "r351_0",
        "r36_3",
        "r36_2"
    ],
    "conda_platforms": [
        "noarch"
    ],
    "created_at": "2018-12-25 00:09:45.089000+00:00",
    "description": "",
    "dev_url": null,
    "doc_url": null,
    "files": [
        {
            "attrs": {
                "arch": null,
                "build": "r351_0",
                "build_number": 0,
                "depends": [
                    "bioconductor-annotationdbi >=1.44.0,<1.45.0",
                    "r-base >=3.5.1,<3.5.2.0a0",
                    "wget"
                ],
                "has_prefix": false,
                "license": "LGPL",
                "machine": null,
                "noarch": "generic",
                "operatingsystem": null,
                "platform": null,
                "subdir": "noarch",
                "target-triplet": "None-any-None",
                "timestamp": 1545696353036
            },
            "basename": "noarch/bioconductor-htmg430aprobe-2.18.0-r351_0.tar.bz2",
            "dependencies": {
                "depends": [
                    {
                        "name": "bioconductor-annotationdbi",
                        "specs": [
                            [
                                ">=",
                                "1.44.0,<1.45.0"
                            ]
                        ]
                    },
                    {
                        "name": "r-base",
                        "specs": [
                            [
                                ">=",
                                "3.5.1,<3.5.2.0a0"
                            ]
                        ]
                    },
                    {
                        "name": "wget",
                        "specs": []
                    }
                ]
            },
            "description": null,
            "distribution_type": "conda",
            "download_url": "//api.anaconda.org/download/bioconda/bioconductor-htmg430aprobe/2.18.0/noarch/bioconductor-htmg430aprobe-2.18.0-r351_0.tar.bz2",
            "full_name": "bioconda/bioconductor-htmg430aprobe/2.18.0/noarch/bioconductor-htmg430aprobe-2.18.0-r351_0.tar.bz2",
            "labels": [
                "gcc7",
                "main"
            ],
            "md5": "f94c0def21fee45bebd5334ae80c555b",
            "ndownloads": 66,
            "owner": "bioconda",
            "size": 6476,
            "type": "conda",
            "upload_time": "2018-12-25 00:09:45.800000+00:00",
            "version": "2.18.0"
        },
        {
            "attrs": {
                "arch": null,
                "build": "r36_2",
                "build_number": 2,
                "depends": [
                    "bioconductor-annotationdbi >=1.46.0,<1.47.0",
                    "curl >=7.65.3,<8.0a0",
                    "r-base >=3.6,<3.7.0a0"
                ],
                "has_prefix": false,
                "license": "LGPL",
                "machine": null,
                "noarch": "generic",
                "operatingsystem": null,
                "platform": null,
                "subdir": "noarch",
                "target-triplet": "None-any-None",
                "timestamp": 1565052104544
            },
            "basename": "noarch/bioconductor-htmg430aprobe-2.18.0-r36_2.tar.bz2",
            "dependencies": {
                "depends": [
                    {
                        "name": "bioconductor-annotationdbi",
                        "specs": [
                            [
                                ">=",
                                "1.46.0,<1.47.0"
                            ]
                        ]
                    },
                    {
                        "name": "curl",
                        "specs": [
                            [
                                ">=",
                                "7.65.3,<8.0a0"
                            ]
                        ]
                    },
                    {
                        "name": "r-base",
                        "specs": [
                            [
                                ">=",
                                "3.6,<3.7.0a0"
                            ]
                        ]
                    }
                ]
            },
            "description": null,
            "distribution_type": "conda",
            "download_url": "//api.anaconda.org/download/bioconda/bioconductor-htmg430aprobe/2.18.0/noarch/bioconductor-htmg430aprobe-2.18.0-r36_2.tar.bz2",
            "full_name": "bioconda/bioconductor-htmg430aprobe/2.18.0/noarch/bioconductor-htmg430aprobe-2.18.0-r36_2.tar.bz2",
            "labels": [
                "main"
            ],
            "md5": "08496b260c7c88d470d18ccb08eff24a",
            "ndownloads": 27,
            "owner": "bioconda",
            "size": 6782,
            "type": "conda",
            "upload_time": "2019-08-06 00:46:59.342000+00:00",
            "version": "2.18.0"
        },
        {
            "attrs": {
                "arch": null,
                "build": "r36_3",
                "build_number": 3,
                "depends": [
                    "bioconductor-annotationdbi >=1.48.0,<1.49.0",
                    "curl >=7.65.3,<8.0a0",
                    "r-base >=3.6,<3.7.0a0"
                ],
                "has_prefix": false,
                "license": "LGPL",
                "machine": null,
                "noarch": "generic",
                "operatingsystem": null,
                "platform": null,
                "subdir": "noarch",
                "target-triplet": "None-any-None",
                "timestamp": 1572777983755
            },
            "basename": "noarch/bioconductor-htmg430aprobe-2.18.0-r36_3.tar.bz2",
            "dependencies": {
                "depends": [
                    {
                        "name": "bioconductor-annotationdbi",
                        "specs": [
                            [
                                ">=",
                                "1.48.0,<1.49.0"
                            ]
                        ]
                    },
                    {
                        "name": "curl",
                        "specs": [
                            [
                                ">=",
                                "7.65.3,<8.0a0"
                            ]
                        ]
                    },
                    {
                        "name": "r-base",
                        "specs": [
                            [
                                ">=",
                                "3.6,<3.7.0a0"
                            ]
                        ]
                    }
                ]
            },
            "description": null,
            "distribution_type": "conda",
            "download_url": "//api.anaconda.org/download/bioconda/bioconductor-htmg430aprobe/2.18.0/noarch/bioconductor-htmg430aprobe-2.18.0-r36_3.tar.bz2",
            "full_name": "bioconda/bioconductor-htmg430aprobe/2.18.0/noarch/bioconductor-htmg430aprobe-2.18.0-r36_3.tar.bz2",
            "labels": [
                "main"
            ],
            "md5": "680de7a94ff073718e89367d9a1ec971",
            "ndownloads": 13,
            "owner": "bioconda",
            "size": 9568,
            "type": "conda",
            "upload_time": "2019-11-03 10:50:39.375000+00:00",
            "version": "2.18.0"
        }
    ],
    "full_name": "bioconda/bioconductor-htmg430aprobe",
    "home": "https://bioconductor.org/packages/3.8/data/annotation/html/htmg430aprobe.html",
    "html_url": "http://anaconda.org/bioconda/bioconductor-htmg430aprobe",
    "id": "5c21754937f33913414fcf06",
    "latest_version": "2.18.0",
    "license": "LGPL",
    "license_url": null,
    "modified_at": "2019-11-03 10:50:39.611000+00:00",
    "name": "bioconductor-htmg430aprobe",
    "owner": {
        "company": "",
        "created_at": "2015-09-11 22:59:20.880000+00:00",
        "description": "Bioconda is a distribution of bioinformatics software realized as a channel for the versatile Conda package manager.",
        "location": "",
        "login": "bioconda",
        "name": "bioconda",
        "url": "",
        "user_type": "org"
    },
    "package_types": [
        "conda"
    ],
    "public": true,
    "releases": [
        {
            "distributions": [],
            "full_name": "bioconda/bioconductor-htmg430aprobe/2.18.0",
            "version": "2.18.0"
        }
    ],
    "revision": 2,
    "source_git_tag": null,
    "source_git_url": null,
    "summary": "This package was automatically created by package AnnotationForge version 1.11.21. The probe sequence data was obtained from http://www.affymetrix.com. The file name was HT\\_MG-430A\\_probe\\_tab.",
    "upvoted": 0,
    "url": "http://api.anaconda.org/packages/bioconda/bioconductor-htmg430aprobe",
    "versions": [
        "2.18.0"
    ],
    "watchers": 1
}