{
    "app_entry": {},
    "app_summary": {},
    "app_type": {},
    "builds": [
        "r351_0",
        "r36_1",
        "r40_0",
        "r36_0"
    ],
    "conda_platforms": [
        "noarch"
    ],
    "created_at": "2018-12-28 15:04:23+00:00",
    "description": "Base annotation databases for rhesus, intended ONLY to be used by AnnotationDbi to produce regular annotation packages.",
    "dev_url": null,
    "doc_url": null,
    "files": [
        {
            "attrs": {
                "arch": null,
                "build": "r351_0",
                "build_number": 0,
                "depends": [
                    "bioconductor-annotationdbi >=1.44.0,<1.45.0",
                    "r-base >=3.5.1,<3.5.2.0a0",
                    "wget"
                ],
                "has_prefix": false,
                "license": "Artistic-2.0",
                "machine": null,
                "noarch": "generic",
                "operatingsystem": null,
                "platform": null,
                "subdir": "noarch",
                "target-triplet": "None-any-None",
                "timestamp": 1546009230673
            },
            "basename": "noarch/bioconductor-rhesus.db0-3.7.1-r351_0.tar.bz2",
            "dependencies": {
                "depends": [
                    {
                        "name": "bioconductor-annotationdbi",
                        "specs": [
                            [
                                ">=",
                                "1.44.0,<1.45.0"
                            ]
                        ]
                    },
                    {
                        "name": "r-base",
                        "specs": [
                            [
                                ">=",
                                "3.5.1,<3.5.2.0a0"
                            ]
                        ]
                    },
                    {
                        "name": "wget",
                        "specs": []
                    }
                ]
            },
            "description": null,
            "distribution_type": "conda",
            "download_url": "//api.anaconda.org/download/bioconda/bioconductor-rhesus.db0/3.7.1/noarch/bioconductor-rhesus.db0-3.7.1-r351_0.tar.bz2",
            "full_name": "bioconda/bioconductor-rhesus.db0/3.7.1/noarch/bioconductor-rhesus.db0-3.7.1-r351_0.tar.bz2",
            "labels": [
                "gcc7",
                "main"
            ],
            "md5": "5494aca2ae644bb5c3bf2c84ca15bb32",
            "ndownloads": 86,
            "owner": "bioconda",
            "size": 6377,
            "type": "conda",
            "upload_time": "2018-12-28 15:04:23.781000+00:00",
            "version": "3.7.1"
        },
        {
            "attrs": {
                "arch": null,
                "build": "r36_1",
                "build_number": 1,
                "depends": [
                    "bioconductor-annotationdbi >=1.46.0,<1.47.0",
                    "curl >=7.65.3,<8.0a0",
                    "r-base >=3.6,<3.7.0a0"
                ],
                "has_prefix": false,
                "license": "Artistic-2.0",
                "machine": null,
                "noarch": "generic",
                "operatingsystem": null,
                "platform": null,
                "subdir": "noarch",
                "target-triplet": "None-any-None",
                "timestamp": 1565249369229
            },
            "basename": "noarch/bioconductor-rhesus.db0-3.8.2-r36_1.tar.bz2",
            "dependencies": {
                "depends": [
                    {
                        "name": "bioconductor-annotationdbi",
                        "specs": [
                            [
                                ">=",
                                "1.46.0,<1.47.0"
                            ]
                        ]
                    },
                    {
                        "name": "curl",
                        "specs": [
                            [
                                ">=",
                                "7.65.3,<8.0a0"
                            ]
                        ]
                    },
                    {
                        "name": "r-base",
                        "specs": [
                            [
                                ">=",
                                "3.6,<3.7.0a0"
                            ]
                        ]
                    }
                ]
            },
            "description": null,
            "distribution_type": "conda",
            "download_url": "//api.anaconda.org/download/bioconda/bioconductor-rhesus.db0/3.8.2/noarch/bioconductor-rhesus.db0-3.8.2-r36_1.tar.bz2",
            "full_name": "bioconda/bioconductor-rhesus.db0/3.8.2/noarch/bioconductor-rhesus.db0-3.8.2-r36_1.tar.bz2",
            "labels": [
                "main"
            ],
            "md5": "186f87d9b07230fb283b9da6131be432",
            "ndownloads": 42,
            "owner": "bioconda",
            "size": 6699,
            "type": "conda",
            "upload_time": "2019-08-08 07:34:52.943000+00:00",
            "version": "3.8.2"
        },
        {
            "attrs": {
                "arch": null,
                "build": "r36_0",
                "build_number": 0,
                "depends": [
                    "bioconductor-annotationdbi >=1.48.0,<1.49.0",
                    "curl >=7.65.3,<8.0a0",
                    "r-base >=3.6,<3.7.0a0"
                ],
                "has_prefix": false,
                "license": "Artistic-2.0",
                "machine": null,
                "noarch": "generic",
                "operatingsystem": null,
                "platform": null,
                "subdir": "noarch",
                "target-triplet": "None-any-None",
                "timestamp": 1572769362390
            },
            "basename": "noarch/bioconductor-rhesus.db0-3.10.0-r36_0.tar.bz2",
            "dependencies": {
                "depends": [
                    {
                        "name": "bioconductor-annotationdbi",
                        "specs": [
                            [
                                ">=",
                                "1.48.0,<1.49.0"
                            ]
                        ]
                    },
                    {
                        "name": "curl",
                        "specs": [
                            [
                                ">=",
                                "7.65.3,<8.0a0"
                            ]
                        ]
                    },
                    {
                        "name": "r-base",
                        "specs": [
                            [
                                ">=",
                                "3.6,<3.7.0a0"
                            ]
                        ]
                    }
                ]
            },
            "description": null,
            "distribution_type": "conda",
            "download_url": "//api.anaconda.org/download/bioconda/bioconductor-rhesus.db0/3.10.0/noarch/bioconductor-rhesus.db0-3.10.0-r36_0.tar.bz2",
            "full_name": "bioconda/bioconductor-rhesus.db0/3.10.0/noarch/bioconductor-rhesus.db0-3.10.0-r36_0.tar.bz2",
            "labels": [
                "main"
            ],
            "md5": "9a31b6424576c0bb722feddb0025b399",
            "ndownloads": 30,
            "owner": "bioconda",
            "size": 6822,
            "type": "conda",
            "upload_time": "2019-11-03 08:26:58.901000+00:00",
            "version": "3.10.0"
        },
        {
            "attrs": {
                "arch": null,
                "build": "r40_0",
                "build_number": 0,
                "depends": [
                    "bioconductor-annotationdbi >=1.50.0,<1.51.0",
                    "curl >=7.69.1,<8.0a0",
                    "r-base >=4.0,<4.1.0a0"
                ],
                "has_prefix": false,
                "license": "Artistic-2.0",
                "machine": null,
                "noarch": "generic",
                "operatingsystem": null,
                "platform": null,
                "subdir": "noarch",
                "target-triplet": "None-any-None",
                "timestamp": 1589102798023
            },
            "basename": "noarch/bioconductor-rhesus.db0-3.11.2-r40_0.tar.bz2",
            "dependencies": {
                "depends": [
                    {
                        "name": "bioconductor-annotationdbi",
                        "specs": [
                            [
                                ">=",
                                "1.50.0,<1.51.0"
                            ]
                        ]
                    },
                    {
                        "name": "curl",
                        "specs": [
                            [
                                ">=",
                                "7.69.1,<8.0a0"
                            ]
                        ]
                    },
                    {
                        "name": "r-base",
                        "specs": [
                            [
                                ">=",
                                "4.0,<4.1.0a0"
                            ]
                        ]
                    }
                ]
            },
            "description": null,
            "distribution_type": "conda",
            "download_url": "//api.anaconda.org/download/bioconda/bioconductor-rhesus.db0/3.11.2/noarch/bioconductor-rhesus.db0-3.11.2-r40_0.tar.bz2",
            "full_name": "bioconda/bioconductor-rhesus.db0/3.11.2/noarch/bioconductor-rhesus.db0-3.11.2-r40_0.tar.bz2",
            "labels": [
                "main"
            ],
            "md5": "4e72d7da570cdd64ba1f6e90f8a79a5e",
            "ndownloads": 15,
            "owner": "bioconda",
            "size": 7151,
            "type": "conda",
            "upload_time": "2020-05-10 09:32:02.306000+00:00",
            "version": "3.11.2"
        }
    ],
    "full_name": "bioconda/bioconductor-rhesus.db0",
    "home": "https://bioconductor.org/packages/3.8/data/annotation/html/rhesus.db0.html",
    "html_url": "http://anaconda.org/bioconda/bioconductor-rhesus.db0",
    "id": "5c263b7737f339133f45e52e",
    "latest_version": "3.11.2",
    "license": "Artistic-2.0",
    "license_url": null,
    "modified_at": "2020-05-10 09:32:02.703000+00:00",
    "name": "bioconductor-rhesus.db0",
    "owner": {
        "company": "",
        "created_at": "2015-09-11 22:59:20.880000+00:00",
        "description": "Bioconda is a distribution of bioinformatics software realized as a channel for the versatile Conda package manager.",
        "location": "",
        "login": "bioconda",
        "name": "bioconda",
        "url": "",
        "user_type": "org"
    },
    "package_types": [
        "conda"
    ],
    "public": true,
    "releases": [
        {
            "distributions": [],
            "full_name": "bioconda/bioconductor-rhesus.db0/3.7.1",
            "version": "3.7.1"
        },
        {
            "distributions": [],
            "full_name": "bioconda/bioconductor-rhesus.db0/3.8.2",
            "version": "3.8.2"
        },
        {
            "distributions": [],
            "full_name": "bioconda/bioconductor-rhesus.db0/3.10.0",
            "version": "3.10.0"
        },
        {
            "distributions": [],
            "full_name": "bioconda/bioconductor-rhesus.db0/3.11.2",
            "version": "3.11.2"
        }
    ],
    "revision": 8,
    "source_git_tag": null,
    "source_git_url": null,
    "summary": "Base Level Annotation databases for rhesus",
    "upvoted": 0,
    "url": "http://api.anaconda.org/packages/bioconda/bioconductor-rhesus.db0",
    "versions": [
        "3.7.1",
        "3.8.2",
        "3.10.0",
        "3.11.2"
    ],
    "watchers": 1
}