{
    "app_entry": {},
    "app_summary": {},
    "app_type": {},
    "builds": [
        "r40_0",
        "r36_1",
        "r36_0",
        "r341_0",
        "r351_0",
        "r3.4.1_0"
    ],
    "conda_platforms": [
        "linux-64",
        "noarch",
        "osx-64"
    ],
    "created_at": "2018-02-16 12:52:55.118000+00:00",
    "description": "MWASTools provides a complete pipeline to perform metabolome-wide association studies. Key functionalities of the package include: quality control analysis of metabonomic data; MWAS using different association models (partial correlations; generalized linear models); model validation using non-parametric bootstrapping; visualization of MWAS results; NMR metabolite identification using STOCSY; and biological interpretation of MWAS results.",
    "dev_url": null,
    "doc_url": null,
    "files": [
        {
            "attrs": {
                "arch": "x86_64",
                "build": "r3.4.1_0",
                "build_number": 0,
                "depends": [
                    "bioconductor-complexheatmap",
                    "bioconductor-kegggraph",
                    "bioconductor-keggrest",
                    "bioconductor-qvalue",
                    "bioconductor-summarizedexperiment",
                    "r-base 3.4.1*",
                    "r-boot",
                    "r-car",
                    "r-ggplot2",
                    "r-glm2",
                    "r-gridextra",
                    "r-igraph",
                    "r-ppcor",
                    "r-rcurl"
                ],
                "has_prefix": false,
                "license": "CC BY-NC-ND 4.0",
                "machine": "x86_64",
                "operatingsystem": "darwin",
                "platform": "osx",
                "subdir": "osx-64",
                "target-triplet": "x86_64-any-darwin"
            },
            "basename": "osx-64/bioconductor-mwastools-1.2.0-r3.4.1_0.tar.bz2",
            "dependencies": {
                "depends": [
                    {
                        "name": "bioconductor-complexheatmap",
                        "specs": []
                    },
                    {
                        "name": "bioconductor-kegggraph",
                        "specs": []
                    },
                    {
                        "name": "bioconductor-keggrest",
                        "specs": []
                    },
                    {
                        "name": "bioconductor-qvalue",
                        "specs": []
                    },
                    {
                        "name": "bioconductor-summarizedexperiment",
                        "specs": []
                    },
                    {
                        "name": "r-base",
                        "specs": [
                            [
                                "==",
                                "3.4.1"
                            ]
                        ]
                    },
                    {
                        "name": "r-boot",
                        "specs": []
                    },
                    {
                        "name": "r-car",
                        "specs": []
                    },
                    {
                        "name": "r-ggplot2",
                        "specs": []
                    },
                    {
                        "name": "r-glm2",
                        "specs": []
                    },
                    {
                        "name": "r-gridextra",
                        "specs": []
                    },
                    {
                        "name": "r-igraph",
                        "specs": []
                    },
                    {
                        "name": "r-ppcor",
                        "specs": []
                    },
                    {
                        "name": "r-rcurl",
                        "specs": []
                    }
                ]
            },
            "description": null,
            "distribution_type": "conda",
            "download_url": "//api.anaconda.org/download/bioconda/bioconductor-mwastools/1.2.0/osx-64/bioconductor-mwastools-1.2.0-r3.4.1_0.tar.bz2",
            "full_name": "bioconda/bioconductor-mwastools/1.2.0/osx-64/bioconductor-mwastools-1.2.0-r3.4.1_0.tar.bz2",
            "labels": [
                "main",
                "cf201901"
            ],
            "md5": "101938a36e6560631935671daca66cc6",
            "ndownloads": 1212,
            "owner": "bioconda",
            "size": 2957326,
            "type": "conda",
            "upload_time": "2018-02-16 16:58:24.259000+00:00",
            "version": "1.2.0"
        },
        {
            "attrs": {
                "arch": "x86_64",
                "build": "r3.4.1_0",
                "build_number": 0,
                "depends": [
                    "bioconductor-complexheatmap",
                    "bioconductor-kegggraph",
                    "bioconductor-keggrest",
                    "bioconductor-qvalue",
                    "bioconductor-summarizedexperiment",
                    "r-base 3.4.1*",
                    "r-boot",
                    "r-car",
                    "r-ggplot2",
                    "r-glm2",
                    "r-gridextra",
                    "r-igraph",
                    "r-ppcor",
                    "r-rcurl"
                ],
                "has_prefix": false,
                "license": "CC BY-NC-ND 4.0",
                "machine": "x86_64",
                "operatingsystem": "linux",
                "platform": "linux",
                "subdir": "linux-64",
                "target-triplet": "x86_64-any-linux"
            },
            "basename": "linux-64/bioconductor-mwastools-1.2.0-r3.4.1_0.tar.bz2",
            "dependencies": {
                "depends": [
                    {
                        "name": "bioconductor-complexheatmap",
                        "specs": []
                    },
                    {
                        "name": "bioconductor-kegggraph",
                        "specs": []
                    },
                    {
                        "name": "bioconductor-keggrest",
                        "specs": []
                    },
                    {
                        "name": "bioconductor-qvalue",
                        "specs": []
                    },
                    {
                        "name": "bioconductor-summarizedexperiment",
                        "specs": []
                    },
                    {
                        "name": "r-base",
                        "specs": [
                            [
                                "==",
                                "3.4.1"
                            ]
                        ]
                    },
                    {
                        "name": "r-boot",
                        "specs": []
                    },
                    {
                        "name": "r-car",
                        "specs": []
                    },
                    {
                        "name": "r-ggplot2",
                        "specs": []
                    },
                    {
                        "name": "r-glm2",
                        "specs": []
                    },
                    {
                        "name": "r-gridextra",
                        "specs": []
                    },
                    {
                        "name": "r-igraph",
                        "specs": []
                    },
                    {
                        "name": "r-ppcor",
                        "specs": []
                    },
                    {
                        "name": "r-rcurl",
                        "specs": []
                    }
                ]
            },
            "description": null,
            "distribution_type": "conda",
            "download_url": "//api.anaconda.org/download/bioconda/bioconductor-mwastools/1.2.0/linux-64/bioconductor-mwastools-1.2.0-r3.4.1_0.tar.bz2",
            "full_name": "bioconda/bioconductor-mwastools/1.2.0/linux-64/bioconductor-mwastools-1.2.0-r3.4.1_0.tar.bz2",
            "labels": [
                "main",
                "cf201901"
            ],
            "md5": "d8d6baef2b17d968401c0846372b5c0a",
            "ndownloads": 326,
            "owner": "bioconda",
            "size": 2956479,
            "type": "conda",
            "upload_time": "2018-02-16 12:52:55.668000+00:00",
            "version": "1.2.0"
        },
        {
            "attrs": {
                "arch": "x86_64",
                "build": "r351_0",
                "build_number": 0,
                "depends": [
                    "bioconductor-complexheatmap >=1.18.1,<1.20.0",
                    "bioconductor-kegggraph >=1.40.0,<1.42.0",
                    "bioconductor-keggrest >=1.20.2,<1.22.0",
                    "bioconductor-qvalue >=2.12.0,<2.14.0",
                    "bioconductor-summarizedexperiment >=1.10.1,<1.12.0",
                    "r-base >=3.5.1,<3.5.2.0a0",
                    "r-boot",
                    "r-car",
                    "r-ggplot2",
                    "r-glm2",
                    "r-gridextra",
                    "r-igraph",
                    "r-ppcor",
                    "r-rcurl"
                ],
                "has_prefix": false,
                "license": "CC BY-NC-ND 4.0",
                "machine": "x86_64",
                "operatingsystem": "linux",
                "platform": "linux",
                "subdir": "linux-64",
                "target-triplet": "x86_64-any-linux",
                "timestamp": 1540035535653
            },
            "basename": "linux-64/bioconductor-mwastools-1.4.0-r351_0.tar.bz2",
            "dependencies": {
                "depends": [
                    {
                        "name": "bioconductor-complexheatmap",
                        "specs": [
                            [
                                ">=",
                                "1.18.1,<1.20.0"
                            ]
                        ]
                    },
                    {
                        "name": "bioconductor-kegggraph",
                        "specs": [
                            [
                                ">=",
                                "1.40.0,<1.42.0"
                            ]
                        ]
                    },
                    {
                        "name": "bioconductor-keggrest",
                        "specs": [
                            [
                                ">=",
                                "1.20.2,<1.22.0"
                            ]
                        ]
                    },
                    {
                        "name": "bioconductor-qvalue",
                        "specs": [
                            [
                                ">=",
                                "2.12.0,<2.14.0"
                            ]
                        ]
                    },
                    {
                        "name": "bioconductor-summarizedexperiment",
                        "specs": [
                            [
                                ">=",
                                "1.10.1,<1.12.0"
                            ]
                        ]
                    },
                    {
                        "name": "r-base",
                        "specs": [
                            [
                                ">=",
                                "3.5.1,<3.5.2.0a0"
                            ]
                        ]
                    },
                    {
                        "name": "r-boot",
                        "specs": []
                    },
                    {
                        "name": "r-car",
                        "specs": []
                    },
                    {
                        "name": "r-ggplot2",
                        "specs": []
                    },
                    {
                        "name": "r-glm2",
                        "specs": []
                    },
                    {
                        "name": "r-gridextra",
                        "specs": []
                    },
                    {
                        "name": "r-igraph",
                        "specs": []
                    },
                    {
                        "name": "r-ppcor",
                        "specs": []
                    },
                    {
                        "name": "r-rcurl",
                        "specs": []
                    }
                ]
            },
            "description": null,
            "distribution_type": "conda",
            "download_url": "//api.anaconda.org/download/bioconda/bioconductor-mwastools/1.4.0/linux-64/bioconductor-mwastools-1.4.0-r351_0.tar.bz2",
            "full_name": "bioconda/bioconductor-mwastools/1.4.0/linux-64/bioconductor-mwastools-1.4.0-r351_0.tar.bz2",
            "labels": [
                "main",
                "cf201901"
            ],
            "md5": "64af98889b9c85bcb977e370f3310bde",
            "ndownloads": 1429,
            "owner": "bioconda",
            "size": 3074979,
            "type": "conda",
            "upload_time": "2018-10-20 11:46:51.253000+00:00",
            "version": "1.4.0"
        },
        {
            "attrs": {
                "arch": "x86_64",
                "build": "r341_0",
                "build_number": 0,
                "depends": [
                    "bioconductor-complexheatmap >=1.18.1,<1.20.0",
                    "bioconductor-kegggraph >=1.40.0,<1.42.0",
                    "bioconductor-keggrest >=1.20.2,<1.22.0",
                    "bioconductor-qvalue >=2.12.0,<2.14.0",
                    "bioconductor-summarizedexperiment >=1.10.1,<1.12.0",
                    "r-base >=3.4.1,<3.4.2.0a0",
                    "r-boot",
                    "r-car",
                    "r-ggplot2",
                    "r-glm2",
                    "r-gridextra",
                    "r-igraph",
                    "r-ppcor",
                    "r-rcurl"
                ],
                "has_prefix": false,
                "license": "CC BY-NC-ND 4.0",
                "machine": "x86_64",
                "operatingsystem": "linux",
                "platform": "linux",
                "subdir": "linux-64",
                "target-triplet": "x86_64-any-linux",
                "timestamp": 1540035343321
            },
            "basename": "linux-64/bioconductor-mwastools-1.4.0-r341_0.tar.bz2",
            "dependencies": {
                "depends": [
                    {
                        "name": "bioconductor-complexheatmap",
                        "specs": [
                            [
                                ">=",
                                "1.18.1,<1.20.0"
                            ]
                        ]
                    },
                    {
                        "name": "bioconductor-kegggraph",
                        "specs": [
                            [
                                ">=",
                                "1.40.0,<1.42.0"
                            ]
                        ]
                    },
                    {
                        "name": "bioconductor-keggrest",
                        "specs": [
                            [
                                ">=",
                                "1.20.2,<1.22.0"
                            ]
                        ]
                    },
                    {
                        "name": "bioconductor-qvalue",
                        "specs": [
                            [
                                ">=",
                                "2.12.0,<2.14.0"
                            ]
                        ]
                    },
                    {
                        "name": "bioconductor-summarizedexperiment",
                        "specs": [
                            [
                                ">=",
                                "1.10.1,<1.12.0"
                            ]
                        ]
                    },
                    {
                        "name": "r-base",
                        "specs": [
                            [
                                ">=",
                                "3.4.1,<3.4.2.0a0"
                            ]
                        ]
                    },
                    {
                        "name": "r-boot",
                        "specs": []
                    },
                    {
                        "name": "r-car",
                        "specs": []
                    },
                    {
                        "name": "r-ggplot2",
                        "specs": []
                    },
                    {
                        "name": "r-glm2",
                        "specs": []
                    },
                    {
                        "name": "r-gridextra",
                        "specs": []
                    },
                    {
                        "name": "r-igraph",
                        "specs": []
                    },
                    {
                        "name": "r-ppcor",
                        "specs": []
                    },
                    {
                        "name": "r-rcurl",
                        "specs": []
                    }
                ]
            },
            "description": null,
            "distribution_type": "conda",
            "download_url": "//api.anaconda.org/download/bioconda/bioconductor-mwastools/1.4.0/linux-64/bioconductor-mwastools-1.4.0-r341_0.tar.bz2",
            "full_name": "bioconda/bioconductor-mwastools/1.4.0/linux-64/bioconductor-mwastools-1.4.0-r341_0.tar.bz2",
            "labels": [
                "main",
                "cf201901"
            ],
            "md5": "e3aa31950746fcc5bbba1794bfd30f44",
            "ndownloads": 141,
            "owner": "bioconda",
            "size": 2966753,
            "type": "conda",
            "upload_time": "2018-10-20 11:46:54.297000+00:00",
            "version": "1.4.0"
        },
        {
            "attrs": {
                "arch": null,
                "build": "r351_0",
                "build_number": 0,
                "depends": [
                    "bioconductor-complexheatmap >=1.20.0,<1.21.0",
                    "bioconductor-kegggraph >=1.42.0,<1.43.0",
                    "bioconductor-keggrest >=1.22.0,<1.23.0",
                    "bioconductor-qvalue >=2.14.0,<2.15.0",
                    "bioconductor-summarizedexperiment >=1.12.0,<1.13.0",
                    "r-base >=3.5.1,<3.5.2.0a0",
                    "r-boot",
                    "r-car",
                    "r-ggplot2",
                    "r-glm2",
                    "r-gridextra",
                    "r-igraph",
                    "r-ppcor",
                    "r-rcurl"
                ],
                "has_prefix": false,
                "license": "CC BY-NC-ND 4.0",
                "machine": null,
                "noarch": "generic",
                "operatingsystem": null,
                "platform": null,
                "subdir": "noarch",
                "target-triplet": "None-any-None",
                "timestamp": 1545286313650
            },
            "basename": "noarch/bioconductor-mwastools-1.6.0-r351_0.tar.bz2",
            "dependencies": {
                "depends": [
                    {
                        "name": "bioconductor-complexheatmap",
                        "specs": [
                            [
                                ">=",
                                "1.20.0,<1.21.0"
                            ]
                        ]
                    },
                    {
                        "name": "bioconductor-kegggraph",
                        "specs": [
                            [
                                ">=",
                                "1.42.0,<1.43.0"
                            ]
                        ]
                    },
                    {
                        "name": "bioconductor-keggrest",
                        "specs": [
                            [
                                ">=",
                                "1.22.0,<1.23.0"
                            ]
                        ]
                    },
                    {
                        "name": "bioconductor-qvalue",
                        "specs": [
                            [
                                ">=",
                                "2.14.0,<2.15.0"
                            ]
                        ]
                    },
                    {
                        "name": "bioconductor-summarizedexperiment",
                        "specs": [
                            [
                                ">=",
                                "1.12.0,<1.13.0"
                            ]
                        ]
                    },
                    {
                        "name": "r-base",
                        "specs": [
                            [
                                ">=",
                                "3.5.1,<3.5.2.0a0"
                            ]
                        ]
                    },
                    {
                        "name": "r-boot",
                        "specs": []
                    },
                    {
                        "name": "r-car",
                        "specs": []
                    },
                    {
                        "name": "r-ggplot2",
                        "specs": []
                    },
                    {
                        "name": "r-glm2",
                        "specs": []
                    },
                    {
                        "name": "r-gridextra",
                        "specs": []
                    },
                    {
                        "name": "r-igraph",
                        "specs": []
                    },
                    {
                        "name": "r-ppcor",
                        "specs": []
                    },
                    {
                        "name": "r-rcurl",
                        "specs": []
                    }
                ]
            },
            "description": null,
            "distribution_type": "conda",
            "download_url": "//api.anaconda.org/download/bioconda/bioconductor-mwastools/1.6.0/noarch/bioconductor-mwastools-1.6.0-r351_0.tar.bz2",
            "full_name": "bioconda/bioconductor-mwastools/1.6.0/noarch/bioconductor-mwastools-1.6.0-r351_0.tar.bz2",
            "labels": [
                "gcc7",
                "main"
            ],
            "md5": "90e1ba4631efddf1087d4643f56645a3",
            "ndownloads": 116,
            "owner": "bioconda",
            "size": 3077054,
            "type": "conda",
            "upload_time": "2018-12-20 06:16:00.131000+00:00",
            "version": "1.6.0"
        },
        {
            "attrs": {
                "arch": null,
                "build": "r36_1",
                "build_number": 1,
                "depends": [
                    "bioconductor-complexheatmap >=2.0.0,<2.1.0",
                    "bioconductor-kegggraph >=1.44.0,<1.45.0",
                    "bioconductor-keggrest >=1.24.0,<1.25.0",
                    "bioconductor-qvalue >=2.16.0,<2.17.0",
                    "bioconductor-summarizedexperiment >=1.14.0,<1.15.0",
                    "r-base >=3.6,<3.7.0a0",
                    "r-boot",
                    "r-car",
                    "r-ggplot2",
                    "r-glm2",
                    "r-gridextra",
                    "r-igraph",
                    "r-ppcor",
                    "r-rcurl"
                ],
                "has_prefix": false,
                "license": "CC BY-NC-ND 4.0",
                "machine": null,
                "noarch": "generic",
                "operatingsystem": null,
                "platform": null,
                "subdir": "noarch",
                "target-triplet": "None-any-None",
                "timestamp": 1564687658212
            },
            "basename": "noarch/bioconductor-mwastools-1.8.0-r36_1.tar.bz2",
            "dependencies": {
                "depends": [
                    {
                        "name": "bioconductor-complexheatmap",
                        "specs": [
                            [
                                ">=",
                                "2.0.0,<2.1.0"
                            ]
                        ]
                    },
                    {
                        "name": "bioconductor-kegggraph",
                        "specs": [
                            [
                                ">=",
                                "1.44.0,<1.45.0"
                            ]
                        ]
                    },
                    {
                        "name": "bioconductor-keggrest",
                        "specs": [
                            [
                                ">=",
                                "1.24.0,<1.25.0"
                            ]
                        ]
                    },
                    {
                        "name": "bioconductor-qvalue",
                        "specs": [
                            [
                                ">=",
                                "2.16.0,<2.17.0"
                            ]
                        ]
                    },
                    {
                        "name": "bioconductor-summarizedexperiment",
                        "specs": [
                            [
                                ">=",
                                "1.14.0,<1.15.0"
                            ]
                        ]
                    },
                    {
                        "name": "r-base",
                        "specs": [
                            [
                                ">=",
                                "3.6,<3.7.0a0"
                            ]
                        ]
                    },
                    {
                        "name": "r-boot",
                        "specs": []
                    },
                    {
                        "name": "r-car",
                        "specs": []
                    },
                    {
                        "name": "r-ggplot2",
                        "specs": []
                    },
                    {
                        "name": "r-glm2",
                        "specs": []
                    },
                    {
                        "name": "r-gridextra",
                        "specs": []
                    },
                    {
                        "name": "r-igraph",
                        "specs": []
                    },
                    {
                        "name": "r-ppcor",
                        "specs": []
                    },
                    {
                        "name": "r-rcurl",
                        "specs": []
                    }
                ]
            },
            "description": null,
            "distribution_type": "conda",
            "download_url": "//api.anaconda.org/download/bioconda/bioconductor-mwastools/1.8.0/noarch/bioconductor-mwastools-1.8.0-r36_1.tar.bz2",
            "full_name": "bioconda/bioconductor-mwastools/1.8.0/noarch/bioconductor-mwastools-1.8.0-r36_1.tar.bz2",
            "labels": [
                "main"
            ],
            "md5": "d7b958f8d5d471736842ad026f0bcf68",
            "ndownloads": 60,
            "owner": "bioconda",
            "size": 3076515,
            "type": "conda",
            "upload_time": "2019-08-01 19:32:56.911000+00:00",
            "version": "1.8.0"
        },
        {
            "attrs": {
                "arch": null,
                "build": "r36_0",
                "build_number": 0,
                "depends": [
                    "bioconductor-complexheatmap >=2.2.0,<2.3.0",
                    "bioconductor-kegggraph >=1.46.0,<1.47.0",
                    "bioconductor-keggrest >=1.26.0,<1.27.0",
                    "bioconductor-qvalue >=2.18.0,<2.19.0",
                    "bioconductor-summarizedexperiment >=1.16.0,<1.17.0",
                    "r-base >=3.6,<3.7.0a0",
                    "r-boot",
                    "r-car",
                    "r-ggplot2",
                    "r-glm2",
                    "r-gridextra",
                    "r-igraph",
                    "r-ppcor",
                    "r-rcurl"
                ],
                "has_prefix": false,
                "license": "CC BY-NC-ND 4.0",
                "machine": null,
                "noarch": "generic",
                "operatingsystem": null,
                "platform": null,
                "subdir": "noarch",
                "target-triplet": "None-any-None",
                "timestamp": 1572704963348
            },
            "basename": "noarch/bioconductor-mwastools-1.10.0-r36_0.tar.bz2",
            "dependencies": {
                "depends": [
                    {
                        "name": "bioconductor-complexheatmap",
                        "specs": [
                            [
                                ">=",
                                "2.2.0,<2.3.0"
                            ]
                        ]
                    },
                    {
                        "name": "bioconductor-kegggraph",
                        "specs": [
                            [
                                ">=",
                                "1.46.0,<1.47.0"
                            ]
                        ]
                    },
                    {
                        "name": "bioconductor-keggrest",
                        "specs": [
                            [
                                ">=",
                                "1.26.0,<1.27.0"
                            ]
                        ]
                    },
                    {
                        "name": "bioconductor-qvalue",
                        "specs": [
                            [
                                ">=",
                                "2.18.0,<2.19.0"
                            ]
                        ]
                    },
                    {
                        "name": "bioconductor-summarizedexperiment",
                        "specs": [
                            [
                                ">=",
                                "1.16.0,<1.17.0"
                            ]
                        ]
                    },
                    {
                        "name": "r-base",
                        "specs": [
                            [
                                ">=",
                                "3.6,<3.7.0a0"
                            ]
                        ]
                    },
                    {
                        "name": "r-boot",
                        "specs": []
                    },
                    {
                        "name": "r-car",
                        "specs": []
                    },
                    {
                        "name": "r-ggplot2",
                        "specs": []
                    },
                    {
                        "name": "r-glm2",
                        "specs": []
                    },
                    {
                        "name": "r-gridextra",
                        "specs": []
                    },
                    {
                        "name": "r-igraph",
                        "specs": []
                    },
                    {
                        "name": "r-ppcor",
                        "specs": []
                    },
                    {
                        "name": "r-rcurl",
                        "specs": []
                    }
                ]
            },
            "description": null,
            "distribution_type": "conda",
            "download_url": "//api.anaconda.org/download/bioconda/bioconductor-mwastools/1.10.0/noarch/bioconductor-mwastools-1.10.0-r36_0.tar.bz2",
            "full_name": "bioconda/bioconductor-mwastools/1.10.0/noarch/bioconductor-mwastools-1.10.0-r36_0.tar.bz2",
            "labels": [
                "main"
            ],
            "md5": "9396046c228d5458e0698743db41f39f",
            "ndownloads": 46,
            "owner": "bioconda",
            "size": 3074889,
            "type": "conda",
            "upload_time": "2019-11-02 14:34:49.744000+00:00",
            "version": "1.10.0"
        },
        {
            "attrs": {
                "arch": null,
                "build": "r40_0",
                "build_number": 0,
                "depends": [
                    "bioconductor-complexheatmap >=2.4.0,<2.5.0",
                    "bioconductor-kegggraph >=1.48.0,<1.49.0",
                    "bioconductor-keggrest >=1.28.0,<1.29.0",
                    "bioconductor-qvalue >=2.20.0,<2.21.0",
                    "bioconductor-summarizedexperiment >=1.18.0,<1.19.0",
                    "r-base >=4.0,<4.1.0a0",
                    "r-boot",
                    "r-car",
                    "r-ggplot2",
                    "r-glm2",
                    "r-gridextra",
                    "r-igraph",
                    "r-ppcor",
                    "r-rcurl"
                ],
                "has_prefix": false,
                "license": "CC BY-NC-ND 4.0",
                "machine": null,
                "noarch": "generic",
                "operatingsystem": null,
                "platform": null,
                "subdir": "noarch",
                "target-triplet": "None-any-None",
                "timestamp": 1589143982068
            },
            "basename": "noarch/bioconductor-mwastools-1.12.0-r40_0.tar.bz2",
            "dependencies": {
                "depends": [
                    {
                        "name": "bioconductor-complexheatmap",
                        "specs": [
                            [
                                ">=",
                                "2.4.0,<2.5.0"
                            ]
                        ]
                    },
                    {
                        "name": "bioconductor-kegggraph",
                        "specs": [
                            [
                                ">=",
                                "1.48.0,<1.49.0"
                            ]
                        ]
                    },
                    {
                        "name": "bioconductor-keggrest",
                        "specs": [
                            [
                                ">=",
                                "1.28.0,<1.29.0"
                            ]
                        ]
                    },
                    {
                        "name": "bioconductor-qvalue",
                        "specs": [
                            [
                                ">=",
                                "2.20.0,<2.21.0"
                            ]
                        ]
                    },
                    {
                        "name": "bioconductor-summarizedexperiment",
                        "specs": [
                            [
                                ">=",
                                "1.18.0,<1.19.0"
                            ]
                        ]
                    },
                    {
                        "name": "r-base",
                        "specs": [
                            [
                                ">=",
                                "4.0,<4.1.0a0"
                            ]
                        ]
                    },
                    {
                        "name": "r-boot",
                        "specs": []
                    },
                    {
                        "name": "r-car",
                        "specs": []
                    },
                    {
                        "name": "r-ggplot2",
                        "specs": []
                    },
                    {
                        "name": "r-glm2",
                        "specs": []
                    },
                    {
                        "name": "r-gridextra",
                        "specs": []
                    },
                    {
                        "name": "r-igraph",
                        "specs": []
                    },
                    {
                        "name": "r-ppcor",
                        "specs": []
                    },
                    {
                        "name": "r-rcurl",
                        "specs": []
                    }
                ]
            },
            "description": null,
            "distribution_type": "conda",
            "download_url": "//api.anaconda.org/download/bioconda/bioconductor-mwastools/1.12.0/noarch/bioconductor-mwastools-1.12.0-r40_0.tar.bz2",
            "full_name": "bioconda/bioconductor-mwastools/1.12.0/noarch/bioconductor-mwastools-1.12.0-r40_0.tar.bz2",
            "labels": [
                "main"
            ],
            "md5": "fe381dbee1616fd9c58c6e37dc0e6543",
            "ndownloads": 23,
            "owner": "bioconda",
            "size": 3074771,
            "type": "conda",
            "upload_time": "2020-05-10 20:58:40.037000+00:00",
            "version": "1.12.0"
        }
    ],
    "full_name": "bioconda/bioconductor-mwastools",
    "home": "http://bioconductor.org/packages/3.6/bioc/html/MWASTools.html",
    "html_url": "http://anaconda.org/bioconda/bioconductor-mwastools",
    "id": "5a86d427d60b3511f8b38e79",
    "latest_version": "1.12.0",
    "license": "CC BY-NC-ND 4.0",
    "license_url": null,
    "modified_at": "2020-05-10 20:58:40.340000+00:00",
    "name": "bioconductor-mwastools",
    "owner": {
        "company": "",
        "created_at": "2015-09-11 22:59:20.880000+00:00",
        "description": "Bioconda is a distribution of bioinformatics software realized as a channel for the versatile Conda package manager.",
        "location": "",
        "login": "bioconda",
        "name": "bioconda",
        "url": "",
        "user_type": "org"
    },
    "package_types": [
        "conda"
    ],
    "public": true,
    "releases": [
        {
            "distributions": [],
            "full_name": "bioconda/bioconductor-mwastools/1.2.0",
            "version": "1.2.0"
        },
        {
            "distributions": [],
            "full_name": "bioconda/bioconductor-mwastools/1.4.0",
            "version": "1.4.0"
        },
        {
            "distributions": [],
            "full_name": "bioconda/bioconductor-mwastools/1.6.0",
            "version": "1.6.0"
        },
        {
            "distributions": [],
            "full_name": "bioconda/bioconductor-mwastools/1.8.0",
            "version": "1.8.0"
        },
        {
            "distributions": [],
            "full_name": "bioconda/bioconductor-mwastools/1.10.0",
            "version": "1.10.0"
        },
        {
            "distributions": [],
            "full_name": "bioconda/bioconductor-mwastools/1.12.0",
            "version": "1.12.0"
        }
    ],
    "revision": 12,
    "source_git_tag": null,
    "source_git_url": null,
    "summary": "MWASTools: an integrated pipeline to perform metabolome-wide association studies",
    "upvoted": 0,
    "url": "http://api.anaconda.org/packages/bioconda/bioconductor-mwastools",
    "versions": [
        "1.2.0",
        "1.4.0",
        "1.6.0",
        "1.8.0",
        "1.10.0",
        "1.12.0"
    ],
    "watchers": 1
}