{
    "app_entry": {},
    "app_summary": {},
    "app_type": {},
    "builds": [
        "r40_0",
        "r36_1",
        "r36_0",
        "r341_0",
        "r3.3.2_0",
        "r351_0",
        "0",
        "r3.4.1_0"
    ],
    "conda_platforms": [
        "linux-64",
        "noarch",
        "osx-64"
    ],
    "created_at": "2017-08-23 18:22:31.528000+00:00",
    "description": "The package calculates the indexes for selective stength in codon usage in bacteria species. (1) The package can calculate the strength of selected codon usage bias (sscu, also named as s_index) based on Paul Sharp's method. The method take into account of background mutation rate, and focus only on four pairs of codons with universal translational advantages in all bacterial species. Thus the sscu index is comparable among different species. (2) The package can detect the strength of translational accuracy selection by Akashi's test. The test tabulating all codons into four categories with the feature as conserved/variable amino acids and optimal/non-optimal codons. (3) Optimal codon lists (selected codons) can be calculated by either op_highly function (by using the highly expressed genes compared with all genes to identify optimal codons), or op_corre_CodonW/op_corre_NCprime function (by correlative method developed by Hershberg & Petrov). Users will have a list of optimal codons for further analysis, such as input to the Akashi's test. (4) The detailed codon usage information, such as RSCU value, number of optimal codons in the highly/all gene set, as well as the genomic gc3 value, can be calculate by the optimal_codon_statistics and genomic_gc3 function. (5) Furthermore, we added one test function low_frequency_op in the package. The function try to find the low frequency optimal codons, among all the optimal codons identified by the op_highly function.",
    "dev_url": null,
    "doc_url": null,
    "files": [
        {
            "attrs": {
                "arch": "x86_64",
                "build": "r3.3.2_0",
                "build_number": 0,
                "depends": [
                    "bioconductor-biocgenerics >=0.16.1",
                    "bioconductor-biostrings >=2.36.4",
                    "r-base 3.3.2*",
                    "r-seqinr >=3.1-3"
                ],
                "has_prefix": false,
                "license": "GPL (>= 2)",
                "machine": "x86_64",
                "operatingsystem": "darwin",
                "platform": "osx",
                "subdir": "osx-64",
                "target-triplet": "x86_64-any-darwin"
            },
            "basename": "osx-64/bioconductor-sscu-2.6.0-r3.3.2_0.tar.bz2",
            "dependencies": {
                "depends": [
                    {
                        "name": "bioconductor-biocgenerics",
                        "specs": [
                            [
                                ">=",
                                "0.16.1"
                            ]
                        ]
                    },
                    {
                        "name": "bioconductor-biostrings",
                        "specs": [
                            [
                                ">=",
                                "2.36.4"
                            ]
                        ]
                    },
                    {
                        "name": "r-base",
                        "specs": [
                            [
                                "==",
                                "3.3.2"
                            ]
                        ]
                    },
                    {
                        "name": "r-seqinr",
                        "specs": [
                            [
                                ">=",
                                "3.1-3"
                            ]
                        ]
                    }
                ]
            },
            "description": null,
            "distribution_type": "conda",
            "download_url": "//api.anaconda.org/download/bioconda/bioconductor-sscu/2.6.0/osx-64/bioconductor-sscu-2.6.0-r3.3.2_0.tar.bz2",
            "full_name": "bioconda/bioconductor-sscu/2.6.0/osx-64/bioconductor-sscu-2.6.0-r3.3.2_0.tar.bz2",
            "labels": [
                "main",
                "cf201901"
            ],
            "md5": "79ca65f799130e9e95d6efca2ac1444d",
            "ndownloads": 29,
            "owner": "bioconda",
            "size": 1314132,
            "type": "conda",
            "upload_time": "2017-08-23 18:22:32.007000+00:00",
            "version": "2.6.0"
        },
        {
            "attrs": {
                "arch": "x86_64",
                "build": "r3.3.2_0",
                "build_number": 0,
                "depends": [
                    "bioconductor-biocgenerics >=0.16.1",
                    "bioconductor-biostrings >=2.36.4",
                    "r-base 3.3.2*",
                    "r-seqinr >=3.1-3"
                ],
                "has_prefix": false,
                "license": "GPL (>= 2)",
                "machine": "x86_64",
                "operatingsystem": "linux",
                "platform": "linux",
                "subdir": "linux-64",
                "target-triplet": "x86_64-any-linux"
            },
            "basename": "linux-64/bioconductor-sscu-2.6.0-r3.3.2_0.tar.bz2",
            "dependencies": {
                "depends": [
                    {
                        "name": "bioconductor-biocgenerics",
                        "specs": [
                            [
                                ">=",
                                "0.16.1"
                            ]
                        ]
                    },
                    {
                        "name": "bioconductor-biostrings",
                        "specs": [
                            [
                                ">=",
                                "2.36.4"
                            ]
                        ]
                    },
                    {
                        "name": "r-base",
                        "specs": [
                            [
                                "==",
                                "3.3.2"
                            ]
                        ]
                    },
                    {
                        "name": "r-seqinr",
                        "specs": [
                            [
                                ">=",
                                "3.1-3"
                            ]
                        ]
                    }
                ]
            },
            "description": null,
            "distribution_type": "conda",
            "download_url": "//api.anaconda.org/download/bioconda/bioconductor-sscu/2.6.0/linux-64/bioconductor-sscu-2.6.0-r3.3.2_0.tar.bz2",
            "full_name": "bioconda/bioconductor-sscu/2.6.0/linux-64/bioconductor-sscu-2.6.0-r3.3.2_0.tar.bz2",
            "labels": [
                "main",
                "cf201901"
            ],
            "md5": "09af3856a52377480bcf27fd5abf177b",
            "ndownloads": 520,
            "owner": "bioconda",
            "size": 1314507,
            "type": "conda",
            "upload_time": "2017-08-23 21:31:40.700000+00:00",
            "version": "2.6.0"
        },
        {
            "attrs": {
                "arch": "x86_64",
                "build": "r3.4.1_0",
                "build_number": 0,
                "depends": [
                    "bioconductor-biocgenerics >=0.16.1",
                    "bioconductor-biostrings >=2.36.4",
                    "r-base 3.4.1*",
                    "r-seqinr >=3.1-3"
                ],
                "has_prefix": false,
                "license": "GPL (>= 2)",
                "machine": "x86_64",
                "operatingsystem": "linux",
                "platform": "linux",
                "subdir": "linux-64",
                "target-triplet": "x86_64-any-linux"
            },
            "basename": "linux-64/bioconductor-sscu-2.6.0-r3.4.1_0.tar.bz2",
            "dependencies": {
                "depends": [
                    {
                        "name": "bioconductor-biocgenerics",
                        "specs": [
                            [
                                ">=",
                                "0.16.1"
                            ]
                        ]
                    },
                    {
                        "name": "bioconductor-biostrings",
                        "specs": [
                            [
                                ">=",
                                "2.36.4"
                            ]
                        ]
                    },
                    {
                        "name": "r-base",
                        "specs": [
                            [
                                "==",
                                "3.4.1"
                            ]
                        ]
                    },
                    {
                        "name": "r-seqinr",
                        "specs": [
                            [
                                ">=",
                                "3.1-3"
                            ]
                        ]
                    }
                ]
            },
            "description": null,
            "distribution_type": "conda",
            "download_url": "//api.anaconda.org/download/bioconda/bioconductor-sscu/2.6.0/linux-64/bioconductor-sscu-2.6.0-r3.4.1_0.tar.bz2",
            "full_name": "bioconda/bioconductor-sscu/2.6.0/linux-64/bioconductor-sscu-2.6.0-r3.4.1_0.tar.bz2",
            "labels": [
                "main",
                "cf201901"
            ],
            "md5": "78ef3bea1daa8e4b884157adb399a59c",
            "ndownloads": 428,
            "owner": "bioconda",
            "size": 1314349,
            "type": "conda",
            "upload_time": "2017-09-20 20:12:00.474000+00:00",
            "version": "2.6.0"
        },
        {
            "attrs": {
                "arch": "x86_64",
                "build": "r3.4.1_0",
                "build_number": 0,
                "depends": [
                    "bioconductor-biocgenerics >=0.16.1",
                    "bioconductor-biostrings >=2.36.4",
                    "r-base 3.4.1*",
                    "r-seqinr >=3.1-3"
                ],
                "has_prefix": false,
                "license": "GPL (>= 2)",
                "machine": "x86_64",
                "operatingsystem": "darwin",
                "platform": "osx",
                "subdir": "osx-64",
                "target-triplet": "x86_64-any-darwin"
            },
            "basename": "osx-64/bioconductor-sscu-2.6.0-r3.4.1_0.tar.bz2",
            "dependencies": {
                "depends": [
                    {
                        "name": "bioconductor-biocgenerics",
                        "specs": [
                            [
                                ">=",
                                "0.16.1"
                            ]
                        ]
                    },
                    {
                        "name": "bioconductor-biostrings",
                        "specs": [
                            [
                                ">=",
                                "2.36.4"
                            ]
                        ]
                    },
                    {
                        "name": "r-base",
                        "specs": [
                            [
                                "==",
                                "3.4.1"
                            ]
                        ]
                    },
                    {
                        "name": "r-seqinr",
                        "specs": [
                            [
                                ">=",
                                "3.1-3"
                            ]
                        ]
                    }
                ]
            },
            "description": null,
            "distribution_type": "conda",
            "download_url": "//api.anaconda.org/download/bioconda/bioconductor-sscu/2.6.0/osx-64/bioconductor-sscu-2.6.0-r3.4.1_0.tar.bz2",
            "full_name": "bioconda/bioconductor-sscu/2.6.0/osx-64/bioconductor-sscu-2.6.0-r3.4.1_0.tar.bz2",
            "labels": [
                "main",
                "cf201901"
            ],
            "md5": "780f3772bcb4e2171f07ef397425ed88",
            "ndownloads": 1215,
            "owner": "bioconda",
            "size": 1314069,
            "type": "conda",
            "upload_time": "2017-09-22 06:43:39.876000+00:00",
            "version": "2.6.0"
        },
        {
            "attrs": {
                "arch": "x86_64",
                "build": "0",
                "build_number": 0,
                "depends": [
                    "bioconductor-biocgenerics >=0.16.1",
                    "bioconductor-biostrings >=2.36.4",
                    "r-base >=3.3",
                    "r-seqinr >=3.1-3"
                ],
                "has_prefix": false,
                "license": "GPL (>= 2)",
                "machine": "x86_64",
                "operatingsystem": "darwin",
                "platform": "osx",
                "subdir": "osx-64",
                "target-triplet": "x86_64-any-darwin"
            },
            "basename": "osx-64/bioconductor-sscu-2.6.0-0.tar.bz2",
            "dependencies": {
                "depends": [
                    {
                        "name": "bioconductor-biocgenerics",
                        "specs": [
                            [
                                ">=",
                                "0.16.1"
                            ]
                        ]
                    },
                    {
                        "name": "bioconductor-biostrings",
                        "specs": [
                            [
                                ">=",
                                "2.36.4"
                            ]
                        ]
                    },
                    {
                        "name": "r-base",
                        "specs": [
                            [
                                ">=",
                                "3.3"
                            ]
                        ]
                    },
                    {
                        "name": "r-seqinr",
                        "specs": [
                            [
                                ">=",
                                "3.1-3"
                            ]
                        ]
                    }
                ]
            },
            "description": null,
            "distribution_type": "conda",
            "download_url": "//api.anaconda.org/download/bioconda/bioconductor-sscu/2.6.0/osx-64/bioconductor-sscu-2.6.0-0.tar.bz2",
            "full_name": "bioconda/bioconductor-sscu/2.6.0/osx-64/bioconductor-sscu-2.6.0-0.tar.bz2",
            "labels": [
                "main",
                "cf201901"
            ],
            "md5": "9e9f92cffda823ace9eb8409d7de6d55",
            "ndownloads": 31,
            "owner": "bioconda",
            "size": 1314378,
            "type": "conda",
            "upload_time": "2017-10-16 02:41:00.655000+00:00",
            "version": "2.6.0"
        },
        {
            "attrs": {
                "arch": "x86_64",
                "build": "0",
                "build_number": 0,
                "depends": [
                    "bioconductor-biocgenerics >=0.16.1",
                    "bioconductor-biostrings >=2.36.4",
                    "r-base >=3.3",
                    "r-seqinr >=3.1-3"
                ],
                "has_prefix": false,
                "license": "GPL (>= 2)",
                "machine": "x86_64",
                "operatingsystem": "linux",
                "platform": "linux",
                "subdir": "linux-64",
                "target-triplet": "x86_64-any-linux"
            },
            "basename": "linux-64/bioconductor-sscu-2.6.0-0.tar.bz2",
            "dependencies": {
                "depends": [
                    {
                        "name": "bioconductor-biocgenerics",
                        "specs": [
                            [
                                ">=",
                                "0.16.1"
                            ]
                        ]
                    },
                    {
                        "name": "bioconductor-biostrings",
                        "specs": [
                            [
                                ">=",
                                "2.36.4"
                            ]
                        ]
                    },
                    {
                        "name": "r-base",
                        "specs": [
                            [
                                ">=",
                                "3.3"
                            ]
                        ]
                    },
                    {
                        "name": "r-seqinr",
                        "specs": [
                            [
                                ">=",
                                "3.1-3"
                            ]
                        ]
                    }
                ]
            },
            "description": null,
            "distribution_type": "conda",
            "download_url": "//api.anaconda.org/download/bioconda/bioconductor-sscu/2.6.0/linux-64/bioconductor-sscu-2.6.0-0.tar.bz2",
            "full_name": "bioconda/bioconductor-sscu/2.6.0/linux-64/bioconductor-sscu-2.6.0-0.tar.bz2",
            "labels": [
                "main",
                "cf201901"
            ],
            "md5": "2b64af3c72443352142cd3be3a86ff98",
            "ndownloads": 395,
            "owner": "bioconda",
            "size": 1315016,
            "type": "conda",
            "upload_time": "2017-10-18 21:31:12.085000+00:00",
            "version": "2.6.0"
        },
        {
            "attrs": {
                "arch": "x86_64",
                "build": "r3.4.1_0",
                "build_number": 0,
                "depends": [
                    "bioconductor-biocgenerics >=0.16.1",
                    "bioconductor-biostrings >=2.36.4",
                    "r-base 3.4.1*",
                    "r-seqinr >=3.1-3"
                ],
                "has_prefix": false,
                "license": "GPL (>= 2)",
                "machine": "x86_64",
                "operatingsystem": "linux",
                "platform": "linux",
                "subdir": "linux-64",
                "target-triplet": "x86_64-any-linux"
            },
            "basename": "linux-64/bioconductor-sscu-2.8.0-r3.4.1_0.tar.bz2",
            "dependencies": {
                "depends": [
                    {
                        "name": "bioconductor-biocgenerics",
                        "specs": [
                            [
                                ">=",
                                "0.16.1"
                            ]
                        ]
                    },
                    {
                        "name": "bioconductor-biostrings",
                        "specs": [
                            [
                                ">=",
                                "2.36.4"
                            ]
                        ]
                    },
                    {
                        "name": "r-base",
                        "specs": [
                            [
                                "==",
                                "3.4.1"
                            ]
                        ]
                    },
                    {
                        "name": "r-seqinr",
                        "specs": [
                            [
                                ">=",
                                "3.1-3"
                            ]
                        ]
                    }
                ]
            },
            "description": null,
            "distribution_type": "conda",
            "download_url": "//api.anaconda.org/download/bioconda/bioconductor-sscu/2.8.0/linux-64/bioconductor-sscu-2.8.0-r3.4.1_0.tar.bz2",
            "full_name": "bioconda/bioconductor-sscu/2.8.0/linux-64/bioconductor-sscu-2.8.0-r3.4.1_0.tar.bz2",
            "labels": [
                "main",
                "cf201901"
            ],
            "md5": "22464e733e4f2a552cc9d29c98dffe50",
            "ndownloads": 577,
            "owner": "bioconda",
            "size": 1315290,
            "type": "conda",
            "upload_time": "2017-11-06 22:47:36.253000+00:00",
            "version": "2.8.0"
        },
        {
            "attrs": {
                "arch": "x86_64",
                "build": "r3.4.1_0",
                "build_number": 0,
                "depends": [
                    "bioconductor-biocgenerics >=0.16.1",
                    "bioconductor-biostrings >=2.36.4",
                    "r-base 3.4.1*",
                    "r-seqinr >=3.1-3"
                ],
                "has_prefix": false,
                "license": "GPL (>= 2)",
                "machine": "x86_64",
                "operatingsystem": "darwin",
                "platform": "osx",
                "subdir": "osx-64",
                "target-triplet": "x86_64-any-darwin"
            },
            "basename": "osx-64/bioconductor-sscu-2.8.0-r3.4.1_0.tar.bz2",
            "dependencies": {
                "depends": [
                    {
                        "name": "bioconductor-biocgenerics",
                        "specs": [
                            [
                                ">=",
                                "0.16.1"
                            ]
                        ]
                    },
                    {
                        "name": "bioconductor-biostrings",
                        "specs": [
                            [
                                ">=",
                                "2.36.4"
                            ]
                        ]
                    },
                    {
                        "name": "r-base",
                        "specs": [
                            [
                                "==",
                                "3.4.1"
                            ]
                        ]
                    },
                    {
                        "name": "r-seqinr",
                        "specs": [
                            [
                                ">=",
                                "3.1-3"
                            ]
                        ]
                    }
                ]
            },
            "description": null,
            "distribution_type": "conda",
            "download_url": "//api.anaconda.org/download/bioconda/bioconductor-sscu/2.8.0/osx-64/bioconductor-sscu-2.8.0-r3.4.1_0.tar.bz2",
            "full_name": "bioconda/bioconductor-sscu/2.8.0/osx-64/bioconductor-sscu-2.8.0-r3.4.1_0.tar.bz2",
            "labels": [
                "main",
                "cf201901"
            ],
            "md5": "49352f4ea7ef2c1fcbd3b9bb2c558248",
            "ndownloads": 1222,
            "owner": "bioconda",
            "size": 1314458,
            "type": "conda",
            "upload_time": "2017-11-07 16:55:48.516000+00:00",
            "version": "2.8.0"
        },
        {
            "attrs": {
                "arch": "x86_64",
                "build": "r351_0",
                "build_number": 0,
                "depends": [
                    "bioconductor-biocgenerics >=0.26.0,<0.28.0",
                    "bioconductor-biostrings >=2.48.0,<2.50.0",
                    "r-base >=3.5.1,<3.5.2.0a0",
                    "r-seqinr >=3.1-3"
                ],
                "has_prefix": false,
                "license": "GPL (>= 2)",
                "machine": "x86_64",
                "operatingsystem": "linux",
                "platform": "linux",
                "subdir": "linux-64",
                "target-triplet": "x86_64-any-linux",
                "timestamp": 1539434865771
            },
            "basename": "linux-64/bioconductor-sscu-2.10.0-r351_0.tar.bz2",
            "dependencies": {
                "depends": [
                    {
                        "name": "bioconductor-biocgenerics",
                        "specs": [
                            [
                                ">=",
                                "0.26.0,<0.28.0"
                            ]
                        ]
                    },
                    {
                        "name": "bioconductor-biostrings",
                        "specs": [
                            [
                                ">=",
                                "2.48.0,<2.50.0"
                            ]
                        ]
                    },
                    {
                        "name": "r-base",
                        "specs": [
                            [
                                ">=",
                                "3.5.1,<3.5.2.0a0"
                            ]
                        ]
                    },
                    {
                        "name": "r-seqinr",
                        "specs": [
                            [
                                ">=",
                                "3.1-3"
                            ]
                        ]
                    }
                ]
            },
            "description": null,
            "distribution_type": "conda",
            "download_url": "//api.anaconda.org/download/bioconda/bioconductor-sscu/2.10.0/linux-64/bioconductor-sscu-2.10.0-r351_0.tar.bz2",
            "full_name": "bioconda/bioconductor-sscu/2.10.0/linux-64/bioconductor-sscu-2.10.0-r351_0.tar.bz2",
            "labels": [
                "main",
                "cf201901"
            ],
            "md5": "fbe452ae560baf511d07f2172895a3c9",
            "ndownloads": 240,
            "owner": "bioconda",
            "size": 1333835,
            "type": "conda",
            "upload_time": "2018-10-13 12:54:01.562000+00:00",
            "version": "2.10.0"
        },
        {
            "attrs": {
                "arch": "x86_64",
                "build": "r351_0",
                "build_number": 0,
                "depends": [
                    "bioconductor-biocgenerics >=0.26.0,<0.28.0",
                    "bioconductor-biostrings >=2.48.0,<2.50.0",
                    "r-base >=3.5.1,<3.5.2.0a0",
                    "r-seqinr >=3.1-3"
                ],
                "has_prefix": false,
                "license": "GPL (>= 2)",
                "machine": "x86_64",
                "operatingsystem": "darwin",
                "platform": "osx",
                "subdir": "osx-64",
                "target-triplet": "x86_64-any-darwin",
                "timestamp": 1539420307838
            },
            "basename": "osx-64/bioconductor-sscu-2.10.0-r351_0.tar.bz2",
            "dependencies": {
                "depends": [
                    {
                        "name": "bioconductor-biocgenerics",
                        "specs": [
                            [
                                ">=",
                                "0.26.0,<0.28.0"
                            ]
                        ]
                    },
                    {
                        "name": "bioconductor-biostrings",
                        "specs": [
                            [
                                ">=",
                                "2.48.0,<2.50.0"
                            ]
                        ]
                    },
                    {
                        "name": "r-base",
                        "specs": [
                            [
                                ">=",
                                "3.5.1,<3.5.2.0a0"
                            ]
                        ]
                    },
                    {
                        "name": "r-seqinr",
                        "specs": [
                            [
                                ">=",
                                "3.1-3"
                            ]
                        ]
                    }
                ]
            },
            "description": null,
            "distribution_type": "conda",
            "download_url": "//api.anaconda.org/download/bioconda/bioconductor-sscu/2.10.0/osx-64/bioconductor-sscu-2.10.0-r351_0.tar.bz2",
            "full_name": "bioconda/bioconductor-sscu/2.10.0/osx-64/bioconductor-sscu-2.10.0-r351_0.tar.bz2",
            "labels": [
                "main",
                "cf201901"
            ],
            "md5": "3a4837c1de770d0110bbab7bff01926f",
            "ndownloads": 1064,
            "owner": "bioconda",
            "size": 1335203,
            "type": "conda",
            "upload_time": "2018-10-13 08:45:47.183000+00:00",
            "version": "2.10.0"
        },
        {
            "attrs": {
                "arch": "x86_64",
                "build": "r341_0",
                "build_number": 0,
                "depends": [
                    "bioconductor-biocgenerics >=0.26.0,<0.28.0",
                    "bioconductor-biostrings >=2.48.0,<2.50.0",
                    "r-base >=3.4.1,<3.4.2.0a0",
                    "r-seqinr >=3.1-3"
                ],
                "has_prefix": false,
                "license": "GPL (>= 2)",
                "machine": "x86_64",
                "operatingsystem": "linux",
                "platform": "linux",
                "subdir": "linux-64",
                "target-triplet": "x86_64-any-linux",
                "timestamp": 1539434951271
            },
            "basename": "linux-64/bioconductor-sscu-2.10.0-r341_0.tar.bz2",
            "dependencies": {
                "depends": [
                    {
                        "name": "bioconductor-biocgenerics",
                        "specs": [
                            [
                                ">=",
                                "0.26.0,<0.28.0"
                            ]
                        ]
                    },
                    {
                        "name": "bioconductor-biostrings",
                        "specs": [
                            [
                                ">=",
                                "2.48.0,<2.50.0"
                            ]
                        ]
                    },
                    {
                        "name": "r-base",
                        "specs": [
                            [
                                ">=",
                                "3.4.1,<3.4.2.0a0"
                            ]
                        ]
                    },
                    {
                        "name": "r-seqinr",
                        "specs": [
                            [
                                ">=",
                                "3.1-3"
                            ]
                        ]
                    }
                ]
            },
            "description": null,
            "distribution_type": "conda",
            "download_url": "//api.anaconda.org/download/bioconda/bioconductor-sscu/2.10.0/linux-64/bioconductor-sscu-2.10.0-r341_0.tar.bz2",
            "full_name": "bioconda/bioconductor-sscu/2.10.0/linux-64/bioconductor-sscu-2.10.0-r341_0.tar.bz2",
            "labels": [
                "main",
                "cf201901"
            ],
            "md5": "b3803514d6d876cbf58043f1b4a27bda",
            "ndownloads": 126,
            "owner": "bioconda",
            "size": 1316639,
            "type": "conda",
            "upload_time": "2018-10-13 12:53:58.358000+00:00",
            "version": "2.10.0"
        },
        {
            "attrs": {
                "arch": "x86_64",
                "build": "r341_0",
                "build_number": 0,
                "depends": [
                    "bioconductor-biocgenerics >=0.26.0,<0.28.0",
                    "bioconductor-biostrings >=2.48.0,<2.50.0",
                    "r-base >=3.4.1,<3.4.2.0a0",
                    "r-seqinr >=3.1-3"
                ],
                "has_prefix": false,
                "license": "GPL (>= 2)",
                "machine": "x86_64",
                "operatingsystem": "darwin",
                "platform": "osx",
                "subdir": "osx-64",
                "target-triplet": "x86_64-any-darwin",
                "timestamp": 1539420222008
            },
            "basename": "osx-64/bioconductor-sscu-2.10.0-r341_0.tar.bz2",
            "dependencies": {
                "depends": [
                    {
                        "name": "bioconductor-biocgenerics",
                        "specs": [
                            [
                                ">=",
                                "0.26.0,<0.28.0"
                            ]
                        ]
                    },
                    {
                        "name": "bioconductor-biostrings",
                        "specs": [
                            [
                                ">=",
                                "2.48.0,<2.50.0"
                            ]
                        ]
                    },
                    {
                        "name": "r-base",
                        "specs": [
                            [
                                ">=",
                                "3.4.1,<3.4.2.0a0"
                            ]
                        ]
                    },
                    {
                        "name": "r-seqinr",
                        "specs": [
                            [
                                ">=",
                                "3.1-3"
                            ]
                        ]
                    }
                ]
            },
            "description": null,
            "distribution_type": "conda",
            "download_url": "//api.anaconda.org/download/bioconda/bioconductor-sscu/2.10.0/osx-64/bioconductor-sscu-2.10.0-r341_0.tar.bz2",
            "full_name": "bioconda/bioconductor-sscu/2.10.0/osx-64/bioconductor-sscu-2.10.0-r341_0.tar.bz2",
            "labels": [
                "main",
                "cf201901"
            ],
            "md5": "fb8928722ef72b9afeb5c4218df01513",
            "ndownloads": 149,
            "owner": "bioconda",
            "size": 1316164,
            "type": "conda",
            "upload_time": "2018-10-13 08:45:55.305000+00:00",
            "version": "2.10.0"
        },
        {
            "attrs": {
                "arch": null,
                "build": "r351_0",
                "build_number": 0,
                "depends": [
                    "bioconductor-biocgenerics >=0.28.0,<0.29.0",
                    "bioconductor-biostrings >=2.50.0,<2.51.0",
                    "r-base >=3.5.1,<3.5.2.0a0",
                    "r-seqinr >=3.1-3"
                ],
                "has_prefix": false,
                "license": "GPL (>= 2)",
                "machine": null,
                "noarch": "generic",
                "operatingsystem": null,
                "platform": null,
                "subdir": "noarch",
                "target-triplet": "None-any-None",
                "timestamp": 1544588320983
            },
            "basename": "noarch/bioconductor-sscu-2.12.0-r351_0.tar.bz2",
            "dependencies": {
                "depends": [
                    {
                        "name": "bioconductor-biocgenerics",
                        "specs": [
                            [
                                ">=",
                                "0.28.0,<0.29.0"
                            ]
                        ]
                    },
                    {
                        "name": "bioconductor-biostrings",
                        "specs": [
                            [
                                ">=",
                                "2.50.0,<2.51.0"
                            ]
                        ]
                    },
                    {
                        "name": "r-base",
                        "specs": [
                            [
                                ">=",
                                "3.5.1,<3.5.2.0a0"
                            ]
                        ]
                    },
                    {
                        "name": "r-seqinr",
                        "specs": [
                            [
                                ">=",
                                "3.1-3"
                            ]
                        ]
                    }
                ]
            },
            "description": null,
            "distribution_type": "conda",
            "download_url": "//api.anaconda.org/download/bioconda/bioconductor-sscu/2.12.0/noarch/bioconductor-sscu-2.12.0-r351_0.tar.bz2",
            "full_name": "bioconda/bioconductor-sscu/2.12.0/noarch/bioconductor-sscu-2.12.0-r351_0.tar.bz2",
            "labels": [
                "gcc7",
                "main"
            ],
            "md5": "6ebded65f0e3d4ba7668477c03ee685b",
            "ndownloads": 100,
            "owner": "bioconda",
            "size": 1335973,
            "type": "conda",
            "upload_time": "2018-12-12 04:22:23.380000+00:00",
            "version": "2.12.0"
        },
        {
            "attrs": {
                "arch": null,
                "build": "r36_1",
                "build_number": 1,
                "depends": [
                    "bioconductor-biocgenerics >=0.30.0,<0.31.0",
                    "bioconductor-biostrings >=2.52.0,<2.53.0",
                    "r-base >=3.6,<3.7.0a0",
                    "r-seqinr >=3.1-3"
                ],
                "has_prefix": false,
                "license": "GPL (>= 2)",
                "machine": null,
                "noarch": "generic",
                "operatingsystem": null,
                "platform": null,
                "subdir": "noarch",
                "target-triplet": "None-any-None",
                "timestamp": 1563979638325
            },
            "basename": "noarch/bioconductor-sscu-2.14.0-r36_1.tar.bz2",
            "dependencies": {
                "depends": [
                    {
                        "name": "bioconductor-biocgenerics",
                        "specs": [
                            [
                                ">=",
                                "0.30.0,<0.31.0"
                            ]
                        ]
                    },
                    {
                        "name": "bioconductor-biostrings",
                        "specs": [
                            [
                                ">=",
                                "2.52.0,<2.53.0"
                            ]
                        ]
                    },
                    {
                        "name": "r-base",
                        "specs": [
                            [
                                ">=",
                                "3.6,<3.7.0a0"
                            ]
                        ]
                    },
                    {
                        "name": "r-seqinr",
                        "specs": [
                            [
                                ">=",
                                "3.1-3"
                            ]
                        ]
                    }
                ]
            },
            "description": null,
            "distribution_type": "conda",
            "download_url": "//api.anaconda.org/download/bioconda/bioconductor-sscu/2.14.0/noarch/bioconductor-sscu-2.14.0-r36_1.tar.bz2",
            "full_name": "bioconda/bioconductor-sscu/2.14.0/noarch/bioconductor-sscu-2.14.0-r36_1.tar.bz2",
            "labels": [
                "main"
            ],
            "md5": "7d2901c7411d0a52538aba22305a3494",
            "ndownloads": 53,
            "owner": "bioconda",
            "size": 1333680,
            "type": "conda",
            "upload_time": "2019-07-24 14:51:17.872000+00:00",
            "version": "2.14.0"
        },
        {
            "attrs": {
                "arch": null,
                "build": "r36_0",
                "build_number": 0,
                "depends": [
                    "bioconductor-biocgenerics >=0.32.0,<0.33.0",
                    "bioconductor-biostrings >=2.54.0,<2.55.0",
                    "r-base >=3.6,<3.7.0a0",
                    "r-seqinr >=3.1-3"
                ],
                "has_prefix": false,
                "license": "GPL (>= 2)",
                "machine": null,
                "noarch": "generic",
                "operatingsystem": null,
                "platform": null,
                "subdir": "noarch",
                "target-triplet": "None-any-None",
                "timestamp": 1572705621491
            },
            "basename": "noarch/bioconductor-sscu-2.16.0-r36_0.tar.bz2",
            "dependencies": {
                "depends": [
                    {
                        "name": "bioconductor-biocgenerics",
                        "specs": [
                            [
                                ">=",
                                "0.32.0,<0.33.0"
                            ]
                        ]
                    },
                    {
                        "name": "bioconductor-biostrings",
                        "specs": [
                            [
                                ">=",
                                "2.54.0,<2.55.0"
                            ]
                        ]
                    },
                    {
                        "name": "r-base",
                        "specs": [
                            [
                                ">=",
                                "3.6,<3.7.0a0"
                            ]
                        ]
                    },
                    {
                        "name": "r-seqinr",
                        "specs": [
                            [
                                ">=",
                                "3.1-3"
                            ]
                        ]
                    }
                ]
            },
            "description": null,
            "distribution_type": "conda",
            "download_url": "//api.anaconda.org/download/bioconda/bioconductor-sscu/2.16.0/noarch/bioconductor-sscu-2.16.0-r36_0.tar.bz2",
            "full_name": "bioconda/bioconductor-sscu/2.16.0/noarch/bioconductor-sscu-2.16.0-r36_0.tar.bz2",
            "labels": [
                "main"
            ],
            "md5": "969975b591748b77ed23901f98c96d33",
            "ndownloads": 40,
            "owner": "bioconda",
            "size": 1346815,
            "type": "conda",
            "upload_time": "2019-11-02 14:44:31.352000+00:00",
            "version": "2.16.0"
        },
        {
            "attrs": {
                "arch": null,
                "build": "r40_0",
                "build_number": 0,
                "depends": [
                    "bioconductor-biocgenerics >=0.34.0,<0.35.0",
                    "bioconductor-biostrings >=2.56.0,<2.57.0",
                    "r-base >=4.0,<4.1.0a0",
                    "r-seqinr >=3.1-3"
                ],
                "has_prefix": false,
                "license": "GPL (>= 2)",
                "machine": null,
                "noarch": "generic",
                "operatingsystem": null,
                "platform": null,
                "subdir": "noarch",
                "target-triplet": "None-any-None",
                "timestamp": 1589115261414
            },
            "basename": "noarch/bioconductor-sscu-2.18.0-r40_0.tar.bz2",
            "dependencies": {
                "depends": [
                    {
                        "name": "bioconductor-biocgenerics",
                        "specs": [
                            [
                                ">=",
                                "0.34.0,<0.35.0"
                            ]
                        ]
                    },
                    {
                        "name": "bioconductor-biostrings",
                        "specs": [
                            [
                                ">=",
                                "2.56.0,<2.57.0"
                            ]
                        ]
                    },
                    {
                        "name": "r-base",
                        "specs": [
                            [
                                ">=",
                                "4.0,<4.1.0a0"
                            ]
                        ]
                    },
                    {
                        "name": "r-seqinr",
                        "specs": [
                            [
                                ">=",
                                "3.1-3"
                            ]
                        ]
                    }
                ]
            },
            "description": null,
            "distribution_type": "conda",
            "download_url": "//api.anaconda.org/download/bioconda/bioconductor-sscu/2.18.0/noarch/bioconductor-sscu-2.18.0-r40_0.tar.bz2",
            "full_name": "bioconda/bioconductor-sscu/2.18.0/noarch/bioconductor-sscu-2.18.0-r40_0.tar.bz2",
            "labels": [
                "main"
            ],
            "md5": "a5416115fd8e7d6c39e05c0a63d0c060",
            "ndownloads": 21,
            "owner": "bioconda",
            "size": 1344864,
            "type": "conda",
            "upload_time": "2020-05-10 12:59:42.062000+00:00",
            "version": "2.18.0"
        }
    ],
    "full_name": "bioconda/bioconductor-sscu",
    "home": "http://bioconductor.org/packages/3.5/bioc/html/sscu.html",
    "html_url": "http://anaconda.org/bioconda/bioconductor-sscu",
    "id": "599dc7e7c7d29212d5775818",
    "latest_version": "2.18.0",
    "license": "GPL (>= 2)",
    "license_url": null,
    "modified_at": "2020-05-10 12:59:42.334000+00:00",
    "name": "bioconductor-sscu",
    "owner": {
        "company": "",
        "created_at": "2015-09-11 22:59:20.880000+00:00",
        "description": "Bioconda is a distribution of bioinformatics software realized as a channel for the versatile Conda package manager.",
        "location": "",
        "login": "bioconda",
        "name": "bioconda",
        "url": "",
        "user_type": "org"
    },
    "package_types": [
        "conda"
    ],
    "public": true,
    "releases": [
        {
            "distributions": [],
            "full_name": "bioconda/bioconductor-sscu/2.6.0",
            "version": "2.6.0"
        },
        {
            "distributions": [],
            "full_name": "bioconda/bioconductor-sscu/2.8.0",
            "version": "2.8.0"
        },
        {
            "distributions": [],
            "full_name": "bioconda/bioconductor-sscu/2.10.0",
            "version": "2.10.0"
        },
        {
            "distributions": [],
            "full_name": "bioconda/bioconductor-sscu/2.12.0",
            "version": "2.12.0"
        },
        {
            "distributions": [],
            "full_name": "bioconda/bioconductor-sscu/2.14.0",
            "version": "2.14.0"
        },
        {
            "distributions": [],
            "full_name": "bioconda/bioconductor-sscu/2.16.0",
            "version": "2.16.0"
        },
        {
            "distributions": [],
            "full_name": "bioconda/bioconductor-sscu/2.18.0",
            "version": "2.18.0"
        }
    ],
    "revision": 14,
    "source_git_tag": null,
    "source_git_url": null,
    "summary": "Strength of Selected Codon Usage",
    "upvoted": 0,
    "url": "http://api.anaconda.org/packages/bioconda/bioconductor-sscu",
    "versions": [
        "2.6.0",
        "2.8.0",
        "2.10.0",
        "2.12.0",
        "2.14.0",
        "2.16.0",
        "2.18.0"
    ],
    "watchers": 1
}