{
    "app_entry": {},
    "app_summary": {},
    "app_type": {},
    "builds": [
        "r36_0",
        "r40_0"
    ],
    "conda_platforms": [
        "noarch"
    ],
    "created_at": "2019-08-13 22:53:17.590000+00:00",
    "description": "VCFArray extends the DelayedArray to represent VCF data entries as array-like objects with on-disk / remote VCF file as backend. Data entries from VCF files, including info fields, FORMAT fields, and the fixed columns (REF, ALT, QUAL, FILTER) could be converted into VCFArray instances with different dimensions.",
    "dev_url": null,
    "doc_url": null,
    "files": [
        {
            "attrs": {
                "arch": null,
                "build": "r36_0",
                "build_number": 0,
                "depends": [
                    "bioconductor-biocgenerics >=0.30.0,<0.31.0",
                    "bioconductor-delayedarray >=0.10.0,<0.11.0",
                    "bioconductor-genomicfiles >=1.20.0,<1.21.0",
                    "bioconductor-genomicranges >=1.36.0,<1.37.0",
                    "bioconductor-rsamtools >=2.0.0,<2.1.0",
                    "bioconductor-s4vectors >=0.22.0,<0.23.0",
                    "bioconductor-variantannotation >=1.30.0,<1.31.0",
                    "r-base >=3.6,<3.7.0a0"
                ],
                "has_prefix": false,
                "license": "GPL-3",
                "machine": null,
                "noarch": "generic",
                "operatingsystem": null,
                "platform": null,
                "subdir": "noarch",
                "target-triplet": "None-any-None",
                "timestamp": 1565736465556
            },
            "basename": "noarch/bioconductor-vcfarray-1.0.3-r36_0.tar.bz2",
            "dependencies": {
                "depends": [
                    {
                        "name": "bioconductor-biocgenerics",
                        "specs": [
                            [
                                ">=",
                                "0.30.0,<0.31.0"
                            ]
                        ]
                    },
                    {
                        "name": "bioconductor-delayedarray",
                        "specs": [
                            [
                                ">=",
                                "0.10.0,<0.11.0"
                            ]
                        ]
                    },
                    {
                        "name": "bioconductor-genomicfiles",
                        "specs": [
                            [
                                ">=",
                                "1.20.0,<1.21.0"
                            ]
                        ]
                    },
                    {
                        "name": "bioconductor-genomicranges",
                        "specs": [
                            [
                                ">=",
                                "1.36.0,<1.37.0"
                            ]
                        ]
                    },
                    {
                        "name": "bioconductor-rsamtools",
                        "specs": [
                            [
                                ">=",
                                "2.0.0,<2.1.0"
                            ]
                        ]
                    },
                    {
                        "name": "bioconductor-s4vectors",
                        "specs": [
                            [
                                ">=",
                                "0.22.0,<0.23.0"
                            ]
                        ]
                    },
                    {
                        "name": "bioconductor-variantannotation",
                        "specs": [
                            [
                                ">=",
                                "1.30.0,<1.31.0"
                            ]
                        ]
                    },
                    {
                        "name": "r-base",
                        "specs": [
                            [
                                ">=",
                                "3.6,<3.7.0a0"
                            ]
                        ]
                    }
                ]
            },
            "description": null,
            "distribution_type": "conda",
            "download_url": "//api.anaconda.org/download/bioconda/bioconductor-vcfarray/1.0.3/noarch/bioconductor-vcfarray-1.0.3-r36_0.tar.bz2",
            "full_name": "bioconda/bioconductor-vcfarray/1.0.3/noarch/bioconductor-vcfarray-1.0.3-r36_0.tar.bz2",
            "labels": [
                "main"
            ],
            "md5": "a81310ffdcde91570052fc7f0fed7aa8",
            "ndownloads": 44,
            "owner": "bioconda",
            "size": 756560,
            "type": "conda",
            "upload_time": "2019-08-13 22:53:18.437000+00:00",
            "version": "1.0.3"
        },
        {
            "attrs": {
                "arch": null,
                "build": "r36_0",
                "build_number": 0,
                "depends": [
                    "bioconductor-biocgenerics >=0.32.0,<0.33.0",
                    "bioconductor-delayedarray >=0.12.0,<0.13.0",
                    "bioconductor-genomicfiles >=1.22.0,<1.23.0",
                    "bioconductor-genomicranges >=1.38.0,<1.39.0",
                    "bioconductor-rsamtools >=2.2.0,<2.3.0",
                    "bioconductor-s4vectors >=0.24.0,<0.25.0",
                    "bioconductor-variantannotation >=1.32.0,<1.33.0",
                    "r-base >=3.6,<3.7.0a0"
                ],
                "has_prefix": false,
                "license": "GPL-3",
                "machine": null,
                "noarch": "generic",
                "operatingsystem": null,
                "platform": null,
                "subdir": "noarch",
                "target-triplet": "None-any-None",
                "timestamp": 1572875566949
            },
            "basename": "noarch/bioconductor-vcfarray-1.2.0-r36_0.tar.bz2",
            "dependencies": {
                "depends": [
                    {
                        "name": "bioconductor-biocgenerics",
                        "specs": [
                            [
                                ">=",
                                "0.32.0,<0.33.0"
                            ]
                        ]
                    },
                    {
                        "name": "bioconductor-delayedarray",
                        "specs": [
                            [
                                ">=",
                                "0.12.0,<0.13.0"
                            ]
                        ]
                    },
                    {
                        "name": "bioconductor-genomicfiles",
                        "specs": [
                            [
                                ">=",
                                "1.22.0,<1.23.0"
                            ]
                        ]
                    },
                    {
                        "name": "bioconductor-genomicranges",
                        "specs": [
                            [
                                ">=",
                                "1.38.0,<1.39.0"
                            ]
                        ]
                    },
                    {
                        "name": "bioconductor-rsamtools",
                        "specs": [
                            [
                                ">=",
                                "2.2.0,<2.3.0"
                            ]
                        ]
                    },
                    {
                        "name": "bioconductor-s4vectors",
                        "specs": [
                            [
                                ">=",
                                "0.24.0,<0.25.0"
                            ]
                        ]
                    },
                    {
                        "name": "bioconductor-variantannotation",
                        "specs": [
                            [
                                ">=",
                                "1.32.0,<1.33.0"
                            ]
                        ]
                    },
                    {
                        "name": "r-base",
                        "specs": [
                            [
                                ">=",
                                "3.6,<3.7.0a0"
                            ]
                        ]
                    }
                ]
            },
            "description": null,
            "distribution_type": "conda",
            "download_url": "//api.anaconda.org/download/bioconda/bioconductor-vcfarray/1.2.0/noarch/bioconductor-vcfarray-1.2.0-r36_0.tar.bz2",
            "full_name": "bioconda/bioconductor-vcfarray/1.2.0/noarch/bioconductor-vcfarray-1.2.0-r36_0.tar.bz2",
            "labels": [
                "main"
            ],
            "md5": "29edd5435790f80844864fc73509ef59",
            "ndownloads": 39,
            "owner": "bioconda",
            "size": 772666,
            "type": "conda",
            "upload_time": "2019-11-04 13:58:20.154000+00:00",
            "version": "1.2.0"
        },
        {
            "attrs": {
                "arch": null,
                "build": "r40_0",
                "build_number": 0,
                "depends": [
                    "bioconductor-biocgenerics >=0.34.0,<0.35.0",
                    "bioconductor-delayedarray >=0.14.0,<0.15.0",
                    "bioconductor-genomicfiles >=1.24.0,<1.25.0",
                    "bioconductor-genomicranges >=1.40.0,<1.41.0",
                    "bioconductor-rsamtools >=2.4.0,<2.5.0",
                    "bioconductor-s4vectors >=0.26.0,<0.27.0",
                    "bioconductor-variantannotation >=1.34.0,<1.35.0",
                    "r-base >=4.0,<4.1.0a0"
                ],
                "has_prefix": false,
                "license": "GPL-3",
                "machine": null,
                "noarch": "generic",
                "operatingsystem": null,
                "platform": null,
                "subdir": "noarch",
                "target-triplet": "None-any-None",
                "timestamp": 1589197821808
            },
            "basename": "noarch/bioconductor-vcfarray-1.4.0-r40_0.tar.bz2",
            "dependencies": {
                "depends": [
                    {
                        "name": "bioconductor-biocgenerics",
                        "specs": [
                            [
                                ">=",
                                "0.34.0,<0.35.0"
                            ]
                        ]
                    },
                    {
                        "name": "bioconductor-delayedarray",
                        "specs": [
                            [
                                ">=",
                                "0.14.0,<0.15.0"
                            ]
                        ]
                    },
                    {
                        "name": "bioconductor-genomicfiles",
                        "specs": [
                            [
                                ">=",
                                "1.24.0,<1.25.0"
                            ]
                        ]
                    },
                    {
                        "name": "bioconductor-genomicranges",
                        "specs": [
                            [
                                ">=",
                                "1.40.0,<1.41.0"
                            ]
                        ]
                    },
                    {
                        "name": "bioconductor-rsamtools",
                        "specs": [
                            [
                                ">=",
                                "2.4.0,<2.5.0"
                            ]
                        ]
                    },
                    {
                        "name": "bioconductor-s4vectors",
                        "specs": [
                            [
                                ">=",
                                "0.26.0,<0.27.0"
                            ]
                        ]
                    },
                    {
                        "name": "bioconductor-variantannotation",
                        "specs": [
                            [
                                ">=",
                                "1.34.0,<1.35.0"
                            ]
                        ]
                    },
                    {
                        "name": "r-base",
                        "specs": [
                            [
                                ">=",
                                "4.0,<4.1.0a0"
                            ]
                        ]
                    }
                ]
            },
            "description": null,
            "distribution_type": "conda",
            "download_url": "//api.anaconda.org/download/bioconda/bioconductor-vcfarray/1.4.0/noarch/bioconductor-vcfarray-1.4.0-r40_0.tar.bz2",
            "full_name": "bioconda/bioconductor-vcfarray/1.4.0/noarch/bioconductor-vcfarray-1.4.0-r40_0.tar.bz2",
            "labels": [
                "main"
            ],
            "md5": "45a7503835428d86e1c1e4540e53e81f",
            "ndownloads": 17,
            "owner": "bioconda",
            "size": 970137,
            "type": "conda",
            "upload_time": "2020-05-11 11:55:49.484000+00:00",
            "version": "1.4.0"
        }
    ],
    "full_name": "bioconda/bioconductor-vcfarray",
    "home": "https://bioconductor.org/packages/3.9/bioc/html/VCFArray.html",
    "html_url": "http://anaconda.org/bioconda/bioconductor-vcfarray",
    "id": "5d533f5d7870580c962f4afa",
    "latest_version": "1.4.0",
    "license": "GPL-3",
    "license_url": null,
    "modified_at": "2020-05-11 11:55:49.666000+00:00",
    "name": "bioconductor-vcfarray",
    "owner": {
        "company": "",
        "created_at": "2015-09-11 22:59:20.880000+00:00",
        "description": "Bioconda is a distribution of bioinformatics software realized as a channel for the versatile Conda package manager.",
        "location": "",
        "login": "bioconda",
        "name": "bioconda",
        "url": "",
        "user_type": "org"
    },
    "package_types": [
        "conda"
    ],
    "public": true,
    "releases": [
        {
            "distributions": [],
            "full_name": "bioconda/bioconductor-vcfarray/1.0.3",
            "version": "1.0.3"
        },
        {
            "distributions": [],
            "full_name": "bioconda/bioconductor-vcfarray/1.2.0",
            "version": "1.2.0"
        },
        {
            "distributions": [],
            "full_name": "bioconda/bioconductor-vcfarray/1.4.0",
            "version": "1.4.0"
        }
    ],
    "revision": 6,
    "source_git_tag": null,
    "source_git_url": null,
    "summary": "Representing on-disk / remote VCF files as array-like objects",
    "upvoted": 0,
    "url": "http://api.anaconda.org/packages/bioconda/bioconductor-vcfarray",
    "versions": [
        "1.0.3",
        "1.2.0",
        "1.4.0"
    ],
    "watchers": 1
}