{
    "app_entry": {},
    "app_summary": {},
    "app_type": {},
    "builds": [
        "r36_0"
    ],
    "conda_platforms": [
        "noarch"
    ],
    "created_at": "2019-11-03 23:38:49.307000+00:00",
    "description": "Exposes an annotation databases generated from UCSC by exposing these as TxDb objects",
    "dev_url": null,
    "doc_url": null,
    "files": [
        {
            "attrs": {
                "arch": null,
                "build": "r36_0",
                "build_number": 0,
                "depends": [
                    "bioconductor-annotationdbi >=1.48.0,<1.49.0",
                    "bioconductor-genomicfeatures >=1.38.0,<1.39.0",
                    "curl >=7.65.3,<8.0a0",
                    "r-base >=3.6,<3.7.0a0"
                ],
                "has_prefix": false,
                "license": "Artistic-2.0",
                "machine": null,
                "noarch": "generic",
                "operatingsystem": null,
                "platform": null,
                "subdir": "noarch",
                "target-triplet": "None-any-None",
                "timestamp": 1572823915500
            },
            "basename": "noarch/bioconductor-txdb.ggallus.ucsc.galgal6.refgene-3.10.0-r36_0.tar.bz2",
            "dependencies": {
                "depends": [
                    {
                        "name": "bioconductor-annotationdbi",
                        "specs": [
                            [
                                ">=",
                                "1.48.0,<1.49.0"
                            ]
                        ]
                    },
                    {
                        "name": "bioconductor-genomicfeatures",
                        "specs": [
                            [
                                ">=",
                                "1.38.0,<1.39.0"
                            ]
                        ]
                    },
                    {
                        "name": "curl",
                        "specs": [
                            [
                                ">=",
                                "7.65.3,<8.0a0"
                            ]
                        ]
                    },
                    {
                        "name": "r-base",
                        "specs": [
                            [
                                ">=",
                                "3.6,<3.7.0a0"
                            ]
                        ]
                    }
                ]
            },
            "description": null,
            "distribution_type": "conda",
            "download_url": "//api.anaconda.org/download/bioconda/bioconductor-txdb.ggallus.ucsc.galgal6.refgene/3.10.0/noarch/bioconductor-txdb.ggallus.ucsc.galgal6.refgene-3.10.0-r36_0.tar.bz2",
            "full_name": "bioconda/bioconductor-txdb.ggallus.ucsc.galgal6.refgene/3.10.0/noarch/bioconductor-txdb.ggallus.ucsc.galgal6.refgene-3.10.0-r36_0.tar.bz2",
            "labels": [
                "main"
            ],
            "md5": "a58410b0c8be115ef7f49c380949073c",
            "ndownloads": 16,
            "owner": "bioconda",
            "size": 7371,
            "type": "conda",
            "upload_time": "2019-11-03 23:38:50.141000+00:00",
            "version": "3.10.0"
        }
    ],
    "full_name": "bioconda/bioconductor-txdb.ggallus.ucsc.galgal6.refgene",
    "home": "https://bioconductor.org/packages/3.10/data/annotation/html/TxDb.Ggallus.UCSC.galGal6.refGene.html",
    "html_url": "http://anaconda.org/bioconda/bioconductor-txdb.ggallus.ucsc.galgal6.refgene",
    "id": "5dbf650983b66304b9b9eaf2",
    "latest_version": "3.10.0",
    "license": "Artistic-2.0",
    "license_url": null,
    "modified_at": "2019-11-03 23:38:50.437000+00:00",
    "name": "bioconductor-txdb.ggallus.ucsc.galgal6.refgene",
    "owner": {
        "company": "",
        "created_at": "2015-09-11 22:59:20.880000+00:00",
        "description": "Bioconda is a distribution of bioinformatics software realized as a channel for the versatile Conda package manager.",
        "location": "",
        "login": "bioconda",
        "name": "bioconda",
        "url": "",
        "user_type": "org"
    },
    "package_types": [
        "conda"
    ],
    "public": true,
    "releases": [
        {
            "distributions": [],
            "full_name": "bioconda/bioconductor-txdb.ggallus.ucsc.galgal6.refgene/3.10.0",
            "version": "3.10.0"
        }
    ],
    "revision": 2,
    "source_git_tag": null,
    "source_git_url": null,
    "summary": "Annotation package for TxDb object(s)",
    "upvoted": 0,
    "url": "http://api.anaconda.org/packages/bioconda/bioconductor-txdb.ggallus.ucsc.galgal6.refgene",
    "versions": [
        "3.10.0"
    ],
    "watchers": 1
}