{
    "app_entry": {},
    "app_summary": {},
    "app_type": {},
    "builds": [
        "r351_0",
        "r36_3",
        "r36_2"
    ],
    "conda_platforms": [
        "noarch"
    ],
    "created_at": "2018-12-28 20:19:59.391000+00:00",
    "description": "",
    "dev_url": null,
    "doc_url": null,
    "files": [
        {
            "attrs": {
                "arch": null,
                "build": "r351_0",
                "build_number": 0,
                "depends": [
                    "bioconductor-annotationdbi >=1.44.0,<1.45.0",
                    "bioconductor-org.hs.eg.db >=3.7.0,<3.8.0",
                    "r-base >=3.5.1,<3.5.2.0a0",
                    "wget"
                ],
                "has_prefix": false,
                "license": "Artistic-2.0",
                "machine": null,
                "noarch": "generic",
                "operatingsystem": null,
                "platform": null,
                "subdir": "noarch",
                "target-triplet": "None-any-None",
                "timestamp": 1546028148433
            },
            "basename": "noarch/bioconductor-shdz.db-3.2.3-r351_0.tar.bz2",
            "dependencies": {
                "depends": [
                    {
                        "name": "bioconductor-annotationdbi",
                        "specs": [
                            [
                                ">=",
                                "1.44.0,<1.45.0"
                            ]
                        ]
                    },
                    {
                        "name": "bioconductor-org.hs.eg.db",
                        "specs": [
                            [
                                ">=",
                                "3.7.0,<3.8.0"
                            ]
                        ]
                    },
                    {
                        "name": "r-base",
                        "specs": [
                            [
                                ">=",
                                "3.5.1,<3.5.2.0a0"
                            ]
                        ]
                    },
                    {
                        "name": "wget",
                        "specs": []
                    }
                ]
            },
            "description": null,
            "distribution_type": "conda",
            "download_url": "//api.anaconda.org/download/bioconda/bioconductor-shdz.db/3.2.3/noarch/bioconductor-shdz.db-3.2.3-r351_0.tar.bz2",
            "full_name": "bioconda/bioconductor-shdz.db/3.2.3/noarch/bioconductor-shdz.db-3.2.3-r351_0.tar.bz2",
            "labels": [
                "gcc7",
                "main"
            ],
            "md5": "a802de45f9ac1d1629d9da40c2e2e2dd",
            "ndownloads": 64,
            "owner": "bioconda",
            "size": 6447,
            "type": "conda",
            "upload_time": "2018-12-28 20:20:00.988000+00:00",
            "version": "3.2.3"
        },
        {
            "attrs": {
                "arch": null,
                "build": "r36_2",
                "build_number": 2,
                "depends": [
                    "bioconductor-annotationdbi >=1.46.0,<1.47.0",
                    "bioconductor-org.hs.eg.db >=3.8.0,<3.9.0",
                    "curl >=7.65.3,<8.0a0",
                    "r-base >=3.6,<3.7.0a0"
                ],
                "has_prefix": false,
                "license": "Artistic-2.0",
                "machine": null,
                "noarch": "generic",
                "operatingsystem": null,
                "platform": null,
                "subdir": "noarch",
                "target-triplet": "None-any-None",
                "timestamp": 1564531405896
            },
            "basename": "noarch/bioconductor-shdz.db-3.2.3-r36_2.tar.bz2",
            "dependencies": {
                "depends": [
                    {
                        "name": "bioconductor-annotationdbi",
                        "specs": [
                            [
                                ">=",
                                "1.46.0,<1.47.0"
                            ]
                        ]
                    },
                    {
                        "name": "bioconductor-org.hs.eg.db",
                        "specs": [
                            [
                                ">=",
                                "3.8.0,<3.9.0"
                            ]
                        ]
                    },
                    {
                        "name": "curl",
                        "specs": [
                            [
                                ">=",
                                "7.65.3,<8.0a0"
                            ]
                        ]
                    },
                    {
                        "name": "r-base",
                        "specs": [
                            [
                                ">=",
                                "3.6,<3.7.0a0"
                            ]
                        ]
                    }
                ]
            },
            "description": null,
            "distribution_type": "conda",
            "download_url": "//api.anaconda.org/download/bioconda/bioconductor-shdz.db/3.2.3/noarch/bioconductor-shdz.db-3.2.3-r36_2.tar.bz2",
            "full_name": "bioconda/bioconductor-shdz.db/3.2.3/noarch/bioconductor-shdz.db-3.2.3-r36_2.tar.bz2",
            "labels": [
                "main"
            ],
            "md5": "139aa8e29201bda056ea068a217d17bd",
            "ndownloads": 30,
            "owner": "bioconda",
            "size": 6795,
            "type": "conda",
            "upload_time": "2019-07-31 00:08:56.966000+00:00",
            "version": "3.2.3"
        },
        {
            "attrs": {
                "arch": null,
                "build": "r36_3",
                "build_number": 3,
                "depends": [
                    "bioconductor-annotationdbi >=1.48.0,<1.49.0",
                    "bioconductor-org.hs.eg.db >=3.10.0,<3.11.0",
                    "curl >=7.65.3,<8.0a0",
                    "r-base >=3.6,<3.7.0a0"
                ],
                "has_prefix": false,
                "license": "Artistic-2.0",
                "machine": null,
                "noarch": "generic",
                "operatingsystem": null,
                "platform": null,
                "subdir": "noarch",
                "target-triplet": "None-any-None",
                "timestamp": 1572857632085
            },
            "basename": "noarch/bioconductor-shdz.db-3.2.3-r36_3.tar.bz2",
            "dependencies": {
                "depends": [
                    {
                        "name": "bioconductor-annotationdbi",
                        "specs": [
                            [
                                ">=",
                                "1.48.0,<1.49.0"
                            ]
                        ]
                    },
                    {
                        "name": "bioconductor-org.hs.eg.db",
                        "specs": [
                            [
                                ">=",
                                "3.10.0,<3.11.0"
                            ]
                        ]
                    },
                    {
                        "name": "curl",
                        "specs": [
                            [
                                ">=",
                                "7.65.3,<8.0a0"
                            ]
                        ]
                    },
                    {
                        "name": "r-base",
                        "specs": [
                            [
                                ">=",
                                "3.6,<3.7.0a0"
                            ]
                        ]
                    }
                ]
            },
            "description": null,
            "distribution_type": "conda",
            "download_url": "//api.anaconda.org/download/bioconda/bioconductor-shdz.db/3.2.3/noarch/bioconductor-shdz.db-3.2.3-r36_3.tar.bz2",
            "full_name": "bioconda/bioconductor-shdz.db/3.2.3/noarch/bioconductor-shdz.db-3.2.3-r36_3.tar.bz2",
            "labels": [
                "main"
            ],
            "md5": "f68b2b4df87b29addd67e55367463405",
            "ndownloads": 14,
            "owner": "bioconda",
            "size": 6894,
            "type": "conda",
            "upload_time": "2019-11-04 08:59:28.817000+00:00",
            "version": "3.2.3"
        }
    ],
    "full_name": "bioconda/bioconductor-shdz.db",
    "home": "https://bioconductor.org/packages/3.8/data/annotation/html/SHDZ.db.html",
    "html_url": "http://anaconda.org/bioconda/bioconductor-shdz.db",
    "id": "5c26856f37f3391341b96bbe",
    "latest_version": "3.2.3",
    "license": "Artistic-2.0",
    "license_url": null,
    "modified_at": "2019-11-04 08:59:29.061000+00:00",
    "name": "bioconductor-shdz.db",
    "owner": {
        "company": "",
        "created_at": "2015-09-11 22:59:20.880000+00:00",
        "description": "Bioconda is a distribution of bioinformatics software realized as a channel for the versatile Conda package manager.",
        "location": "",
        "login": "bioconda",
        "name": "bioconda",
        "url": "",
        "user_type": "org"
    },
    "package_types": [
        "conda"
    ],
    "public": true,
    "releases": [
        {
            "distributions": [],
            "full_name": "bioconda/bioconductor-shdz.db/3.2.3",
            "version": "3.2.3"
        }
    ],
    "revision": 2,
    "source_git_tag": null,
    "source_git_url": null,
    "summary": "SHDZ http://genome-www5.stanford.edu/ Annotation Data (SHDZ) assembled using data from public repositories",
    "upvoted": 0,
    "url": "http://api.anaconda.org/packages/bioconda/bioconductor-shdz.db",
    "versions": [
        "3.2.3"
    ],
    "watchers": 1
}