{
    "app_entry": {},
    "app_summary": {},
    "app_type": {},
    "builds": [
        "r36_1",
        "r36_0"
    ],
    "conda_platforms": [
        "noarch"
    ],
    "created_at": "2019-07-18 06:34:41.444000+00:00",
    "description": "R interface to the MELTING 5 program (<https://www.ebi.ac.uk/biomodels/tools/melting/>) to compute melting temperatures of nucleic acid duplexes along with other thermodynamic parameters.",
    "dev_url": null,
    "doc_url": null,
    "files": [
        {
            "attrs": {
                "arch": null,
                "build": "r36_1",
                "build_number": 1,
                "depends": [
                    "r-base >=3.6,<3.7.0a0",
                    "r-rdpack",
                    "r-rjava >=0.5-0"
                ],
                "has_prefix": false,
                "license": "GPL-2 | GPL-3",
                "machine": null,
                "noarch": "generic",
                "operatingsystem": null,
                "platform": null,
                "subdir": "noarch",
                "target-triplet": "None-any-None",
                "timestamp": 1563431376140
            },
            "basename": "noarch/bioconductor-rmelting-1.0.0-r36_1.tar.bz2",
            "dependencies": {
                "depends": [
                    {
                        "name": "r-base",
                        "specs": [
                            [
                                ">=",
                                "3.6,<3.7.0a0"
                            ]
                        ]
                    },
                    {
                        "name": "r-rdpack",
                        "specs": []
                    },
                    {
                        "name": "r-rjava",
                        "specs": [
                            [
                                ">=",
                                "0.5-0"
                            ]
                        ]
                    }
                ]
            },
            "description": null,
            "distribution_type": "conda",
            "download_url": "//api.anaconda.org/download/bioconda/bioconductor-rmelting/1.0.0/noarch/bioconductor-rmelting-1.0.0-r36_1.tar.bz2",
            "full_name": "bioconda/bioconductor-rmelting/1.0.0/noarch/bioconductor-rmelting-1.0.0-r36_1.tar.bz2",
            "labels": [
                "main"
            ],
            "md5": "7cb65951f90740cb18bd8db848146430",
            "ndownloads": 31,
            "owner": "bioconda",
            "size": 2974972,
            "type": "conda",
            "upload_time": "2019-07-18 06:34:42.479000+00:00",
            "version": "1.0.0"
        },
        {
            "attrs": {
                "arch": null,
                "build": "r36_0",
                "build_number": 0,
                "depends": [
                    "openjdk",
                    "r-base >=3.6,<3.7.0a0",
                    "r-rdpack",
                    "r-rjava >=0.5-0"
                ],
                "has_prefix": false,
                "license": "GPL-2 | GPL-3",
                "machine": null,
                "noarch": "generic",
                "operatingsystem": null,
                "platform": null,
                "subdir": "noarch",
                "target-triplet": "None-any-None",
                "timestamp": 1572597887561
            },
            "basename": "noarch/bioconductor-rmelting-1.2.0-r36_0.tar.bz2",
            "dependencies": {
                "depends": [
                    {
                        "name": "openjdk",
                        "specs": []
                    },
                    {
                        "name": "r-base",
                        "specs": [
                            [
                                ">=",
                                "3.6,<3.7.0a0"
                            ]
                        ]
                    },
                    {
                        "name": "r-rdpack",
                        "specs": []
                    },
                    {
                        "name": "r-rjava",
                        "specs": [
                            [
                                ">=",
                                "0.5-0"
                            ]
                        ]
                    }
                ]
            },
            "description": null,
            "distribution_type": "conda",
            "download_url": "//api.anaconda.org/download/bioconda/bioconductor-rmelting/1.2.0/noarch/bioconductor-rmelting-1.2.0-r36_0.tar.bz2",
            "full_name": "bioconda/bioconductor-rmelting/1.2.0/noarch/bioconductor-rmelting-1.2.0-r36_0.tar.bz2",
            "labels": [
                "main"
            ],
            "md5": "7a309baf79725c345ddd7aa59ac33e07",
            "ndownloads": 21,
            "owner": "bioconda",
            "size": 2954307,
            "type": "conda",
            "upload_time": "2019-11-01 08:49:59.678000+00:00",
            "version": "1.2.0"
        }
    ],
    "full_name": "bioconda/bioconductor-rmelting",
    "home": "https://bioconductor.org/packages/3.9/bioc/html/rmelting.html",
    "html_url": "http://anaconda.org/bioconda/bioconductor-rmelting",
    "id": "5d301301a77eb52f0cc7d8f9",
    "latest_version": "1.2.0",
    "license": "GPL-2 | GPL-3",
    "license_url": null,
    "modified_at": "2019-11-01 08:50:00.105000+00:00",
    "name": "bioconductor-rmelting",
    "owner": {
        "company": "",
        "created_at": "2015-09-11 22:59:20.880000+00:00",
        "description": "Bioconda is a distribution of bioinformatics software realized as a channel for the versatile Conda package manager.",
        "location": "",
        "login": "bioconda",
        "name": "bioconda",
        "url": "",
        "user_type": "org"
    },
    "package_types": [
        "conda"
    ],
    "public": true,
    "releases": [
        {
            "distributions": [],
            "full_name": "bioconda/bioconductor-rmelting/1.0.0",
            "version": "1.0.0"
        },
        {
            "distributions": [],
            "full_name": "bioconda/bioconductor-rmelting/1.2.0",
            "version": "1.2.0"
        }
    ],
    "revision": 4,
    "source_git_tag": null,
    "source_git_url": null,
    "summary": "R Interface to MELTING 5",
    "upvoted": 0,
    "url": "http://api.anaconda.org/packages/bioconda/bioconductor-rmelting",
    "versions": [
        "1.0.0",
        "1.2.0"
    ],
    "watchers": 1
}