{
    "app_entry": {},
    "app_summary": {},
    "app_type": {},
    "builds": [
        "r40_0",
        "r36_1",
        "r36_0",
        "r341_0",
        "r351_0",
        "r3.4.1_0"
    ],
    "conda_platforms": [
        "linux-64",
        "noarch",
        "osx-64"
    ],
    "created_at": "2018-01-28 12:03:43.194000+00:00",
    "description": "Determine sample ploidy via flow cytometry histogram analysis. Reads Flow Cytometry Standard (FCS) files via the flowCore bioconductor package, and provides functions for determining the DNA ploidy of samples based on internal standards.",
    "dev_url": null,
    "doc_url": null,
    "files": [
        {
            "attrs": {
                "arch": "x86_64",
                "build": "r3.4.1_0",
                "build_number": 0,
                "depends": [
                    "bioconductor-flowcore",
                    "r-base 3.4.1*",
                    "r-car",
                    "r-catools",
                    "r-knitr",
                    "r-minpack.lm",
                    "r-rmarkdown",
                    "r-shiny"
                ],
                "has_prefix": false,
                "license": "GPL-3",
                "machine": "x86_64",
                "operatingsystem": "linux",
                "platform": "linux",
                "subdir": "linux-64",
                "target-triplet": "x86_64-any-linux"
            },
            "basename": "linux-64/bioconductor-flowploidy-1.4.1-r3.4.1_0.tar.bz2",
            "dependencies": {
                "depends": [
                    {
                        "name": "bioconductor-flowcore",
                        "specs": []
                    },
                    {
                        "name": "r-base",
                        "specs": [
                            [
                                "==",
                                "3.4.1"
                            ]
                        ]
                    },
                    {
                        "name": "r-car",
                        "specs": []
                    },
                    {
                        "name": "r-catools",
                        "specs": []
                    },
                    {
                        "name": "r-knitr",
                        "specs": []
                    },
                    {
                        "name": "r-minpack.lm",
                        "specs": []
                    },
                    {
                        "name": "r-rmarkdown",
                        "specs": []
                    },
                    {
                        "name": "r-shiny",
                        "specs": []
                    }
                ]
            },
            "description": null,
            "distribution_type": "conda",
            "download_url": "//api.anaconda.org/download/bioconda/bioconductor-flowploidy/1.4.1/linux-64/bioconductor-flowploidy-1.4.1-r3.4.1_0.tar.bz2",
            "full_name": "bioconda/bioconductor-flowploidy/1.4.1/linux-64/bioconductor-flowploidy-1.4.1-r3.4.1_0.tar.bz2",
            "labels": [
                "main",
                "cf201901"
            ],
            "md5": "a6319bea96f741b1d4605fba33db55f2",
            "ndownloads": 332,
            "owner": "bioconda",
            "size": 2547320,
            "type": "conda",
            "upload_time": "2018-01-28 12:03:43.707000+00:00",
            "version": "1.4.1"
        },
        {
            "attrs": {
                "arch": "x86_64",
                "build": "r3.4.1_0",
                "build_number": 0,
                "depends": [
                    "bioconductor-flowcore",
                    "r-base 3.4.1*",
                    "r-car",
                    "r-catools",
                    "r-knitr",
                    "r-minpack.lm",
                    "r-rmarkdown",
                    "r-shiny"
                ],
                "has_prefix": false,
                "license": "GPL-3",
                "machine": "x86_64",
                "operatingsystem": "darwin",
                "platform": "osx",
                "subdir": "osx-64",
                "target-triplet": "x86_64-any-darwin"
            },
            "basename": "osx-64/bioconductor-flowploidy-1.4.1-r3.4.1_0.tar.bz2",
            "dependencies": {
                "depends": [
                    {
                        "name": "bioconductor-flowcore",
                        "specs": []
                    },
                    {
                        "name": "r-base",
                        "specs": [
                            [
                                "==",
                                "3.4.1"
                            ]
                        ]
                    },
                    {
                        "name": "r-car",
                        "specs": []
                    },
                    {
                        "name": "r-catools",
                        "specs": []
                    },
                    {
                        "name": "r-knitr",
                        "specs": []
                    },
                    {
                        "name": "r-minpack.lm",
                        "specs": []
                    },
                    {
                        "name": "r-rmarkdown",
                        "specs": []
                    },
                    {
                        "name": "r-shiny",
                        "specs": []
                    }
                ]
            },
            "description": null,
            "distribution_type": "conda",
            "download_url": "//api.anaconda.org/download/bioconda/bioconductor-flowploidy/1.4.1/osx-64/bioconductor-flowploidy-1.4.1-r3.4.1_0.tar.bz2",
            "full_name": "bioconda/bioconductor-flowploidy/1.4.1/osx-64/bioconductor-flowploidy-1.4.1-r3.4.1_0.tar.bz2",
            "labels": [
                "main",
                "cf201901"
            ],
            "md5": "cc9329874b50d12d8bdc8ba2e6139afc",
            "ndownloads": 1193,
            "owner": "bioconda",
            "size": 2547524,
            "type": "conda",
            "upload_time": "2018-01-28 12:18:43.310000+00:00",
            "version": "1.4.1"
        },
        {
            "attrs": {
                "arch": "x86_64",
                "build": "r351_0",
                "build_number": 0,
                "depends": [
                    "bioconductor-flowcore >=1.46.2,<1.48.0",
                    "r-base >=3.5.1,<3.5.2.0a0",
                    "r-car",
                    "r-catools",
                    "r-knitr",
                    "r-minpack.lm",
                    "r-rmarkdown",
                    "r-shiny"
                ],
                "has_prefix": false,
                "license": "GPL-3",
                "machine": "x86_64",
                "operatingsystem": "linux",
                "platform": "linux",
                "subdir": "linux-64",
                "target-triplet": "x86_64-any-linux",
                "timestamp": 1539481763652
            },
            "basename": "linux-64/bioconductor-flowploidy-1.6.0-r351_0.tar.bz2",
            "dependencies": {
                "depends": [
                    {
                        "name": "bioconductor-flowcore",
                        "specs": [
                            [
                                ">=",
                                "1.46.2,<1.48.0"
                            ]
                        ]
                    },
                    {
                        "name": "r-base",
                        "specs": [
                            [
                                ">=",
                                "3.5.1,<3.5.2.0a0"
                            ]
                        ]
                    },
                    {
                        "name": "r-car",
                        "specs": []
                    },
                    {
                        "name": "r-catools",
                        "specs": []
                    },
                    {
                        "name": "r-knitr",
                        "specs": []
                    },
                    {
                        "name": "r-minpack.lm",
                        "specs": []
                    },
                    {
                        "name": "r-rmarkdown",
                        "specs": []
                    },
                    {
                        "name": "r-shiny",
                        "specs": []
                    }
                ]
            },
            "description": null,
            "distribution_type": "conda",
            "download_url": "//api.anaconda.org/download/bioconda/bioconductor-flowploidy/1.6.0/linux-64/bioconductor-flowploidy-1.6.0-r351_0.tar.bz2",
            "full_name": "bioconda/bioconductor-flowploidy/1.6.0/linux-64/bioconductor-flowploidy-1.6.0-r351_0.tar.bz2",
            "labels": [
                "main",
                "cf201901"
            ],
            "md5": "f3ffbf4cf8a7d40bad479077ca10231d",
            "ndownloads": 1442,
            "owner": "bioconda",
            "size": 5000701,
            "type": "conda",
            "upload_time": "2018-10-14 01:59:23.342000+00:00",
            "version": "1.6.0"
        },
        {
            "attrs": {
                "arch": "x86_64",
                "build": "r341_0",
                "build_number": 0,
                "depends": [
                    "bioconductor-flowcore >=1.46.2,<1.48.0",
                    "r-base >=3.4.1,<3.4.2.0a0",
                    "r-car",
                    "r-catools",
                    "r-knitr",
                    "r-minpack.lm",
                    "r-rmarkdown",
                    "r-shiny"
                ],
                "has_prefix": false,
                "license": "GPL-3",
                "machine": "x86_64",
                "operatingsystem": "linux",
                "platform": "linux",
                "subdir": "linux-64",
                "target-triplet": "x86_64-any-linux",
                "timestamp": 1539481910753
            },
            "basename": "linux-64/bioconductor-flowploidy-1.6.0-r341_0.tar.bz2",
            "dependencies": {
                "depends": [
                    {
                        "name": "bioconductor-flowcore",
                        "specs": [
                            [
                                ">=",
                                "1.46.2,<1.48.0"
                            ]
                        ]
                    },
                    {
                        "name": "r-base",
                        "specs": [
                            [
                                ">=",
                                "3.4.1,<3.4.2.0a0"
                            ]
                        ]
                    },
                    {
                        "name": "r-car",
                        "specs": []
                    },
                    {
                        "name": "r-catools",
                        "specs": []
                    },
                    {
                        "name": "r-knitr",
                        "specs": []
                    },
                    {
                        "name": "r-minpack.lm",
                        "specs": []
                    },
                    {
                        "name": "r-rmarkdown",
                        "specs": []
                    },
                    {
                        "name": "r-shiny",
                        "specs": []
                    }
                ]
            },
            "description": null,
            "distribution_type": "conda",
            "download_url": "//api.anaconda.org/download/bioconda/bioconductor-flowploidy/1.6.0/linux-64/bioconductor-flowploidy-1.6.0-r341_0.tar.bz2",
            "full_name": "bioconda/bioconductor-flowploidy/1.6.0/linux-64/bioconductor-flowploidy-1.6.0-r341_0.tar.bz2",
            "labels": [
                "main",
                "cf201901"
            ],
            "md5": "95cac49c13e92f26bc618521212a4912",
            "ndownloads": 154,
            "owner": "bioconda",
            "size": 4853983,
            "type": "conda",
            "upload_time": "2018-10-14 01:59:26.386000+00:00",
            "version": "1.6.0"
        },
        {
            "attrs": {
                "arch": null,
                "build": "r351_0",
                "build_number": 0,
                "depends": [
                    "bioconductor-flowcore >=1.48.0,<1.49.0",
                    "r-base >=3.5.1,<3.5.2.0a0",
                    "r-car",
                    "r-catools",
                    "r-knitr",
                    "r-minpack.lm",
                    "r-rmarkdown",
                    "r-shiny"
                ],
                "has_prefix": false,
                "license": "GPL-3",
                "machine": null,
                "noarch": "generic",
                "operatingsystem": null,
                "platform": null,
                "subdir": "noarch",
                "target-triplet": "None-any-None",
                "timestamp": 1544706325181
            },
            "basename": "noarch/bioconductor-flowploidy-1.8.0-r351_0.tar.bz2",
            "dependencies": {
                "depends": [
                    {
                        "name": "bioconductor-flowcore",
                        "specs": [
                            [
                                ">=",
                                "1.48.0,<1.49.0"
                            ]
                        ]
                    },
                    {
                        "name": "r-base",
                        "specs": [
                            [
                                ">=",
                                "3.5.1,<3.5.2.0a0"
                            ]
                        ]
                    },
                    {
                        "name": "r-car",
                        "specs": []
                    },
                    {
                        "name": "r-catools",
                        "specs": []
                    },
                    {
                        "name": "r-knitr",
                        "specs": []
                    },
                    {
                        "name": "r-minpack.lm",
                        "specs": []
                    },
                    {
                        "name": "r-rmarkdown",
                        "specs": []
                    },
                    {
                        "name": "r-shiny",
                        "specs": []
                    }
                ]
            },
            "description": null,
            "distribution_type": "conda",
            "download_url": "//api.anaconda.org/download/bioconda/bioconductor-flowploidy/1.8.0/noarch/bioconductor-flowploidy-1.8.0-r351_0.tar.bz2",
            "full_name": "bioconda/bioconductor-flowploidy/1.8.0/noarch/bioconductor-flowploidy-1.8.0-r351_0.tar.bz2",
            "labels": [
                "gcc7",
                "main"
            ],
            "md5": "1967e51c3be7206620c0da3922cb5c91",
            "ndownloads": 104,
            "owner": "bioconda",
            "size": 1677683,
            "type": "conda",
            "upload_time": "2018-12-13 13:10:22.806000+00:00",
            "version": "1.8.0"
        },
        {
            "attrs": {
                "arch": null,
                "build": "r36_1",
                "build_number": 1,
                "depends": [
                    "bioconductor-flowcore >=1.50.0,<1.51.0",
                    "r-base >=3.6,<3.7.0a0",
                    "r-car",
                    "r-catools",
                    "r-knitr",
                    "r-minpack.lm",
                    "r-rmarkdown",
                    "r-shiny"
                ],
                "has_prefix": false,
                "license": "GPL-3",
                "machine": null,
                "noarch": "generic",
                "operatingsystem": null,
                "platform": null,
                "subdir": "noarch",
                "target-triplet": "None-any-None",
                "timestamp": 1564138469359
            },
            "basename": "noarch/bioconductor-flowploidy-1.10.0-r36_1.tar.bz2",
            "dependencies": {
                "depends": [
                    {
                        "name": "bioconductor-flowcore",
                        "specs": [
                            [
                                ">=",
                                "1.50.0,<1.51.0"
                            ]
                        ]
                    },
                    {
                        "name": "r-base",
                        "specs": [
                            [
                                ">=",
                                "3.6,<3.7.0a0"
                            ]
                        ]
                    },
                    {
                        "name": "r-car",
                        "specs": []
                    },
                    {
                        "name": "r-catools",
                        "specs": []
                    },
                    {
                        "name": "r-knitr",
                        "specs": []
                    },
                    {
                        "name": "r-minpack.lm",
                        "specs": []
                    },
                    {
                        "name": "r-rmarkdown",
                        "specs": []
                    },
                    {
                        "name": "r-shiny",
                        "specs": []
                    }
                ]
            },
            "description": null,
            "distribution_type": "conda",
            "download_url": "//api.anaconda.org/download/bioconda/bioconductor-flowploidy/1.10.0/noarch/bioconductor-flowploidy-1.10.0-r36_1.tar.bz2",
            "full_name": "bioconda/bioconductor-flowploidy/1.10.0/noarch/bioconductor-flowploidy-1.10.0-r36_1.tar.bz2",
            "labels": [
                "main"
            ],
            "md5": "54903536c7452c164e63784ebc817704",
            "ndownloads": 57,
            "owner": "bioconda",
            "size": 1701569,
            "type": "conda",
            "upload_time": "2019-07-26 10:59:41.030000+00:00",
            "version": "1.10.0"
        },
        {
            "attrs": {
                "arch": null,
                "build": "r36_0",
                "build_number": 0,
                "depends": [
                    "bioconductor-flowcore >=1.52.0,<1.53.0",
                    "r-base >=3.6,<3.7.0a0",
                    "r-car",
                    "r-catools",
                    "r-knitr",
                    "r-minpack.lm",
                    "r-rmarkdown",
                    "r-shiny"
                ],
                "has_prefix": false,
                "license": "GPL-3",
                "machine": null,
                "noarch": "generic",
                "operatingsystem": null,
                "platform": null,
                "subdir": "noarch",
                "target-triplet": "None-any-None",
                "timestamp": 1572627945278
            },
            "basename": "noarch/bioconductor-flowploidy-1.12.0-r36_0.tar.bz2",
            "dependencies": {
                "depends": [
                    {
                        "name": "bioconductor-flowcore",
                        "specs": [
                            [
                                ">=",
                                "1.52.0,<1.53.0"
                            ]
                        ]
                    },
                    {
                        "name": "r-base",
                        "specs": [
                            [
                                ">=",
                                "3.6,<3.7.0a0"
                            ]
                        ]
                    },
                    {
                        "name": "r-car",
                        "specs": []
                    },
                    {
                        "name": "r-catools",
                        "specs": []
                    },
                    {
                        "name": "r-knitr",
                        "specs": []
                    },
                    {
                        "name": "r-minpack.lm",
                        "specs": []
                    },
                    {
                        "name": "r-rmarkdown",
                        "specs": []
                    },
                    {
                        "name": "r-shiny",
                        "specs": []
                    }
                ]
            },
            "description": null,
            "distribution_type": "conda",
            "download_url": "//api.anaconda.org/download/bioconda/bioconductor-flowploidy/1.12.0/noarch/bioconductor-flowploidy-1.12.0-r36_0.tar.bz2",
            "full_name": "bioconda/bioconductor-flowploidy/1.12.0/noarch/bioconductor-flowploidy-1.12.0-r36_0.tar.bz2",
            "labels": [
                "main"
            ],
            "md5": "6360fa511bddb3574ea1776803656b01",
            "ndownloads": 46,
            "owner": "bioconda",
            "size": 1690267,
            "type": "conda",
            "upload_time": "2019-11-01 17:12:04.210000+00:00",
            "version": "1.12.0"
        },
        {
            "attrs": {
                "arch": null,
                "build": "r40_0",
                "build_number": 0,
                "depends": [
                    "bioconductor-flowcore >=2.0.0,<2.1.0",
                    "r-base >=4.0,<4.1.0a0",
                    "r-car",
                    "r-catools",
                    "r-knitr",
                    "r-minpack.lm",
                    "r-rmarkdown",
                    "r-shiny"
                ],
                "has_prefix": false,
                "license": "GPL-3",
                "machine": null,
                "noarch": "generic",
                "operatingsystem": null,
                "platform": null,
                "subdir": "noarch",
                "target-triplet": "None-any-None",
                "timestamp": 1589631023272
            },
            "basename": "noarch/bioconductor-flowploidy-1.14.0-r40_0.tar.bz2",
            "dependencies": {
                "depends": [
                    {
                        "name": "bioconductor-flowcore",
                        "specs": [
                            [
                                ">=",
                                "2.0.0,<2.1.0"
                            ]
                        ]
                    },
                    {
                        "name": "r-base",
                        "specs": [
                            [
                                ">=",
                                "4.0,<4.1.0a0"
                            ]
                        ]
                    },
                    {
                        "name": "r-car",
                        "specs": []
                    },
                    {
                        "name": "r-catools",
                        "specs": []
                    },
                    {
                        "name": "r-knitr",
                        "specs": []
                    },
                    {
                        "name": "r-minpack.lm",
                        "specs": []
                    },
                    {
                        "name": "r-rmarkdown",
                        "specs": []
                    },
                    {
                        "name": "r-shiny",
                        "specs": []
                    }
                ]
            },
            "description": null,
            "distribution_type": "conda",
            "download_url": "//api.anaconda.org/download/bioconda/bioconductor-flowploidy/1.14.0/noarch/bioconductor-flowploidy-1.14.0-r40_0.tar.bz2",
            "full_name": "bioconda/bioconductor-flowploidy/1.14.0/noarch/bioconductor-flowploidy-1.14.0-r40_0.tar.bz2",
            "labels": [
                "main"
            ],
            "md5": "abcac8b5e2a01241466f033c775b072a",
            "ndownloads": 19,
            "owner": "bioconda",
            "size": 1693338,
            "type": "conda",
            "upload_time": "2020-05-16 12:15:58.090000+00:00",
            "version": "1.14.0"
        }
    ],
    "full_name": "bioconda/bioconductor-flowploidy",
    "home": "http://bioconductor.org/packages/3.6/bioc/html/flowPloidy.html",
    "html_url": "http://anaconda.org/bioconda/bioconductor-flowploidy",
    "id": "5a6dbc1f1a3d53123278b77d",
    "latest_version": "1.14.0",
    "license": "GPL-3",
    "license_url": null,
    "modified_at": "2020-05-16 12:15:59.309000+00:00",
    "name": "bioconductor-flowploidy",
    "owner": {
        "company": "",
        "created_at": "2015-09-11 22:59:20.880000+00:00",
        "description": "Bioconda is a distribution of bioinformatics software realized as a channel for the versatile Conda package manager.",
        "location": "",
        "login": "bioconda",
        "name": "bioconda",
        "url": "",
        "user_type": "org"
    },
    "package_types": [
        "conda"
    ],
    "public": true,
    "releases": [
        {
            "distributions": [],
            "full_name": "bioconda/bioconductor-flowploidy/1.4.1",
            "version": "1.4.1"
        },
        {
            "distributions": [],
            "full_name": "bioconda/bioconductor-flowploidy/1.6.0",
            "version": "1.6.0"
        },
        {
            "distributions": [],
            "full_name": "bioconda/bioconductor-flowploidy/1.8.0",
            "version": "1.8.0"
        },
        {
            "distributions": [],
            "full_name": "bioconda/bioconductor-flowploidy/1.10.0",
            "version": "1.10.0"
        },
        {
            "distributions": [],
            "full_name": "bioconda/bioconductor-flowploidy/1.12.0",
            "version": "1.12.0"
        },
        {
            "distributions": [],
            "full_name": "bioconda/bioconductor-flowploidy/1.14.0",
            "version": "1.14.0"
        }
    ],
    "revision": 12,
    "source_git_tag": null,
    "source_git_url": null,
    "summary": "Analyze flow cytometer data to determine sample ploidy",
    "upvoted": 0,
    "url": "http://api.anaconda.org/packages/bioconda/bioconductor-flowploidy",
    "versions": [
        "1.4.1",
        "1.6.0",
        "1.8.0",
        "1.10.0",
        "1.12.0",
        "1.14.0"
    ],
    "watchers": 1
}