{
    "app_entry": {},
    "app_summary": {},
    "app_type": {},
    "builds": [
        "r40_0",
        "r36_1",
        "r36_0",
        "r341_0",
        "r351_0",
        "r3.4.1_0"
    ],
    "conda_platforms": [
        "linux-64",
        "noarch",
        "osx-64"
    ],
    "created_at": "2018-02-06 07:27:54.682000+00:00",
    "description": "Functions to estimate a bipartite graph of protein complex membership using AP-MS data.",
    "dev_url": null,
    "doc_url": null,
    "files": [
        {
            "attrs": {
                "arch": "x86_64",
                "build": "r3.4.1_0",
                "build_number": 0,
                "depends": [
                    "bioconductor-graph",
                    "bioconductor-org.sc.sgd.db",
                    "bioconductor-rbgl",
                    "bioconductor-rgraphviz",
                    "r-base 3.4.1*"
                ],
                "has_prefix": false,
                "license": "LGPL",
                "machine": "x86_64",
                "operatingsystem": "darwin",
                "platform": "osx",
                "subdir": "osx-64",
                "target-triplet": "x86_64-any-darwin"
            },
            "basename": "osx-64/bioconductor-apcomplex-2.44.0-r3.4.1_0.tar.bz2",
            "dependencies": {
                "depends": [
                    {
                        "name": "bioconductor-graph",
                        "specs": []
                    },
                    {
                        "name": "bioconductor-org.sc.sgd.db",
                        "specs": []
                    },
                    {
                        "name": "bioconductor-rbgl",
                        "specs": []
                    },
                    {
                        "name": "bioconductor-rgraphviz",
                        "specs": []
                    },
                    {
                        "name": "r-base",
                        "specs": [
                            [
                                "==",
                                "3.4.1"
                            ]
                        ]
                    }
                ]
            },
            "description": null,
            "distribution_type": "conda",
            "download_url": "//api.anaconda.org/download/bioconda/bioconductor-apcomplex/2.44.0/osx-64/bioconductor-apcomplex-2.44.0-r3.4.1_0.tar.bz2",
            "full_name": "bioconda/bioconductor-apcomplex/2.44.0/osx-64/bioconductor-apcomplex-2.44.0-r3.4.1_0.tar.bz2",
            "labels": [
                "main",
                "cf201901"
            ],
            "md5": "7858ed95a51dd58a5cf2d4f12fe2b68d",
            "ndownloads": 1212,
            "owner": "bioconda",
            "size": 741443,
            "type": "conda",
            "upload_time": "2018-02-06 07:27:55.185000+00:00",
            "version": "2.44.0"
        },
        {
            "attrs": {
                "arch": "x86_64",
                "build": "r3.4.1_0",
                "build_number": 0,
                "depends": [
                    "bioconductor-graph",
                    "bioconductor-org.sc.sgd.db",
                    "bioconductor-rbgl",
                    "bioconductor-rgraphviz",
                    "r-base 3.4.1*"
                ],
                "has_prefix": false,
                "license": "LGPL",
                "machine": "x86_64",
                "operatingsystem": "linux",
                "platform": "linux",
                "subdir": "linux-64",
                "target-triplet": "x86_64-any-linux"
            },
            "basename": "linux-64/bioconductor-apcomplex-2.44.0-r3.4.1_0.tar.bz2",
            "dependencies": {
                "depends": [
                    {
                        "name": "bioconductor-graph",
                        "specs": []
                    },
                    {
                        "name": "bioconductor-org.sc.sgd.db",
                        "specs": []
                    },
                    {
                        "name": "bioconductor-rbgl",
                        "specs": []
                    },
                    {
                        "name": "bioconductor-rgraphviz",
                        "specs": []
                    },
                    {
                        "name": "r-base",
                        "specs": [
                            [
                                "==",
                                "3.4.1"
                            ]
                        ]
                    }
                ]
            },
            "description": null,
            "distribution_type": "conda",
            "download_url": "//api.anaconda.org/download/bioconda/bioconductor-apcomplex/2.44.0/linux-64/bioconductor-apcomplex-2.44.0-r3.4.1_0.tar.bz2",
            "full_name": "bioconda/bioconductor-apcomplex/2.44.0/linux-64/bioconductor-apcomplex-2.44.0-r3.4.1_0.tar.bz2",
            "labels": [
                "main",
                "cf201901"
            ],
            "md5": "bc4230504ebdd8ed7fcaf93f40b3fa86",
            "ndownloads": 384,
            "owner": "bioconda",
            "size": 741199,
            "type": "conda",
            "upload_time": "2018-02-06 07:38:41.203000+00:00",
            "version": "2.44.0"
        },
        {
            "attrs": {
                "arch": "x86_64",
                "build": "r341_0",
                "build_number": 0,
                "depends": [
                    "bioconductor-graph >=1.58.0,<1.60.0",
                    "bioconductor-org.sc.sgd.db >=3.6.0,<3.8.0",
                    "bioconductor-rbgl >=1.56.0,<1.58.0",
                    "bioconductor-rgraphviz >=2.24.0,<2.26.0",
                    "r-base >=3.4.1,<3.4.2.0a0"
                ],
                "has_prefix": false,
                "license": "LGPL",
                "machine": "x86_64",
                "operatingsystem": "linux",
                "platform": "linux",
                "subdir": "linux-64",
                "target-triplet": "x86_64-any-linux",
                "timestamp": 1540145910229
            },
            "basename": "linux-64/bioconductor-apcomplex-2.46.0-r341_0.tar.bz2",
            "dependencies": {
                "depends": [
                    {
                        "name": "bioconductor-graph",
                        "specs": [
                            [
                                ">=",
                                "1.58.0,<1.60.0"
                            ]
                        ]
                    },
                    {
                        "name": "bioconductor-org.sc.sgd.db",
                        "specs": [
                            [
                                ">=",
                                "3.6.0,<3.8.0"
                            ]
                        ]
                    },
                    {
                        "name": "bioconductor-rbgl",
                        "specs": [
                            [
                                ">=",
                                "1.56.0,<1.58.0"
                            ]
                        ]
                    },
                    {
                        "name": "bioconductor-rgraphviz",
                        "specs": [
                            [
                                ">=",
                                "2.24.0,<2.26.0"
                            ]
                        ]
                    },
                    {
                        "name": "r-base",
                        "specs": [
                            [
                                ">=",
                                "3.4.1,<3.4.2.0a0"
                            ]
                        ]
                    }
                ]
            },
            "description": null,
            "distribution_type": "conda",
            "download_url": "//api.anaconda.org/download/bioconda/bioconductor-apcomplex/2.46.0/linux-64/bioconductor-apcomplex-2.46.0-r341_0.tar.bz2",
            "full_name": "bioconda/bioconductor-apcomplex/2.46.0/linux-64/bioconductor-apcomplex-2.46.0-r341_0.tar.bz2",
            "labels": [
                "main",
                "cf201901"
            ],
            "md5": "eebd8cbcd29e6ec367b599c8b8649642",
            "ndownloads": 185,
            "owner": "bioconda",
            "size": 741710,
            "type": "conda",
            "upload_time": "2018-10-21 18:23:54.093000+00:00",
            "version": "2.46.0"
        },
        {
            "attrs": {
                "arch": "x86_64",
                "build": "r351_0",
                "build_number": 0,
                "depends": [
                    "bioconductor-graph >=1.58.0,<1.60.0",
                    "bioconductor-org.sc.sgd.db >=3.6.0,<3.8.0",
                    "bioconductor-rbgl >=1.56.0,<1.58.0",
                    "bioconductor-rgraphviz >=2.24.0,<2.26.0",
                    "r-base >=3.5.1,<3.5.2.0a0"
                ],
                "has_prefix": false,
                "license": "LGPL",
                "machine": "x86_64",
                "operatingsystem": "linux",
                "platform": "linux",
                "subdir": "linux-64",
                "target-triplet": "x86_64-any-linux",
                "timestamp": 1540145784591
            },
            "basename": "linux-64/bioconductor-apcomplex-2.46.0-r351_0.tar.bz2",
            "dependencies": {
                "depends": [
                    {
                        "name": "bioconductor-graph",
                        "specs": [
                            [
                                ">=",
                                "1.58.0,<1.60.0"
                            ]
                        ]
                    },
                    {
                        "name": "bioconductor-org.sc.sgd.db",
                        "specs": [
                            [
                                ">=",
                                "3.6.0,<3.8.0"
                            ]
                        ]
                    },
                    {
                        "name": "bioconductor-rbgl",
                        "specs": [
                            [
                                ">=",
                                "1.56.0,<1.58.0"
                            ]
                        ]
                    },
                    {
                        "name": "bioconductor-rgraphviz",
                        "specs": [
                            [
                                ">=",
                                "2.24.0,<2.26.0"
                            ]
                        ]
                    },
                    {
                        "name": "r-base",
                        "specs": [
                            [
                                ">=",
                                "3.5.1,<3.5.2.0a0"
                            ]
                        ]
                    }
                ]
            },
            "description": null,
            "distribution_type": "conda",
            "download_url": "//api.anaconda.org/download/bioconda/bioconductor-apcomplex/2.46.0/linux-64/bioconductor-apcomplex-2.46.0-r351_0.tar.bz2",
            "full_name": "bioconda/bioconductor-apcomplex/2.46.0/linux-64/bioconductor-apcomplex-2.46.0-r351_0.tar.bz2",
            "labels": [
                "main",
                "cf201901"
            ],
            "md5": "8544577a2452c60877fd376424dbc9fe",
            "ndownloads": 1474,
            "owner": "bioconda",
            "size": 760227,
            "type": "conda",
            "upload_time": "2018-10-21 18:23:56.986000+00:00",
            "version": "2.46.0"
        },
        {
            "attrs": {
                "arch": null,
                "build": "r351_0",
                "build_number": 0,
                "depends": [
                    "bioconductor-graph >=1.60.0,<1.61.0",
                    "bioconductor-org.sc.sgd.db >=3.7.0,<3.8.0",
                    "bioconductor-rbgl >=1.58.0,<1.59.0",
                    "bioconductor-rgraphviz >=2.26.0,<2.27.0",
                    "r-base >=3.5.1,<3.5.2.0a0"
                ],
                "has_prefix": false,
                "license": "LGPL",
                "machine": null,
                "noarch": "generic",
                "operatingsystem": null,
                "platform": null,
                "subdir": "noarch",
                "target-triplet": "None-any-None",
                "timestamp": 1545940560754
            },
            "basename": "noarch/bioconductor-apcomplex-2.48.0-r351_0.tar.bz2",
            "dependencies": {
                "depends": [
                    {
                        "name": "bioconductor-graph",
                        "specs": [
                            [
                                ">=",
                                "1.60.0,<1.61.0"
                            ]
                        ]
                    },
                    {
                        "name": "bioconductor-org.sc.sgd.db",
                        "specs": [
                            [
                                ">=",
                                "3.7.0,<3.8.0"
                            ]
                        ]
                    },
                    {
                        "name": "bioconductor-rbgl",
                        "specs": [
                            [
                                ">=",
                                "1.58.0,<1.59.0"
                            ]
                        ]
                    },
                    {
                        "name": "bioconductor-rgraphviz",
                        "specs": [
                            [
                                ">=",
                                "2.26.0,<2.27.0"
                            ]
                        ]
                    },
                    {
                        "name": "r-base",
                        "specs": [
                            [
                                ">=",
                                "3.5.1,<3.5.2.0a0"
                            ]
                        ]
                    }
                ]
            },
            "description": null,
            "distribution_type": "conda",
            "download_url": "//api.anaconda.org/download/bioconda/bioconductor-apcomplex/2.48.0/noarch/bioconductor-apcomplex-2.48.0-r351_0.tar.bz2",
            "full_name": "bioconda/bioconductor-apcomplex/2.48.0/noarch/bioconductor-apcomplex-2.48.0-r351_0.tar.bz2",
            "labels": [
                "gcc7",
                "main"
            ],
            "md5": "7fba954cad4a24bf31361224b0cc809f",
            "ndownloads": 102,
            "owner": "bioconda",
            "size": 761418,
            "type": "conda",
            "upload_time": "2018-12-27 19:59:57.177000+00:00",
            "version": "2.48.0"
        },
        {
            "attrs": {
                "arch": null,
                "build": "r36_1",
                "build_number": 1,
                "depends": [
                    "bioconductor-graph >=1.62.0,<1.63.0",
                    "bioconductor-org.sc.sgd.db >=3.8.0,<3.9.0",
                    "bioconductor-rbgl >=1.60.0,<1.61.0",
                    "bioconductor-rgraphviz >=2.28.0,<2.29.0",
                    "r-base >=3.6,<3.7.0a0"
                ],
                "has_prefix": false,
                "license": "LGPL",
                "machine": null,
                "noarch": "generic",
                "operatingsystem": null,
                "platform": null,
                "subdir": "noarch",
                "target-triplet": "None-any-None",
                "timestamp": 1564907624587
            },
            "basename": "noarch/bioconductor-apcomplex-2.50.0-r36_1.tar.bz2",
            "dependencies": {
                "depends": [
                    {
                        "name": "bioconductor-graph",
                        "specs": [
                            [
                                ">=",
                                "1.62.0,<1.63.0"
                            ]
                        ]
                    },
                    {
                        "name": "bioconductor-org.sc.sgd.db",
                        "specs": [
                            [
                                ">=",
                                "3.8.0,<3.9.0"
                            ]
                        ]
                    },
                    {
                        "name": "bioconductor-rbgl",
                        "specs": [
                            [
                                ">=",
                                "1.60.0,<1.61.0"
                            ]
                        ]
                    },
                    {
                        "name": "bioconductor-rgraphviz",
                        "specs": [
                            [
                                ">=",
                                "2.28.0,<2.29.0"
                            ]
                        ]
                    },
                    {
                        "name": "r-base",
                        "specs": [
                            [
                                ">=",
                                "3.6,<3.7.0a0"
                            ]
                        ]
                    }
                ]
            },
            "description": null,
            "distribution_type": "conda",
            "download_url": "//api.anaconda.org/download/bioconda/bioconductor-apcomplex/2.50.0/noarch/bioconductor-apcomplex-2.50.0-r36_1.tar.bz2",
            "full_name": "bioconda/bioconductor-apcomplex/2.50.0/noarch/bioconductor-apcomplex-2.50.0-r36_1.tar.bz2",
            "labels": [
                "main"
            ],
            "md5": "793a7c361c7bebc7bb7fe9fdf5832419",
            "ndownloads": 54,
            "owner": "bioconda",
            "size": 762680,
            "type": "conda",
            "upload_time": "2019-08-04 08:38:01.384000+00:00",
            "version": "2.50.0"
        },
        {
            "attrs": {
                "arch": null,
                "build": "r36_0",
                "build_number": 0,
                "depends": [
                    "bioconductor-graph >=1.64.0,<1.65.0",
                    "bioconductor-org.sc.sgd.db >=3.10.0,<3.11.0",
                    "bioconductor-rbgl >=1.62.0,<1.63.0",
                    "bioconductor-rgraphviz >=2.30.0,<2.31.0",
                    "r-base >=3.6,<3.7.0a0"
                ],
                "has_prefix": false,
                "license": "LGPL",
                "machine": null,
                "noarch": "generic",
                "operatingsystem": null,
                "platform": null,
                "subdir": "noarch",
                "target-triplet": "None-any-None",
                "timestamp": 1572741521645
            },
            "basename": "noarch/bioconductor-apcomplex-2.52.0-r36_0.tar.bz2",
            "dependencies": {
                "depends": [
                    {
                        "name": "bioconductor-graph",
                        "specs": [
                            [
                                ">=",
                                "1.64.0,<1.65.0"
                            ]
                        ]
                    },
                    {
                        "name": "bioconductor-org.sc.sgd.db",
                        "specs": [
                            [
                                ">=",
                                "3.10.0,<3.11.0"
                            ]
                        ]
                    },
                    {
                        "name": "bioconductor-rbgl",
                        "specs": [
                            [
                                ">=",
                                "1.62.0,<1.63.0"
                            ]
                        ]
                    },
                    {
                        "name": "bioconductor-rgraphviz",
                        "specs": [
                            [
                                ">=",
                                "2.30.0,<2.31.0"
                            ]
                        ]
                    },
                    {
                        "name": "r-base",
                        "specs": [
                            [
                                ">=",
                                "3.6,<3.7.0a0"
                            ]
                        ]
                    }
                ]
            },
            "description": null,
            "distribution_type": "conda",
            "download_url": "//api.anaconda.org/download/bioconda/bioconductor-apcomplex/2.52.0/noarch/bioconductor-apcomplex-2.52.0-r36_0.tar.bz2",
            "full_name": "bioconda/bioconductor-apcomplex/2.52.0/noarch/bioconductor-apcomplex-2.52.0-r36_0.tar.bz2",
            "labels": [
                "main"
            ],
            "md5": "d2f05bd30e220e234800ac94521b3514",
            "ndownloads": 46,
            "owner": "bioconda",
            "size": 766468,
            "type": "conda",
            "upload_time": "2019-11-03 00:44:14.753000+00:00",
            "version": "2.52.0"
        },
        {
            "attrs": {
                "arch": null,
                "build": "r40_0",
                "build_number": 0,
                "depends": [
                    "bioconductor-graph >=1.66.0,<1.67.0",
                    "bioconductor-org.sc.sgd.db >=3.11.0,<3.12.0",
                    "bioconductor-rbgl >=1.64.0,<1.65.0",
                    "bioconductor-rgraphviz >=2.32.0,<2.33.0",
                    "r-base >=4.0,<4.1.0a0"
                ],
                "has_prefix": false,
                "license": "LGPL",
                "machine": null,
                "noarch": "generic",
                "operatingsystem": null,
                "platform": null,
                "subdir": "noarch",
                "target-triplet": "None-any-None",
                "timestamp": 1589393256436
            },
            "basename": "noarch/bioconductor-apcomplex-2.54.0-r40_0.tar.bz2",
            "dependencies": {
                "depends": [
                    {
                        "name": "bioconductor-graph",
                        "specs": [
                            [
                                ">=",
                                "1.66.0,<1.67.0"
                            ]
                        ]
                    },
                    {
                        "name": "bioconductor-org.sc.sgd.db",
                        "specs": [
                            [
                                ">=",
                                "3.11.0,<3.12.0"
                            ]
                        ]
                    },
                    {
                        "name": "bioconductor-rbgl",
                        "specs": [
                            [
                                ">=",
                                "1.64.0,<1.65.0"
                            ]
                        ]
                    },
                    {
                        "name": "bioconductor-rgraphviz",
                        "specs": [
                            [
                                ">=",
                                "2.32.0,<2.33.0"
                            ]
                        ]
                    },
                    {
                        "name": "r-base",
                        "specs": [
                            [
                                ">=",
                                "4.0,<4.1.0a0"
                            ]
                        ]
                    }
                ]
            },
            "description": null,
            "distribution_type": "conda",
            "download_url": "//api.anaconda.org/download/bioconda/bioconductor-apcomplex/2.54.0/noarch/bioconductor-apcomplex-2.54.0-r40_0.tar.bz2",
            "full_name": "bioconda/bioconductor-apcomplex/2.54.0/noarch/bioconductor-apcomplex-2.54.0-r40_0.tar.bz2",
            "labels": [
                "main"
            ],
            "md5": "b571c9e92d7e8a679b2125e7423cae96",
            "ndownloads": 25,
            "owner": "bioconda",
            "size": 766824,
            "type": "conda",
            "upload_time": "2020-05-13 18:13:05.750000+00:00",
            "version": "2.54.0"
        }
    ],
    "full_name": "bioconda/bioconductor-apcomplex",
    "home": "http://bioconductor.org/packages/3.6/bioc/html/apComplex.html",
    "html_url": "http://anaconda.org/bioconda/bioconductor-apcomplex",
    "id": "5a7958fa55e6db1210631f18",
    "latest_version": "2.54.0",
    "license": "LGPL",
    "license_url": null,
    "modified_at": "2020-05-13 18:13:06.089000+00:00",
    "name": "bioconductor-apcomplex",
    "owner": {
        "company": "",
        "created_at": "2015-09-11 22:59:20.880000+00:00",
        "description": "Bioconda is a distribution of bioinformatics software realized as a channel for the versatile Conda package manager.",
        "location": "",
        "login": "bioconda",
        "name": "bioconda",
        "url": "",
        "user_type": "org"
    },
    "package_types": [
        "conda"
    ],
    "public": true,
    "releases": [
        {
            "distributions": [],
            "full_name": "bioconda/bioconductor-apcomplex/2.44.0",
            "version": "2.44.0"
        },
        {
            "distributions": [],
            "full_name": "bioconda/bioconductor-apcomplex/2.46.0",
            "version": "2.46.0"
        },
        {
            "distributions": [],
            "full_name": "bioconda/bioconductor-apcomplex/2.48.0",
            "version": "2.48.0"
        },
        {
            "distributions": [],
            "full_name": "bioconda/bioconductor-apcomplex/2.50.0",
            "version": "2.50.0"
        },
        {
            "distributions": [],
            "full_name": "bioconda/bioconductor-apcomplex/2.52.0",
            "version": "2.52.0"
        },
        {
            "distributions": [],
            "full_name": "bioconda/bioconductor-apcomplex/2.54.0",
            "version": "2.54.0"
        }
    ],
    "revision": 12,
    "source_git_tag": null,
    "source_git_url": null,
    "summary": "Estimate protein complex membership using AP-MS protein data",
    "upvoted": 0,
    "url": "http://api.anaconda.org/packages/bioconda/bioconductor-apcomplex",
    "versions": [
        "2.44.0",
        "2.46.0",
        "2.48.0",
        "2.50.0",
        "2.52.0",
        "2.54.0"
    ],
    "watchers": 1
}