{
    "app_entry": {},
    "app_summary": {},
    "app_type": {},
    "builds": [
        "r40_0",
        "r36_1",
        "r36_0",
        "r341_0",
        "r3.3.2_0",
        "r351_0",
        "0",
        "r3.4.1_0"
    ],
    "conda_platforms": [
        "linux-64",
        "noarch",
        "osx-64"
    ],
    "created_at": "2017-08-29 14:06:15.821000+00:00",
    "description": "A rich R interface to Illumina's BaseSpace cloud computing environment, enabling the fast development of data analysis and visualisation tools.",
    "dev_url": null,
    "doc_url": null,
    "files": [
        {
            "attrs": {
                "arch": "x86_64",
                "build": "0",
                "build_number": 0,
                "depends": [
                    "r-base >=2.15.0",
                    "r-rcurl",
                    "r-rjsonio"
                ],
                "has_prefix": false,
                "license": "Apache License 2.0",
                "machine": "x86_64",
                "operatingsystem": "darwin",
                "platform": "osx",
                "subdir": "osx-64",
                "target-triplet": "x86_64-any-darwin"
            },
            "basename": "osx-64/bioconductor-basespacer-1.20.0-0.tar.bz2",
            "dependencies": {
                "depends": [
                    {
                        "name": "r-base",
                        "specs": [
                            [
                                ">=",
                                "2.15.0"
                            ]
                        ]
                    },
                    {
                        "name": "r-rcurl",
                        "specs": []
                    },
                    {
                        "name": "r-rjsonio",
                        "specs": []
                    }
                ]
            },
            "description": null,
            "distribution_type": "conda",
            "download_url": "//api.anaconda.org/download/bioconda/bioconductor-basespacer/1.20.0/osx-64/bioconductor-basespacer-1.20.0-0.tar.bz2",
            "full_name": "bioconda/bioconductor-basespacer/1.20.0/osx-64/bioconductor-basespacer-1.20.0-0.tar.bz2",
            "labels": [
                "main",
                "cf201901"
            ],
            "md5": "8d2c82901afef2bb96201450c34d39f1",
            "ndownloads": 128,
            "owner": "bioconda",
            "size": 554485,
            "type": "conda",
            "upload_time": "2017-10-12 18:54:26.350000+00:00",
            "version": "1.20.0"
        },
        {
            "attrs": {
                "arch": "x86_64",
                "build": "r3.4.1_0",
                "build_number": 0,
                "depends": [
                    "r-base 3.4.1*",
                    "r-rcurl",
                    "r-rjsonio"
                ],
                "has_prefix": false,
                "license": "Apache License 2.0",
                "machine": "x86_64",
                "operatingsystem": "linux",
                "platform": "linux",
                "subdir": "linux-64",
                "target-triplet": "x86_64-any-linux"
            },
            "basename": "linux-64/bioconductor-basespacer-1.22.0-r3.4.1_0.tar.bz2",
            "dependencies": {
                "depends": [
                    {
                        "name": "r-base",
                        "specs": [
                            [
                                "==",
                                "3.4.1"
                            ]
                        ]
                    },
                    {
                        "name": "r-rcurl",
                        "specs": []
                    },
                    {
                        "name": "r-rjsonio",
                        "specs": []
                    }
                ]
            },
            "description": null,
            "distribution_type": "conda",
            "download_url": "//api.anaconda.org/download/bioconda/bioconductor-basespacer/1.22.0/linux-64/bioconductor-basespacer-1.22.0-r3.4.1_0.tar.bz2",
            "full_name": "bioconda/bioconductor-basespacer/1.22.0/linux-64/bioconductor-basespacer-1.22.0-r3.4.1_0.tar.bz2",
            "labels": [
                "main",
                "cf201901"
            ],
            "md5": "2b809b869cebcb0bbaeb70bebb23d45c",
            "ndownloads": 637,
            "owner": "bioconda",
            "size": 555078,
            "type": "conda",
            "upload_time": "2017-11-05 20:55:56.688000+00:00",
            "version": "1.22.0"
        },
        {
            "attrs": {
                "arch": "x86_64",
                "build": "r351_0",
                "build_number": 0,
                "depends": [
                    "r-base >=3.5.1,<3.5.2.0a0",
                    "r-rcurl",
                    "r-rjsonio"
                ],
                "has_prefix": false,
                "license": "Apache License 2.0",
                "machine": "x86_64",
                "operatingsystem": "darwin",
                "platform": "osx",
                "subdir": "osx-64",
                "target-triplet": "x86_64-any-darwin",
                "timestamp": 1540514483003
            },
            "basename": "osx-64/bioconductor-basespacer-1.24.0-r351_0.tar.bz2",
            "dependencies": {
                "depends": [
                    {
                        "name": "r-base",
                        "specs": [
                            [
                                ">=",
                                "3.5.1,<3.5.2.0a0"
                            ]
                        ]
                    },
                    {
                        "name": "r-rcurl",
                        "specs": []
                    },
                    {
                        "name": "r-rjsonio",
                        "specs": []
                    }
                ]
            },
            "description": null,
            "distribution_type": "conda",
            "download_url": "//api.anaconda.org/download/bioconda/bioconductor-basespacer/1.24.0/osx-64/bioconductor-basespacer-1.24.0-r351_0.tar.bz2",
            "full_name": "bioconda/bioconductor-basespacer/1.24.0/osx-64/bioconductor-basespacer-1.24.0-r351_0.tar.bz2",
            "labels": [
                "main",
                "cf201901"
            ],
            "md5": "acde27da0f2fecb852a1d4f27172d24b",
            "ndownloads": 1059,
            "owner": "bioconda",
            "size": 629029,
            "type": "conda",
            "upload_time": "2018-10-26 00:42:06.073000+00:00",
            "version": "1.24.0"
        },
        {
            "attrs": {
                "arch": "x86_64",
                "build": "r341_0",
                "build_number": 0,
                "depends": [
                    "r-base >=3.4.1,<3.4.2.0a0",
                    "r-rcurl",
                    "r-rjsonio"
                ],
                "has_prefix": false,
                "license": "Apache License 2.0",
                "machine": "x86_64",
                "operatingsystem": "darwin",
                "platform": "osx",
                "subdir": "osx-64",
                "target-triplet": "x86_64-any-darwin",
                "timestamp": 1540514409419
            },
            "basename": "osx-64/bioconductor-basespacer-1.24.0-r341_0.tar.bz2",
            "dependencies": {
                "depends": [
                    {
                        "name": "r-base",
                        "specs": [
                            [
                                ">=",
                                "3.4.1,<3.4.2.0a0"
                            ]
                        ]
                    },
                    {
                        "name": "r-rcurl",
                        "specs": []
                    },
                    {
                        "name": "r-rjsonio",
                        "specs": []
                    }
                ]
            },
            "description": null,
            "distribution_type": "conda",
            "download_url": "//api.anaconda.org/download/bioconda/bioconductor-basespacer/1.24.0/osx-64/bioconductor-basespacer-1.24.0-r341_0.tar.bz2",
            "full_name": "bioconda/bioconductor-basespacer/1.24.0/osx-64/bioconductor-basespacer-1.24.0-r341_0.tar.bz2",
            "labels": [
                "main",
                "cf201901"
            ],
            "md5": "2e85d7f4a48801e1371deef3843f09dd",
            "ndownloads": 183,
            "owner": "bioconda",
            "size": 555956,
            "type": "conda",
            "upload_time": "2018-10-26 00:42:01.926000+00:00",
            "version": "1.24.0"
        },
        {
            "attrs": {
                "arch": "x86_64",
                "build": "r351_0",
                "build_number": 0,
                "depends": [
                    "r-base >=3.5.1,<3.5.2.0a0",
                    "r-rcurl",
                    "r-rjsonio"
                ],
                "has_prefix": false,
                "license": "Apache License 2.0",
                "machine": "x86_64",
                "operatingsystem": "linux",
                "platform": "linux",
                "subdir": "linux-64",
                "target-triplet": "x86_64-any-linux",
                "timestamp": 1540761679759
            },
            "basename": "linux-64/bioconductor-basespacer-1.24.0-r351_0.tar.bz2",
            "dependencies": {
                "depends": [
                    {
                        "name": "r-base",
                        "specs": [
                            [
                                ">=",
                                "3.5.1,<3.5.2.0a0"
                            ]
                        ]
                    },
                    {
                        "name": "r-rcurl",
                        "specs": []
                    },
                    {
                        "name": "r-rjsonio",
                        "specs": []
                    }
                ]
            },
            "description": null,
            "distribution_type": "conda",
            "download_url": "//api.anaconda.org/download/bioconda/bioconductor-basespacer/1.24.0/linux-64/bioconductor-basespacer-1.24.0-r351_0.tar.bz2",
            "full_name": "bioconda/bioconductor-basespacer/1.24.0/linux-64/bioconductor-basespacer-1.24.0-r351_0.tar.bz2",
            "labels": [
                "main",
                "cf201901"
            ],
            "md5": "1fb78bec033585b3d8395c9872eb2cc0",
            "ndownloads": 162,
            "owner": "bioconda",
            "size": 628401,
            "type": "conda",
            "upload_time": "2018-10-28 21:26:03.223000+00:00",
            "version": "1.24.0"
        },
        {
            "attrs": {
                "arch": "x86_64",
                "build": "r341_0",
                "build_number": 0,
                "depends": [
                    "r-base >=3.4.1,<3.4.2.0a0",
                    "r-rcurl",
                    "r-rjsonio"
                ],
                "has_prefix": false,
                "license": "Apache License 2.0",
                "machine": "x86_64",
                "operatingsystem": "linux",
                "platform": "linux",
                "subdir": "linux-64",
                "target-triplet": "x86_64-any-linux",
                "timestamp": 1540761621060
            },
            "basename": "linux-64/bioconductor-basespacer-1.24.0-r341_0.tar.bz2",
            "dependencies": {
                "depends": [
                    {
                        "name": "r-base",
                        "specs": [
                            [
                                ">=",
                                "3.4.1,<3.4.2.0a0"
                            ]
                        ]
                    },
                    {
                        "name": "r-rcurl",
                        "specs": []
                    },
                    {
                        "name": "r-rjsonio",
                        "specs": []
                    }
                ]
            },
            "description": null,
            "distribution_type": "conda",
            "download_url": "//api.anaconda.org/download/bioconda/bioconductor-basespacer/1.24.0/linux-64/bioconductor-basespacer-1.24.0-r341_0.tar.bz2",
            "full_name": "bioconda/bioconductor-basespacer/1.24.0/linux-64/bioconductor-basespacer-1.24.0-r341_0.tar.bz2",
            "labels": [
                "main",
                "cf201901"
            ],
            "md5": "c0f82285c24eb6ef46b8dbbacd9e3d14",
            "ndownloads": 277,
            "owner": "bioconda",
            "size": 555521,
            "type": "conda",
            "upload_time": "2018-10-28 21:26:06.856000+00:00",
            "version": "1.24.0"
        },
        {
            "attrs": {
                "arch": "x86_64",
                "build": "r3.4.1_0",
                "build_number": 0,
                "depends": [
                    "r-base 3.4.1*",
                    "r-rcurl",
                    "r-rjsonio"
                ],
                "has_prefix": false,
                "license": "Apache License 2.0",
                "machine": "x86_64",
                "operatingsystem": "darwin",
                "platform": "osx",
                "subdir": "osx-64",
                "target-triplet": "x86_64-any-darwin"
            },
            "basename": "osx-64/bioconductor-basespacer-1.20.0-r3.4.1_0.tar.bz2",
            "dependencies": {
                "depends": [
                    {
                        "name": "r-base",
                        "specs": [
                            [
                                "==",
                                "3.4.1"
                            ]
                        ]
                    },
                    {
                        "name": "r-rcurl",
                        "specs": []
                    },
                    {
                        "name": "r-rjsonio",
                        "specs": []
                    }
                ]
            },
            "description": null,
            "distribution_type": "conda",
            "download_url": "//api.anaconda.org/download/bioconda/bioconductor-basespacer/1.20.0/osx-64/bioconductor-basespacer-1.20.0-r3.4.1_0.tar.bz2",
            "full_name": "bioconda/bioconductor-basespacer/1.20.0/osx-64/bioconductor-basespacer-1.20.0-r3.4.1_0.tar.bz2",
            "labels": [
                "main",
                "cf201901"
            ],
            "md5": "913f9ff5e960afdde88e2d5d0234fe07",
            "ndownloads": 1166,
            "owner": "bioconda",
            "size": 554183,
            "type": "conda",
            "upload_time": "2017-09-18 00:44:30.208000+00:00",
            "version": "1.20.0"
        },
        {
            "attrs": {
                "arch": "x86_64",
                "build": "r3.4.1_0",
                "build_number": 0,
                "depends": [
                    "r-base 3.4.1*",
                    "r-rcurl",
                    "r-rjsonio"
                ],
                "has_prefix": false,
                "license": "Apache License 2.0",
                "machine": "x86_64",
                "operatingsystem": "darwin",
                "platform": "osx",
                "subdir": "osx-64",
                "target-triplet": "x86_64-any-darwin"
            },
            "basename": "osx-64/bioconductor-basespacer-1.22.0-r3.4.1_0.tar.bz2",
            "dependencies": {
                "depends": [
                    {
                        "name": "r-base",
                        "specs": [
                            [
                                "==",
                                "3.4.1"
                            ]
                        ]
                    },
                    {
                        "name": "r-rcurl",
                        "specs": []
                    },
                    {
                        "name": "r-rjsonio",
                        "specs": []
                    }
                ]
            },
            "description": null,
            "distribution_type": "conda",
            "download_url": "//api.anaconda.org/download/bioconda/bioconductor-basespacer/1.22.0/osx-64/bioconductor-basespacer-1.22.0-r3.4.1_0.tar.bz2",
            "full_name": "bioconda/bioconductor-basespacer/1.22.0/osx-64/bioconductor-basespacer-1.22.0-r3.4.1_0.tar.bz2",
            "labels": [
                "main",
                "cf201901"
            ],
            "md5": "a3da253d09b1f378742df62a897d7e2e",
            "ndownloads": 1262,
            "owner": "bioconda",
            "size": 554538,
            "type": "conda",
            "upload_time": "2017-11-05 18:56:10.799000+00:00",
            "version": "1.22.0"
        },
        {
            "attrs": {
                "arch": "x86_64",
                "build": "r3.3.2_0",
                "build_number": 0,
                "depends": [
                    "r-base 3.3.2*",
                    "r-rcurl",
                    "r-rjsonio"
                ],
                "has_prefix": false,
                "license": "Apache License 2.0",
                "machine": "x86_64",
                "operatingsystem": "darwin",
                "platform": "osx",
                "subdir": "osx-64",
                "target-triplet": "x86_64-any-darwin"
            },
            "basename": "osx-64/bioconductor-basespacer-1.20.0-r3.3.2_0.tar.bz2",
            "dependencies": {
                "depends": [
                    {
                        "name": "r-base",
                        "specs": [
                            [
                                "==",
                                "3.3.2"
                            ]
                        ]
                    },
                    {
                        "name": "r-rcurl",
                        "specs": []
                    },
                    {
                        "name": "r-rjsonio",
                        "specs": []
                    }
                ]
            },
            "description": null,
            "distribution_type": "conda",
            "download_url": "//api.anaconda.org/download/bioconda/bioconductor-basespacer/1.20.0/osx-64/bioconductor-basespacer-1.20.0-r3.3.2_0.tar.bz2",
            "full_name": "bioconda/bioconductor-basespacer/1.20.0/osx-64/bioconductor-basespacer-1.20.0-r3.3.2_0.tar.bz2",
            "labels": [
                "main",
                "cf201901"
            ],
            "md5": "00f6ff38b6ffa10eda7f201fd3d9b775",
            "ndownloads": 46,
            "owner": "bioconda",
            "size": 533511,
            "type": "conda",
            "upload_time": "2017-08-29 14:06:16.310000+00:00",
            "version": "1.20.0"
        },
        {
            "attrs": {
                "arch": "x86_64",
                "build": "r3.3.2_0",
                "build_number": 0,
                "depends": [
                    "r-base 3.3.2*",
                    "r-rcurl",
                    "r-rjsonio"
                ],
                "has_prefix": false,
                "license": "Apache License 2.0",
                "machine": "x86_64",
                "operatingsystem": "linux",
                "platform": "linux",
                "subdir": "linux-64",
                "target-triplet": "x86_64-any-linux"
            },
            "basename": "linux-64/bioconductor-basespacer-1.20.0-r3.3.2_0.tar.bz2",
            "dependencies": {
                "depends": [
                    {
                        "name": "r-base",
                        "specs": [
                            [
                                "==",
                                "3.3.2"
                            ]
                        ]
                    },
                    {
                        "name": "r-rcurl",
                        "specs": []
                    },
                    {
                        "name": "r-rjsonio",
                        "specs": []
                    }
                ]
            },
            "description": null,
            "distribution_type": "conda",
            "download_url": "//api.anaconda.org/download/bioconda/bioconductor-basespacer/1.20.0/linux-64/bioconductor-basespacer-1.20.0-r3.3.2_0.tar.bz2",
            "full_name": "bioconda/bioconductor-basespacer/1.20.0/linux-64/bioconductor-basespacer-1.20.0-r3.3.2_0.tar.bz2",
            "labels": [
                "main",
                "cf201901"
            ],
            "md5": "8523878a3fd6fc96887bb25036f46db2",
            "ndownloads": 590,
            "owner": "bioconda",
            "size": 533713,
            "type": "conda",
            "upload_time": "2017-08-29 14:08:07.492000+00:00",
            "version": "1.20.0"
        },
        {
            "attrs": {
                "arch": "x86_64",
                "build": "r3.4.1_0",
                "build_number": 0,
                "depends": [
                    "r-base 3.4.1*",
                    "r-rcurl",
                    "r-rjsonio"
                ],
                "has_prefix": false,
                "license": "Apache License 2.0",
                "machine": "x86_64",
                "operatingsystem": "linux",
                "platform": "linux",
                "subdir": "linux-64",
                "target-triplet": "x86_64-any-linux"
            },
            "basename": "linux-64/bioconductor-basespacer-1.20.0-r3.4.1_0.tar.bz2",
            "dependencies": {
                "depends": [
                    {
                        "name": "r-base",
                        "specs": [
                            [
                                "==",
                                "3.4.1"
                            ]
                        ]
                    },
                    {
                        "name": "r-rcurl",
                        "specs": []
                    },
                    {
                        "name": "r-rjsonio",
                        "specs": []
                    }
                ]
            },
            "description": null,
            "distribution_type": "conda",
            "download_url": "//api.anaconda.org/download/bioconda/bioconductor-basespacer/1.20.0/linux-64/bioconductor-basespacer-1.20.0-r3.4.1_0.tar.bz2",
            "full_name": "bioconda/bioconductor-basespacer/1.20.0/linux-64/bioconductor-basespacer-1.20.0-r3.4.1_0.tar.bz2",
            "labels": [
                "main",
                "cf201901"
            ],
            "md5": "e8979f05828cd6accf5eaba9b939d64d",
            "ndownloads": 509,
            "owner": "bioconda",
            "size": 554353,
            "type": "conda",
            "upload_time": "2017-09-18 16:53:28.446000+00:00",
            "version": "1.20.0"
        },
        {
            "attrs": {
                "arch": null,
                "build": "r351_0",
                "build_number": 0,
                "depends": [
                    "r-base >=3.5.1,<3.5.2.0a0",
                    "r-rcurl",
                    "r-rjsonio"
                ],
                "has_prefix": false,
                "license": "Apache License 2.0",
                "machine": null,
                "noarch": "generic",
                "operatingsystem": null,
                "platform": null,
                "subdir": "noarch",
                "target-triplet": "None-any-None",
                "timestamp": 1546953387334
            },
            "basename": "noarch/bioconductor-basespacer-1.26.0-r351_0.tar.bz2",
            "dependencies": {
                "depends": [
                    {
                        "name": "r-base",
                        "specs": [
                            [
                                ">=",
                                "3.5.1,<3.5.2.0a0"
                            ]
                        ]
                    },
                    {
                        "name": "r-rcurl",
                        "specs": []
                    },
                    {
                        "name": "r-rjsonio",
                        "specs": []
                    }
                ]
            },
            "description": null,
            "distribution_type": "conda",
            "download_url": "//api.anaconda.org/download/bioconda/bioconductor-basespacer/1.26.0/noarch/bioconductor-basespacer-1.26.0-r351_0.tar.bz2",
            "full_name": "bioconda/bioconductor-basespacer/1.26.0/noarch/bioconductor-basespacer-1.26.0-r351_0.tar.bz2",
            "labels": [
                "gcc7",
                "main"
            ],
            "md5": "a7f41c1e05b568e81f4ef17865dbbf00",
            "ndownloads": 97,
            "owner": "bioconda",
            "size": 630214,
            "type": "conda",
            "upload_time": "2019-01-08 13:19:10.918000+00:00",
            "version": "1.26.0"
        },
        {
            "attrs": {
                "arch": null,
                "build": "r351_0",
                "build_number": 0,
                "depends": [
                    "r-base >=3.5.1,<3.5.2.0a0",
                    "r-rcurl",
                    "r-rjsonio"
                ],
                "has_prefix": false,
                "license": "Apache License 2.0",
                "machine": null,
                "noarch": "generic",
                "operatingsystem": null,
                "platform": null,
                "subdir": "noarch",
                "target-triplet": "None-any-None",
                "timestamp": 1557778688597
            },
            "basename": "noarch/bioconductor-basespacer-1.28.0-r351_0.tar.bz2",
            "dependencies": {
                "depends": [
                    {
                        "name": "r-base",
                        "specs": [
                            [
                                ">=",
                                "3.5.1,<3.5.2.0a0"
                            ]
                        ]
                    },
                    {
                        "name": "r-rcurl",
                        "specs": []
                    },
                    {
                        "name": "r-rjsonio",
                        "specs": []
                    }
                ]
            },
            "description": null,
            "distribution_type": "conda",
            "download_url": "//api.anaconda.org/download/bioconda/bioconductor-basespacer/1.28.0/noarch/bioconductor-basespacer-1.28.0-r351_0.tar.bz2",
            "full_name": "bioconda/bioconductor-basespacer/1.28.0/noarch/bioconductor-basespacer-1.28.0-r351_0.tar.bz2",
            "labels": [
                "main"
            ],
            "md5": "86c4d82c3deba9fb53a8a7a79fcc3193",
            "ndownloads": 93,
            "owner": "bioconda",
            "size": 629798,
            "type": "conda",
            "upload_time": "2019-05-13 20:22:06.821000+00:00",
            "version": "1.28.0"
        },
        {
            "attrs": {
                "arch": null,
                "build": "r36_1",
                "build_number": 1,
                "depends": [
                    "r-base >=3.6,<3.7.0a0",
                    "r-rcurl",
                    "r-rjsonio"
                ],
                "has_prefix": false,
                "license": "Apache License 2.0",
                "machine": null,
                "noarch": "generic",
                "operatingsystem": null,
                "platform": null,
                "subdir": "noarch",
                "target-triplet": "None-any-None",
                "timestamp": 1563290487956
            },
            "basename": "noarch/bioconductor-basespacer-1.28.0-r36_1.tar.bz2",
            "dependencies": {
                "depends": [
                    {
                        "name": "r-base",
                        "specs": [
                            [
                                ">=",
                                "3.6,<3.7.0a0"
                            ]
                        ]
                    },
                    {
                        "name": "r-rcurl",
                        "specs": []
                    },
                    {
                        "name": "r-rjsonio",
                        "specs": []
                    }
                ]
            },
            "description": null,
            "distribution_type": "conda",
            "download_url": "//api.anaconda.org/download/bioconda/bioconductor-basespacer/1.28.0/noarch/bioconductor-basespacer-1.28.0-r36_1.tar.bz2",
            "full_name": "bioconda/bioconductor-basespacer/1.28.0/noarch/bioconductor-basespacer-1.28.0-r36_1.tar.bz2",
            "labels": [
                "main"
            ],
            "md5": "b4d1e1df3d6d981736f936c025e43e58",
            "ndownloads": 51,
            "owner": "bioconda",
            "size": 627727,
            "type": "conda",
            "upload_time": "2019-07-16 15:25:24.300000+00:00",
            "version": "1.28.0"
        },
        {
            "attrs": {
                "arch": null,
                "build": "r36_0",
                "build_number": 0,
                "depends": [
                    "r-base >=3.6,<3.7.0a0",
                    "r-rcurl",
                    "r-rjsonio"
                ],
                "has_prefix": false,
                "license": "Apache License 2.0",
                "machine": null,
                "noarch": "generic",
                "operatingsystem": null,
                "platform": null,
                "subdir": "noarch",
                "target-triplet": "None-any-None",
                "timestamp": 1572621842852
            },
            "basename": "noarch/bioconductor-basespacer-1.30.0-r36_0.tar.bz2",
            "dependencies": {
                "depends": [
                    {
                        "name": "r-base",
                        "specs": [
                            [
                                ">=",
                                "3.6,<3.7.0a0"
                            ]
                        ]
                    },
                    {
                        "name": "r-rcurl",
                        "specs": []
                    },
                    {
                        "name": "r-rjsonio",
                        "specs": []
                    }
                ]
            },
            "description": null,
            "distribution_type": "conda",
            "download_url": "//api.anaconda.org/download/bioconda/bioconductor-basespacer/1.30.0/noarch/bioconductor-basespacer-1.30.0-r36_0.tar.bz2",
            "full_name": "bioconda/bioconductor-basespacer/1.30.0/noarch/bioconductor-basespacer-1.30.0-r36_0.tar.bz2",
            "labels": [
                "main"
            ],
            "md5": "f79b1618a43cea5649959562610d7146",
            "ndownloads": 45,
            "owner": "bioconda",
            "size": 632073,
            "type": "conda",
            "upload_time": "2019-11-01 15:29:06.891000+00:00",
            "version": "1.30.0"
        },
        {
            "attrs": {
                "arch": null,
                "build": "r40_0",
                "build_number": 0,
                "depends": [
                    "r-base >=4.0,<4.1.0a0",
                    "r-rcurl",
                    "r-rjsonio"
                ],
                "has_prefix": false,
                "license": "Apache License 2.0",
                "machine": null,
                "noarch": "generic",
                "operatingsystem": null,
                "platform": null,
                "subdir": "noarch",
                "target-triplet": "None-any-None",
                "timestamp": 1589028930303
            },
            "basename": "noarch/bioconductor-basespacer-1.32.0-r40_0.tar.bz2",
            "dependencies": {
                "depends": [
                    {
                        "name": "r-base",
                        "specs": [
                            [
                                ">=",
                                "4.0,<4.1.0a0"
                            ]
                        ]
                    },
                    {
                        "name": "r-rcurl",
                        "specs": []
                    },
                    {
                        "name": "r-rjsonio",
                        "specs": []
                    }
                ]
            },
            "description": null,
            "distribution_type": "conda",
            "download_url": "//api.anaconda.org/download/bioconda/bioconductor-basespacer/1.32.0/noarch/bioconductor-basespacer-1.32.0-r40_0.tar.bz2",
            "full_name": "bioconda/bioconductor-basespacer/1.32.0/noarch/bioconductor-basespacer-1.32.0-r40_0.tar.bz2",
            "labels": [
                "main"
            ],
            "md5": "6842e23e0b28499c81ffeb69a3876aa4",
            "ndownloads": 15,
            "owner": "bioconda",
            "size": 670566,
            "type": "conda",
            "upload_time": "2020-05-09 12:59:35.661000+00:00",
            "version": "1.32.0"
        }
    ],
    "full_name": "bioconda/bioconductor-basespacer",
    "home": "http://bioconductor.org/packages/3.5/bioc/html/BaseSpaceR.html",
    "html_url": "http://anaconda.org/bioconda/bioconductor-basespacer",
    "id": "59a574d76cbc35130c489c72",
    "latest_version": "1.32.0",
    "license": "Apache License 2.0",
    "license_url": null,
    "modified_at": "2020-05-09 12:59:35.879000+00:00",
    "name": "bioconductor-basespacer",
    "owner": {
        "company": "",
        "created_at": "2015-09-11 22:59:20.880000+00:00",
        "description": "Bioconda is a distribution of bioinformatics software realized as a channel for the versatile Conda package manager.",
        "location": "",
        "login": "bioconda",
        "name": "bioconda",
        "url": "",
        "user_type": "org"
    },
    "package_types": [
        "conda"
    ],
    "public": true,
    "releases": [
        {
            "distributions": [],
            "full_name": "bioconda/bioconductor-basespacer/1.20.0",
            "version": "1.20.0"
        },
        {
            "distributions": [],
            "full_name": "bioconda/bioconductor-basespacer/1.22.0",
            "version": "1.22.0"
        },
        {
            "distributions": [],
            "full_name": "bioconda/bioconductor-basespacer/1.24.0",
            "version": "1.24.0"
        },
        {
            "distributions": [],
            "full_name": "bioconda/bioconductor-basespacer/1.26.0",
            "version": "1.26.0"
        },
        {
            "distributions": [],
            "full_name": "bioconda/bioconductor-basespacer/1.28.0",
            "version": "1.28.0"
        },
        {
            "distributions": [],
            "full_name": "bioconda/bioconductor-basespacer/1.30.0",
            "version": "1.30.0"
        },
        {
            "distributions": [],
            "full_name": "bioconda/bioconductor-basespacer/1.32.0",
            "version": "1.32.0"
        }
    ],
    "revision": 14,
    "source_git_tag": null,
    "source_git_url": null,
    "summary": "R SDK for BaseSpace RESTful API",
    "upvoted": 0,
    "url": "http://api.anaconda.org/packages/bioconda/bioconductor-basespacer",
    "versions": [
        "1.20.0",
        "1.22.0",
        "1.24.0",
        "1.26.0",
        "1.28.0",
        "1.30.0",
        "1.32.0"
    ],
    "watchers": 1
}