{
    "app_entry": {},
    "app_summary": {},
    "app_type": {},
    "builds": [
        "r351_0",
        "r36_1",
        "r40_0",
        "r36_0"
    ],
    "conda_platforms": [
        "noarch"
    ],
    "created_at": "2018-12-14 21:08:17.892000+00:00",
    "description": "A Bioconductor data package for the Taylor et al (2010) dataset.",
    "dev_url": null,
    "doc_url": null,
    "files": [
        {
            "attrs": {
                "arch": null,
                "build": "r351_0",
                "build_number": 0,
                "depends": [
                    "bioconductor-biobase >=2.42.0,<2.43.0",
                    "r-base >=3.5.1,<3.5.2.0a0",
                    "wget"
                ],
                "has_prefix": false,
                "license": "Artistic-2.0",
                "machine": null,
                "noarch": "generic",
                "operatingsystem": null,
                "platform": null,
                "subdir": "noarch",
                "target-triplet": "None-any-None",
                "timestamp": 1544821460076
            },
            "basename": "noarch/bioconductor-prostatecancertaylor-1.10.0-r351_0.tar.bz2",
            "dependencies": {
                "depends": [
                    {
                        "name": "bioconductor-biobase",
                        "specs": [
                            [
                                ">=",
                                "2.42.0,<2.43.0"
                            ]
                        ]
                    },
                    {
                        "name": "r-base",
                        "specs": [
                            [
                                ">=",
                                "3.5.1,<3.5.2.0a0"
                            ]
                        ]
                    },
                    {
                        "name": "wget",
                        "specs": []
                    }
                ]
            },
            "description": null,
            "distribution_type": "conda",
            "download_url": "//api.anaconda.org/download/bioconda/bioconductor-prostatecancertaylor/1.10.0/noarch/bioconductor-prostatecancertaylor-1.10.0-r351_0.tar.bz2",
            "full_name": "bioconda/bioconductor-prostatecancertaylor/1.10.0/noarch/bioconductor-prostatecancertaylor-1.10.0-r351_0.tar.bz2",
            "labels": [
                "gcc7",
                "main"
            ],
            "md5": "9d7a731c7ba4c50178dfd8ac34605519",
            "ndownloads": 89,
            "owner": "bioconda",
            "size": 6005,
            "type": "conda",
            "upload_time": "2018-12-14 21:08:18.598000+00:00",
            "version": "1.10.0"
        },
        {
            "attrs": {
                "arch": null,
                "build": "r36_1",
                "build_number": 1,
                "depends": [
                    "bioconductor-biobase >=2.44.0,<2.45.0",
                    "curl >=7.65.3,<8.0a0",
                    "r-base >=3.6,<3.7.0a0"
                ],
                "has_prefix": false,
                "license": "Artistic-2.0",
                "machine": null,
                "noarch": "generic",
                "operatingsystem": null,
                "platform": null,
                "subdir": "noarch",
                "target-triplet": "None-any-None",
                "timestamp": 1563967611405
            },
            "basename": "noarch/bioconductor-prostatecancertaylor-1.12.0-r36_1.tar.bz2",
            "dependencies": {
                "depends": [
                    {
                        "name": "bioconductor-biobase",
                        "specs": [
                            [
                                ">=",
                                "2.44.0,<2.45.0"
                            ]
                        ]
                    },
                    {
                        "name": "curl",
                        "specs": [
                            [
                                ">=",
                                "7.65.3,<8.0a0"
                            ]
                        ]
                    },
                    {
                        "name": "r-base",
                        "specs": [
                            [
                                ">=",
                                "3.6,<3.7.0a0"
                            ]
                        ]
                    }
                ]
            },
            "description": null,
            "distribution_type": "conda",
            "download_url": "//api.anaconda.org/download/bioconda/bioconductor-prostatecancertaylor/1.12.0/noarch/bioconductor-prostatecancertaylor-1.12.0-r36_1.tar.bz2",
            "full_name": "bioconda/bioconductor-prostatecancertaylor/1.12.0/noarch/bioconductor-prostatecancertaylor-1.12.0-r36_1.tar.bz2",
            "labels": [
                "main"
            ],
            "md5": "44a22a68f98fe6e8a2e03d04d59b9c7b",
            "ndownloads": 50,
            "owner": "bioconda",
            "size": 6484,
            "type": "conda",
            "upload_time": "2019-07-24 11:31:07.138000+00:00",
            "version": "1.12.0"
        },
        {
            "attrs": {
                "arch": null,
                "build": "r36_0",
                "build_number": 0,
                "depends": [
                    "bioconductor-biobase >=2.46.0,<2.47.0",
                    "curl >=7.65.3,<8.0a0",
                    "r-base >=3.6,<3.7.0a0"
                ],
                "has_prefix": false,
                "license": "Artistic-2.0",
                "machine": null,
                "noarch": "generic",
                "operatingsystem": null,
                "platform": null,
                "subdir": "noarch",
                "target-triplet": "None-any-None",
                "timestamp": 1573068640163
            },
            "basename": "noarch/bioconductor-prostatecancertaylor-1.14.0-r36_0.tar.bz2",
            "dependencies": {
                "depends": [
                    {
                        "name": "bioconductor-biobase",
                        "specs": [
                            [
                                ">=",
                                "2.46.0,<2.47.0"
                            ]
                        ]
                    },
                    {
                        "name": "curl",
                        "specs": [
                            [
                                ">=",
                                "7.65.3,<8.0a0"
                            ]
                        ]
                    },
                    {
                        "name": "r-base",
                        "specs": [
                            [
                                ">=",
                                "3.6,<3.7.0a0"
                            ]
                        ]
                    }
                ]
            },
            "description": null,
            "distribution_type": "conda",
            "download_url": "//api.anaconda.org/download/bioconda/bioconductor-prostatecancertaylor/1.14.0/noarch/bioconductor-prostatecancertaylor-1.14.0-r36_0.tar.bz2",
            "full_name": "bioconda/bioconductor-prostatecancertaylor/1.14.0/noarch/bioconductor-prostatecancertaylor-1.14.0-r36_0.tar.bz2",
            "labels": [
                "main"
            ],
            "md5": "954014cd1683c8152a13801d86ddc7b6",
            "ndownloads": 38,
            "owner": "bioconda",
            "size": 6598,
            "type": "conda",
            "upload_time": "2019-11-06 19:36:04.115000+00:00",
            "version": "1.14.0"
        },
        {
            "attrs": {
                "arch": null,
                "build": "r40_0",
                "build_number": 0,
                "depends": [
                    "bioconductor-biobase >=2.48.0,<2.49.0",
                    "curl >=7.69.1,<8.0a0",
                    "r-base >=4.0,<4.1.0a0"
                ],
                "has_prefix": false,
                "license": "Artistic-2.0",
                "machine": null,
                "noarch": "generic",
                "operatingsystem": null,
                "platform": null,
                "subdir": "noarch",
                "target-triplet": "None-any-None",
                "timestamp": 1589060935048
            },
            "basename": "noarch/bioconductor-prostatecancertaylor-1.16.0-r40_0.tar.bz2",
            "dependencies": {
                "depends": [
                    {
                        "name": "bioconductor-biobase",
                        "specs": [
                            [
                                ">=",
                                "2.48.0,<2.49.0"
                            ]
                        ]
                    },
                    {
                        "name": "curl",
                        "specs": [
                            [
                                ">=",
                                "7.69.1,<8.0a0"
                            ]
                        ]
                    },
                    {
                        "name": "r-base",
                        "specs": [
                            [
                                ">=",
                                "4.0,<4.1.0a0"
                            ]
                        ]
                    }
                ]
            },
            "description": null,
            "distribution_type": "conda",
            "download_url": "//api.anaconda.org/download/bioconda/bioconductor-prostatecancertaylor/1.16.0/noarch/bioconductor-prostatecancertaylor-1.16.0-r40_0.tar.bz2",
            "full_name": "bioconda/bioconductor-prostatecancertaylor/1.16.0/noarch/bioconductor-prostatecancertaylor-1.16.0-r40_0.tar.bz2",
            "labels": [
                "main"
            ],
            "md5": "57b41b67842a3cd476a37f8cca3170f2",
            "ndownloads": 12,
            "owner": "bioconda",
            "size": 6975,
            "type": "conda",
            "upload_time": "2020-05-09 21:54:32.325000+00:00",
            "version": "1.16.0"
        }
    ],
    "full_name": "bioconda/bioconductor-prostatecancertaylor",
    "home": "https://bioconductor.org/packages/3.8/data/experiment/html/prostateCancerTaylor.html",
    "html_url": "http://anaconda.org/bioconda/bioconductor-prostatecancertaylor",
    "id": "5c141bc1036b8613528e3f7f",
    "latest_version": "1.16.0",
    "license": "Artistic-2.0",
    "license_url": null,
    "modified_at": "2020-05-09 21:54:32.544000+00:00",
    "name": "bioconductor-prostatecancertaylor",
    "owner": {
        "company": "",
        "created_at": "2015-09-11 22:59:20.880000+00:00",
        "description": "Bioconda is a distribution of bioinformatics software realized as a channel for the versatile Conda package manager.",
        "location": "",
        "login": "bioconda",
        "name": "bioconda",
        "url": "",
        "user_type": "org"
    },
    "package_types": [
        "conda"
    ],
    "public": true,
    "releases": [
        {
            "distributions": [],
            "full_name": "bioconda/bioconductor-prostatecancertaylor/1.10.0",
            "version": "1.10.0"
        },
        {
            "distributions": [],
            "full_name": "bioconda/bioconductor-prostatecancertaylor/1.12.0",
            "version": "1.12.0"
        },
        {
            "distributions": [],
            "full_name": "bioconda/bioconductor-prostatecancertaylor/1.13.0",
            "version": "1.13.0"
        },
        {
            "distributions": [],
            "full_name": "bioconda/bioconductor-prostatecancertaylor/1.14.0",
            "version": "1.14.0"
        },
        {
            "distributions": [],
            "full_name": "bioconda/bioconductor-prostatecancertaylor/1.16.0",
            "version": "1.16.0"
        }
    ],
    "revision": 10,
    "source_git_tag": null,
    "source_git_url": null,
    "summary": "Prostate Cancer Data",
    "upvoted": 0,
    "url": "http://api.anaconda.org/packages/bioconda/bioconductor-prostatecancertaylor",
    "versions": [
        "1.10.0",
        "1.12.0",
        "1.13.0",
        "1.14.0",
        "1.16.0"
    ],
    "watchers": 1
}