{
    "app_entry": {},
    "app_summary": {},
    "app_type": {},
    "builds": [
        "r40_0"
    ],
    "conda_platforms": [
        "noarch"
    ],
    "created_at": "2020-05-10 14:46:12.904000+00:00",
    "description": "Store phastCons30way.UCSC.hg38 AnnotationHub Resource Metadata.",
    "dev_url": null,
    "doc_url": null,
    "files": [
        {
            "attrs": {
                "arch": null,
                "build": "r40_0",
                "build_number": 0,
                "depends": [
                    "bioconductor-annotationhub >=2.20.0,<2.21.0",
                    "bioconductor-genomicscores >=2.0.0,<2.1.0",
                    "curl >=7.69.1,<8.0a0",
                    "r-base >=4.0,<4.1.0a0"
                ],
                "has_prefix": false,
                "license": "Artistic-2.0",
                "machine": null,
                "noarch": "generic",
                "operatingsystem": null,
                "platform": null,
                "subdir": "noarch",
                "target-triplet": "None-any-None",
                "timestamp": 1589121637022
            },
            "basename": "noarch/bioconductor-phastcons30way.ucsc.hg38-3.11.1-r40_0.tar.bz2",
            "dependencies": {
                "depends": [
                    {
                        "name": "bioconductor-annotationhub",
                        "specs": [
                            [
                                ">=",
                                "2.20.0,<2.21.0"
                            ]
                        ]
                    },
                    {
                        "name": "bioconductor-genomicscores",
                        "specs": [
                            [
                                ">=",
                                "2.0.0,<2.1.0"
                            ]
                        ]
                    },
                    {
                        "name": "curl",
                        "specs": [
                            [
                                ">=",
                                "7.69.1,<8.0a0"
                            ]
                        ]
                    },
                    {
                        "name": "r-base",
                        "specs": [
                            [
                                ">=",
                                "4.0,<4.1.0a0"
                            ]
                        ]
                    }
                ]
            },
            "description": null,
            "distribution_type": "conda",
            "download_url": "//api.anaconda.org/download/bioconda/bioconductor-phastcons30way.ucsc.hg38/3.11.1/noarch/bioconductor-phastcons30way.ucsc.hg38-3.11.1-r40_0.tar.bz2",
            "full_name": "bioconda/bioconductor-phastcons30way.ucsc.hg38/3.11.1/noarch/bioconductor-phastcons30way.ucsc.hg38-3.11.1-r40_0.tar.bz2",
            "labels": [
                "main"
            ],
            "md5": "5c458c00787adc33dd257f13e45f0d7b",
            "ndownloads": 16,
            "owner": "bioconda",
            "size": 7669,
            "type": "conda",
            "upload_time": "2020-05-10 14:46:13.755000+00:00",
            "version": "3.11.1"
        }
    ],
    "full_name": "bioconda/bioconductor-phastcons30way.ucsc.hg38",
    "home": "https://bioconductor.org/packages/3.11/data/annotation/html/phastCons30way.UCSC.hg38.html",
    "html_url": "http://anaconda.org/bioconda/bioconductor-phastcons30way.ucsc.hg38",
    "id": "5eb813b483b66372f6b7b5d3",
    "latest_version": "3.11.1",
    "license": "Artistic-2.0",
    "license_url": null,
    "modified_at": "2020-05-10 14:46:13.943000+00:00",
    "name": "bioconductor-phastcons30way.ucsc.hg38",
    "owner": {
        "company": "",
        "created_at": "2015-09-11 22:59:20.880000+00:00",
        "description": "Bioconda is a distribution of bioinformatics software realized as a channel for the versatile Conda package manager.",
        "location": "",
        "login": "bioconda",
        "name": "bioconda",
        "url": "",
        "user_type": "org"
    },
    "package_types": [
        "conda"
    ],
    "public": true,
    "releases": [
        {
            "distributions": [],
            "full_name": "bioconda/bioconductor-phastcons30way.ucsc.hg38/3.11.1",
            "version": "3.11.1"
        }
    ],
    "revision": 2,
    "source_git_tag": null,
    "source_git_url": null,
    "summary": "phastCons30way.UCSC.hg38 AnnotationHub Resource Metadata",
    "upvoted": 0,
    "url": "http://api.anaconda.org/packages/bioconda/bioconductor-phastcons30way.ucsc.hg38",
    "versions": [
        "3.11.1"
    ],
    "watchers": 1
}