{
    "app_entry": {},
    "app_summary": {},
    "app_type": {},
    "builds": [
        "r351_0",
        "r36_3",
        "r36_2"
    ],
    "conda_platforms": [
        "noarch"
    ],
    "created_at": "2019-01-07 10:19:13.826000+00:00",
    "description": "",
    "dev_url": null,
    "doc_url": null,
    "files": [
        {
            "attrs": {
                "arch": null,
                "build": "r351_0",
                "build_number": 0,
                "depends": [
                    "bioconductor-biostrings >=2.50.0,<2.51.0",
                    "bioconductor-iranges >=2.16.0,<2.17.0",
                    "bioconductor-oligo >=1.46.0,<1.47.0",
                    "bioconductor-oligoclasses >=1.44.0,<1.45.0",
                    "bioconductor-s4vectors >=0.20.0,<0.21.0",
                    "r-base >=3.5.1,<3.5.2.0a0",
                    "r-dbi >=0.3.1",
                    "r-rsqlite >=1.0.0",
                    "wget"
                ],
                "has_prefix": false,
                "license": "Artistic-2.0",
                "machine": null,
                "noarch": "generic",
                "operatingsystem": null,
                "platform": null,
                "subdir": "noarch",
                "target-triplet": "None-any-None",
                "timestamp": 1546856106173
            },
            "basename": "noarch/bioconductor-pd.hg.u95av2-3.12.0-r351_0.tar.bz2",
            "dependencies": {
                "depends": [
                    {
                        "name": "bioconductor-biostrings",
                        "specs": [
                            [
                                ">=",
                                "2.50.0,<2.51.0"
                            ]
                        ]
                    },
                    {
                        "name": "bioconductor-iranges",
                        "specs": [
                            [
                                ">=",
                                "2.16.0,<2.17.0"
                            ]
                        ]
                    },
                    {
                        "name": "bioconductor-oligo",
                        "specs": [
                            [
                                ">=",
                                "1.46.0,<1.47.0"
                            ]
                        ]
                    },
                    {
                        "name": "bioconductor-oligoclasses",
                        "specs": [
                            [
                                ">=",
                                "1.44.0,<1.45.0"
                            ]
                        ]
                    },
                    {
                        "name": "bioconductor-s4vectors",
                        "specs": [
                            [
                                ">=",
                                "0.20.0,<0.21.0"
                            ]
                        ]
                    },
                    {
                        "name": "r-base",
                        "specs": [
                            [
                                ">=",
                                "3.5.1,<3.5.2.0a0"
                            ]
                        ]
                    },
                    {
                        "name": "r-dbi",
                        "specs": [
                            [
                                ">=",
                                "0.3.1"
                            ]
                        ]
                    },
                    {
                        "name": "r-rsqlite",
                        "specs": [
                            [
                                ">=",
                                "1.0.0"
                            ]
                        ]
                    },
                    {
                        "name": "wget",
                        "specs": []
                    }
                ]
            },
            "description": null,
            "distribution_type": "conda",
            "download_url": "//api.anaconda.org/download/bioconda/bioconductor-pd.hg.u95av2/3.12.0/noarch/bioconductor-pd.hg.u95av2-3.12.0-r351_0.tar.bz2",
            "full_name": "bioconda/bioconductor-pd.hg.u95av2/3.12.0/noarch/bioconductor-pd.hg.u95av2-3.12.0-r351_0.tar.bz2",
            "labels": [
                "gcc7",
                "main"
            ],
            "md5": "af55874ebf30f3c85b5a6dd00639bd32",
            "ndownloads": 73,
            "owner": "bioconda",
            "size": 6791,
            "type": "conda",
            "upload_time": "2019-01-07 10:19:14.615000+00:00",
            "version": "3.12.0"
        },
        {
            "attrs": {
                "arch": null,
                "build": "r36_2",
                "build_number": 2,
                "depends": [
                    "bioconductor-biostrings >=2.52.0,<2.53.0",
                    "bioconductor-iranges >=2.18.0,<2.19.0",
                    "bioconductor-oligo >=1.48.0,<1.49.0",
                    "bioconductor-oligoclasses >=1.46.0,<1.47.0",
                    "bioconductor-s4vectors >=0.22.0,<0.23.0",
                    "curl >=7.65.3,<8.0a0",
                    "r-base >=3.6,<3.7.0a0",
                    "r-dbi >=0.3.1",
                    "r-rsqlite >=1.0.0"
                ],
                "has_prefix": false,
                "license": "Artistic-2.0",
                "machine": null,
                "noarch": "generic",
                "operatingsystem": null,
                "platform": null,
                "subdir": "noarch",
                "target-triplet": "None-any-None",
                "timestamp": 1564436861060
            },
            "basename": "noarch/bioconductor-pd.hg.u95av2-3.12.0-r36_2.tar.bz2",
            "dependencies": {
                "depends": [
                    {
                        "name": "bioconductor-biostrings",
                        "specs": [
                            [
                                ">=",
                                "2.52.0,<2.53.0"
                            ]
                        ]
                    },
                    {
                        "name": "bioconductor-iranges",
                        "specs": [
                            [
                                ">=",
                                "2.18.0,<2.19.0"
                            ]
                        ]
                    },
                    {
                        "name": "bioconductor-oligo",
                        "specs": [
                            [
                                ">=",
                                "1.48.0,<1.49.0"
                            ]
                        ]
                    },
                    {
                        "name": "bioconductor-oligoclasses",
                        "specs": [
                            [
                                ">=",
                                "1.46.0,<1.47.0"
                            ]
                        ]
                    },
                    {
                        "name": "bioconductor-s4vectors",
                        "specs": [
                            [
                                ">=",
                                "0.22.0,<0.23.0"
                            ]
                        ]
                    },
                    {
                        "name": "curl",
                        "specs": [
                            [
                                ">=",
                                "7.65.3,<8.0a0"
                            ]
                        ]
                    },
                    {
                        "name": "r-base",
                        "specs": [
                            [
                                ">=",
                                "3.6,<3.7.0a0"
                            ]
                        ]
                    },
                    {
                        "name": "r-dbi",
                        "specs": [
                            [
                                ">=",
                                "0.3.1"
                            ]
                        ]
                    },
                    {
                        "name": "r-rsqlite",
                        "specs": [
                            [
                                ">=",
                                "1.0.0"
                            ]
                        ]
                    }
                ]
            },
            "description": null,
            "distribution_type": "conda",
            "download_url": "//api.anaconda.org/download/bioconda/bioconductor-pd.hg.u95av2/3.12.0/noarch/bioconductor-pd.hg.u95av2-3.12.0-r36_2.tar.bz2",
            "full_name": "bioconda/bioconductor-pd.hg.u95av2/3.12.0/noarch/bioconductor-pd.hg.u95av2-3.12.0-r36_2.tar.bz2",
            "labels": [
                "main"
            ],
            "md5": "3b03c04c78d9fdac1598d75b4db64a6c",
            "ndownloads": 27,
            "owner": "bioconda",
            "size": 7064,
            "type": "conda",
            "upload_time": "2019-07-29 21:53:09.402000+00:00",
            "version": "3.12.0"
        },
        {
            "attrs": {
                "arch": null,
                "build": "r36_3",
                "build_number": 3,
                "depends": [
                    "bioconductor-biostrings >=2.54.0,<2.55.0",
                    "bioconductor-iranges >=2.20.0,<2.21.0",
                    "bioconductor-oligo >=1.50.0,<1.51.0",
                    "bioconductor-oligoclasses >=1.48.0,<1.49.0",
                    "bioconductor-s4vectors >=0.24.0,<0.25.0",
                    "curl >=7.65.3,<8.0a0",
                    "r-base >=3.6,<3.7.0a0",
                    "r-dbi >=0.3.1",
                    "r-rsqlite >=1.0.0"
                ],
                "has_prefix": false,
                "license": "Artistic-2.0",
                "machine": null,
                "noarch": "generic",
                "operatingsystem": null,
                "platform": null,
                "subdir": "noarch",
                "target-triplet": "None-any-None",
                "timestamp": 1572800834072
            },
            "basename": "noarch/bioconductor-pd.hg.u95av2-3.12.0-r36_3.tar.bz2",
            "dependencies": {
                "depends": [
                    {
                        "name": "bioconductor-biostrings",
                        "specs": [
                            [
                                ">=",
                                "2.54.0,<2.55.0"
                            ]
                        ]
                    },
                    {
                        "name": "bioconductor-iranges",
                        "specs": [
                            [
                                ">=",
                                "2.20.0,<2.21.0"
                            ]
                        ]
                    },
                    {
                        "name": "bioconductor-oligo",
                        "specs": [
                            [
                                ">=",
                                "1.50.0,<1.51.0"
                            ]
                        ]
                    },
                    {
                        "name": "bioconductor-oligoclasses",
                        "specs": [
                            [
                                ">=",
                                "1.48.0,<1.49.0"
                            ]
                        ]
                    },
                    {
                        "name": "bioconductor-s4vectors",
                        "specs": [
                            [
                                ">=",
                                "0.24.0,<0.25.0"
                            ]
                        ]
                    },
                    {
                        "name": "curl",
                        "specs": [
                            [
                                ">=",
                                "7.65.3,<8.0a0"
                            ]
                        ]
                    },
                    {
                        "name": "r-base",
                        "specs": [
                            [
                                ">=",
                                "3.6,<3.7.0a0"
                            ]
                        ]
                    },
                    {
                        "name": "r-dbi",
                        "specs": [
                            [
                                ">=",
                                "0.3.1"
                            ]
                        ]
                    },
                    {
                        "name": "r-rsqlite",
                        "specs": [
                            [
                                ">=",
                                "1.0.0"
                            ]
                        ]
                    }
                ]
            },
            "description": null,
            "distribution_type": "conda",
            "download_url": "//api.anaconda.org/download/bioconda/bioconductor-pd.hg.u95av2/3.12.0/noarch/bioconductor-pd.hg.u95av2-3.12.0-r36_3.tar.bz2",
            "full_name": "bioconda/bioconductor-pd.hg.u95av2/3.12.0/noarch/bioconductor-pd.hg.u95av2-3.12.0-r36_3.tar.bz2",
            "labels": [
                "main"
            ],
            "md5": "ed46bb3296d200355680aac4c02936c0",
            "ndownloads": 16,
            "owner": "bioconda",
            "size": 7196,
            "type": "conda",
            "upload_time": "2019-11-03 17:12:55.902000+00:00",
            "version": "3.12.0"
        }
    ],
    "full_name": "bioconda/bioconductor-pd.hg.u95av2",
    "home": "https://bioconductor.org/packages/3.8/data/annotation/html/pd.hg.u95av2.html",
    "html_url": "http://anaconda.org/bioconda/bioconductor-pd.hg.u95av2",
    "id": "5c3327a137f339207ad94adf",
    "latest_version": "3.12.0",
    "license": "Artistic-2.0",
    "license_url": null,
    "modified_at": "2019-11-03 17:12:56.216000+00:00",
    "name": "bioconductor-pd.hg.u95av2",
    "owner": {
        "company": "",
        "created_at": "2015-09-11 22:59:20.880000+00:00",
        "description": "Bioconda is a distribution of bioinformatics software realized as a channel for the versatile Conda package manager.",
        "location": "",
        "login": "bioconda",
        "name": "bioconda",
        "url": "",
        "user_type": "org"
    },
    "package_types": [
        "conda"
    ],
    "public": true,
    "releases": [
        {
            "distributions": [],
            "full_name": "bioconda/bioconductor-pd.hg.u95av2/3.12.0",
            "version": "3.12.0"
        }
    ],
    "revision": 2,
    "source_git_tag": null,
    "source_git_url": null,
    "summary": "Platform Design Info for The Manufacturer's Name HG U95Av2",
    "upvoted": 0,
    "url": "http://api.anaconda.org/packages/bioconda/bioconductor-pd.hg.u95av2",
    "versions": [
        "3.12.0"
    ],
    "watchers": 1
}