{
    "app_entry": {},
    "app_summary": {},
    "app_type": {},
    "builds": [
        "r351hfc679d8_0",
        "r351hf484d3e_0",
        "r40h64ad5ed_0",
        "r3.3.2_0",
        "r36he1b5a44_0",
        "r3.4.1_0",
        "r40h5f743cb_0",
        "r341hfc679d8_0",
        "r36h6de7cb9_0"
    ],
    "conda_platforms": [
        "linux-64",
        "osx-64"
    ],
    "created_at": "2017-08-19 19:56:55.569000+00:00",
    "description": "Identification of differentially expressed genes and false discovery rate (FDR) calculation by Multiple Comparison test.",
    "dev_url": null,
    "doc_url": null,
    "files": [
        {
            "attrs": {
                "arch": "x86_64",
                "build": "r341hfc679d8_0",
                "build_number": 0,
                "depends": [
                    "bioconductor-biobase >=2.40.0,<2.42.0",
                    "r-base >=3.4.1,<3.4.2.0a0",
                    "r-fields"
                ],
                "has_prefix": true,
                "license": "GPL-2",
                "machine": "x86_64",
                "operatingsystem": "darwin",
                "platform": "osx",
                "subdir": "osx-64",
                "target-triplet": "x86_64-any-darwin",
                "timestamp": 1539431433365
            },
            "basename": "osx-64/bioconductor-mulcom-1.30.0-r341hfc679d8_0.tar.bz2",
            "dependencies": {
                "depends": [
                    {
                        "name": "bioconductor-biobase",
                        "specs": [
                            [
                                ">=",
                                "2.40.0,<2.42.0"
                            ]
                        ]
                    },
                    {
                        "name": "r-base",
                        "specs": [
                            [
                                ">=",
                                "3.4.1,<3.4.2.0a0"
                            ]
                        ]
                    },
                    {
                        "name": "r-fields",
                        "specs": []
                    }
                ]
            },
            "description": null,
            "distribution_type": "conda",
            "download_url": "//api.anaconda.org/download/bioconda/bioconductor-mulcom/1.30.0/osx-64/bioconductor-mulcom-1.30.0-r341hfc679d8_0.tar.bz2",
            "full_name": "bioconda/bioconductor-mulcom/1.30.0/osx-64/bioconductor-mulcom-1.30.0-r341hfc679d8_0.tar.bz2",
            "labels": [
                "main",
                "cf201901"
            ],
            "md5": "655cacaf43afd0169dfa9a0479a2a9f6",
            "ndownloads": 23,
            "owner": "bioconda",
            "size": 1573002,
            "type": "conda",
            "upload_time": "2018-10-13 11:51:18.604000+00:00",
            "version": "1.30.0"
        },
        {
            "attrs": {
                "arch": "x86_64",
                "build": "r351hfc679d8_0",
                "build_number": 0,
                "depends": [
                    "bioconductor-biobase >=2.40.0,<2.42.0",
                    "r-base >=3.5.1,<3.5.2.0a0",
                    "r-fields"
                ],
                "has_prefix": true,
                "license": "GPL-2",
                "machine": "x86_64",
                "operatingsystem": "darwin",
                "platform": "osx",
                "subdir": "osx-64",
                "target-triplet": "x86_64-any-darwin",
                "timestamp": 1539431349040
            },
            "basename": "osx-64/bioconductor-mulcom-1.30.0-r351hfc679d8_0.tar.bz2",
            "dependencies": {
                "depends": [
                    {
                        "name": "bioconductor-biobase",
                        "specs": [
                            [
                                ">=",
                                "2.40.0,<2.42.0"
                            ]
                        ]
                    },
                    {
                        "name": "r-base",
                        "specs": [
                            [
                                ">=",
                                "3.5.1,<3.5.2.0a0"
                            ]
                        ]
                    },
                    {
                        "name": "r-fields",
                        "specs": []
                    }
                ]
            },
            "description": null,
            "distribution_type": "conda",
            "download_url": "//api.anaconda.org/download/bioconda/bioconductor-mulcom/1.30.0/osx-64/bioconductor-mulcom-1.30.0-r351hfc679d8_0.tar.bz2",
            "full_name": "bioconda/bioconductor-mulcom/1.30.0/osx-64/bioconductor-mulcom-1.30.0-r351hfc679d8_0.tar.bz2",
            "labels": [
                "main",
                "cf201901"
            ],
            "md5": "5ab03e95e718513ef7acbf681e529b91",
            "ndownloads": 1202,
            "owner": "bioconda",
            "size": 1598498,
            "type": "conda",
            "upload_time": "2018-10-13 11:51:14.059000+00:00",
            "version": "1.30.0"
        },
        {
            "attrs": {
                "arch": "x86_64",
                "build": "r341hfc679d8_0",
                "build_number": 0,
                "depends": [
                    "bioconductor-biobase >=2.40.0,<2.42.0",
                    "libgcc-ng >=4.9",
                    "libstdcxx-ng >=4.9",
                    "r-base >=3.4.1,<3.4.2.0a0",
                    "r-fields"
                ],
                "has_prefix": false,
                "license": "GPL-2",
                "machine": "x86_64",
                "operatingsystem": "linux",
                "platform": "linux",
                "subdir": "linux-64",
                "target-triplet": "x86_64-any-linux",
                "timestamp": 1539515523848
            },
            "basename": "linux-64/bioconductor-mulcom-1.30.0-r341hfc679d8_0.tar.bz2",
            "dependencies": {
                "depends": [
                    {
                        "name": "bioconductor-biobase",
                        "specs": [
                            [
                                ">=",
                                "2.40.0,<2.42.0"
                            ]
                        ]
                    },
                    {
                        "name": "libgcc-ng",
                        "specs": [
                            [
                                ">=",
                                "4.9"
                            ]
                        ]
                    },
                    {
                        "name": "libstdcxx-ng",
                        "specs": [
                            [
                                ">=",
                                "4.9"
                            ]
                        ]
                    },
                    {
                        "name": "r-base",
                        "specs": [
                            [
                                ">=",
                                "3.4.1,<3.4.2.0a0"
                            ]
                        ]
                    },
                    {
                        "name": "r-fields",
                        "specs": []
                    }
                ]
            },
            "description": null,
            "distribution_type": "conda",
            "download_url": "//api.anaconda.org/download/bioconda/bioconductor-mulcom/1.30.0/linux-64/bioconductor-mulcom-1.30.0-r341hfc679d8_0.tar.bz2",
            "full_name": "bioconda/bioconductor-mulcom/1.30.0/linux-64/bioconductor-mulcom-1.30.0-r341hfc679d8_0.tar.bz2",
            "labels": [
                "main",
                "cf201901"
            ],
            "md5": "65f06a83f9f152f95d43ffd042edd1f3",
            "ndownloads": 134,
            "owner": "bioconda",
            "size": 1524008,
            "type": "conda",
            "upload_time": "2018-10-14 11:17:58.239000+00:00",
            "version": "1.30.0"
        },
        {
            "attrs": {
                "arch": "x86_64",
                "build": "r351hfc679d8_0",
                "build_number": 0,
                "depends": [
                    "bioconductor-biobase >=2.40.0,<2.42.0",
                    "libgcc-ng >=4.9",
                    "libstdcxx-ng >=4.9",
                    "r-base >=3.5.1,<3.5.2.0a0",
                    "r-fields"
                ],
                "has_prefix": false,
                "license": "GPL-2",
                "machine": "x86_64",
                "operatingsystem": "linux",
                "platform": "linux",
                "subdir": "linux-64",
                "target-triplet": "x86_64-any-linux",
                "timestamp": 1539515582290
            },
            "basename": "linux-64/bioconductor-mulcom-1.30.0-r351hfc679d8_0.tar.bz2",
            "dependencies": {
                "depends": [
                    {
                        "name": "bioconductor-biobase",
                        "specs": [
                            [
                                ">=",
                                "2.40.0,<2.42.0"
                            ]
                        ]
                    },
                    {
                        "name": "libgcc-ng",
                        "specs": [
                            [
                                ">=",
                                "4.9"
                            ]
                        ]
                    },
                    {
                        "name": "libstdcxx-ng",
                        "specs": [
                            [
                                ">=",
                                "4.9"
                            ]
                        ]
                    },
                    {
                        "name": "r-base",
                        "specs": [
                            [
                                ">=",
                                "3.5.1,<3.5.2.0a0"
                            ]
                        ]
                    },
                    {
                        "name": "r-fields",
                        "specs": []
                    }
                ]
            },
            "description": null,
            "distribution_type": "conda",
            "download_url": "//api.anaconda.org/download/bioconda/bioconductor-mulcom/1.30.0/linux-64/bioconductor-mulcom-1.30.0-r351hfc679d8_0.tar.bz2",
            "full_name": "bioconda/bioconductor-mulcom/1.30.0/linux-64/bioconductor-mulcom-1.30.0-r351hfc679d8_0.tar.bz2",
            "labels": [
                "main",
                "cf201901"
            ],
            "md5": "ac8b1691f78114d7fb2a6776cdb123ba",
            "ndownloads": 260,
            "owner": "bioconda",
            "size": 1549189,
            "type": "conda",
            "upload_time": "2018-10-14 11:18:01.069000+00:00",
            "version": "1.30.0"
        },
        {
            "attrs": {
                "arch": "x86_64",
                "build": "r3.3.2_0",
                "build_number": 0,
                "depends": [
                    "bioconductor-biobase",
                    "r-base 3.3.2*",
                    "r-fields"
                ],
                "has_prefix": false,
                "license": "GPL-2",
                "machine": "x86_64",
                "operatingsystem": "linux",
                "platform": "linux",
                "subdir": "linux-64",
                "target-triplet": "x86_64-any-linux"
            },
            "basename": "linux-64/bioconductor-mulcom-1.26.0-r3.3.2_0.tar.bz2",
            "dependencies": {
                "depends": [
                    {
                        "name": "bioconductor-biobase",
                        "specs": []
                    },
                    {
                        "name": "r-base",
                        "specs": [
                            [
                                "==",
                                "3.3.2"
                            ]
                        ]
                    },
                    {
                        "name": "r-fields",
                        "specs": []
                    }
                ]
            },
            "description": null,
            "distribution_type": "conda",
            "download_url": "//api.anaconda.org/download/bioconda/bioconductor-mulcom/1.26.0/linux-64/bioconductor-mulcom-1.26.0-r3.3.2_0.tar.bz2",
            "full_name": "bioconda/bioconductor-mulcom/1.26.0/linux-64/bioconductor-mulcom-1.26.0-r3.3.2_0.tar.bz2",
            "labels": [
                "main",
                "cf201901"
            ],
            "md5": "d99fb0fabb26394de8784416b52ca30c",
            "ndownloads": 416,
            "owner": "bioconda",
            "size": 1522460,
            "type": "conda",
            "upload_time": "2017-08-19 19:59:11.082000+00:00",
            "version": "1.26.0"
        },
        {
            "attrs": {
                "arch": "x86_64",
                "build": "r3.3.2_0",
                "build_number": 0,
                "depends": [
                    "bioconductor-biobase",
                    "r-base 3.3.2*",
                    "r-fields"
                ],
                "has_prefix": false,
                "license": "GPL-2",
                "machine": "x86_64",
                "operatingsystem": "darwin",
                "platform": "osx",
                "subdir": "osx-64",
                "target-triplet": "x86_64-any-darwin"
            },
            "basename": "osx-64/bioconductor-mulcom-1.26.0-r3.3.2_0.tar.bz2",
            "dependencies": {
                "depends": [
                    {
                        "name": "bioconductor-biobase",
                        "specs": []
                    },
                    {
                        "name": "r-base",
                        "specs": [
                            [
                                "==",
                                "3.3.2"
                            ]
                        ]
                    },
                    {
                        "name": "r-fields",
                        "specs": []
                    }
                ]
            },
            "description": null,
            "distribution_type": "conda",
            "download_url": "//api.anaconda.org/download/bioconda/bioconductor-mulcom/1.26.0/osx-64/bioconductor-mulcom-1.26.0-r3.3.2_0.tar.bz2",
            "full_name": "bioconda/bioconductor-mulcom/1.26.0/osx-64/bioconductor-mulcom-1.26.0-r3.3.2_0.tar.bz2",
            "labels": [
                "main",
                "cf201901"
            ],
            "md5": "2dcb57d4462c25291b131c5c30a9b832",
            "ndownloads": 200,
            "owner": "bioconda",
            "size": 1536084,
            "type": "conda",
            "upload_time": "2017-08-19 19:56:56.063000+00:00",
            "version": "1.26.0"
        },
        {
            "attrs": {
                "arch": "x86_64",
                "build": "r3.4.1_0",
                "build_number": 0,
                "depends": [
                    "bioconductor-biobase",
                    "r-base 3.4.1*",
                    "r-fields"
                ],
                "has_prefix": false,
                "license": "GPL-2",
                "machine": "x86_64",
                "operatingsystem": "linux",
                "platform": "linux",
                "subdir": "linux-64",
                "target-triplet": "x86_64-any-linux"
            },
            "basename": "linux-64/bioconductor-mulcom-1.28.0-r3.4.1_0.tar.bz2",
            "dependencies": {
                "depends": [
                    {
                        "name": "bioconductor-biobase",
                        "specs": []
                    },
                    {
                        "name": "r-base",
                        "specs": [
                            [
                                "==",
                                "3.4.1"
                            ]
                        ]
                    },
                    {
                        "name": "r-fields",
                        "specs": []
                    }
                ]
            },
            "description": null,
            "distribution_type": "conda",
            "download_url": "//api.anaconda.org/download/bioconda/bioconductor-mulcom/1.28.0/linux-64/bioconductor-mulcom-1.28.0-r3.4.1_0.tar.bz2",
            "full_name": "bioconda/bioconductor-mulcom/1.28.0/linux-64/bioconductor-mulcom-1.28.0-r3.4.1_0.tar.bz2",
            "labels": [
                "main",
                "cf201901"
            ],
            "md5": "b7f8268390dbe64088c218edf7d7d066",
            "ndownloads": 580,
            "owner": "bioconda",
            "size": 1522881,
            "type": "conda",
            "upload_time": "2017-11-10 04:06:11.543000+00:00",
            "version": "1.28.0"
        },
        {
            "attrs": {
                "arch": "x86_64",
                "build": "r3.4.1_0",
                "build_number": 0,
                "depends": [
                    "bioconductor-biobase",
                    "r-base 3.4.1*",
                    "r-fields"
                ],
                "has_prefix": false,
                "license": "GPL-2",
                "machine": "x86_64",
                "operatingsystem": "linux",
                "platform": "linux",
                "subdir": "linux-64",
                "target-triplet": "x86_64-any-linux"
            },
            "basename": "linux-64/bioconductor-mulcom-1.26.0-r3.4.1_0.tar.bz2",
            "dependencies": {
                "depends": [
                    {
                        "name": "bioconductor-biobase",
                        "specs": []
                    },
                    {
                        "name": "r-base",
                        "specs": [
                            [
                                "==",
                                "3.4.1"
                            ]
                        ]
                    },
                    {
                        "name": "r-fields",
                        "specs": []
                    }
                ]
            },
            "description": null,
            "distribution_type": "conda",
            "download_url": "//api.anaconda.org/download/bioconda/bioconductor-mulcom/1.26.0/linux-64/bioconductor-mulcom-1.26.0-r3.4.1_0.tar.bz2",
            "full_name": "bioconda/bioconductor-mulcom/1.26.0/linux-64/bioconductor-mulcom-1.26.0-r3.4.1_0.tar.bz2",
            "labels": [
                "main",
                "cf201901"
            ],
            "md5": "01cb84989081c54f947ab53a14c9b5b9",
            "ndownloads": 550,
            "owner": "bioconda",
            "size": 1522312,
            "type": "conda",
            "upload_time": "2017-09-20 12:34:29.900000+00:00",
            "version": "1.26.0"
        },
        {
            "attrs": {
                "arch": "x86_64",
                "build": "r3.4.1_0",
                "build_number": 0,
                "depends": [
                    "bioconductor-biobase",
                    "r-base 3.4.1*",
                    "r-fields"
                ],
                "has_prefix": false,
                "license": "GPL-2",
                "machine": "x86_64",
                "operatingsystem": "darwin",
                "platform": "osx",
                "subdir": "osx-64",
                "target-triplet": "x86_64-any-darwin"
            },
            "basename": "osx-64/bioconductor-mulcom-1.26.0-r3.4.1_0.tar.bz2",
            "dependencies": {
                "depends": [
                    {
                        "name": "bioconductor-biobase",
                        "specs": []
                    },
                    {
                        "name": "r-base",
                        "specs": [
                            [
                                "==",
                                "3.4.1"
                            ]
                        ]
                    },
                    {
                        "name": "r-fields",
                        "specs": []
                    }
                ]
            },
            "description": null,
            "distribution_type": "conda",
            "download_url": "//api.anaconda.org/download/bioconda/bioconductor-mulcom/1.26.0/osx-64/bioconductor-mulcom-1.26.0-r3.4.1_0.tar.bz2",
            "full_name": "bioconda/bioconductor-mulcom/1.26.0/osx-64/bioconductor-mulcom-1.26.0-r3.4.1_0.tar.bz2",
            "labels": [
                "main",
                "cf201901"
            ],
            "md5": "146077da91017de1009423085bc3d999",
            "ndownloads": 1031,
            "owner": "bioconda",
            "size": 1536192,
            "type": "conda",
            "upload_time": "2017-09-21 21:05:58.211000+00:00",
            "version": "1.26.0"
        },
        {
            "attrs": {
                "arch": "x86_64",
                "build": "r3.4.1_0",
                "build_number": 0,
                "depends": [
                    "bioconductor-biobase",
                    "r-base 3.4.1*",
                    "r-fields"
                ],
                "has_prefix": false,
                "license": "GPL-2",
                "machine": "x86_64",
                "operatingsystem": "darwin",
                "platform": "osx",
                "subdir": "osx-64",
                "target-triplet": "x86_64-any-darwin"
            },
            "basename": "osx-64/bioconductor-mulcom-1.28.0-r3.4.1_0.tar.bz2",
            "dependencies": {
                "depends": [
                    {
                        "name": "bioconductor-biobase",
                        "specs": []
                    },
                    {
                        "name": "r-base",
                        "specs": [
                            [
                                "==",
                                "3.4.1"
                            ]
                        ]
                    },
                    {
                        "name": "r-fields",
                        "specs": []
                    }
                ]
            },
            "description": null,
            "distribution_type": "conda",
            "download_url": "//api.anaconda.org/download/bioconda/bioconductor-mulcom/1.28.0/osx-64/bioconductor-mulcom-1.28.0-r3.4.1_0.tar.bz2",
            "full_name": "bioconda/bioconductor-mulcom/1.28.0/osx-64/bioconductor-mulcom-1.28.0-r3.4.1_0.tar.bz2",
            "labels": [
                "main",
                "cf201901"
            ],
            "md5": "595a7578c32dd090786374dbd76c81a1",
            "ndownloads": 1210,
            "owner": "bioconda",
            "size": 1536425,
            "type": "conda",
            "upload_time": "2017-11-06 15:44:04.988000+00:00",
            "version": "1.28.0"
        },
        {
            "attrs": {
                "arch": "x86_64",
                "build": "r351hfc679d8_0",
                "build_number": 0,
                "depends": [
                    "bioconductor-biobase >=2.42.0,<2.43.0",
                    "r-base >=3.5.1,<3.5.2.0a0",
                    "r-fields"
                ],
                "has_prefix": true,
                "license": "GPL-2",
                "machine": "x86_64",
                "operatingsystem": "darwin",
                "platform": "osx",
                "subdir": "osx-64",
                "target-triplet": "x86_64-any-darwin",
                "timestamp": 1544332715793
            },
            "basename": "osx-64/bioconductor-mulcom-1.32.0-r351hfc679d8_0.tar.bz2",
            "dependencies": {
                "depends": [
                    {
                        "name": "bioconductor-biobase",
                        "specs": [
                            [
                                ">=",
                                "2.42.0,<2.43.0"
                            ]
                        ]
                    },
                    {
                        "name": "r-base",
                        "specs": [
                            [
                                ">=",
                                "3.5.1,<3.5.2.0a0"
                            ]
                        ]
                    },
                    {
                        "name": "r-fields",
                        "specs": []
                    }
                ]
            },
            "description": null,
            "distribution_type": "conda",
            "download_url": "//api.anaconda.org/download/bioconda/bioconductor-mulcom/1.32.0/osx-64/bioconductor-mulcom-1.32.0-r351hfc679d8_0.tar.bz2",
            "full_name": "bioconda/bioconductor-mulcom/1.32.0/osx-64/bioconductor-mulcom-1.32.0-r351hfc679d8_0.tar.bz2",
            "labels": [
                "gcc7",
                "main"
            ],
            "md5": "fa73b6142292bede428f123d4bf722ce",
            "ndownloads": 1147,
            "owner": "bioconda",
            "size": 1531045,
            "type": "conda",
            "upload_time": "2018-12-09 05:19:21.766000+00:00",
            "version": "1.32.0"
        },
        {
            "attrs": {
                "arch": "x86_64",
                "build": "r351hf484d3e_0",
                "build_number": 0,
                "depends": [
                    "bioconductor-biobase >=2.42.0,<2.43.0",
                    "libgcc-ng >=7.3.0",
                    "libstdcxx-ng >=7.3.0",
                    "r-base >=3.5.1,<3.5.2.0a0",
                    "r-fields"
                ],
                "has_prefix": false,
                "license": "GPL-2",
                "machine": "x86_64",
                "operatingsystem": "linux",
                "platform": "linux",
                "subdir": "linux-64",
                "target-triplet": "x86_64-any-linux",
                "timestamp": 1544787848857
            },
            "basename": "linux-64/bioconductor-mulcom-1.32.0-r351hf484d3e_0.tar.bz2",
            "dependencies": {
                "depends": [
                    {
                        "name": "bioconductor-biobase",
                        "specs": [
                            [
                                ">=",
                                "2.42.0,<2.43.0"
                            ]
                        ]
                    },
                    {
                        "name": "libgcc-ng",
                        "specs": [
                            [
                                ">=",
                                "7.3.0"
                            ]
                        ]
                    },
                    {
                        "name": "libstdcxx-ng",
                        "specs": [
                            [
                                ">=",
                                "7.3.0"
                            ]
                        ]
                    },
                    {
                        "name": "r-base",
                        "specs": [
                            [
                                ">=",
                                "3.5.1,<3.5.2.0a0"
                            ]
                        ]
                    },
                    {
                        "name": "r-fields",
                        "specs": []
                    }
                ]
            },
            "description": null,
            "distribution_type": "conda",
            "download_url": "//api.anaconda.org/download/bioconda/bioconductor-mulcom/1.32.0/linux-64/bioconductor-mulcom-1.32.0-r351hf484d3e_0.tar.bz2",
            "full_name": "bioconda/bioconductor-mulcom/1.32.0/linux-64/bioconductor-mulcom-1.32.0-r351hf484d3e_0.tar.bz2",
            "labels": [
                "gcc7",
                "main"
            ],
            "md5": "3a6b90bd1e94f614313dc7427bd36dae",
            "ndownloads": 110,
            "owner": "bioconda",
            "size": 1525575,
            "type": "conda",
            "upload_time": "2018-12-14 11:46:47.790000+00:00",
            "version": "1.32.0"
        },
        {
            "attrs": {
                "arch": "x86_64",
                "build": "r36he1b5a44_0",
                "build_number": 0,
                "depends": [
                    "bioconductor-biobase >=2.46.0,<2.47.0",
                    "libgcc-ng >=7.3.0",
                    "libstdcxx-ng >=7.3.0",
                    "r-base >=3.6,<3.7.0a0",
                    "r-fields"
                ],
                "has_prefix": false,
                "license": "GPL-2",
                "machine": "x86_64",
                "operatingsystem": "linux",
                "platform": "linux",
                "subdir": "linux-64",
                "target-triplet": "x86_64-any-linux",
                "timestamp": 1572636079591
            },
            "basename": "linux-64/bioconductor-mulcom-1.36.0-r36he1b5a44_0.tar.bz2",
            "dependencies": {
                "depends": [
                    {
                        "name": "bioconductor-biobase",
                        "specs": [
                            [
                                ">=",
                                "2.46.0,<2.47.0"
                            ]
                        ]
                    },
                    {
                        "name": "libgcc-ng",
                        "specs": [
                            [
                                ">=",
                                "7.3.0"
                            ]
                        ]
                    },
                    {
                        "name": "libstdcxx-ng",
                        "specs": [
                            [
                                ">=",
                                "7.3.0"
                            ]
                        ]
                    },
                    {
                        "name": "r-base",
                        "specs": [
                            [
                                ">=",
                                "3.6,<3.7.0a0"
                            ]
                        ]
                    },
                    {
                        "name": "r-fields",
                        "specs": []
                    }
                ]
            },
            "description": null,
            "distribution_type": "conda",
            "download_url": "//api.anaconda.org/download/bioconda/bioconductor-mulcom/1.36.0/linux-64/bioconductor-mulcom-1.36.0-r36he1b5a44_0.tar.bz2",
            "full_name": "bioconda/bioconductor-mulcom/1.36.0/linux-64/bioconductor-mulcom-1.36.0-r36he1b5a44_0.tar.bz2",
            "labels": [
                "main"
            ],
            "md5": "4bef1061ee5a33cc0ead389762b63cef",
            "ndownloads": 44,
            "owner": "bioconda",
            "size": 1269049,
            "type": "conda",
            "upload_time": "2019-11-01 19:25:26.864000+00:00",
            "version": "1.36.0"
        },
        {
            "attrs": {
                "arch": "x86_64",
                "build": "r36h6de7cb9_0",
                "build_number": 0,
                "depends": [
                    "bioconductor-biobase >=2.46.0,<2.47.0",
                    "libcxx >=4.0.1",
                    "r-base >=3.6,<3.7.0a0",
                    "r-fields"
                ],
                "has_prefix": true,
                "license": "GPL-2",
                "machine": "x86_64",
                "operatingsystem": "darwin",
                "platform": "osx",
                "subdir": "osx-64",
                "target-triplet": "x86_64-any-darwin",
                "timestamp": 1572637573422
            },
            "basename": "osx-64/bioconductor-mulcom-1.36.0-r36h6de7cb9_0.tar.bz2",
            "dependencies": {
                "depends": [
                    {
                        "name": "bioconductor-biobase",
                        "specs": [
                            [
                                ">=",
                                "2.46.0,<2.47.0"
                            ]
                        ]
                    },
                    {
                        "name": "libcxx",
                        "specs": [
                            [
                                ">=",
                                "4.0.1"
                            ]
                        ]
                    },
                    {
                        "name": "r-base",
                        "specs": [
                            [
                                ">=",
                                "3.6,<3.7.0a0"
                            ]
                        ]
                    },
                    {
                        "name": "r-fields",
                        "specs": []
                    }
                ]
            },
            "description": null,
            "distribution_type": "conda",
            "download_url": "//api.anaconda.org/download/bioconda/bioconductor-mulcom/1.36.0/osx-64/bioconductor-mulcom-1.36.0-r36h6de7cb9_0.tar.bz2",
            "full_name": "bioconda/bioconductor-mulcom/1.36.0/osx-64/bioconductor-mulcom-1.36.0-r36h6de7cb9_0.tar.bz2",
            "labels": [
                "main"
            ],
            "md5": "f03e2208041789fa7228827cc5445cfb",
            "ndownloads": 610,
            "owner": "bioconda",
            "size": 1274874,
            "type": "conda",
            "upload_time": "2019-11-01 19:46:59.533000+00:00",
            "version": "1.36.0"
        },
        {
            "attrs": {
                "arch": "x86_64",
                "build": "r40h64ad5ed_0",
                "build_number": 0,
                "depends": [
                    "bioconductor-biobase >=2.48.0,<2.49.0",
                    "libblas >=3.8.0,<4.0a0",
                    "libcxx >=9.0.1",
                    "liblapack >=3.8.0,<3.9.0a0",
                    "r-base >=4.0,<4.1.0a0",
                    "r-fields"
                ],
                "has_prefix": true,
                "license": "GPL-2",
                "machine": "x86_64",
                "operatingsystem": "darwin",
                "platform": "osx",
                "subdir": "osx-64",
                "target-triplet": "x86_64-any-darwin",
                "timestamp": 1589036121206
            },
            "basename": "osx-64/bioconductor-mulcom-1.38.0-r40h64ad5ed_0.tar.bz2",
            "dependencies": {
                "depends": [
                    {
                        "name": "bioconductor-biobase",
                        "specs": [
                            [
                                ">=",
                                "2.48.0,<2.49.0"
                            ]
                        ]
                    },
                    {
                        "name": "libblas",
                        "specs": [
                            [
                                ">=",
                                "3.8.0,<4.0a0"
                            ]
                        ]
                    },
                    {
                        "name": "libcxx",
                        "specs": [
                            [
                                ">=",
                                "9.0.1"
                            ]
                        ]
                    },
                    {
                        "name": "liblapack",
                        "specs": [
                            [
                                ">=",
                                "3.8.0,<3.9.0a0"
                            ]
                        ]
                    },
                    {
                        "name": "r-base",
                        "specs": [
                            [
                                ">=",
                                "4.0,<4.1.0a0"
                            ]
                        ]
                    },
                    {
                        "name": "r-fields",
                        "specs": []
                    }
                ]
            },
            "description": null,
            "distribution_type": "conda",
            "download_url": "//api.anaconda.org/download/bioconda/bioconductor-mulcom/1.38.0/osx-64/bioconductor-mulcom-1.38.0-r40h64ad5ed_0.tar.bz2",
            "full_name": "bioconda/bioconductor-mulcom/1.38.0/osx-64/bioconductor-mulcom-1.38.0-r40h64ad5ed_0.tar.bz2",
            "labels": [
                "main"
            ],
            "md5": "9c402a71c51b3fb087d2a2cac1a30af8",
            "ndownloads": 182,
            "owner": "bioconda",
            "size": 1278176,
            "type": "conda",
            "upload_time": "2020-05-09 14:56:29.892000+00:00",
            "version": "1.38.0"
        },
        {
            "attrs": {
                "arch": "x86_64",
                "build": "r40h5f743cb_0",
                "build_number": 0,
                "depends": [
                    "bioconductor-biobase >=2.48.0,<2.49.0",
                    "libblas >=3.8.0,<4.0a0",
                    "libgcc-ng >=7.3.0",
                    "liblapack >=3.8.0,<3.9.0a0",
                    "libstdcxx-ng >=7.3.0",
                    "r-base >=4.0,<4.1.0a0",
                    "r-fields"
                ],
                "has_prefix": false,
                "license": "GPL-2",
                "machine": "x86_64",
                "operatingsystem": "linux",
                "platform": "linux",
                "subdir": "linux-64",
                "target-triplet": "x86_64-any-linux",
                "timestamp": 1589061786431
            },
            "basename": "linux-64/bioconductor-mulcom-1.38.0-r40h5f743cb_0.tar.bz2",
            "dependencies": {
                "depends": [
                    {
                        "name": "bioconductor-biobase",
                        "specs": [
                            [
                                ">=",
                                "2.48.0,<2.49.0"
                            ]
                        ]
                    },
                    {
                        "name": "libblas",
                        "specs": [
                            [
                                ">=",
                                "3.8.0,<4.0a0"
                            ]
                        ]
                    },
                    {
                        "name": "libgcc-ng",
                        "specs": [
                            [
                                ">=",
                                "7.3.0"
                            ]
                        ]
                    },
                    {
                        "name": "liblapack",
                        "specs": [
                            [
                                ">=",
                                "3.8.0,<3.9.0a0"
                            ]
                        ]
                    },
                    {
                        "name": "libstdcxx-ng",
                        "specs": [
                            [
                                ">=",
                                "7.3.0"
                            ]
                        ]
                    },
                    {
                        "name": "r-base",
                        "specs": [
                            [
                                ">=",
                                "4.0,<4.1.0a0"
                            ]
                        ]
                    },
                    {
                        "name": "r-fields",
                        "specs": []
                    }
                ]
            },
            "description": null,
            "distribution_type": "conda",
            "download_url": "//api.anaconda.org/download/bioconda/bioconductor-mulcom/1.38.0/linux-64/bioconductor-mulcom-1.38.0-r40h5f743cb_0.tar.bz2",
            "full_name": "bioconda/bioconductor-mulcom/1.38.0/linux-64/bioconductor-mulcom-1.38.0-r40h5f743cb_0.tar.bz2",
            "labels": [
                "main"
            ],
            "md5": "e3c674786bba36905d09714981ada942",
            "ndownloads": 19,
            "owner": "bioconda",
            "size": 1269681,
            "type": "conda",
            "upload_time": "2020-05-09 22:08:38.315000+00:00",
            "version": "1.38.0"
        }
    ],
    "full_name": "bioconda/bioconductor-mulcom",
    "home": "http://bioconductor.org/packages/3.5/bioc/html/Mulcom.html",
    "html_url": "http://anaconda.org/bioconda/bioconductor-mulcom",
    "id": "59989807c7d29212d5d08143",
    "latest_version": "1.38.0",
    "license": "GPL-2",
    "license_url": null,
    "modified_at": "2020-05-09 22:08:38.612000+00:00",
    "name": "bioconductor-mulcom",
    "owner": {
        "company": "",
        "created_at": "2015-09-11 22:59:20.880000+00:00",
        "description": "Bioconda is a distribution of bioinformatics software realized as a channel for the versatile Conda package manager.",
        "location": "",
        "login": "bioconda",
        "name": "bioconda",
        "url": "",
        "user_type": "org"
    },
    "package_types": [
        "conda"
    ],
    "public": true,
    "releases": [
        {
            "distributions": [],
            "full_name": "bioconda/bioconductor-mulcom/1.26.0",
            "version": "1.26.0"
        },
        {
            "distributions": [],
            "full_name": "bioconda/bioconductor-mulcom/1.28.0",
            "version": "1.28.0"
        },
        {
            "distributions": [],
            "full_name": "bioconda/bioconductor-mulcom/1.30.0",
            "version": "1.30.0"
        },
        {
            "distributions": [],
            "full_name": "bioconda/bioconductor-mulcom/1.32.0",
            "version": "1.32.0"
        },
        {
            "distributions": [],
            "full_name": "bioconda/bioconductor-mulcom/1.36.0",
            "version": "1.36.0"
        },
        {
            "distributions": [],
            "full_name": "bioconda/bioconductor-mulcom/1.38.0",
            "version": "1.38.0"
        }
    ],
    "revision": 12,
    "source_git_tag": null,
    "source_git_url": null,
    "summary": "Calculates Mulcom test",
    "upvoted": 0,
    "url": "http://api.anaconda.org/packages/bioconda/bioconductor-mulcom",
    "versions": [
        "1.26.0",
        "1.28.0",
        "1.30.0",
        "1.32.0",
        "1.36.0",
        "1.38.0"
    ],
    "watchers": 1
}