{
    "app_entry": {},
    "app_summary": {},
    "app_type": {},
    "builds": [
        "r351_0",
        "r36_1",
        "r40_0",
        "r36_0"
    ],
    "conda_platforms": [
        "noarch"
    ],
    "created_at": "2019-01-10 10:35:10.852000+00:00",
    "description": "Significance assessment for distance measures of time-course protein profiles",
    "dev_url": null,
    "doc_url": null,
    "files": [
        {
            "attrs": {
                "arch": null,
                "build": "r351_0",
                "build_number": 0,
                "depends": [
                    "r-base >=3.5.1,<3.5.2.0a0"
                ],
                "has_prefix": false,
                "license": "GPL-3",
                "machine": null,
                "noarch": "generic",
                "operatingsystem": null,
                "platform": null,
                "subdir": "noarch",
                "target-triplet": "None-any-None",
                "timestamp": 1547116354087
            },
            "basename": "noarch/bioconductor-proteinprofiles-1.22.0-r351_0.tar.bz2",
            "dependencies": {
                "depends": [
                    {
                        "name": "r-base",
                        "specs": [
                            [
                                ">=",
                                "3.5.1,<3.5.2.0a0"
                            ]
                        ]
                    }
                ]
            },
            "description": null,
            "distribution_type": "conda",
            "download_url": "//api.anaconda.org/download/bioconda/bioconductor-proteinprofiles/1.22.0/noarch/bioconductor-proteinprofiles-1.22.0-r351_0.tar.bz2",
            "full_name": "bioconda/bioconductor-proteinprofiles/1.22.0/noarch/bioconductor-proteinprofiles-1.22.0-r351_0.tar.bz2",
            "labels": [
                "gcc7",
                "main"
            ],
            "md5": "d3cd1dc3a5e10cdc417bebbb9b6f9e64",
            "ndownloads": 98,
            "owner": "bioconda",
            "size": 289275,
            "type": "conda",
            "upload_time": "2019-01-10 10:35:11.621000+00:00",
            "version": "1.22.0"
        },
        {
            "attrs": {
                "arch": null,
                "build": "r351_0",
                "build_number": 0,
                "depends": [
                    "r-base >=3.5.1,<3.5.2.0a0"
                ],
                "has_prefix": false,
                "license": "GPL-3",
                "machine": null,
                "noarch": "generic",
                "operatingsystem": null,
                "platform": null,
                "subdir": "noarch",
                "target-triplet": "None-any-None",
                "timestamp": 1557686193423
            },
            "basename": "noarch/bioconductor-proteinprofiles-1.24.0-r351_0.tar.bz2",
            "dependencies": {
                "depends": [
                    {
                        "name": "r-base",
                        "specs": [
                            [
                                ">=",
                                "3.5.1,<3.5.2.0a0"
                            ]
                        ]
                    }
                ]
            },
            "description": null,
            "distribution_type": "conda",
            "download_url": "//api.anaconda.org/download/bioconda/bioconductor-proteinprofiles/1.24.0/noarch/bioconductor-proteinprofiles-1.24.0-r351_0.tar.bz2",
            "full_name": "bioconda/bioconductor-proteinprofiles/1.24.0/noarch/bioconductor-proteinprofiles-1.24.0-r351_0.tar.bz2",
            "labels": [
                "main"
            ],
            "md5": "2caced9c999b03138a4075df8876d540",
            "ndownloads": 80,
            "owner": "bioconda",
            "size": 288476,
            "type": "conda",
            "upload_time": "2019-05-12 18:40:32.632000+00:00",
            "version": "1.24.0"
        },
        {
            "attrs": {
                "arch": null,
                "build": "r36_1",
                "build_number": 1,
                "depends": [
                    "r-base >=3.6,<3.7.0a0"
                ],
                "has_prefix": false,
                "license": "GPL-3",
                "machine": null,
                "noarch": "generic",
                "operatingsystem": null,
                "platform": null,
                "subdir": "noarch",
                "target-triplet": "None-any-None",
                "timestamp": 1563322661889
            },
            "basename": "noarch/bioconductor-proteinprofiles-1.24.0-r36_1.tar.bz2",
            "dependencies": {
                "depends": [
                    {
                        "name": "r-base",
                        "specs": [
                            [
                                ">=",
                                "3.6,<3.7.0a0"
                            ]
                        ]
                    }
                ]
            },
            "description": null,
            "distribution_type": "conda",
            "download_url": "//api.anaconda.org/download/bioconda/bioconductor-proteinprofiles/1.24.0/noarch/bioconductor-proteinprofiles-1.24.0-r36_1.tar.bz2",
            "full_name": "bioconda/bioconductor-proteinprofiles/1.24.0/noarch/bioconductor-proteinprofiles-1.24.0-r36_1.tar.bz2",
            "labels": [
                "main"
            ],
            "md5": "5fc92a0382210404367a8155d45c8683",
            "ndownloads": 41,
            "owner": "bioconda",
            "size": 289199,
            "type": "conda",
            "upload_time": "2019-07-17 00:21:37.682000+00:00",
            "version": "1.24.0"
        },
        {
            "attrs": {
                "arch": null,
                "build": "r36_0",
                "build_number": 0,
                "depends": [
                    "r-base >=3.6,<3.7.0a0"
                ],
                "has_prefix": false,
                "license": "GPL-3",
                "machine": null,
                "noarch": "generic",
                "operatingsystem": null,
                "platform": null,
                "subdir": "noarch",
                "target-triplet": "None-any-None",
                "timestamp": 1572596647639
            },
            "basename": "noarch/bioconductor-proteinprofiles-1.26.0-r36_0.tar.bz2",
            "dependencies": {
                "depends": [
                    {
                        "name": "r-base",
                        "specs": [
                            [
                                ">=",
                                "3.6,<3.7.0a0"
                            ]
                        ]
                    }
                ]
            },
            "description": null,
            "distribution_type": "conda",
            "download_url": "//api.anaconda.org/download/bioconda/bioconductor-proteinprofiles/1.26.0/noarch/bioconductor-proteinprofiles-1.26.0-r36_0.tar.bz2",
            "full_name": "bioconda/bioconductor-proteinprofiles/1.26.0/noarch/bioconductor-proteinprofiles-1.26.0-r36_0.tar.bz2",
            "labels": [
                "main"
            ],
            "md5": "aabcb915bf2c0d9d04354ed89167f46d",
            "ndownloads": 39,
            "owner": "bioconda",
            "size": 301537,
            "type": "conda",
            "upload_time": "2019-11-01 08:28:12.476000+00:00",
            "version": "1.26.0"
        },
        {
            "attrs": {
                "arch": null,
                "build": "r40_0",
                "build_number": 0,
                "depends": [
                    "r-base >=4.0,<4.1.0a0"
                ],
                "has_prefix": false,
                "license": "GPL-3",
                "machine": null,
                "noarch": "generic",
                "operatingsystem": null,
                "platform": null,
                "subdir": "noarch",
                "target-triplet": "None-any-None",
                "timestamp": 1589038224491
            },
            "basename": "noarch/bioconductor-proteinprofiles-1.28.0-r40_0.tar.bz2",
            "dependencies": {
                "depends": [
                    {
                        "name": "r-base",
                        "specs": [
                            [
                                ">=",
                                "4.0,<4.1.0a0"
                            ]
                        ]
                    }
                ]
            },
            "description": null,
            "distribution_type": "conda",
            "download_url": "//api.anaconda.org/download/bioconda/bioconductor-proteinprofiles/1.28.0/noarch/bioconductor-proteinprofiles-1.28.0-r40_0.tar.bz2",
            "full_name": "bioconda/bioconductor-proteinprofiles/1.28.0/noarch/bioconductor-proteinprofiles-1.28.0-r40_0.tar.bz2",
            "labels": [
                "main"
            ],
            "md5": "3f686d2ce71b0e29a9c9b523ff94dedb",
            "ndownloads": 13,
            "owner": "bioconda",
            "size": 302232,
            "type": "conda",
            "upload_time": "2020-05-09 15:34:41.509000+00:00",
            "version": "1.28.0"
        }
    ],
    "full_name": "bioconda/bioconductor-proteinprofiles",
    "home": "https://bioconductor.org/packages/3.8/bioc/html/proteinProfiles.html",
    "html_url": "http://anaconda.org/bioconda/bioconductor-proteinprofiles",
    "id": "5c371fded9c2cf1e036d8fe0",
    "latest_version": "1.28.0",
    "license": "GPL-3",
    "license_url": null,
    "modified_at": "2020-05-09 15:34:41.809000+00:00",
    "name": "bioconductor-proteinprofiles",
    "owner": {
        "company": "",
        "created_at": "2015-09-11 22:59:20.880000+00:00",
        "description": "Bioconda is a distribution of bioinformatics software realized as a channel for the versatile Conda package manager.",
        "location": "",
        "login": "bioconda",
        "name": "bioconda",
        "url": "",
        "user_type": "org"
    },
    "package_types": [
        "conda"
    ],
    "public": true,
    "releases": [
        {
            "distributions": [],
            "full_name": "bioconda/bioconductor-proteinprofiles/1.22.0",
            "version": "1.22.0"
        },
        {
            "distributions": [],
            "full_name": "bioconda/bioconductor-proteinprofiles/1.24.0",
            "version": "1.24.0"
        },
        {
            "distributions": [],
            "full_name": "bioconda/bioconductor-proteinprofiles/1.26.0",
            "version": "1.26.0"
        },
        {
            "distributions": [],
            "full_name": "bioconda/bioconductor-proteinprofiles/1.28.0",
            "version": "1.28.0"
        }
    ],
    "revision": 8,
    "source_git_tag": null,
    "source_git_url": null,
    "summary": "Protein Profiling",
    "upvoted": 0,
    "url": "http://api.anaconda.org/packages/bioconda/bioconductor-proteinprofiles",
    "versions": [
        "1.22.0",
        "1.24.0",
        "1.26.0",
        "1.28.0"
    ],
    "watchers": 1
}