{
    "app_entry": {},
    "app_summary": {},
    "app_type": {},
    "builds": [
        "r36_7",
        "r36_6",
        "r351_3",
        "r351_4",
        "r3.4.1_0",
        "r3.4.1_1"
    ],
    "conda_platforms": [
        "linux-64",
        "noarch",
        "osx-64"
    ],
    "created_at": "2017-11-14 07:56:41.635000+00:00",
    "description": "",
    "dev_url": null,
    "doc_url": null,
    "files": [
        {
            "attrs": {
                "arch": "x86_64",
                "build": "r3.4.1_0",
                "build_number": 0,
                "depends": [
                    "bioconductor-annotationdbi >=1.17.11",
                    "bioconductor-genomicfeatures",
                    "bioconductor-go.db",
                    "bioconductor-org.hs.eg.db",
                    "bioconductor-organismdbi >=1.11.39",
                    "bioconductor-txdb.hsapiens.ucsc.hg19.knowngene",
                    "r-base 3.4.1*",
                    "wget"
                ],
                "has_prefix": false,
                "license": "Artistic-2.0",
                "machine": "x86_64",
                "operatingsystem": "darwin",
                "platform": "osx",
                "subdir": "osx-64",
                "target-triplet": "x86_64-any-darwin"
            },
            "basename": "osx-64/bioconductor-homo.sapiens-1.3.1-r3.4.1_0.tar.bz2",
            "dependencies": {
                "depends": [
                    {
                        "name": "bioconductor-annotationdbi",
                        "specs": [
                            [
                                ">=",
                                "1.17.11"
                            ]
                        ]
                    },
                    {
                        "name": "bioconductor-genomicfeatures",
                        "specs": []
                    },
                    {
                        "name": "bioconductor-go.db",
                        "specs": []
                    },
                    {
                        "name": "bioconductor-org.hs.eg.db",
                        "specs": []
                    },
                    {
                        "name": "bioconductor-organismdbi",
                        "specs": [
                            [
                                ">=",
                                "1.11.39"
                            ]
                        ]
                    },
                    {
                        "name": "bioconductor-txdb.hsapiens.ucsc.hg19.knowngene",
                        "specs": []
                    },
                    {
                        "name": "r-base",
                        "specs": [
                            [
                                "==",
                                "3.4.1"
                            ]
                        ]
                    },
                    {
                        "name": "wget",
                        "specs": []
                    }
                ]
            },
            "description": null,
            "distribution_type": "conda",
            "download_url": "//api.anaconda.org/download/bioconda/bioconductor-homo.sapiens/1.3.1/osx-64/bioconductor-homo.sapiens-1.3.1-r3.4.1_0.tar.bz2",
            "full_name": "bioconda/bioconductor-homo.sapiens/1.3.1/osx-64/bioconductor-homo.sapiens-1.3.1-r3.4.1_0.tar.bz2",
            "labels": [
                "main",
                "cf201901"
            ],
            "md5": "7f9ad23c640ca0a895a336dd1dbb85b5",
            "ndownloads": 243,
            "owner": "bioconda",
            "size": 4856,
            "type": "conda",
            "upload_time": "2017-11-14 07:56:42.127000+00:00",
            "version": "1.3.1"
        },
        {
            "attrs": {
                "arch": "x86_64",
                "build": "r3.4.1_0",
                "build_number": 0,
                "depends": [
                    "bioconductor-annotationdbi >=1.17.11",
                    "bioconductor-genomicfeatures",
                    "bioconductor-go.db",
                    "bioconductor-org.hs.eg.db",
                    "bioconductor-organismdbi >=1.11.39",
                    "bioconductor-txdb.hsapiens.ucsc.hg19.knowngene",
                    "r-base 3.4.1*",
                    "wget"
                ],
                "has_prefix": false,
                "license": "Artistic-2.0",
                "machine": "x86_64",
                "operatingsystem": "linux",
                "platform": "linux",
                "subdir": "linux-64",
                "target-triplet": "x86_64-any-linux"
            },
            "basename": "linux-64/bioconductor-homo.sapiens-1.3.1-r3.4.1_0.tar.bz2",
            "dependencies": {
                "depends": [
                    {
                        "name": "bioconductor-annotationdbi",
                        "specs": [
                            [
                                ">=",
                                "1.17.11"
                            ]
                        ]
                    },
                    {
                        "name": "bioconductor-genomicfeatures",
                        "specs": []
                    },
                    {
                        "name": "bioconductor-go.db",
                        "specs": []
                    },
                    {
                        "name": "bioconductor-org.hs.eg.db",
                        "specs": []
                    },
                    {
                        "name": "bioconductor-organismdbi",
                        "specs": [
                            [
                                ">=",
                                "1.11.39"
                            ]
                        ]
                    },
                    {
                        "name": "bioconductor-txdb.hsapiens.ucsc.hg19.knowngene",
                        "specs": []
                    },
                    {
                        "name": "r-base",
                        "specs": [
                            [
                                "==",
                                "3.4.1"
                            ]
                        ]
                    },
                    {
                        "name": "wget",
                        "specs": []
                    }
                ]
            },
            "description": null,
            "distribution_type": "conda",
            "download_url": "//api.anaconda.org/download/bioconda/bioconductor-homo.sapiens/1.3.1/linux-64/bioconductor-homo.sapiens-1.3.1-r3.4.1_0.tar.bz2",
            "full_name": "bioconda/bioconductor-homo.sapiens/1.3.1/linux-64/bioconductor-homo.sapiens-1.3.1-r3.4.1_0.tar.bz2",
            "labels": [
                "main",
                "cf201901"
            ],
            "md5": "a9921aadf95ea405892d7e9131dcca8e",
            "ndownloads": 411,
            "owner": "bioconda",
            "size": 5206,
            "type": "conda",
            "upload_time": "2017-11-14 08:07:14.950000+00:00",
            "version": "1.3.1"
        },
        {
            "attrs": {
                "arch": "x86_64",
                "build": "r3.4.1_1",
                "build_number": 1,
                "depends": [
                    "bioconductor-annotationdbi >=1.17.11",
                    "bioconductor-genomicfeatures",
                    "bioconductor-go.db",
                    "bioconductor-org.hs.eg.db",
                    "bioconductor-organismdbi >=1.11.39",
                    "bioconductor-txdb.hsapiens.ucsc.hg19.knowngene",
                    "r-base 3.4.1*",
                    "wget"
                ],
                "has_prefix": false,
                "license": "Artistic-2.0",
                "machine": "x86_64",
                "operatingsystem": "darwin",
                "platform": "osx",
                "subdir": "osx-64",
                "target-triplet": "x86_64-any-darwin"
            },
            "basename": "osx-64/bioconductor-homo.sapiens-1.3.1-r3.4.1_1.tar.bz2",
            "dependencies": {
                "depends": [
                    {
                        "name": "bioconductor-annotationdbi",
                        "specs": [
                            [
                                ">=",
                                "1.17.11"
                            ]
                        ]
                    },
                    {
                        "name": "bioconductor-genomicfeatures",
                        "specs": []
                    },
                    {
                        "name": "bioconductor-go.db",
                        "specs": []
                    },
                    {
                        "name": "bioconductor-org.hs.eg.db",
                        "specs": []
                    },
                    {
                        "name": "bioconductor-organismdbi",
                        "specs": [
                            [
                                ">=",
                                "1.11.39"
                            ]
                        ]
                    },
                    {
                        "name": "bioconductor-txdb.hsapiens.ucsc.hg19.knowngene",
                        "specs": []
                    },
                    {
                        "name": "r-base",
                        "specs": [
                            [
                                "==",
                                "3.4.1"
                            ]
                        ]
                    },
                    {
                        "name": "wget",
                        "specs": []
                    }
                ]
            },
            "description": null,
            "distribution_type": "conda",
            "download_url": "//api.anaconda.org/download/bioconda/bioconductor-homo.sapiens/1.3.1/osx-64/bioconductor-homo.sapiens-1.3.1-r3.4.1_1.tar.bz2",
            "full_name": "bioconda/bioconductor-homo.sapiens/1.3.1/osx-64/bioconductor-homo.sapiens-1.3.1-r3.4.1_1.tar.bz2",
            "labels": [
                "main",
                "cf201901"
            ],
            "md5": "3ebf96871e7c5fd6c9a83e34e046d0c4",
            "ndownloads": 545,
            "owner": "bioconda",
            "size": 5073,
            "type": "conda",
            "upload_time": "2017-12-20 11:05:45.876000+00:00",
            "version": "1.3.1"
        },
        {
            "attrs": {
                "arch": "x86_64",
                "build": "r3.4.1_1",
                "build_number": 1,
                "depends": [
                    "bioconductor-annotationdbi >=1.17.11",
                    "bioconductor-genomicfeatures",
                    "bioconductor-go.db",
                    "bioconductor-org.hs.eg.db",
                    "bioconductor-organismdbi >=1.11.39",
                    "bioconductor-txdb.hsapiens.ucsc.hg19.knowngene",
                    "r-base 3.4.1*",
                    "wget"
                ],
                "has_prefix": false,
                "license": "Artistic-2.0",
                "machine": "x86_64",
                "operatingsystem": "linux",
                "platform": "linux",
                "subdir": "linux-64",
                "target-triplet": "x86_64-any-linux"
            },
            "basename": "linux-64/bioconductor-homo.sapiens-1.3.1-r3.4.1_1.tar.bz2",
            "dependencies": {
                "depends": [
                    {
                        "name": "bioconductor-annotationdbi",
                        "specs": [
                            [
                                ">=",
                                "1.17.11"
                            ]
                        ]
                    },
                    {
                        "name": "bioconductor-genomicfeatures",
                        "specs": []
                    },
                    {
                        "name": "bioconductor-go.db",
                        "specs": []
                    },
                    {
                        "name": "bioconductor-org.hs.eg.db",
                        "specs": []
                    },
                    {
                        "name": "bioconductor-organismdbi",
                        "specs": [
                            [
                                ">=",
                                "1.11.39"
                            ]
                        ]
                    },
                    {
                        "name": "bioconductor-txdb.hsapiens.ucsc.hg19.knowngene",
                        "specs": []
                    },
                    {
                        "name": "r-base",
                        "specs": [
                            [
                                "==",
                                "3.4.1"
                            ]
                        ]
                    },
                    {
                        "name": "wget",
                        "specs": []
                    }
                ]
            },
            "description": null,
            "distribution_type": "conda",
            "download_url": "//api.anaconda.org/download/bioconda/bioconductor-homo.sapiens/1.3.1/linux-64/bioconductor-homo.sapiens-1.3.1-r3.4.1_1.tar.bz2",
            "full_name": "bioconda/bioconductor-homo.sapiens/1.3.1/linux-64/bioconductor-homo.sapiens-1.3.1-r3.4.1_1.tar.bz2",
            "labels": [
                "main",
                "cf201901"
            ],
            "md5": "521c5a98ef4fb9958a393bee0f652bc0",
            "ndownloads": 388,
            "owner": "bioconda",
            "size": 5257,
            "type": "conda",
            "upload_time": "2017-12-20 12:19:10.490000+00:00",
            "version": "1.3.1"
        },
        {
            "attrs": {
                "arch": "x86_64",
                "build": "r351_3",
                "build_number": 3,
                "depends": [
                    "bioconductor-annotationdbi >=1.42.1,<1.44.0",
                    "bioconductor-genomicfeatures >=1.32.2,<1.34.0",
                    "bioconductor-go.db >=3.6.0,<3.8.0",
                    "bioconductor-org.hs.eg.db >=3.6.0,<3.8.0",
                    "bioconductor-organismdbi >=1.22.0,<1.24.0",
                    "bioconductor-txdb.hsapiens.ucsc.hg19.knowngene >=3.2.2,<3.4.0",
                    "r-base >=3.5.1,<3.5.2.0a0",
                    "wget"
                ],
                "has_prefix": false,
                "license": "Artistic-2.0",
                "machine": "x86_64",
                "operatingsystem": "linux",
                "platform": "linux",
                "subdir": "linux-64",
                "target-triplet": "x86_64-any-linux",
                "timestamp": 1540215004070
            },
            "basename": "linux-64/bioconductor-homo.sapiens-1.3.1-r351_3.tar.bz2",
            "dependencies": {
                "depends": [
                    {
                        "name": "bioconductor-annotationdbi",
                        "specs": [
                            [
                                ">=",
                                "1.42.1,<1.44.0"
                            ]
                        ]
                    },
                    {
                        "name": "bioconductor-genomicfeatures",
                        "specs": [
                            [
                                ">=",
                                "1.32.2,<1.34.0"
                            ]
                        ]
                    },
                    {
                        "name": "bioconductor-go.db",
                        "specs": [
                            [
                                ">=",
                                "3.6.0,<3.8.0"
                            ]
                        ]
                    },
                    {
                        "name": "bioconductor-org.hs.eg.db",
                        "specs": [
                            [
                                ">=",
                                "3.6.0,<3.8.0"
                            ]
                        ]
                    },
                    {
                        "name": "bioconductor-organismdbi",
                        "specs": [
                            [
                                ">=",
                                "1.22.0,<1.24.0"
                            ]
                        ]
                    },
                    {
                        "name": "bioconductor-txdb.hsapiens.ucsc.hg19.knowngene",
                        "specs": [
                            [
                                ">=",
                                "3.2.2,<3.4.0"
                            ]
                        ]
                    },
                    {
                        "name": "r-base",
                        "specs": [
                            [
                                ">=",
                                "3.5.1,<3.5.2.0a0"
                            ]
                        ]
                    },
                    {
                        "name": "wget",
                        "specs": []
                    }
                ]
            },
            "description": null,
            "distribution_type": "conda",
            "download_url": "//api.anaconda.org/download/bioconda/bioconductor-homo.sapiens/1.3.1/linux-64/bioconductor-homo.sapiens-1.3.1-r351_3.tar.bz2",
            "full_name": "bioconda/bioconductor-homo.sapiens/1.3.1/linux-64/bioconductor-homo.sapiens-1.3.1-r351_3.tar.bz2",
            "labels": [
                "main",
                "cf201901"
            ],
            "md5": "f6aaf16218722787f8ec3aa6313dfd2e",
            "ndownloads": 258,
            "owner": "bioconda",
            "size": 6259,
            "type": "conda",
            "upload_time": "2018-10-22 13:38:09.810000+00:00",
            "version": "1.3.1"
        },
        {
            "attrs": {
                "arch": null,
                "build": "r351_4",
                "build_number": 4,
                "depends": [
                    "bioconductor-annotationdbi >=1.44.0,<1.45.0",
                    "bioconductor-genomicfeatures >=1.34.0,<1.35.0",
                    "bioconductor-go.db >=3.7.0,<3.8.0",
                    "bioconductor-org.hs.eg.db >=3.7.0,<3.8.0",
                    "bioconductor-organismdbi >=1.24.0,<1.25.0",
                    "bioconductor-txdb.hsapiens.ucsc.hg19.knowngene >=3.2.0,<3.3.0",
                    "r-base >=3.5.1,<3.5.2.0a0",
                    "wget"
                ],
                "has_prefix": false,
                "license": "Artistic-2.0",
                "machine": null,
                "noarch": "generic",
                "operatingsystem": null,
                "platform": null,
                "subdir": "noarch",
                "target-triplet": "None-any-None",
                "timestamp": 1546061301198
            },
            "basename": "noarch/bioconductor-homo.sapiens-1.3.1-r351_4.tar.bz2",
            "dependencies": {
                "depends": [
                    {
                        "name": "bioconductor-annotationdbi",
                        "specs": [
                            [
                                ">=",
                                "1.44.0,<1.45.0"
                            ]
                        ]
                    },
                    {
                        "name": "bioconductor-genomicfeatures",
                        "specs": [
                            [
                                ">=",
                                "1.34.0,<1.35.0"
                            ]
                        ]
                    },
                    {
                        "name": "bioconductor-go.db",
                        "specs": [
                            [
                                ">=",
                                "3.7.0,<3.8.0"
                            ]
                        ]
                    },
                    {
                        "name": "bioconductor-org.hs.eg.db",
                        "specs": [
                            [
                                ">=",
                                "3.7.0,<3.8.0"
                            ]
                        ]
                    },
                    {
                        "name": "bioconductor-organismdbi",
                        "specs": [
                            [
                                ">=",
                                "1.24.0,<1.25.0"
                            ]
                        ]
                    },
                    {
                        "name": "bioconductor-txdb.hsapiens.ucsc.hg19.knowngene",
                        "specs": [
                            [
                                ">=",
                                "3.2.0,<3.3.0"
                            ]
                        ]
                    },
                    {
                        "name": "r-base",
                        "specs": [
                            [
                                ">=",
                                "3.5.1,<3.5.2.0a0"
                            ]
                        ]
                    },
                    {
                        "name": "wget",
                        "specs": []
                    }
                ]
            },
            "description": null,
            "distribution_type": "conda",
            "download_url": "//api.anaconda.org/download/bioconda/bioconductor-homo.sapiens/1.3.1/noarch/bioconductor-homo.sapiens-1.3.1-r351_4.tar.bz2",
            "full_name": "bioconda/bioconductor-homo.sapiens/1.3.1/noarch/bioconductor-homo.sapiens-1.3.1-r351_4.tar.bz2",
            "labels": [
                "gcc7",
                "main"
            ],
            "md5": "6ca577e90a2378bfdfb3bea516a90ece",
            "ndownloads": 207,
            "owner": "bioconda",
            "size": 6927,
            "type": "conda",
            "upload_time": "2018-12-29 05:34:20.460000+00:00",
            "version": "1.3.1"
        },
        {
            "attrs": {
                "arch": null,
                "build": "r36_6",
                "build_number": 6,
                "depends": [
                    "bioconductor-annotationdbi >=1.46.0,<1.47.0",
                    "bioconductor-genomicfeatures >=1.36.0,<1.37.0",
                    "bioconductor-go.db >=3.8.0,<3.9.0",
                    "bioconductor-org.hs.eg.db >=3.8.0,<3.9.0",
                    "bioconductor-organismdbi >=1.26.0,<1.27.0",
                    "bioconductor-txdb.hsapiens.ucsc.hg19.knowngene >=3.2.0,<3.3.0",
                    "curl >=7.65.3,<8.0a0",
                    "r-base >=3.6,<3.7.0a0"
                ],
                "has_prefix": false,
                "license": "Artistic-2.0",
                "machine": null,
                "noarch": "generic",
                "operatingsystem": null,
                "platform": null,
                "subdir": "noarch",
                "target-triplet": "None-any-None",
                "timestamp": 1565464245193
            },
            "basename": "noarch/bioconductor-homo.sapiens-1.3.1-r36_6.tar.bz2",
            "dependencies": {
                "depends": [
                    {
                        "name": "bioconductor-annotationdbi",
                        "specs": [
                            [
                                ">=",
                                "1.46.0,<1.47.0"
                            ]
                        ]
                    },
                    {
                        "name": "bioconductor-genomicfeatures",
                        "specs": [
                            [
                                ">=",
                                "1.36.0,<1.37.0"
                            ]
                        ]
                    },
                    {
                        "name": "bioconductor-go.db",
                        "specs": [
                            [
                                ">=",
                                "3.8.0,<3.9.0"
                            ]
                        ]
                    },
                    {
                        "name": "bioconductor-org.hs.eg.db",
                        "specs": [
                            [
                                ">=",
                                "3.8.0,<3.9.0"
                            ]
                        ]
                    },
                    {
                        "name": "bioconductor-organismdbi",
                        "specs": [
                            [
                                ">=",
                                "1.26.0,<1.27.0"
                            ]
                        ]
                    },
                    {
                        "name": "bioconductor-txdb.hsapiens.ucsc.hg19.knowngene",
                        "specs": [
                            [
                                ">=",
                                "3.2.0,<3.3.0"
                            ]
                        ]
                    },
                    {
                        "name": "curl",
                        "specs": [
                            [
                                ">=",
                                "7.65.3,<8.0a0"
                            ]
                        ]
                    },
                    {
                        "name": "r-base",
                        "specs": [
                            [
                                ">=",
                                "3.6,<3.7.0a0"
                            ]
                        ]
                    }
                ]
            },
            "description": null,
            "distribution_type": "conda",
            "download_url": "//api.anaconda.org/download/bioconda/bioconductor-homo.sapiens/1.3.1/noarch/bioconductor-homo.sapiens-1.3.1-r36_6.tar.bz2",
            "full_name": "bioconda/bioconductor-homo.sapiens/1.3.1/noarch/bioconductor-homo.sapiens-1.3.1-r36_6.tar.bz2",
            "labels": [
                "main"
            ],
            "md5": "166aac2e6edba0979f0cc830b47941a8",
            "ndownloads": 70,
            "owner": "bioconda",
            "size": 7322,
            "type": "conda",
            "upload_time": "2019-08-10 19:18:54.609000+00:00",
            "version": "1.3.1"
        },
        {
            "attrs": {
                "arch": null,
                "build": "r36_7",
                "build_number": 7,
                "depends": [
                    "bioconductor-annotationdbi >=1.48.0,<1.49.0",
                    "bioconductor-genomicfeatures >=1.38.0,<1.39.0",
                    "bioconductor-go.db >=3.10.0,<3.11.0",
                    "bioconductor-org.hs.eg.db >=3.10.0,<3.11.0",
                    "bioconductor-organismdbi >=1.28.0,<1.29.0",
                    "bioconductor-txdb.hsapiens.ucsc.hg19.knowngene >=3.2.0,<3.3.0",
                    "curl >=7.65.3,<8.0a0",
                    "r-base >=3.6,<3.7.0a0"
                ],
                "has_prefix": false,
                "license": "Artistic-2.0",
                "machine": null,
                "noarch": "generic",
                "operatingsystem": null,
                "platform": null,
                "subdir": "noarch",
                "target-triplet": "None-any-None",
                "timestamp": 1572855805283
            },
            "basename": "noarch/bioconductor-homo.sapiens-1.3.1-r36_7.tar.bz2",
            "dependencies": {
                "depends": [
                    {
                        "name": "bioconductor-annotationdbi",
                        "specs": [
                            [
                                ">=",
                                "1.48.0,<1.49.0"
                            ]
                        ]
                    },
                    {
                        "name": "bioconductor-genomicfeatures",
                        "specs": [
                            [
                                ">=",
                                "1.38.0,<1.39.0"
                            ]
                        ]
                    },
                    {
                        "name": "bioconductor-go.db",
                        "specs": [
                            [
                                ">=",
                                "3.10.0,<3.11.0"
                            ]
                        ]
                    },
                    {
                        "name": "bioconductor-org.hs.eg.db",
                        "specs": [
                            [
                                ">=",
                                "3.10.0,<3.11.0"
                            ]
                        ]
                    },
                    {
                        "name": "bioconductor-organismdbi",
                        "specs": [
                            [
                                ">=",
                                "1.28.0,<1.29.0"
                            ]
                        ]
                    },
                    {
                        "name": "bioconductor-txdb.hsapiens.ucsc.hg19.knowngene",
                        "specs": [
                            [
                                ">=",
                                "3.2.0,<3.3.0"
                            ]
                        ]
                    },
                    {
                        "name": "curl",
                        "specs": [
                            [
                                ">=",
                                "7.65.3,<8.0a0"
                            ]
                        ]
                    },
                    {
                        "name": "r-base",
                        "specs": [
                            [
                                ">=",
                                "3.6,<3.7.0a0"
                            ]
                        ]
                    }
                ]
            },
            "description": null,
            "distribution_type": "conda",
            "download_url": "//api.anaconda.org/download/bioconda/bioconductor-homo.sapiens/1.3.1/noarch/bioconductor-homo.sapiens-1.3.1-r36_7.tar.bz2",
            "full_name": "bioconda/bioconductor-homo.sapiens/1.3.1/noarch/bioconductor-homo.sapiens-1.3.1-r36_7.tar.bz2",
            "labels": [
                "main"
            ],
            "md5": "2116240c21cc35319fb5b56a1dbb2222",
            "ndownloads": 54,
            "owner": "bioconda",
            "size": 7539,
            "type": "conda",
            "upload_time": "2019-11-04 08:32:36.186000+00:00",
            "version": "1.3.1"
        }
    ],
    "full_name": "bioconda/bioconductor-homo.sapiens",
    "home": "http://bioconductor.org/packages/3.6/data/annotation/html/Homo.sapiens.html",
    "html_url": "http://anaconda.org/bioconda/bioconductor-homo.sapiens",
    "id": "5a0aa1b9393ec612087270a7",
    "latest_version": "1.3.1",
    "license": "Artistic-2.0",
    "license_url": null,
    "modified_at": "2019-11-04 08:32:36.532000+00:00",
    "name": "bioconductor-homo.sapiens",
    "owner": {
        "company": "",
        "created_at": "2015-09-11 22:59:20.880000+00:00",
        "description": "Bioconda is a distribution of bioinformatics software realized as a channel for the versatile Conda package manager.",
        "location": "",
        "login": "bioconda",
        "name": "bioconda",
        "url": "",
        "user_type": "org"
    },
    "package_types": [
        "conda"
    ],
    "public": true,
    "releases": [
        {
            "distributions": [],
            "full_name": "bioconda/bioconductor-homo.sapiens/1.3.1",
            "version": "1.3.1"
        }
    ],
    "revision": 2,
    "source_git_tag": null,
    "source_git_url": null,
    "summary": "Contains the Homo.sapiens object to access data from several related annotation packages.",
    "upvoted": 0,
    "url": "http://api.anaconda.org/packages/bioconda/bioconductor-homo.sapiens",
    "versions": [
        "1.3.1"
    ],
    "watchers": 1
}