{
    "app_entry": {},
    "app_summary": {},
    "app_type": {},
    "builds": [
        "r40_0",
        "r36_1",
        "r36_0",
        "r341_0",
        "r3.3.2_0",
        "r351_0",
        "r3.4.1_0"
    ],
    "conda_platforms": [
        "linux-64",
        "noarch",
        "osx-64"
    ],
    "created_at": "2017-08-20 20:37:37.488000+00:00",
    "description": "Polyfit is an add-on to the packages DESeq which ensures the p-value distribution is uniform over the interval [0, 1] for data satisfying the null hypothesis of no differential expression, and uses an adpated Storey-Tibshiran method to calculate q-values.",
    "dev_url": null,
    "doc_url": null,
    "files": [
        {
            "attrs": {
                "arch": "x86_64",
                "build": "r3.4.1_0",
                "build_number": 0,
                "depends": [
                    "bioconductor-deseq",
                    "r-base 3.4.1*"
                ],
                "has_prefix": false,
                "license": "GPL (>= 3)",
                "machine": "x86_64",
                "operatingsystem": "darwin",
                "platform": "osx",
                "subdir": "osx-64",
                "target-triplet": "x86_64-any-darwin"
            },
            "basename": "osx-64/bioconductor-polyfit-1.12.0-r3.4.1_0.tar.bz2",
            "dependencies": {
                "depends": [
                    {
                        "name": "bioconductor-deseq",
                        "specs": []
                    },
                    {
                        "name": "r-base",
                        "specs": [
                            [
                                "==",
                                "3.4.1"
                            ]
                        ]
                    }
                ]
            },
            "description": null,
            "distribution_type": "conda",
            "download_url": "//api.anaconda.org/download/bioconda/bioconductor-polyfit/1.12.0/osx-64/bioconductor-polyfit-1.12.0-r3.4.1_0.tar.bz2",
            "full_name": "bioconda/bioconductor-polyfit/1.12.0/osx-64/bioconductor-polyfit-1.12.0-r3.4.1_0.tar.bz2",
            "labels": [
                "main",
                "cf201901"
            ],
            "md5": "955ddb6c018968f39264f06a27549b6e",
            "ndownloads": 1200,
            "owner": "bioconda",
            "size": 302915,
            "type": "conda",
            "upload_time": "2017-11-10 00:42:00.812000+00:00",
            "version": "1.12.0"
        },
        {
            "attrs": {
                "arch": "x86_64",
                "build": "r3.3.2_0",
                "build_number": 0,
                "depends": [
                    "bioconductor-deseq",
                    "r-base 3.3.2*"
                ],
                "has_prefix": false,
                "license": "GPL (>= 3)",
                "machine": "x86_64",
                "operatingsystem": "linux",
                "platform": "linux",
                "subdir": "linux-64",
                "target-triplet": "x86_64-any-linux"
            },
            "basename": "linux-64/bioconductor-polyfit-1.10.0-r3.3.2_0.tar.bz2",
            "dependencies": {
                "depends": [
                    {
                        "name": "bioconductor-deseq",
                        "specs": []
                    },
                    {
                        "name": "r-base",
                        "specs": [
                            [
                                "==",
                                "3.3.2"
                            ]
                        ]
                    }
                ]
            },
            "description": null,
            "distribution_type": "conda",
            "download_url": "//api.anaconda.org/download/bioconda/bioconductor-polyfit/1.10.0/linux-64/bioconductor-polyfit-1.10.0-r3.3.2_0.tar.bz2",
            "full_name": "bioconda/bioconductor-polyfit/1.10.0/linux-64/bioconductor-polyfit-1.10.0-r3.3.2_0.tar.bz2",
            "labels": [
                "main",
                "cf201901"
            ],
            "md5": "ab7614f10ff1707c97adf2c197b4607d",
            "ndownloads": 432,
            "owner": "bioconda",
            "size": 302263,
            "type": "conda",
            "upload_time": "2017-08-20 20:40:31.482000+00:00",
            "version": "1.10.0"
        },
        {
            "attrs": {
                "arch": "x86_64",
                "build": "r3.3.2_0",
                "build_number": 0,
                "depends": [
                    "bioconductor-deseq",
                    "r-base 3.3.2*"
                ],
                "has_prefix": false,
                "license": "GPL (>= 3)",
                "machine": "x86_64",
                "operatingsystem": "darwin",
                "platform": "osx",
                "subdir": "osx-64",
                "target-triplet": "x86_64-any-darwin"
            },
            "basename": "osx-64/bioconductor-polyfit-1.10.0-r3.3.2_0.tar.bz2",
            "dependencies": {
                "depends": [
                    {
                        "name": "bioconductor-deseq",
                        "specs": []
                    },
                    {
                        "name": "r-base",
                        "specs": [
                            [
                                "==",
                                "3.3.2"
                            ]
                        ]
                    }
                ]
            },
            "description": null,
            "distribution_type": "conda",
            "download_url": "//api.anaconda.org/download/bioconda/bioconductor-polyfit/1.10.0/osx-64/bioconductor-polyfit-1.10.0-r3.3.2_0.tar.bz2",
            "full_name": "bioconda/bioconductor-polyfit/1.10.0/osx-64/bioconductor-polyfit-1.10.0-r3.3.2_0.tar.bz2",
            "labels": [
                "main",
                "cf201901"
            ],
            "md5": "8cd16224476758844a800e59a08f4ca0",
            "ndownloads": 270,
            "owner": "bioconda",
            "size": 302118,
            "type": "conda",
            "upload_time": "2017-08-20 20:37:37.908000+00:00",
            "version": "1.10.0"
        },
        {
            "attrs": {
                "arch": "x86_64",
                "build": "r3.4.1_0",
                "build_number": 0,
                "depends": [
                    "bioconductor-deseq",
                    "r-base 3.4.1*"
                ],
                "has_prefix": false,
                "license": "GPL (>= 3)",
                "machine": "x86_64",
                "operatingsystem": "linux",
                "platform": "linux",
                "subdir": "linux-64",
                "target-triplet": "x86_64-any-linux"
            },
            "basename": "linux-64/bioconductor-polyfit-1.10.0-r3.4.1_0.tar.bz2",
            "dependencies": {
                "depends": [
                    {
                        "name": "bioconductor-deseq",
                        "specs": []
                    },
                    {
                        "name": "r-base",
                        "specs": [
                            [
                                "==",
                                "3.4.1"
                            ]
                        ]
                    }
                ]
            },
            "description": null,
            "distribution_type": "conda",
            "download_url": "//api.anaconda.org/download/bioconda/bioconductor-polyfit/1.10.0/linux-64/bioconductor-polyfit-1.10.0-r3.4.1_0.tar.bz2",
            "full_name": "bioconda/bioconductor-polyfit/1.10.0/linux-64/bioconductor-polyfit-1.10.0-r3.4.1_0.tar.bz2",
            "labels": [
                "main",
                "cf201901"
            ],
            "md5": "ec7853a38ddac68675f85db0cc857953",
            "ndownloads": 530,
            "owner": "bioconda",
            "size": 302487,
            "type": "conda",
            "upload_time": "2017-09-21 19:42:14.838000+00:00",
            "version": "1.10.0"
        },
        {
            "attrs": {
                "arch": "x86_64",
                "build": "r3.4.1_0",
                "build_number": 0,
                "depends": [
                    "bioconductor-deseq",
                    "r-base 3.4.1*"
                ],
                "has_prefix": false,
                "license": "GPL (>= 3)",
                "machine": "x86_64",
                "operatingsystem": "darwin",
                "platform": "osx",
                "subdir": "osx-64",
                "target-triplet": "x86_64-any-darwin"
            },
            "basename": "osx-64/bioconductor-polyfit-1.10.0-r3.4.1_0.tar.bz2",
            "dependencies": {
                "depends": [
                    {
                        "name": "bioconductor-deseq",
                        "specs": []
                    },
                    {
                        "name": "r-base",
                        "specs": [
                            [
                                "==",
                                "3.4.1"
                            ]
                        ]
                    }
                ]
            },
            "description": null,
            "distribution_type": "conda",
            "download_url": "//api.anaconda.org/download/bioconda/bioconductor-polyfit/1.10.0/osx-64/bioconductor-polyfit-1.10.0-r3.4.1_0.tar.bz2",
            "full_name": "bioconda/bioconductor-polyfit/1.10.0/osx-64/bioconductor-polyfit-1.10.0-r3.4.1_0.tar.bz2",
            "labels": [
                "main",
                "cf201901"
            ],
            "md5": "9df7f81dd8abff1af3debd595990083d",
            "ndownloads": 988,
            "owner": "bioconda",
            "size": 302222,
            "type": "conda",
            "upload_time": "2017-09-23 08:59:00.221000+00:00",
            "version": "1.10.0"
        },
        {
            "attrs": {
                "arch": "x86_64",
                "build": "r3.4.1_0",
                "build_number": 0,
                "depends": [
                    "bioconductor-deseq",
                    "r-base 3.4.1*"
                ],
                "has_prefix": false,
                "license": "GPL (>= 3)",
                "machine": "x86_64",
                "operatingsystem": "linux",
                "platform": "linux",
                "subdir": "linux-64",
                "target-triplet": "x86_64-any-linux"
            },
            "basename": "linux-64/bioconductor-polyfit-1.12.0-r3.4.1_0.tar.bz2",
            "dependencies": {
                "depends": [
                    {
                        "name": "bioconductor-deseq",
                        "specs": []
                    },
                    {
                        "name": "r-base",
                        "specs": [
                            [
                                "==",
                                "3.4.1"
                            ]
                        ]
                    }
                ]
            },
            "description": null,
            "distribution_type": "conda",
            "download_url": "//api.anaconda.org/download/bioconda/bioconductor-polyfit/1.12.0/linux-64/bioconductor-polyfit-1.12.0-r3.4.1_0.tar.bz2",
            "full_name": "bioconda/bioconductor-polyfit/1.12.0/linux-64/bioconductor-polyfit-1.12.0-r3.4.1_0.tar.bz2",
            "labels": [
                "main",
                "cf201901"
            ],
            "md5": "2675874147fd78b9fd2d3f5bb3dbc795",
            "ndownloads": 556,
            "owner": "bioconda",
            "size": 303370,
            "type": "conda",
            "upload_time": "2017-11-10 03:43:13.289000+00:00",
            "version": "1.12.0"
        },
        {
            "attrs": {
                "arch": "x86_64",
                "build": "r341_0",
                "build_number": 0,
                "depends": [
                    "bioconductor-deseq >=1.32.0,<1.34.0",
                    "r-base >=3.4.1,<3.4.2.0a0"
                ],
                "has_prefix": false,
                "license": "GPL (>= 3)",
                "machine": "x86_64",
                "operatingsystem": "darwin",
                "platform": "osx",
                "subdir": "osx-64",
                "target-triplet": "x86_64-any-darwin",
                "timestamp": 1540347238228
            },
            "basename": "osx-64/bioconductor-polyfit-1.14.0-r341_0.tar.bz2",
            "dependencies": {
                "depends": [
                    {
                        "name": "bioconductor-deseq",
                        "specs": [
                            [
                                ">=",
                                "1.32.0,<1.34.0"
                            ]
                        ]
                    },
                    {
                        "name": "r-base",
                        "specs": [
                            [
                                ">=",
                                "3.4.1,<3.4.2.0a0"
                            ]
                        ]
                    }
                ]
            },
            "description": null,
            "distribution_type": "conda",
            "download_url": "//api.anaconda.org/download/bioconda/bioconductor-polyfit/1.14.0/osx-64/bioconductor-polyfit-1.14.0-r341_0.tar.bz2",
            "full_name": "bioconda/bioconductor-polyfit/1.14.0/osx-64/bioconductor-polyfit-1.14.0-r341_0.tar.bz2",
            "labels": [
                "main",
                "cf201901"
            ],
            "md5": "b74a2346e97a4c1496afc3f3a67ef692",
            "ndownloads": 259,
            "owner": "bioconda",
            "size": 304334,
            "type": "conda",
            "upload_time": "2018-10-24 02:15:04.342000+00:00",
            "version": "1.14.0"
        },
        {
            "attrs": {
                "arch": "x86_64",
                "build": "r351_0",
                "build_number": 0,
                "depends": [
                    "bioconductor-deseq >=1.32.0,<1.34.0",
                    "r-base >=3.5.1,<3.5.2.0a0"
                ],
                "has_prefix": false,
                "license": "GPL (>= 3)",
                "machine": "x86_64",
                "operatingsystem": "linux",
                "platform": "linux",
                "subdir": "linux-64",
                "target-triplet": "x86_64-any-linux",
                "timestamp": 1540460151721
            },
            "basename": "linux-64/bioconductor-polyfit-1.14.0-r351_0.tar.bz2",
            "dependencies": {
                "depends": [
                    {
                        "name": "bioconductor-deseq",
                        "specs": [
                            [
                                ">=",
                                "1.32.0,<1.34.0"
                            ]
                        ]
                    },
                    {
                        "name": "r-base",
                        "specs": [
                            [
                                ">=",
                                "3.5.1,<3.5.2.0a0"
                            ]
                        ]
                    }
                ]
            },
            "description": null,
            "distribution_type": "conda",
            "download_url": "//api.anaconda.org/download/bioconda/bioconductor-polyfit/1.14.0/linux-64/bioconductor-polyfit-1.14.0-r351_0.tar.bz2",
            "full_name": "bioconda/bioconductor-polyfit/1.14.0/linux-64/bioconductor-polyfit-1.14.0-r351_0.tar.bz2",
            "labels": [
                "main",
                "cf201901"
            ],
            "md5": "f7582b6bb1766a2135ce322c08b5b8f9",
            "ndownloads": 246,
            "owner": "bioconda",
            "size": 313152,
            "type": "conda",
            "upload_time": "2018-10-25 09:41:02.633000+00:00",
            "version": "1.14.0"
        },
        {
            "attrs": {
                "arch": "x86_64",
                "build": "r351_0",
                "build_number": 0,
                "depends": [
                    "bioconductor-deseq >=1.32.0,<1.34.0",
                    "r-base >=3.5.1,<3.5.2.0a0"
                ],
                "has_prefix": false,
                "license": "GPL (>= 3)",
                "machine": "x86_64",
                "operatingsystem": "darwin",
                "platform": "osx",
                "subdir": "osx-64",
                "target-triplet": "x86_64-any-darwin",
                "timestamp": 1540347110895
            },
            "basename": "osx-64/bioconductor-polyfit-1.14.0-r351_0.tar.bz2",
            "dependencies": {
                "depends": [
                    {
                        "name": "bioconductor-deseq",
                        "specs": [
                            [
                                ">=",
                                "1.32.0,<1.34.0"
                            ]
                        ]
                    },
                    {
                        "name": "r-base",
                        "specs": [
                            [
                                ">=",
                                "3.5.1,<3.5.2.0a0"
                            ]
                        ]
                    }
                ]
            },
            "description": null,
            "distribution_type": "conda",
            "download_url": "//api.anaconda.org/download/bioconda/bioconductor-polyfit/1.14.0/osx-64/bioconductor-polyfit-1.14.0-r351_0.tar.bz2",
            "full_name": "bioconda/bioconductor-polyfit/1.14.0/osx-64/bioconductor-polyfit-1.14.0-r351_0.tar.bz2",
            "labels": [
                "main",
                "cf201901"
            ],
            "md5": "3e1a6eb06fc3a58394213027762b9698",
            "ndownloads": 954,
            "owner": "bioconda",
            "size": 313312,
            "type": "conda",
            "upload_time": "2018-10-24 02:15:09.823000+00:00",
            "version": "1.14.0"
        },
        {
            "attrs": {
                "arch": "x86_64",
                "build": "r341_0",
                "build_number": 0,
                "depends": [
                    "bioconductor-deseq >=1.32.0,<1.34.0",
                    "r-base >=3.4.1,<3.4.2.0a0"
                ],
                "has_prefix": false,
                "license": "GPL (>= 3)",
                "machine": "x86_64",
                "operatingsystem": "linux",
                "platform": "linux",
                "subdir": "linux-64",
                "target-triplet": "x86_64-any-linux",
                "timestamp": 1540460042736
            },
            "basename": "linux-64/bioconductor-polyfit-1.14.0-r341_0.tar.bz2",
            "dependencies": {
                "depends": [
                    {
                        "name": "bioconductor-deseq",
                        "specs": [
                            [
                                ">=",
                                "1.32.0,<1.34.0"
                            ]
                        ]
                    },
                    {
                        "name": "r-base",
                        "specs": [
                            [
                                ">=",
                                "3.4.1,<3.4.2.0a0"
                            ]
                        ]
                    }
                ]
            },
            "description": null,
            "distribution_type": "conda",
            "download_url": "//api.anaconda.org/download/bioconda/bioconductor-polyfit/1.14.0/linux-64/bioconductor-polyfit-1.14.0-r341_0.tar.bz2",
            "full_name": "bioconda/bioconductor-polyfit/1.14.0/linux-64/bioconductor-polyfit-1.14.0-r341_0.tar.bz2",
            "labels": [
                "main",
                "cf201901"
            ],
            "md5": "d8f80bf31e4b3aec7327adea3ef845aa",
            "ndownloads": 125,
            "owner": "bioconda",
            "size": 304201,
            "type": "conda",
            "upload_time": "2018-10-25 09:40:59.611000+00:00",
            "version": "1.14.0"
        },
        {
            "attrs": {
                "arch": null,
                "build": "r351_0",
                "build_number": 0,
                "depends": [
                    "bioconductor-deseq >=1.34.0,<1.35.0",
                    "r-base >=3.5.1,<3.5.2.0a0"
                ],
                "has_prefix": false,
                "license": "GPL (>= 3)",
                "machine": null,
                "noarch": "generic",
                "operatingsystem": null,
                "platform": null,
                "subdir": "noarch",
                "target-triplet": "None-any-None",
                "timestamp": 1546350760841
            },
            "basename": "noarch/bioconductor-polyfit-1.16.0-r351_0.tar.bz2",
            "dependencies": {
                "depends": [
                    {
                        "name": "bioconductor-deseq",
                        "specs": [
                            [
                                ">=",
                                "1.34.0,<1.35.0"
                            ]
                        ]
                    },
                    {
                        "name": "r-base",
                        "specs": [
                            [
                                ">=",
                                "3.5.1,<3.5.2.0a0"
                            ]
                        ]
                    }
                ]
            },
            "description": null,
            "distribution_type": "conda",
            "download_url": "//api.anaconda.org/download/bioconda/bioconductor-polyfit/1.16.0/noarch/bioconductor-polyfit-1.16.0-r351_0.tar.bz2",
            "full_name": "bioconda/bioconductor-polyfit/1.16.0/noarch/bioconductor-polyfit-1.16.0-r351_0.tar.bz2",
            "labels": [
                "gcc7",
                "main"
            ],
            "md5": "c3e341be9c06af79c595f9ed19bd1e29",
            "ndownloads": 94,
            "owner": "bioconda",
            "size": 314244,
            "type": "conda",
            "upload_time": "2019-01-01 13:56:31.919000+00:00",
            "version": "1.16.0"
        },
        {
            "attrs": {
                "arch": null,
                "build": "r351_0",
                "build_number": 0,
                "depends": [
                    "bioconductor-deseq >=1.34.0,<1.35.0",
                    "r-base >=3.5.1,<3.5.2.0a0"
                ],
                "has_prefix": false,
                "license": "GPL (>= 3)",
                "machine": null,
                "noarch": "generic",
                "operatingsystem": null,
                "platform": null,
                "subdir": "noarch",
                "target-triplet": "None-any-None",
                "timestamp": 1552401581649
            },
            "basename": "noarch/bioconductor-polyfit-1.16.1-r351_0.tar.bz2",
            "dependencies": {
                "depends": [
                    {
                        "name": "bioconductor-deseq",
                        "specs": [
                            [
                                ">=",
                                "1.34.0,<1.35.0"
                            ]
                        ]
                    },
                    {
                        "name": "r-base",
                        "specs": [
                            [
                                ">=",
                                "3.5.1,<3.5.2.0a0"
                            ]
                        ]
                    }
                ]
            },
            "description": null,
            "distribution_type": "conda",
            "download_url": "//api.anaconda.org/download/bioconda/bioconductor-polyfit/1.16.1/noarch/bioconductor-polyfit-1.16.1-r351_0.tar.bz2",
            "full_name": "bioconda/bioconductor-polyfit/1.16.1/noarch/bioconductor-polyfit-1.16.1-r351_0.tar.bz2",
            "labels": [
                "main"
            ],
            "md5": "9596815e29abf4a8ef29460d2d5bfaa1",
            "ndownloads": 98,
            "owner": "bioconda",
            "size": 314235,
            "type": "conda",
            "upload_time": "2019-03-12 14:43:42.179000+00:00",
            "version": "1.16.1"
        },
        {
            "attrs": {
                "arch": null,
                "build": "r36_1",
                "build_number": 1,
                "depends": [
                    "bioconductor-deseq >=1.36.0,<1.37.0",
                    "r-base >=3.6,<3.7.0a0"
                ],
                "has_prefix": false,
                "license": "GPL (>= 3)",
                "machine": null,
                "noarch": "generic",
                "operatingsystem": null,
                "platform": null,
                "subdir": "noarch",
                "target-triplet": "None-any-None",
                "timestamp": 1565100313597
            },
            "basename": "noarch/bioconductor-polyfit-1.18.0-r36_1.tar.bz2",
            "dependencies": {
                "depends": [
                    {
                        "name": "bioconductor-deseq",
                        "specs": [
                            [
                                ">=",
                                "1.36.0,<1.37.0"
                            ]
                        ]
                    },
                    {
                        "name": "r-base",
                        "specs": [
                            [
                                ">=",
                                "3.6,<3.7.0a0"
                            ]
                        ]
                    }
                ]
            },
            "description": null,
            "distribution_type": "conda",
            "download_url": "//api.anaconda.org/download/bioconda/bioconductor-polyfit/1.18.0/noarch/bioconductor-polyfit-1.18.0-r36_1.tar.bz2",
            "full_name": "bioconda/bioconductor-polyfit/1.18.0/noarch/bioconductor-polyfit-1.18.0-r36_1.tar.bz2",
            "labels": [
                "main"
            ],
            "md5": "de07ceed407441eec9a390d88f5e245d",
            "ndownloads": 51,
            "owner": "bioconda",
            "size": 314960,
            "type": "conda",
            "upload_time": "2019-08-06 14:09:22.861000+00:00",
            "version": "1.18.0"
        },
        {
            "attrs": {
                "arch": null,
                "build": "r36_0",
                "build_number": 0,
                "depends": [
                    "bioconductor-deseq >=1.38.0,<1.39.0",
                    "r-base >=3.6,<3.7.0a0"
                ],
                "has_prefix": false,
                "license": "GPL (>= 3)",
                "machine": null,
                "noarch": "generic",
                "operatingsystem": null,
                "platform": null,
                "subdir": "noarch",
                "target-triplet": "None-any-None",
                "timestamp": 1572855570154
            },
            "basename": "noarch/bioconductor-polyfit-1.20.0-r36_0.tar.bz2",
            "dependencies": {
                "depends": [
                    {
                        "name": "bioconductor-deseq",
                        "specs": [
                            [
                                ">=",
                                "1.38.0,<1.39.0"
                            ]
                        ]
                    },
                    {
                        "name": "r-base",
                        "specs": [
                            [
                                ">=",
                                "3.6,<3.7.0a0"
                            ]
                        ]
                    }
                ]
            },
            "description": null,
            "distribution_type": "conda",
            "download_url": "//api.anaconda.org/download/bioconda/bioconductor-polyfit/1.20.0/noarch/bioconductor-polyfit-1.20.0-r36_0.tar.bz2",
            "full_name": "bioconda/bioconductor-polyfit/1.20.0/noarch/bioconductor-polyfit-1.20.0-r36_0.tar.bz2",
            "labels": [
                "main"
            ],
            "md5": "8533ea053a320f4ae1a178bba2987ea7",
            "ndownloads": 37,
            "owner": "bioconda",
            "size": 327542,
            "type": "conda",
            "upload_time": "2019-11-04 08:23:37.134000+00:00",
            "version": "1.20.0"
        },
        {
            "attrs": {
                "arch": null,
                "build": "r40_0",
                "build_number": 0,
                "depends": [
                    "bioconductor-deseq >=1.39.0,<1.40.0",
                    "r-base >=4.0,<4.1.0a0"
                ],
                "has_prefix": false,
                "license": "GPL (>= 3)",
                "machine": null,
                "noarch": "generic",
                "operatingsystem": null,
                "platform": null,
                "subdir": "noarch",
                "target-triplet": "None-any-None",
                "timestamp": 1589265872873
            },
            "basename": "noarch/bioconductor-polyfit-1.22.0-r40_0.tar.bz2",
            "dependencies": {
                "depends": [
                    {
                        "name": "bioconductor-deseq",
                        "specs": [
                            [
                                ">=",
                                "1.39.0,<1.40.0"
                            ]
                        ]
                    },
                    {
                        "name": "r-base",
                        "specs": [
                            [
                                ">=",
                                "4.0,<4.1.0a0"
                            ]
                        ]
                    }
                ]
            },
            "description": null,
            "distribution_type": "conda",
            "download_url": "//api.anaconda.org/download/bioconda/bioconductor-polyfit/1.22.0/noarch/bioconductor-polyfit-1.22.0-r40_0.tar.bz2",
            "full_name": "bioconda/bioconductor-polyfit/1.22.0/noarch/bioconductor-polyfit-1.22.0-r40_0.tar.bz2",
            "labels": [
                "main"
            ],
            "md5": "5e9486fac07de7f27be2161a26e83030",
            "ndownloads": 15,
            "owner": "bioconda",
            "size": 331156,
            "type": "conda",
            "upload_time": "2020-05-12 06:49:53.705000+00:00",
            "version": "1.22.0"
        }
    ],
    "full_name": "bioconda/bioconductor-polyfit",
    "home": "http://bioconductor.org/packages/3.5/bioc/html/Polyfit.html",
    "html_url": "http://anaconda.org/bioconda/bioconductor-polyfit",
    "id": "5999f31107006a12cc0cb7a7",
    "latest_version": "1.22.0",
    "license": "GPL (>= 3)",
    "license_url": null,
    "modified_at": "2020-05-12 06:49:53.956000+00:00",
    "name": "bioconductor-polyfit",
    "owner": {
        "company": "",
        "created_at": "2015-09-11 22:59:20.880000+00:00",
        "description": "Bioconda is a distribution of bioinformatics software realized as a channel for the versatile Conda package manager.",
        "location": "",
        "login": "bioconda",
        "name": "bioconda",
        "url": "",
        "user_type": "org"
    },
    "package_types": [
        "conda"
    ],
    "public": true,
    "releases": [
        {
            "distributions": [],
            "full_name": "bioconda/bioconductor-polyfit/1.10.0",
            "version": "1.10.0"
        },
        {
            "distributions": [],
            "full_name": "bioconda/bioconductor-polyfit/1.12.0",
            "version": "1.12.0"
        },
        {
            "distributions": [],
            "full_name": "bioconda/bioconductor-polyfit/1.14.0",
            "version": "1.14.0"
        },
        {
            "distributions": [],
            "full_name": "bioconda/bioconductor-polyfit/1.16.0",
            "version": "1.16.0"
        },
        {
            "distributions": [],
            "full_name": "bioconda/bioconductor-polyfit/1.16.1",
            "version": "1.16.1"
        },
        {
            "distributions": [],
            "full_name": "bioconda/bioconductor-polyfit/1.18.0",
            "version": "1.18.0"
        },
        {
            "distributions": [],
            "full_name": "bioconda/bioconductor-polyfit/1.20.0",
            "version": "1.20.0"
        },
        {
            "distributions": [],
            "full_name": "bioconda/bioconductor-polyfit/1.22.0",
            "version": "1.22.0"
        }
    ],
    "revision": 16,
    "source_git_tag": null,
    "source_git_url": null,
    "summary": "Add-on to DESeq to improve p-values and q-values",
    "upvoted": 0,
    "url": "http://api.anaconda.org/packages/bioconda/bioconductor-polyfit",
    "versions": [
        "1.10.0",
        "1.12.0",
        "1.14.0",
        "1.16.0",
        "1.16.1",
        "1.18.0",
        "1.20.0",
        "1.22.0"
    ],
    "watchers": 1
}