{
    "app_entry": {},
    "app_summary": {},
    "app_type": {},
    "builds": [
        "r351_0",
        "r36_1",
        "r40_0",
        "r36_0"
    ],
    "conda_platforms": [
        "noarch"
    ],
    "created_at": "2019-01-06 01:38:17.002000+00:00",
    "description": "Implements cross-platform and cross-species meta-analyses of Affymentrix, Illumina, and Agilent microarray data. This package automates common tasks such as downloading, normalizing, and annotating raw GEO data. The user then selects control and treatment samples in order to perform differential expression/pathway analyses for all comparisons. After analysing each contrast seperately, the user can select tissue sources for each contrast and specify any tissue sources that should be grouped for the subsequent meta-analyses. Finally, effect size and pathway meta-analyses can proceed and the results graphically explored.",
    "dev_url": null,
    "doc_url": null,
    "files": [
        {
            "attrs": {
                "arch": null,
                "build": "r351_0",
                "build_number": 0,
                "depends": [
                    "bioconductor-affxparser >=1.54.0,<1.55.0",
                    "bioconductor-affy >=1.60.0,<1.61.0",
                    "bioconductor-annotationdbi >=1.44.0,<1.45.0",
                    "bioconductor-biobase >=2.42.0,<2.43.0",
                    "bioconductor-biocgenerics >=0.28.0,<0.29.0",
                    "bioconductor-ccmap >=1.8.0,<1.9.0",
                    "bioconductor-geoquery >=2.50.0,<2.51.0",
                    "bioconductor-limma >=3.38.0,<3.39.0",
                    "bioconductor-oligo >=1.46.0,<1.47.0",
                    "bioconductor-sva >=3.30.0,<3.31.0",
                    "r-base >=3.5.1,<3.5.2.0a0",
                    "r-biocmanager >=1.24.0",
                    "r-data.table >=1.10.4",
                    "r-doparallel >=1.0.10",
                    "r-dorng >=1.6",
                    "r-dt >=0.2",
                    "r-fdrtool >=1.2.15",
                    "r-foreach >=1.4.3",
                    "r-ggplot2 >=2.2.1",
                    "r-matrixstats >=0.51.0",
                    "r-metama >=3.1.2",
                    "r-metap >=0.8",
                    "r-miniui >=0.1.1",
                    "r-pander >=0.6.0",
                    "r-plotly >=4.5.6",
                    "r-rcolorbrewer >=1.1.2",
                    "r-rdrop2 >=0.7.0",
                    "r-reshape >=0.8.6",
                    "r-shiny >=1.0.0",
                    "r-stringr >=1.2.0"
                ],
                "has_prefix": false,
                "license": "MIT + file LICENSE",
                "machine": null,
                "noarch": "generic",
                "operatingsystem": null,
                "platform": null,
                "subdir": "noarch",
                "target-triplet": "None-any-None",
                "timestamp": 1546738212611
            },
            "basename": "noarch/bioconductor-crossmeta-1.8.0-r351_0.tar.bz2",
            "dependencies": {
                "depends": [
                    {
                        "name": "bioconductor-affxparser",
                        "specs": [
                            [
                                ">=",
                                "1.54.0,<1.55.0"
                            ]
                        ]
                    },
                    {
                        "name": "bioconductor-affy",
                        "specs": [
                            [
                                ">=",
                                "1.60.0,<1.61.0"
                            ]
                        ]
                    },
                    {
                        "name": "bioconductor-annotationdbi",
                        "specs": [
                            [
                                ">=",
                                "1.44.0,<1.45.0"
                            ]
                        ]
                    },
                    {
                        "name": "bioconductor-biobase",
                        "specs": [
                            [
                                ">=",
                                "2.42.0,<2.43.0"
                            ]
                        ]
                    },
                    {
                        "name": "bioconductor-biocgenerics",
                        "specs": [
                            [
                                ">=",
                                "0.28.0,<0.29.0"
                            ]
                        ]
                    },
                    {
                        "name": "bioconductor-ccmap",
                        "specs": [
                            [
                                ">=",
                                "1.8.0,<1.9.0"
                            ]
                        ]
                    },
                    {
                        "name": "bioconductor-geoquery",
                        "specs": [
                            [
                                ">=",
                                "2.50.0,<2.51.0"
                            ]
                        ]
                    },
                    {
                        "name": "bioconductor-limma",
                        "specs": [
                            [
                                ">=",
                                "3.38.0,<3.39.0"
                            ]
                        ]
                    },
                    {
                        "name": "bioconductor-oligo",
                        "specs": [
                            [
                                ">=",
                                "1.46.0,<1.47.0"
                            ]
                        ]
                    },
                    {
                        "name": "bioconductor-sva",
                        "specs": [
                            [
                                ">=",
                                "3.30.0,<3.31.0"
                            ]
                        ]
                    },
                    {
                        "name": "r-base",
                        "specs": [
                            [
                                ">=",
                                "3.5.1,<3.5.2.0a0"
                            ]
                        ]
                    },
                    {
                        "name": "r-biocmanager",
                        "specs": [
                            [
                                ">=",
                                "1.24.0"
                            ]
                        ]
                    },
                    {
                        "name": "r-data.table",
                        "specs": [
                            [
                                ">=",
                                "1.10.4"
                            ]
                        ]
                    },
                    {
                        "name": "r-doparallel",
                        "specs": [
                            [
                                ">=",
                                "1.0.10"
                            ]
                        ]
                    },
                    {
                        "name": "r-dorng",
                        "specs": [
                            [
                                ">=",
                                "1.6"
                            ]
                        ]
                    },
                    {
                        "name": "r-dt",
                        "specs": [
                            [
                                ">=",
                                "0.2"
                            ]
                        ]
                    },
                    {
                        "name": "r-fdrtool",
                        "specs": [
                            [
                                ">=",
                                "1.2.15"
                            ]
                        ]
                    },
                    {
                        "name": "r-foreach",
                        "specs": [
                            [
                                ">=",
                                "1.4.3"
                            ]
                        ]
                    },
                    {
                        "name": "r-ggplot2",
                        "specs": [
                            [
                                ">=",
                                "2.2.1"
                            ]
                        ]
                    },
                    {
                        "name": "r-matrixstats",
                        "specs": [
                            [
                                ">=",
                                "0.51.0"
                            ]
                        ]
                    },
                    {
                        "name": "r-metama",
                        "specs": [
                            [
                                ">=",
                                "3.1.2"
                            ]
                        ]
                    },
                    {
                        "name": "r-metap",
                        "specs": [
                            [
                                ">=",
                                "0.8"
                            ]
                        ]
                    },
                    {
                        "name": "r-miniui",
                        "specs": [
                            [
                                ">=",
                                "0.1.1"
                            ]
                        ]
                    },
                    {
                        "name": "r-pander",
                        "specs": [
                            [
                                ">=",
                                "0.6.0"
                            ]
                        ]
                    },
                    {
                        "name": "r-plotly",
                        "specs": [
                            [
                                ">=",
                                "4.5.6"
                            ]
                        ]
                    },
                    {
                        "name": "r-rcolorbrewer",
                        "specs": [
                            [
                                ">=",
                                "1.1.2"
                            ]
                        ]
                    },
                    {
                        "name": "r-rdrop2",
                        "specs": [
                            [
                                ">=",
                                "0.7.0"
                            ]
                        ]
                    },
                    {
                        "name": "r-reshape",
                        "specs": [
                            [
                                ">=",
                                "0.8.6"
                            ]
                        ]
                    },
                    {
                        "name": "r-shiny",
                        "specs": [
                            [
                                ">=",
                                "1.0.0"
                            ]
                        ]
                    },
                    {
                        "name": "r-stringr",
                        "specs": [
                            [
                                ">=",
                                "1.2.0"
                            ]
                        ]
                    }
                ]
            },
            "description": null,
            "distribution_type": "conda",
            "download_url": "//api.anaconda.org/download/bioconda/bioconductor-crossmeta/1.8.0/noarch/bioconductor-crossmeta-1.8.0-r351_0.tar.bz2",
            "full_name": "bioconda/bioconductor-crossmeta/1.8.0/noarch/bioconductor-crossmeta-1.8.0-r351_0.tar.bz2",
            "labels": [
                "gcc7",
                "main"
            ],
            "md5": "ecb47f296f6e4a62581d4dba3191af81",
            "ndownloads": 99,
            "owner": "bioconda",
            "size": 1296435,
            "type": "conda",
            "upload_time": "2019-01-06 01:38:17.729000+00:00",
            "version": "1.8.0"
        },
        {
            "attrs": {
                "arch": null,
                "build": "r36_1",
                "build_number": 1,
                "depends": [
                    "bioconductor-affxparser >=1.56.0,<1.57.0",
                    "bioconductor-affy >=1.62.0,<1.63.0",
                    "bioconductor-annotationdbi >=1.46.0,<1.47.0",
                    "bioconductor-biobase >=2.44.0,<2.45.0",
                    "bioconductor-biocgenerics >=0.30.0,<0.31.0",
                    "bioconductor-ccmap >=1.10.0,<1.11.0",
                    "bioconductor-geoquery >=2.52.0,<2.53.0",
                    "bioconductor-limma >=3.40.0,<3.41.0",
                    "bioconductor-oligo >=1.48.0,<1.49.0",
                    "bioconductor-sva >=3.32.0,<3.33.0",
                    "r-base >=3.6,<3.7.0a0",
                    "r-biocmanager >=1.30.4",
                    "r-data.table >=1.10.4",
                    "r-dbi >=1.0.0",
                    "r-doparallel >=1.0.10",
                    "r-dorng >=1.6",
                    "r-dt >=0.2",
                    "r-fdrtool >=1.2.15",
                    "r-foreach >=1.4.3",
                    "r-ggplot2 >=2.2.1",
                    "r-matrixstats >=0.51.0",
                    "r-metama >=3.1.2",
                    "r-metap >=0.8",
                    "r-miniui >=0.1.1",
                    "r-plotly >=4.5.6",
                    "r-rcolorbrewer >=1.1.2",
                    "r-rcurl >=1.95.4.11",
                    "r-rdrop2 >=0.7.0",
                    "r-reader >=1.0.6",
                    "r-reshape >=0.8.6",
                    "r-rsqlite >=2.1.1",
                    "r-shiny >=1.0.0",
                    "r-stringr >=1.2.0",
                    "r-xml >=3.98.1.17"
                ],
                "has_prefix": false,
                "license": "MIT + file LICENSE",
                "machine": null,
                "noarch": "generic",
                "operatingsystem": null,
                "platform": null,
                "subdir": "noarch",
                "target-triplet": "None-any-None",
                "timestamp": 1565520688002
            },
            "basename": "noarch/bioconductor-crossmeta-1.10.0-r36_1.tar.bz2",
            "dependencies": {
                "depends": [
                    {
                        "name": "bioconductor-affxparser",
                        "specs": [
                            [
                                ">=",
                                "1.56.0,<1.57.0"
                            ]
                        ]
                    },
                    {
                        "name": "bioconductor-affy",
                        "specs": [
                            [
                                ">=",
                                "1.62.0,<1.63.0"
                            ]
                        ]
                    },
                    {
                        "name": "bioconductor-annotationdbi",
                        "specs": [
                            [
                                ">=",
                                "1.46.0,<1.47.0"
                            ]
                        ]
                    },
                    {
                        "name": "bioconductor-biobase",
                        "specs": [
                            [
                                ">=",
                                "2.44.0,<2.45.0"
                            ]
                        ]
                    },
                    {
                        "name": "bioconductor-biocgenerics",
                        "specs": [
                            [
                                ">=",
                                "0.30.0,<0.31.0"
                            ]
                        ]
                    },
                    {
                        "name": "bioconductor-ccmap",
                        "specs": [
                            [
                                ">=",
                                "1.10.0,<1.11.0"
                            ]
                        ]
                    },
                    {
                        "name": "bioconductor-geoquery",
                        "specs": [
                            [
                                ">=",
                                "2.52.0,<2.53.0"
                            ]
                        ]
                    },
                    {
                        "name": "bioconductor-limma",
                        "specs": [
                            [
                                ">=",
                                "3.40.0,<3.41.0"
                            ]
                        ]
                    },
                    {
                        "name": "bioconductor-oligo",
                        "specs": [
                            [
                                ">=",
                                "1.48.0,<1.49.0"
                            ]
                        ]
                    },
                    {
                        "name": "bioconductor-sva",
                        "specs": [
                            [
                                ">=",
                                "3.32.0,<3.33.0"
                            ]
                        ]
                    },
                    {
                        "name": "r-base",
                        "specs": [
                            [
                                ">=",
                                "3.6,<3.7.0a0"
                            ]
                        ]
                    },
                    {
                        "name": "r-biocmanager",
                        "specs": [
                            [
                                ">=",
                                "1.30.4"
                            ]
                        ]
                    },
                    {
                        "name": "r-data.table",
                        "specs": [
                            [
                                ">=",
                                "1.10.4"
                            ]
                        ]
                    },
                    {
                        "name": "r-dbi",
                        "specs": [
                            [
                                ">=",
                                "1.0.0"
                            ]
                        ]
                    },
                    {
                        "name": "r-doparallel",
                        "specs": [
                            [
                                ">=",
                                "1.0.10"
                            ]
                        ]
                    },
                    {
                        "name": "r-dorng",
                        "specs": [
                            [
                                ">=",
                                "1.6"
                            ]
                        ]
                    },
                    {
                        "name": "r-dt",
                        "specs": [
                            [
                                ">=",
                                "0.2"
                            ]
                        ]
                    },
                    {
                        "name": "r-fdrtool",
                        "specs": [
                            [
                                ">=",
                                "1.2.15"
                            ]
                        ]
                    },
                    {
                        "name": "r-foreach",
                        "specs": [
                            [
                                ">=",
                                "1.4.3"
                            ]
                        ]
                    },
                    {
                        "name": "r-ggplot2",
                        "specs": [
                            [
                                ">=",
                                "2.2.1"
                            ]
                        ]
                    },
                    {
                        "name": "r-matrixstats",
                        "specs": [
                            [
                                ">=",
                                "0.51.0"
                            ]
                        ]
                    },
                    {
                        "name": "r-metama",
                        "specs": [
                            [
                                ">=",
                                "3.1.2"
                            ]
                        ]
                    },
                    {
                        "name": "r-metap",
                        "specs": [
                            [
                                ">=",
                                "0.8"
                            ]
                        ]
                    },
                    {
                        "name": "r-miniui",
                        "specs": [
                            [
                                ">=",
                                "0.1.1"
                            ]
                        ]
                    },
                    {
                        "name": "r-plotly",
                        "specs": [
                            [
                                ">=",
                                "4.5.6"
                            ]
                        ]
                    },
                    {
                        "name": "r-rcolorbrewer",
                        "specs": [
                            [
                                ">=",
                                "1.1.2"
                            ]
                        ]
                    },
                    {
                        "name": "r-rcurl",
                        "specs": [
                            [
                                ">=",
                                "1.95.4.11"
                            ]
                        ]
                    },
                    {
                        "name": "r-rdrop2",
                        "specs": [
                            [
                                ">=",
                                "0.7.0"
                            ]
                        ]
                    },
                    {
                        "name": "r-reader",
                        "specs": [
                            [
                                ">=",
                                "1.0.6"
                            ]
                        ]
                    },
                    {
                        "name": "r-reshape",
                        "specs": [
                            [
                                ">=",
                                "0.8.6"
                            ]
                        ]
                    },
                    {
                        "name": "r-rsqlite",
                        "specs": [
                            [
                                ">=",
                                "2.1.1"
                            ]
                        ]
                    },
                    {
                        "name": "r-shiny",
                        "specs": [
                            [
                                ">=",
                                "1.0.0"
                            ]
                        ]
                    },
                    {
                        "name": "r-stringr",
                        "specs": [
                            [
                                ">=",
                                "1.2.0"
                            ]
                        ]
                    },
                    {
                        "name": "r-xml",
                        "specs": [
                            [
                                ">=",
                                "3.98.1.17"
                            ]
                        ]
                    }
                ]
            },
            "description": null,
            "distribution_type": "conda",
            "download_url": "//api.anaconda.org/download/bioconda/bioconductor-crossmeta/1.10.0/noarch/bioconductor-crossmeta-1.10.0-r36_1.tar.bz2",
            "full_name": "bioconda/bioconductor-crossmeta/1.10.0/noarch/bioconductor-crossmeta-1.10.0-r36_1.tar.bz2",
            "labels": [
                "main"
            ],
            "md5": "e82768c7500212b1fdff157023c8363f",
            "ndownloads": 49,
            "owner": "bioconda",
            "size": 1615668,
            "type": "conda",
            "upload_time": "2019-08-11 11:00:16.860000+00:00",
            "version": "1.10.0"
        },
        {
            "attrs": {
                "arch": null,
                "build": "r36_0",
                "build_number": 0,
                "depends": [
                    "bioconductor-affxparser >=1.58.0,<1.59.0",
                    "bioconductor-affy >=1.64.0,<1.65.0",
                    "bioconductor-annotationdbi >=1.48.0,<1.49.0",
                    "bioconductor-biobase >=2.46.0,<2.47.0",
                    "bioconductor-biocgenerics >=0.32.0,<0.33.0",
                    "bioconductor-ccmap >=1.12.0,<1.13.0",
                    "bioconductor-geoquery >=2.54.0,<2.55.0",
                    "bioconductor-limma >=3.42.0,<3.43.0",
                    "bioconductor-oligo >=1.50.0,<1.51.0",
                    "bioconductor-sva >=3.34.0,<3.35.0",
                    "r-base >=3.6,<3.7.0a0",
                    "r-biocmanager >=1.30.4",
                    "r-data.table >=1.10.4",
                    "r-dbi >=1.0.0",
                    "r-doparallel >=1.0.10",
                    "r-dorng >=1.6",
                    "r-dt >=0.2",
                    "r-fdrtool >=1.2.15",
                    "r-foreach >=1.4.3",
                    "r-ggplot2 >=2.2.1",
                    "r-matrixstats >=0.51.0",
                    "r-metama >=3.1.2",
                    "r-metap >=0.8",
                    "r-miniui >=0.1.1",
                    "r-plotly >=4.5.6",
                    "r-rcolorbrewer >=1.1.2",
                    "r-rcurl >=1.95.4.11",
                    "r-rdrop2 >=0.7.0",
                    "r-reader >=1.0.6",
                    "r-reshape >=0.8.6",
                    "r-rsqlite >=2.1.1",
                    "r-shiny >=1.0.0",
                    "r-stringr >=1.2.0",
                    "r-xml >=3.98.1.17"
                ],
                "has_prefix": false,
                "license": "MIT + file LICENSE",
                "machine": null,
                "noarch": "generic",
                "operatingsystem": null,
                "platform": null,
                "subdir": "noarch",
                "target-triplet": "None-any-None",
                "timestamp": 1572818302855
            },
            "basename": "noarch/bioconductor-crossmeta-1.12.0-r36_0.tar.bz2",
            "dependencies": {
                "depends": [
                    {
                        "name": "bioconductor-affxparser",
                        "specs": [
                            [
                                ">=",
                                "1.58.0,<1.59.0"
                            ]
                        ]
                    },
                    {
                        "name": "bioconductor-affy",
                        "specs": [
                            [
                                ">=",
                                "1.64.0,<1.65.0"
                            ]
                        ]
                    },
                    {
                        "name": "bioconductor-annotationdbi",
                        "specs": [
                            [
                                ">=",
                                "1.48.0,<1.49.0"
                            ]
                        ]
                    },
                    {
                        "name": "bioconductor-biobase",
                        "specs": [
                            [
                                ">=",
                                "2.46.0,<2.47.0"
                            ]
                        ]
                    },
                    {
                        "name": "bioconductor-biocgenerics",
                        "specs": [
                            [
                                ">=",
                                "0.32.0,<0.33.0"
                            ]
                        ]
                    },
                    {
                        "name": "bioconductor-ccmap",
                        "specs": [
                            [
                                ">=",
                                "1.12.0,<1.13.0"
                            ]
                        ]
                    },
                    {
                        "name": "bioconductor-geoquery",
                        "specs": [
                            [
                                ">=",
                                "2.54.0,<2.55.0"
                            ]
                        ]
                    },
                    {
                        "name": "bioconductor-limma",
                        "specs": [
                            [
                                ">=",
                                "3.42.0,<3.43.0"
                            ]
                        ]
                    },
                    {
                        "name": "bioconductor-oligo",
                        "specs": [
                            [
                                ">=",
                                "1.50.0,<1.51.0"
                            ]
                        ]
                    },
                    {
                        "name": "bioconductor-sva",
                        "specs": [
                            [
                                ">=",
                                "3.34.0,<3.35.0"
                            ]
                        ]
                    },
                    {
                        "name": "r-base",
                        "specs": [
                            [
                                ">=",
                                "3.6,<3.7.0a0"
                            ]
                        ]
                    },
                    {
                        "name": "r-biocmanager",
                        "specs": [
                            [
                                ">=",
                                "1.30.4"
                            ]
                        ]
                    },
                    {
                        "name": "r-data.table",
                        "specs": [
                            [
                                ">=",
                                "1.10.4"
                            ]
                        ]
                    },
                    {
                        "name": "r-dbi",
                        "specs": [
                            [
                                ">=",
                                "1.0.0"
                            ]
                        ]
                    },
                    {
                        "name": "r-doparallel",
                        "specs": [
                            [
                                ">=",
                                "1.0.10"
                            ]
                        ]
                    },
                    {
                        "name": "r-dorng",
                        "specs": [
                            [
                                ">=",
                                "1.6"
                            ]
                        ]
                    },
                    {
                        "name": "r-dt",
                        "specs": [
                            [
                                ">=",
                                "0.2"
                            ]
                        ]
                    },
                    {
                        "name": "r-fdrtool",
                        "specs": [
                            [
                                ">=",
                                "1.2.15"
                            ]
                        ]
                    },
                    {
                        "name": "r-foreach",
                        "specs": [
                            [
                                ">=",
                                "1.4.3"
                            ]
                        ]
                    },
                    {
                        "name": "r-ggplot2",
                        "specs": [
                            [
                                ">=",
                                "2.2.1"
                            ]
                        ]
                    },
                    {
                        "name": "r-matrixstats",
                        "specs": [
                            [
                                ">=",
                                "0.51.0"
                            ]
                        ]
                    },
                    {
                        "name": "r-metama",
                        "specs": [
                            [
                                ">=",
                                "3.1.2"
                            ]
                        ]
                    },
                    {
                        "name": "r-metap",
                        "specs": [
                            [
                                ">=",
                                "0.8"
                            ]
                        ]
                    },
                    {
                        "name": "r-miniui",
                        "specs": [
                            [
                                ">=",
                                "0.1.1"
                            ]
                        ]
                    },
                    {
                        "name": "r-plotly",
                        "specs": [
                            [
                                ">=",
                                "4.5.6"
                            ]
                        ]
                    },
                    {
                        "name": "r-rcolorbrewer",
                        "specs": [
                            [
                                ">=",
                                "1.1.2"
                            ]
                        ]
                    },
                    {
                        "name": "r-rcurl",
                        "specs": [
                            [
                                ">=",
                                "1.95.4.11"
                            ]
                        ]
                    },
                    {
                        "name": "r-rdrop2",
                        "specs": [
                            [
                                ">=",
                                "0.7.0"
                            ]
                        ]
                    },
                    {
                        "name": "r-reader",
                        "specs": [
                            [
                                ">=",
                                "1.0.6"
                            ]
                        ]
                    },
                    {
                        "name": "r-reshape",
                        "specs": [
                            [
                                ">=",
                                "0.8.6"
                            ]
                        ]
                    },
                    {
                        "name": "r-rsqlite",
                        "specs": [
                            [
                                ">=",
                                "2.1.1"
                            ]
                        ]
                    },
                    {
                        "name": "r-shiny",
                        "specs": [
                            [
                                ">=",
                                "1.0.0"
                            ]
                        ]
                    },
                    {
                        "name": "r-stringr",
                        "specs": [
                            [
                                ">=",
                                "1.2.0"
                            ]
                        ]
                    },
                    {
                        "name": "r-xml",
                        "specs": [
                            [
                                ">=",
                                "3.98.1.17"
                            ]
                        ]
                    }
                ]
            },
            "description": null,
            "distribution_type": "conda",
            "download_url": "//api.anaconda.org/download/bioconda/bioconductor-crossmeta/1.12.0/noarch/bioconductor-crossmeta-1.12.0-r36_0.tar.bz2",
            "full_name": "bioconda/bioconductor-crossmeta/1.12.0/noarch/bioconductor-crossmeta-1.12.0-r36_0.tar.bz2",
            "labels": [
                "main"
            ],
            "md5": "417afa44618d020d53849d6f47254bfd",
            "ndownloads": 43,
            "owner": "bioconda",
            "size": 1728178,
            "type": "conda",
            "upload_time": "2019-11-03 22:07:08.305000+00:00",
            "version": "1.12.0"
        },
        {
            "attrs": {
                "arch": null,
                "build": "r40_0",
                "build_number": 0,
                "depends": [
                    "bioconductor-affxparser >=1.60.0,<1.61.0",
                    "bioconductor-affy >=1.66.0,<1.67.0",
                    "bioconductor-annotationdbi >=1.50.0,<1.51.0",
                    "bioconductor-biobase >=2.48.0,<2.49.0",
                    "bioconductor-biocgenerics >=0.34.0,<0.35.0",
                    "bioconductor-ccmap >=1.14.0,<1.15.0",
                    "bioconductor-geoquery >=2.56.0,<2.57.0",
                    "bioconductor-limma >=3.44.0,<3.45.0",
                    "bioconductor-oligo >=1.52.0,<1.53.0",
                    "bioconductor-sva >=3.36.0,<3.37.0",
                    "r-base >=4.0,<4.1.0a0",
                    "r-biocmanager >=1.30.4",
                    "r-data.table >=1.10.4",
                    "r-dbi >=1.0.0",
                    "r-doparallel >=1.0.10",
                    "r-dorng >=1.6",
                    "r-dt >=0.2",
                    "r-fdrtool >=1.2.15",
                    "r-foreach >=1.4.3",
                    "r-ggplot2 >=2.2.1",
                    "r-matrixstats >=0.51.0",
                    "r-metama >=3.1.2",
                    "r-metap >=0.8",
                    "r-miniui >=0.1.1",
                    "r-plotly >=4.5.6",
                    "r-rcolorbrewer >=1.1.2",
                    "r-rcurl >=1.95.4.11",
                    "r-rdrop2 >=0.7.0",
                    "r-reader >=1.0.6",
                    "r-reshape >=0.8.6",
                    "r-rsqlite >=2.1.1",
                    "r-shiny >=1.0.0",
                    "r-stringr >=1.2.0",
                    "r-xml >=3.98.1.17"
                ],
                "has_prefix": false,
                "license": "MIT + file LICENSE",
                "machine": null,
                "noarch": "generic",
                "operatingsystem": null,
                "platform": null,
                "subdir": "noarch",
                "target-triplet": "None-any-None",
                "timestamp": 1589462601049
            },
            "basename": "noarch/bioconductor-crossmeta-1.14.0-r40_0.tar.bz2",
            "dependencies": {
                "depends": [
                    {
                        "name": "bioconductor-affxparser",
                        "specs": [
                            [
                                ">=",
                                "1.60.0,<1.61.0"
                            ]
                        ]
                    },
                    {
                        "name": "bioconductor-affy",
                        "specs": [
                            [
                                ">=",
                                "1.66.0,<1.67.0"
                            ]
                        ]
                    },
                    {
                        "name": "bioconductor-annotationdbi",
                        "specs": [
                            [
                                ">=",
                                "1.50.0,<1.51.0"
                            ]
                        ]
                    },
                    {
                        "name": "bioconductor-biobase",
                        "specs": [
                            [
                                ">=",
                                "2.48.0,<2.49.0"
                            ]
                        ]
                    },
                    {
                        "name": "bioconductor-biocgenerics",
                        "specs": [
                            [
                                ">=",
                                "0.34.0,<0.35.0"
                            ]
                        ]
                    },
                    {
                        "name": "bioconductor-ccmap",
                        "specs": [
                            [
                                ">=",
                                "1.14.0,<1.15.0"
                            ]
                        ]
                    },
                    {
                        "name": "bioconductor-geoquery",
                        "specs": [
                            [
                                ">=",
                                "2.56.0,<2.57.0"
                            ]
                        ]
                    },
                    {
                        "name": "bioconductor-limma",
                        "specs": [
                            [
                                ">=",
                                "3.44.0,<3.45.0"
                            ]
                        ]
                    },
                    {
                        "name": "bioconductor-oligo",
                        "specs": [
                            [
                                ">=",
                                "1.52.0,<1.53.0"
                            ]
                        ]
                    },
                    {
                        "name": "bioconductor-sva",
                        "specs": [
                            [
                                ">=",
                                "3.36.0,<3.37.0"
                            ]
                        ]
                    },
                    {
                        "name": "r-base",
                        "specs": [
                            [
                                ">=",
                                "4.0,<4.1.0a0"
                            ]
                        ]
                    },
                    {
                        "name": "r-biocmanager",
                        "specs": [
                            [
                                ">=",
                                "1.30.4"
                            ]
                        ]
                    },
                    {
                        "name": "r-data.table",
                        "specs": [
                            [
                                ">=",
                                "1.10.4"
                            ]
                        ]
                    },
                    {
                        "name": "r-dbi",
                        "specs": [
                            [
                                ">=",
                                "1.0.0"
                            ]
                        ]
                    },
                    {
                        "name": "r-doparallel",
                        "specs": [
                            [
                                ">=",
                                "1.0.10"
                            ]
                        ]
                    },
                    {
                        "name": "r-dorng",
                        "specs": [
                            [
                                ">=",
                                "1.6"
                            ]
                        ]
                    },
                    {
                        "name": "r-dt",
                        "specs": [
                            [
                                ">=",
                                "0.2"
                            ]
                        ]
                    },
                    {
                        "name": "r-fdrtool",
                        "specs": [
                            [
                                ">=",
                                "1.2.15"
                            ]
                        ]
                    },
                    {
                        "name": "r-foreach",
                        "specs": [
                            [
                                ">=",
                                "1.4.3"
                            ]
                        ]
                    },
                    {
                        "name": "r-ggplot2",
                        "specs": [
                            [
                                ">=",
                                "2.2.1"
                            ]
                        ]
                    },
                    {
                        "name": "r-matrixstats",
                        "specs": [
                            [
                                ">=",
                                "0.51.0"
                            ]
                        ]
                    },
                    {
                        "name": "r-metama",
                        "specs": [
                            [
                                ">=",
                                "3.1.2"
                            ]
                        ]
                    },
                    {
                        "name": "r-metap",
                        "specs": [
                            [
                                ">=",
                                "0.8"
                            ]
                        ]
                    },
                    {
                        "name": "r-miniui",
                        "specs": [
                            [
                                ">=",
                                "0.1.1"
                            ]
                        ]
                    },
                    {
                        "name": "r-plotly",
                        "specs": [
                            [
                                ">=",
                                "4.5.6"
                            ]
                        ]
                    },
                    {
                        "name": "r-rcolorbrewer",
                        "specs": [
                            [
                                ">=",
                                "1.1.2"
                            ]
                        ]
                    },
                    {
                        "name": "r-rcurl",
                        "specs": [
                            [
                                ">=",
                                "1.95.4.11"
                            ]
                        ]
                    },
                    {
                        "name": "r-rdrop2",
                        "specs": [
                            [
                                ">=",
                                "0.7.0"
                            ]
                        ]
                    },
                    {
                        "name": "r-reader",
                        "specs": [
                            [
                                ">=",
                                "1.0.6"
                            ]
                        ]
                    },
                    {
                        "name": "r-reshape",
                        "specs": [
                            [
                                ">=",
                                "0.8.6"
                            ]
                        ]
                    },
                    {
                        "name": "r-rsqlite",
                        "specs": [
                            [
                                ">=",
                                "2.1.1"
                            ]
                        ]
                    },
                    {
                        "name": "r-shiny",
                        "specs": [
                            [
                                ">=",
                                "1.0.0"
                            ]
                        ]
                    },
                    {
                        "name": "r-stringr",
                        "specs": [
                            [
                                ">=",
                                "1.2.0"
                            ]
                        ]
                    },
                    {
                        "name": "r-xml",
                        "specs": [
                            [
                                ">=",
                                "3.98.1.17"
                            ]
                        ]
                    }
                ]
            },
            "description": null,
            "distribution_type": "conda",
            "download_url": "//api.anaconda.org/download/bioconda/bioconductor-crossmeta/1.14.0/noarch/bioconductor-crossmeta-1.14.0-r40_0.tar.bz2",
            "full_name": "bioconda/bioconductor-crossmeta/1.14.0/noarch/bioconductor-crossmeta-1.14.0-r40_0.tar.bz2",
            "labels": [
                "main"
            ],
            "md5": "c1aa0a886a70996461c96d8e4fb6ab78",
            "ndownloads": 19,
            "owner": "bioconda",
            "size": 1733453,
            "type": "conda",
            "upload_time": "2020-05-14 13:34:33.036000+00:00",
            "version": "1.14.0"
        }
    ],
    "full_name": "bioconda/bioconductor-crossmeta",
    "home": "https://bioconductor.org/packages/3.8/bioc/html/crossmeta.html",
    "html_url": "http://anaconda.org/bioconda/bioconductor-crossmeta",
    "id": "5c315c09d9c2cf13501468ca",
    "latest_version": "1.14.0",
    "license": "MIT + file LICENSE",
    "license_url": null,
    "modified_at": "2020-05-14 13:34:33.517000+00:00",
    "name": "bioconductor-crossmeta",
    "owner": {
        "company": "",
        "created_at": "2015-09-11 22:59:20.880000+00:00",
        "description": "Bioconda is a distribution of bioinformatics software realized as a channel for the versatile Conda package manager.",
        "location": "",
        "login": "bioconda",
        "name": "bioconda",
        "url": "",
        "user_type": "org"
    },
    "package_types": [
        "conda"
    ],
    "public": true,
    "releases": [
        {
            "distributions": [],
            "full_name": "bioconda/bioconductor-crossmeta/1.8.0",
            "version": "1.8.0"
        },
        {
            "distributions": [],
            "full_name": "bioconda/bioconductor-crossmeta/1.10.0",
            "version": "1.10.0"
        },
        {
            "distributions": [],
            "full_name": "bioconda/bioconductor-crossmeta/1.12.0",
            "version": "1.12.0"
        },
        {
            "distributions": [],
            "full_name": "bioconda/bioconductor-crossmeta/1.14.0",
            "version": "1.14.0"
        }
    ],
    "revision": 8,
    "source_git_tag": null,
    "source_git_url": null,
    "summary": "Cross Platform Meta-Analysis of Microarray Data",
    "upvoted": 0,
    "url": "http://api.anaconda.org/packages/bioconda/bioconductor-crossmeta",
    "versions": [
        "1.8.0",
        "1.10.0",
        "1.12.0",
        "1.14.0"
    ],
    "watchers": 1
}