{
    "app_entry": {},
    "app_summary": {},
    "app_type": {},
    "builds": [
        "r40_0"
    ],
    "conda_platforms": [
        "noarch"
    ],
    "created_at": "2020-05-17 21:13:17.744000+00:00",
    "description": "Optimal-transport techniques applied to supervised flow cytometry gating.",
    "dev_url": null,
    "doc_url": null,
    "files": [
        {
            "attrs": {
                "arch": null,
                "build": "r40_0",
                "build_number": 0,
                "depends": [
                    "bioconductor-flowmeans >=1.48.0,<1.49.0",
                    "bioconductor-optimalflowdata >=1.0.0,<1.1.0",
                    "r-base >=4.0,<4.1.0a0",
                    "r-dbscan",
                    "r-doparallel",
                    "r-dplyr",
                    "r-ellipse",
                    "r-foreach",
                    "r-randomforest",
                    "r-rfast",
                    "r-rgl",
                    "r-rlang >=0.4.0",
                    "r-robustbase",
                    "r-transport"
                ],
                "has_prefix": false,
                "license": "Artistic-2.0",
                "machine": null,
                "noarch": "generic",
                "operatingsystem": null,
                "platform": null,
                "subdir": "noarch",
                "target-triplet": "None-any-None",
                "timestamp": 1589749464554
            },
            "basename": "noarch/bioconductor-optimalflow-1.0.0-r40_0.tar.bz2",
            "dependencies": {
                "depends": [
                    {
                        "name": "bioconductor-flowmeans",
                        "specs": [
                            [
                                ">=",
                                "1.48.0,<1.49.0"
                            ]
                        ]
                    },
                    {
                        "name": "bioconductor-optimalflowdata",
                        "specs": [
                            [
                                ">=",
                                "1.0.0,<1.1.0"
                            ]
                        ]
                    },
                    {
                        "name": "r-base",
                        "specs": [
                            [
                                ">=",
                                "4.0,<4.1.0a0"
                            ]
                        ]
                    },
                    {
                        "name": "r-dbscan",
                        "specs": []
                    },
                    {
                        "name": "r-doparallel",
                        "specs": []
                    },
                    {
                        "name": "r-dplyr",
                        "specs": []
                    },
                    {
                        "name": "r-ellipse",
                        "specs": []
                    },
                    {
                        "name": "r-foreach",
                        "specs": []
                    },
                    {
                        "name": "r-randomforest",
                        "specs": []
                    },
                    {
                        "name": "r-rfast",
                        "specs": []
                    },
                    {
                        "name": "r-rgl",
                        "specs": []
                    },
                    {
                        "name": "r-rlang",
                        "specs": [
                            [
                                ">=",
                                "0.4.0"
                            ]
                        ]
                    },
                    {
                        "name": "r-robustbase",
                        "specs": []
                    },
                    {
                        "name": "r-transport",
                        "specs": []
                    }
                ]
            },
            "description": null,
            "distribution_type": "conda",
            "download_url": "//api.anaconda.org/download/bioconda/bioconductor-optimalflow/1.0.0/noarch/bioconductor-optimalflow-1.0.0-r40_0.tar.bz2",
            "full_name": "bioconda/bioconductor-optimalflow/1.0.0/noarch/bioconductor-optimalflow-1.0.0-r40_0.tar.bz2",
            "labels": [
                "main"
            ],
            "md5": "067cc64447c149f566ae68fee2a885e8",
            "ndownloads": 21,
            "owner": "bioconda",
            "size": 1158774,
            "type": "conda",
            "upload_time": "2020-05-17 21:13:19.059000+00:00",
            "version": "1.0.0"
        }
    ],
    "full_name": "bioconda/bioconductor-optimalflow",
    "home": "https://bioconductor.org/packages/3.11/bioc/html/optimalFlow.html",
    "html_url": "http://anaconda.org/bioconda/bioconductor-optimalflow",
    "id": "5ec1a8edfe6b2a019fb3ef3b",
    "latest_version": "1.0.0",
    "license": "Artistic-2.0",
    "license_url": null,
    "modified_at": "2020-05-17 21:13:19.661000+00:00",
    "name": "bioconductor-optimalflow",
    "owner": {
        "company": "",
        "created_at": "2015-09-11 22:59:20.880000+00:00",
        "description": "Bioconda is a distribution of bioinformatics software realized as a channel for the versatile Conda package manager.",
        "location": "",
        "login": "bioconda",
        "name": "bioconda",
        "url": "",
        "user_type": "org"
    },
    "package_types": [
        "conda"
    ],
    "public": true,
    "releases": [
        {
            "distributions": [],
            "full_name": "bioconda/bioconductor-optimalflow/1.0.0",
            "version": "1.0.0"
        }
    ],
    "revision": 2,
    "source_git_tag": null,
    "source_git_url": null,
    "summary": "optimalFlow",
    "upvoted": 0,
    "url": "http://api.anaconda.org/packages/bioconda/bioconductor-optimalflow",
    "versions": [
        "1.0.0"
    ],
    "watchers": 1
}