{
    "app_entry": {},
    "app_summary": {},
    "app_type": {},
    "builds": [
        "r40_0",
        "r36_1",
        "r36_0",
        "r341_0",
        "r351_0",
        "r351_1",
        "r3.4.1_0"
    ],
    "conda_platforms": [
        "linux-64",
        "noarch",
        "osx-64"
    ],
    "created_at": "2018-02-19 17:37:38.841000+00:00",
    "description": "GSCA takes as input several lists of activated and repressed genes. GSCA then searches through a compendium of publicly available gene expression profiles for biological contexts that are enriched with a specified pattern of gene expression. GSCA provides both traditional R functions and interactive, user-friendly user interface.",
    "dev_url": null,
    "doc_url": null,
    "files": [
        {
            "attrs": {
                "arch": "x86_64",
                "build": "r3.4.1_0",
                "build_number": 0,
                "depends": [
                    "bioconductor-rhdf5",
                    "r-base 3.4.1*",
                    "r-ggplot2",
                    "r-gplots",
                    "r-rcolorbrewer",
                    "r-reshape2",
                    "r-shiny",
                    "r-sp"
                ],
                "has_prefix": false,
                "license": "GPL(>=2)",
                "machine": "x86_64",
                "operatingsystem": "linux",
                "platform": "linux",
                "subdir": "linux-64",
                "target-triplet": "x86_64-any-linux"
            },
            "basename": "linux-64/bioconductor-gsca-2.8.0-r3.4.1_0.tar.bz2",
            "dependencies": {
                "depends": [
                    {
                        "name": "bioconductor-rhdf5",
                        "specs": []
                    },
                    {
                        "name": "r-base",
                        "specs": [
                            [
                                "==",
                                "3.4.1"
                            ]
                        ]
                    },
                    {
                        "name": "r-ggplot2",
                        "specs": []
                    },
                    {
                        "name": "r-gplots",
                        "specs": []
                    },
                    {
                        "name": "r-rcolorbrewer",
                        "specs": []
                    },
                    {
                        "name": "r-reshape2",
                        "specs": []
                    },
                    {
                        "name": "r-shiny",
                        "specs": []
                    },
                    {
                        "name": "r-sp",
                        "specs": []
                    }
                ]
            },
            "description": null,
            "distribution_type": "conda",
            "download_url": "//api.anaconda.org/download/bioconda/bioconductor-gsca/2.8.0/linux-64/bioconductor-gsca-2.8.0-r3.4.1_0.tar.bz2",
            "full_name": "bioconda/bioconductor-gsca/2.8.0/linux-64/bioconductor-gsca-2.8.0-r3.4.1_0.tar.bz2",
            "labels": [
                "main",
                "cf201901"
            ],
            "md5": "7bffd4f734c8edf3a255562fea82130a",
            "ndownloads": 333,
            "owner": "bioconda",
            "size": 2282941,
            "type": "conda",
            "upload_time": "2018-02-19 17:37:39.393000+00:00",
            "version": "2.8.0"
        },
        {
            "attrs": {
                "arch": "x86_64",
                "build": "r3.4.1_0",
                "build_number": 0,
                "depends": [
                    "bioconductor-rhdf5",
                    "r-base 3.4.1*",
                    "r-ggplot2",
                    "r-gplots",
                    "r-rcolorbrewer",
                    "r-reshape2",
                    "r-shiny",
                    "r-sp"
                ],
                "has_prefix": false,
                "license": "GPL(>=2)",
                "machine": "x86_64",
                "operatingsystem": "darwin",
                "platform": "osx",
                "subdir": "osx-64",
                "target-triplet": "x86_64-any-darwin"
            },
            "basename": "osx-64/bioconductor-gsca-2.8.0-r3.4.1_0.tar.bz2",
            "dependencies": {
                "depends": [
                    {
                        "name": "bioconductor-rhdf5",
                        "specs": []
                    },
                    {
                        "name": "r-base",
                        "specs": [
                            [
                                "==",
                                "3.4.1"
                            ]
                        ]
                    },
                    {
                        "name": "r-ggplot2",
                        "specs": []
                    },
                    {
                        "name": "r-gplots",
                        "specs": []
                    },
                    {
                        "name": "r-rcolorbrewer",
                        "specs": []
                    },
                    {
                        "name": "r-reshape2",
                        "specs": []
                    },
                    {
                        "name": "r-shiny",
                        "specs": []
                    },
                    {
                        "name": "r-sp",
                        "specs": []
                    }
                ]
            },
            "description": null,
            "distribution_type": "conda",
            "download_url": "//api.anaconda.org/download/bioconda/bioconductor-gsca/2.8.0/osx-64/bioconductor-gsca-2.8.0-r3.4.1_0.tar.bz2",
            "full_name": "bioconda/bioconductor-gsca/2.8.0/osx-64/bioconductor-gsca-2.8.0-r3.4.1_0.tar.bz2",
            "labels": [
                "main",
                "cf201901"
            ],
            "md5": "5697bdcfcb55b896ed378c9cbdc8fc40",
            "ndownloads": 1223,
            "owner": "bioconda",
            "size": 2283099,
            "type": "conda",
            "upload_time": "2018-02-19 18:34:16.507000+00:00",
            "version": "2.8.0"
        },
        {
            "attrs": {
                "arch": "x86_64",
                "build": "r341_0",
                "build_number": 0,
                "depends": [
                    "bioconductor-rhdf5 >=2.24.0,<2.26.0",
                    "r-base >=3.4.1,<3.4.2.0a0",
                    "r-ggplot2",
                    "r-gplots",
                    "r-rcolorbrewer",
                    "r-reshape2",
                    "r-shiny",
                    "r-sp"
                ],
                "has_prefix": false,
                "license": "GPL(>=2)",
                "machine": "x86_64",
                "operatingsystem": "darwin",
                "platform": "osx",
                "subdir": "osx-64",
                "target-triplet": "x86_64-any-darwin",
                "timestamp": 1539135024751
            },
            "basename": "osx-64/bioconductor-gsca-2.10.0-r341_0.tar.bz2",
            "dependencies": {
                "depends": [
                    {
                        "name": "bioconductor-rhdf5",
                        "specs": [
                            [
                                ">=",
                                "2.24.0,<2.26.0"
                            ]
                        ]
                    },
                    {
                        "name": "r-base",
                        "specs": [
                            [
                                ">=",
                                "3.4.1,<3.4.2.0a0"
                            ]
                        ]
                    },
                    {
                        "name": "r-ggplot2",
                        "specs": []
                    },
                    {
                        "name": "r-gplots",
                        "specs": []
                    },
                    {
                        "name": "r-rcolorbrewer",
                        "specs": []
                    },
                    {
                        "name": "r-reshape2",
                        "specs": []
                    },
                    {
                        "name": "r-shiny",
                        "specs": []
                    },
                    {
                        "name": "r-sp",
                        "specs": []
                    }
                ]
            },
            "description": null,
            "distribution_type": "conda",
            "download_url": "//api.anaconda.org/download/bioconda/bioconductor-gsca/2.10.0/osx-64/bioconductor-gsca-2.10.0-r341_0.tar.bz2",
            "full_name": "bioconda/bioconductor-gsca/2.10.0/osx-64/bioconductor-gsca-2.10.0-r341_0.tar.bz2",
            "labels": [
                "main",
                "cf201901"
            ],
            "md5": "1f3d918d9a710efd50ab1fcd86698e1e",
            "ndownloads": 129,
            "owner": "bioconda",
            "size": 2284706,
            "type": "conda",
            "upload_time": "2018-10-10 01:31:36.729000+00:00",
            "version": "2.10.0"
        },
        {
            "attrs": {
                "arch": "x86_64",
                "build": "r351_0",
                "build_number": 0,
                "depends": [
                    "bioconductor-rhdf5 >=2.24.0,<2.26.0",
                    "r-base >=3.5.1,<3.5.2.0a0",
                    "r-ggplot2",
                    "r-gplots",
                    "r-rcolorbrewer",
                    "r-reshape2",
                    "r-shiny",
                    "r-sp"
                ],
                "has_prefix": false,
                "license": "GPL(>=2)",
                "machine": "x86_64",
                "operatingsystem": "darwin",
                "platform": "osx",
                "subdir": "osx-64",
                "target-triplet": "x86_64-any-darwin",
                "timestamp": 1539134881352
            },
            "basename": "osx-64/bioconductor-gsca-2.10.0-r351_0.tar.bz2",
            "dependencies": {
                "depends": [
                    {
                        "name": "bioconductor-rhdf5",
                        "specs": [
                            [
                                ">=",
                                "2.24.0,<2.26.0"
                            ]
                        ]
                    },
                    {
                        "name": "r-base",
                        "specs": [
                            [
                                ">=",
                                "3.5.1,<3.5.2.0a0"
                            ]
                        ]
                    },
                    {
                        "name": "r-ggplot2",
                        "specs": []
                    },
                    {
                        "name": "r-gplots",
                        "specs": []
                    },
                    {
                        "name": "r-rcolorbrewer",
                        "specs": []
                    },
                    {
                        "name": "r-reshape2",
                        "specs": []
                    },
                    {
                        "name": "r-shiny",
                        "specs": []
                    },
                    {
                        "name": "r-sp",
                        "specs": []
                    }
                ]
            },
            "description": null,
            "distribution_type": "conda",
            "download_url": "//api.anaconda.org/download/bioconda/bioconductor-gsca/2.10.0/osx-64/bioconductor-gsca-2.10.0-r351_0.tar.bz2",
            "full_name": "bioconda/bioconductor-gsca/2.10.0/osx-64/bioconductor-gsca-2.10.0-r351_0.tar.bz2",
            "labels": [
                "main",
                "cf201901"
            ],
            "md5": "23323b14864828579ce59972f211afd8",
            "ndownloads": 1155,
            "owner": "bioconda",
            "size": 2321020,
            "type": "conda",
            "upload_time": "2018-10-10 01:31:40.959000+00:00",
            "version": "2.10.0"
        },
        {
            "attrs": {
                "arch": "x86_64",
                "build": "r341_0",
                "build_number": 0,
                "depends": [
                    "bioconductor-rhdf5 >=2.24.0,<2.26.0",
                    "r-base >=3.4.1,<3.4.2.0a0",
                    "r-ggplot2",
                    "r-gplots",
                    "r-rcolorbrewer",
                    "r-reshape2",
                    "r-shiny",
                    "r-sp"
                ],
                "has_prefix": false,
                "license": "GPL(>=2)",
                "machine": "x86_64",
                "operatingsystem": "linux",
                "platform": "linux",
                "subdir": "linux-64",
                "target-triplet": "x86_64-any-linux",
                "timestamp": 1539187507034
            },
            "basename": "linux-64/bioconductor-gsca-2.10.0-r341_0.tar.bz2",
            "dependencies": {
                "depends": [
                    {
                        "name": "bioconductor-rhdf5",
                        "specs": [
                            [
                                ">=",
                                "2.24.0,<2.26.0"
                            ]
                        ]
                    },
                    {
                        "name": "r-base",
                        "specs": [
                            [
                                ">=",
                                "3.4.1,<3.4.2.0a0"
                            ]
                        ]
                    },
                    {
                        "name": "r-ggplot2",
                        "specs": []
                    },
                    {
                        "name": "r-gplots",
                        "specs": []
                    },
                    {
                        "name": "r-rcolorbrewer",
                        "specs": []
                    },
                    {
                        "name": "r-reshape2",
                        "specs": []
                    },
                    {
                        "name": "r-shiny",
                        "specs": []
                    },
                    {
                        "name": "r-sp",
                        "specs": []
                    }
                ]
            },
            "description": null,
            "distribution_type": "conda",
            "download_url": "//api.anaconda.org/download/bioconda/bioconductor-gsca/2.10.0/linux-64/bioconductor-gsca-2.10.0-r341_0.tar.bz2",
            "full_name": "bioconda/bioconductor-gsca/2.10.0/linux-64/bioconductor-gsca-2.10.0-r341_0.tar.bz2",
            "labels": [
                "main",
                "cf201901"
            ],
            "md5": "cccee49900d194cf6ed8269bb80f744c",
            "ndownloads": 162,
            "owner": "bioconda",
            "size": 2283415,
            "type": "conda",
            "upload_time": "2018-10-10 16:12:20.845000+00:00",
            "version": "2.10.0"
        },
        {
            "attrs": {
                "arch": "x86_64",
                "build": "r351_0",
                "build_number": 0,
                "depends": [
                    "bioconductor-rhdf5 >=2.24.0,<2.26.0",
                    "r-base >=3.5.1,<3.5.2.0a0",
                    "r-ggplot2",
                    "r-gplots",
                    "r-rcolorbrewer",
                    "r-reshape2",
                    "r-shiny",
                    "r-sp"
                ],
                "has_prefix": false,
                "license": "GPL(>=2)",
                "machine": "x86_64",
                "operatingsystem": "linux",
                "platform": "linux",
                "subdir": "linux-64",
                "target-triplet": "x86_64-any-linux",
                "timestamp": 1539187395751
            },
            "basename": "linux-64/bioconductor-gsca-2.10.0-r351_0.tar.bz2",
            "dependencies": {
                "depends": [
                    {
                        "name": "bioconductor-rhdf5",
                        "specs": [
                            [
                                ">=",
                                "2.24.0,<2.26.0"
                            ]
                        ]
                    },
                    {
                        "name": "r-base",
                        "specs": [
                            [
                                ">=",
                                "3.5.1,<3.5.2.0a0"
                            ]
                        ]
                    },
                    {
                        "name": "r-ggplot2",
                        "specs": []
                    },
                    {
                        "name": "r-gplots",
                        "specs": []
                    },
                    {
                        "name": "r-rcolorbrewer",
                        "specs": []
                    },
                    {
                        "name": "r-reshape2",
                        "specs": []
                    },
                    {
                        "name": "r-shiny",
                        "specs": []
                    },
                    {
                        "name": "r-sp",
                        "specs": []
                    }
                ]
            },
            "description": null,
            "distribution_type": "conda",
            "download_url": "//api.anaconda.org/download/bioconda/bioconductor-gsca/2.10.0/linux-64/bioconductor-gsca-2.10.0-r351_0.tar.bz2",
            "full_name": "bioconda/bioconductor-gsca/2.10.0/linux-64/bioconductor-gsca-2.10.0-r351_0.tar.bz2",
            "labels": [
                "main",
                "cf201901"
            ],
            "md5": "9bb8dbb72407258d919d6463c5068ae8",
            "ndownloads": 270,
            "owner": "bioconda",
            "size": 2316706,
            "type": "conda",
            "upload_time": "2018-10-10 16:12:17.865000+00:00",
            "version": "2.10.0"
        },
        {
            "attrs": {
                "arch": null,
                "build": "r351_0",
                "build_number": 0,
                "depends": [
                    "bioconductor-rhdf5 >=2.26.0,<2.27.0",
                    "r-base >=3.5.1,<3.5.2.0a0",
                    "r-ggplot2",
                    "r-gplots",
                    "r-rcolorbrewer",
                    "r-reshape2",
                    "r-shiny",
                    "r-sp"
                ],
                "has_prefix": false,
                "license": "GPL(>=2)",
                "machine": null,
                "noarch": "generic",
                "operatingsystem": null,
                "platform": null,
                "subdir": "noarch",
                "target-triplet": "None-any-None",
                "timestamp": 1544529779673
            },
            "basename": "noarch/bioconductor-gsca-2.12.0-r351_0.tar.bz2",
            "dependencies": {
                "depends": [
                    {
                        "name": "bioconductor-rhdf5",
                        "specs": [
                            [
                                ">=",
                                "2.26.0,<2.27.0"
                            ]
                        ]
                    },
                    {
                        "name": "r-base",
                        "specs": [
                            [
                                ">=",
                                "3.5.1,<3.5.2.0a0"
                            ]
                        ]
                    },
                    {
                        "name": "r-ggplot2",
                        "specs": []
                    },
                    {
                        "name": "r-gplots",
                        "specs": []
                    },
                    {
                        "name": "r-rcolorbrewer",
                        "specs": []
                    },
                    {
                        "name": "r-reshape2",
                        "specs": []
                    },
                    {
                        "name": "r-shiny",
                        "specs": []
                    },
                    {
                        "name": "r-sp",
                        "specs": []
                    }
                ]
            },
            "description": null,
            "distribution_type": "conda",
            "download_url": "//api.anaconda.org/download/bioconda/bioconductor-gsca/2.12.0/noarch/bioconductor-gsca-2.12.0-r351_0.tar.bz2",
            "full_name": "bioconda/bioconductor-gsca/2.12.0/noarch/bioconductor-gsca-2.12.0-r351_0.tar.bz2",
            "labels": [
                "gcc7",
                "main"
            ],
            "md5": "fc598b664bbd18b0e92f556452b64a1b",
            "ndownloads": 104,
            "owner": "bioconda",
            "size": 2321580,
            "type": "conda",
            "upload_time": "2018-12-11 12:06:50.561000+00:00",
            "version": "2.12.0"
        },
        {
            "attrs": {
                "arch": null,
                "build": "r351_1",
                "build_number": 1,
                "depends": [
                    "bioconductor-rhdf5 >=2.26.0,<2.27.0",
                    "r-base >=3.5.1,<3.5.2.0a0",
                    "r-ggplot2",
                    "r-gplots",
                    "r-rcolorbrewer",
                    "r-reshape2",
                    "r-shiny",
                    "r-sp"
                ],
                "has_prefix": false,
                "license": "GPL(>=2)",
                "machine": null,
                "noarch": "generic",
                "operatingsystem": null,
                "platform": null,
                "subdir": "noarch",
                "target-triplet": "None-any-None",
                "timestamp": 1552216861066
            },
            "basename": "noarch/bioconductor-gsca-2.12.0-r351_1.tar.bz2",
            "dependencies": {
                "depends": [
                    {
                        "name": "bioconductor-rhdf5",
                        "specs": [
                            [
                                ">=",
                                "2.26.0,<2.27.0"
                            ]
                        ]
                    },
                    {
                        "name": "r-base",
                        "specs": [
                            [
                                ">=",
                                "3.5.1,<3.5.2.0a0"
                            ]
                        ]
                    },
                    {
                        "name": "r-ggplot2",
                        "specs": []
                    },
                    {
                        "name": "r-gplots",
                        "specs": []
                    },
                    {
                        "name": "r-rcolorbrewer",
                        "specs": []
                    },
                    {
                        "name": "r-reshape2",
                        "specs": []
                    },
                    {
                        "name": "r-shiny",
                        "specs": []
                    },
                    {
                        "name": "r-sp",
                        "specs": []
                    }
                ]
            },
            "description": null,
            "distribution_type": "conda",
            "download_url": "//api.anaconda.org/download/bioconda/bioconductor-gsca/2.12.0/noarch/bioconductor-gsca-2.12.0-r351_1.tar.bz2",
            "full_name": "bioconda/bioconductor-gsca/2.12.0/noarch/bioconductor-gsca-2.12.0-r351_1.tar.bz2",
            "labels": [
                "main"
            ],
            "md5": "327c9bc110be95aecdf41a2ddfeb49b7",
            "ndownloads": 105,
            "owner": "bioconda",
            "size": 2316984,
            "type": "conda",
            "upload_time": "2019-03-10 11:25:05.278000+00:00",
            "version": "2.12.0"
        },
        {
            "attrs": {
                "arch": null,
                "build": "r351_0",
                "build_number": 0,
                "depends": [
                    "bioconductor-rhdf5 >=2.28.0,<2.29.0",
                    "r-base >=3.5.1,<3.5.2.0a0",
                    "r-ggplot2",
                    "r-gplots",
                    "r-rcolorbrewer",
                    "r-reshape2",
                    "r-shiny",
                    "r-sp"
                ],
                "has_prefix": false,
                "license": "GPL(>=2)",
                "machine": null,
                "noarch": "generic",
                "operatingsystem": null,
                "platform": null,
                "subdir": "noarch",
                "target-triplet": "None-any-None",
                "timestamp": 1557360907807
            },
            "basename": "noarch/bioconductor-gsca-2.14.0-r351_0.tar.bz2",
            "dependencies": {
                "depends": [
                    {
                        "name": "bioconductor-rhdf5",
                        "specs": [
                            [
                                ">=",
                                "2.28.0,<2.29.0"
                            ]
                        ]
                    },
                    {
                        "name": "r-base",
                        "specs": [
                            [
                                ">=",
                                "3.5.1,<3.5.2.0a0"
                            ]
                        ]
                    },
                    {
                        "name": "r-ggplot2",
                        "specs": []
                    },
                    {
                        "name": "r-gplots",
                        "specs": []
                    },
                    {
                        "name": "r-rcolorbrewer",
                        "specs": []
                    },
                    {
                        "name": "r-reshape2",
                        "specs": []
                    },
                    {
                        "name": "r-shiny",
                        "specs": []
                    },
                    {
                        "name": "r-sp",
                        "specs": []
                    }
                ]
            },
            "description": null,
            "distribution_type": "conda",
            "download_url": "//api.anaconda.org/download/bioconda/bioconductor-gsca/2.14.0/noarch/bioconductor-gsca-2.14.0-r351_0.tar.bz2",
            "full_name": "bioconda/bioconductor-gsca/2.14.0/noarch/bioconductor-gsca-2.14.0-r351_0.tar.bz2",
            "labels": [
                "main"
            ],
            "md5": "c05590de08f8d16e45694003a3b156b7",
            "ndownloads": 94,
            "owner": "bioconda",
            "size": 2318159,
            "type": "conda",
            "upload_time": "2019-05-09 00:20:20.404000+00:00",
            "version": "2.14.0"
        },
        {
            "attrs": {
                "arch": null,
                "build": "r36_1",
                "build_number": 1,
                "depends": [
                    "bioconductor-rhdf5 >=2.28.0,<2.29.0",
                    "r-base >=3.6,<3.7.0a0",
                    "r-ggplot2",
                    "r-gplots",
                    "r-rcolorbrewer",
                    "r-reshape2",
                    "r-shiny",
                    "r-sp"
                ],
                "has_prefix": false,
                "license": "GPL(>=2)",
                "machine": null,
                "noarch": "generic",
                "operatingsystem": null,
                "platform": null,
                "subdir": "noarch",
                "target-triplet": "None-any-None",
                "timestamp": 1563912402095
            },
            "basename": "noarch/bioconductor-gsca-2.14.0-r36_1.tar.bz2",
            "dependencies": {
                "depends": [
                    {
                        "name": "bioconductor-rhdf5",
                        "specs": [
                            [
                                ">=",
                                "2.28.0,<2.29.0"
                            ]
                        ]
                    },
                    {
                        "name": "r-base",
                        "specs": [
                            [
                                ">=",
                                "3.6,<3.7.0a0"
                            ]
                        ]
                    },
                    {
                        "name": "r-ggplot2",
                        "specs": []
                    },
                    {
                        "name": "r-gplots",
                        "specs": []
                    },
                    {
                        "name": "r-rcolorbrewer",
                        "specs": []
                    },
                    {
                        "name": "r-reshape2",
                        "specs": []
                    },
                    {
                        "name": "r-shiny",
                        "specs": []
                    },
                    {
                        "name": "r-sp",
                        "specs": []
                    }
                ]
            },
            "description": null,
            "distribution_type": "conda",
            "download_url": "//api.anaconda.org/download/bioconda/bioconductor-gsca/2.14.0/noarch/bioconductor-gsca-2.14.0-r36_1.tar.bz2",
            "full_name": "bioconda/bioconductor-gsca/2.14.0/noarch/bioconductor-gsca-2.14.0-r36_1.tar.bz2",
            "labels": [
                "main"
            ],
            "md5": "5a7fb422784715aa813829154270261b",
            "ndownloads": 62,
            "owner": "bioconda",
            "size": 2318731,
            "type": "conda",
            "upload_time": "2019-07-23 20:11:49.405000+00:00",
            "version": "2.14.0"
        },
        {
            "attrs": {
                "arch": null,
                "build": "r36_0",
                "build_number": 0,
                "depends": [
                    "bioconductor-rhdf5 >=2.30.0,<2.31.0",
                    "r-base >=3.6,<3.7.0a0",
                    "r-ggplot2",
                    "r-gplots",
                    "r-rcolorbrewer",
                    "r-reshape2",
                    "r-shiny",
                    "r-sp"
                ],
                "has_prefix": false,
                "license": "GPL(>=2)",
                "machine": null,
                "noarch": "generic",
                "operatingsystem": null,
                "platform": null,
                "subdir": "noarch",
                "target-triplet": "None-any-None",
                "timestamp": 1572622360300
            },
            "basename": "noarch/bioconductor-gsca-2.16.0-r36_0.tar.bz2",
            "dependencies": {
                "depends": [
                    {
                        "name": "bioconductor-rhdf5",
                        "specs": [
                            [
                                ">=",
                                "2.30.0,<2.31.0"
                            ]
                        ]
                    },
                    {
                        "name": "r-base",
                        "specs": [
                            [
                                ">=",
                                "3.6,<3.7.0a0"
                            ]
                        ]
                    },
                    {
                        "name": "r-ggplot2",
                        "specs": []
                    },
                    {
                        "name": "r-gplots",
                        "specs": []
                    },
                    {
                        "name": "r-rcolorbrewer",
                        "specs": []
                    },
                    {
                        "name": "r-reshape2",
                        "specs": []
                    },
                    {
                        "name": "r-shiny",
                        "specs": []
                    },
                    {
                        "name": "r-sp",
                        "specs": []
                    }
                ]
            },
            "description": null,
            "distribution_type": "conda",
            "download_url": "//api.anaconda.org/download/bioconda/bioconductor-gsca/2.16.0/noarch/bioconductor-gsca-2.16.0-r36_0.tar.bz2",
            "full_name": "bioconda/bioconductor-gsca/2.16.0/noarch/bioconductor-gsca-2.16.0-r36_0.tar.bz2",
            "labels": [
                "main"
            ],
            "md5": "580b7345579563e8fb7d9c348d17bb66",
            "ndownloads": 50,
            "owner": "bioconda",
            "size": 2336565,
            "type": "conda",
            "upload_time": "2019-11-01 15:36:51.548000+00:00",
            "version": "2.16.0"
        },
        {
            "attrs": {
                "arch": null,
                "build": "r40_0",
                "build_number": 0,
                "depends": [
                    "bioconductor-rhdf5 >=2.32.0,<2.33.0",
                    "r-base >=4.0,<4.1.0a0",
                    "r-ggplot2",
                    "r-gplots",
                    "r-rcolorbrewer",
                    "r-reshape2",
                    "r-shiny",
                    "r-sp"
                ],
                "has_prefix": false,
                "license": "GPL(>=2)",
                "machine": null,
                "noarch": "generic",
                "operatingsystem": null,
                "platform": null,
                "subdir": "noarch",
                "target-triplet": "None-any-None",
                "timestamp": 1589047698862
            },
            "basename": "noarch/bioconductor-gsca-2.17.0-r40_0.tar.bz2",
            "dependencies": {
                "depends": [
                    {
                        "name": "bioconductor-rhdf5",
                        "specs": [
                            [
                                ">=",
                                "2.32.0,<2.33.0"
                            ]
                        ]
                    },
                    {
                        "name": "r-base",
                        "specs": [
                            [
                                ">=",
                                "4.0,<4.1.0a0"
                            ]
                        ]
                    },
                    {
                        "name": "r-ggplot2",
                        "specs": []
                    },
                    {
                        "name": "r-gplots",
                        "specs": []
                    },
                    {
                        "name": "r-rcolorbrewer",
                        "specs": []
                    },
                    {
                        "name": "r-reshape2",
                        "specs": []
                    },
                    {
                        "name": "r-shiny",
                        "specs": []
                    },
                    {
                        "name": "r-sp",
                        "specs": []
                    }
                ]
            },
            "description": null,
            "distribution_type": "conda",
            "download_url": "//api.anaconda.org/download/bioconda/bioconductor-gsca/2.17.0/noarch/bioconductor-gsca-2.17.0-r40_0.tar.bz2",
            "full_name": "bioconda/bioconductor-gsca/2.17.0/noarch/bioconductor-gsca-2.17.0-r40_0.tar.bz2",
            "labels": [
                "main"
            ],
            "md5": "955a627d4db68c9713f57de31d8c8809",
            "ndownloads": 21,
            "owner": "bioconda",
            "size": 2336072,
            "type": "conda",
            "upload_time": "2020-05-09 18:13:42.397000+00:00",
            "version": "2.17.0"
        }
    ],
    "full_name": "bioconda/bioconductor-gsca",
    "home": "http://bioconductor.org/packages/3.6/bioc/html/GSCA.html",
    "html_url": "http://anaconda.org/bioconda/bioconductor-gsca",
    "id": "5a8b0b62d60b3511f8f3245a",
    "latest_version": "2.17.0",
    "license": "GPL(>=2)",
    "license_url": null,
    "modified_at": "2020-05-09 18:13:42.792000+00:00",
    "name": "bioconductor-gsca",
    "owner": {
        "company": "",
        "created_at": "2015-09-11 22:59:20.880000+00:00",
        "description": "Bioconda is a distribution of bioinformatics software realized as a channel for the versatile Conda package manager.",
        "location": "",
        "login": "bioconda",
        "name": "bioconda",
        "url": "",
        "user_type": "org"
    },
    "package_types": [
        "conda"
    ],
    "public": true,
    "releases": [
        {
            "distributions": [],
            "full_name": "bioconda/bioconductor-gsca/2.8.0",
            "version": "2.8.0"
        },
        {
            "distributions": [],
            "full_name": "bioconda/bioconductor-gsca/2.10.0",
            "version": "2.10.0"
        },
        {
            "distributions": [],
            "full_name": "bioconda/bioconductor-gsca/2.12.0",
            "version": "2.12.0"
        },
        {
            "distributions": [],
            "full_name": "bioconda/bioconductor-gsca/2.14.0",
            "version": "2.14.0"
        },
        {
            "distributions": [],
            "full_name": "bioconda/bioconductor-gsca/2.16.0",
            "version": "2.16.0"
        },
        {
            "distributions": [],
            "full_name": "bioconda/bioconductor-gsca/2.17.0",
            "version": "2.17.0"
        }
    ],
    "revision": 12,
    "source_git_tag": null,
    "source_git_url": null,
    "summary": "GSCA: Gene Set Context Analysis",
    "upvoted": 0,
    "url": "http://api.anaconda.org/packages/bioconda/bioconductor-gsca",
    "versions": [
        "2.8.0",
        "2.10.0",
        "2.12.0",
        "2.14.0",
        "2.16.0",
        "2.17.0"
    ],
    "watchers": 1
}