{
    "app_entry": {},
    "app_summary": {},
    "app_type": {},
    "builds": [
        "r3.3.1_0",
        "r36_1",
        "r36_0",
        "r341_0",
        "r3.3.2_0",
        "r351_0",
        "0",
        "r3.4.1_0",
        "r40_0"
    ],
    "conda_platforms": [
        "linux-64",
        "noarch",
        "osx-64"
    ],
    "created_at": "2016-09-23 13:42:58.141000+00:00",
    "description": "Tools for statistical analysis of assembled transcriptomes, including flexible differential expression analysis, visualization of transcript structures, and matching of assembled transcripts to annotation.",
    "dev_url": null,
    "doc_url": null,
    "files": [
        {
            "attrs": {
                "arch": "x86_64",
                "build": "0",
                "build_number": 0,
                "depends": [
                    "bioconductor-biobase",
                    "bioconductor-biocgenerics",
                    "bioconductor-genomicranges",
                    "bioconductor-iranges",
                    "bioconductor-limma",
                    "bioconductor-rtracklayer",
                    "bioconductor-s4vectors",
                    "bioconductor-sva",
                    "r >=2.7.0",
                    "r-rcolorbrewer"
                ],
                "license": "Artistic-2.0",
                "machine": "x86_64",
                "operatingsystem": "darwin",
                "platform": "osx",
                "subdir": "osx-64",
                "target-triplet": "x86_64-any-darwin"
            },
            "basename": "osx-64/bioconductor-ballgown-2.2.0-0.tar.bz2",
            "dependencies": {
                "depends": [
                    {
                        "name": "bioconductor-biobase",
                        "specs": []
                    },
                    {
                        "name": "bioconductor-biocgenerics",
                        "specs": []
                    },
                    {
                        "name": "bioconductor-genomicranges",
                        "specs": []
                    },
                    {
                        "name": "bioconductor-iranges",
                        "specs": []
                    },
                    {
                        "name": "bioconductor-limma",
                        "specs": []
                    },
                    {
                        "name": "bioconductor-rtracklayer",
                        "specs": []
                    },
                    {
                        "name": "bioconductor-s4vectors",
                        "specs": []
                    },
                    {
                        "name": "bioconductor-sva",
                        "specs": []
                    },
                    {
                        "name": "r",
                        "specs": [
                            [
                                ">=",
                                "2.7.0"
                            ]
                        ]
                    },
                    {
                        "name": "r-rcolorbrewer",
                        "specs": []
                    }
                ]
            },
            "description": null,
            "distribution_type": "conda",
            "download_url": "//api.anaconda.org/download/bioconda/bioconductor-ballgown/2.2.0/osx-64/bioconductor-ballgown-2.2.0-0.tar.bz2",
            "full_name": "bioconda/bioconductor-ballgown/2.2.0/osx-64/bioconductor-ballgown-2.2.0-0.tar.bz2",
            "labels": [
                "main",
                "cf201901"
            ],
            "md5": "3bb5cb91029709f3f4b20ffcb0f180be",
            "ndownloads": 107,
            "owner": "bioconda",
            "size": 2842515,
            "type": "conda",
            "upload_time": "2016-09-23 13:45:11.918000+00:00",
            "version": "2.2.0"
        },
        {
            "attrs": {
                "arch": "x86_64",
                "build": "0",
                "build_number": 0,
                "depends": [
                    "bioconductor-biobase",
                    "bioconductor-biocgenerics",
                    "bioconductor-genomicranges",
                    "bioconductor-iranges",
                    "bioconductor-limma",
                    "bioconductor-rtracklayer",
                    "bioconductor-s4vectors",
                    "bioconductor-sva",
                    "r >=2.7.0",
                    "r-rcolorbrewer"
                ],
                "license": "Artistic-2.0",
                "machine": "x86_64",
                "operatingsystem": "linux",
                "platform": "linux",
                "subdir": "linux-64",
                "target-triplet": "x86_64-any-linux"
            },
            "basename": "linux-64/bioconductor-ballgown-2.2.0-0.tar.bz2",
            "dependencies": {
                "depends": [
                    {
                        "name": "bioconductor-biobase",
                        "specs": []
                    },
                    {
                        "name": "bioconductor-biocgenerics",
                        "specs": []
                    },
                    {
                        "name": "bioconductor-genomicranges",
                        "specs": []
                    },
                    {
                        "name": "bioconductor-iranges",
                        "specs": []
                    },
                    {
                        "name": "bioconductor-limma",
                        "specs": []
                    },
                    {
                        "name": "bioconductor-rtracklayer",
                        "specs": []
                    },
                    {
                        "name": "bioconductor-s4vectors",
                        "specs": []
                    },
                    {
                        "name": "bioconductor-sva",
                        "specs": []
                    },
                    {
                        "name": "r",
                        "specs": [
                            [
                                ">=",
                                "2.7.0"
                            ]
                        ]
                    },
                    {
                        "name": "r-rcolorbrewer",
                        "specs": []
                    }
                ]
            },
            "description": null,
            "distribution_type": "conda",
            "download_url": "//api.anaconda.org/download/bioconda/bioconductor-ballgown/2.2.0/linux-64/bioconductor-ballgown-2.2.0-0.tar.bz2",
            "full_name": "bioconda/bioconductor-ballgown/2.2.0/linux-64/bioconductor-ballgown-2.2.0-0.tar.bz2",
            "labels": [
                "main",
                "cf201901"
            ],
            "md5": "2a48e04a90b2fdda783a4500dc53e004",
            "ndownloads": 843,
            "owner": "bioconda",
            "size": 2842772,
            "type": "conda",
            "upload_time": "2016-09-23 13:42:58.590000+00:00",
            "version": "2.2.0"
        },
        {
            "attrs": {
                "arch": "x86_64",
                "build": "r3.3.1_0",
                "build_number": 0,
                "depends": [
                    "bioconductor-biobase",
                    "bioconductor-biocgenerics",
                    "bioconductor-genomicranges",
                    "bioconductor-iranges",
                    "bioconductor-limma",
                    "bioconductor-rtracklayer",
                    "bioconductor-s4vectors",
                    "bioconductor-sva",
                    "r 3.3.1*",
                    "r-rcolorbrewer"
                ],
                "has_prefix": false,
                "license": "Artistic-2.0",
                "machine": "x86_64",
                "operatingsystem": "darwin",
                "platform": "osx",
                "subdir": "osx-64",
                "target-triplet": "x86_64-any-darwin"
            },
            "basename": "osx-64/bioconductor-ballgown-2.2.0-r3.3.1_0.tar.bz2",
            "dependencies": {
                "depends": [
                    {
                        "name": "bioconductor-biobase",
                        "specs": []
                    },
                    {
                        "name": "bioconductor-biocgenerics",
                        "specs": []
                    },
                    {
                        "name": "bioconductor-genomicranges",
                        "specs": []
                    },
                    {
                        "name": "bioconductor-iranges",
                        "specs": []
                    },
                    {
                        "name": "bioconductor-limma",
                        "specs": []
                    },
                    {
                        "name": "bioconductor-rtracklayer",
                        "specs": []
                    },
                    {
                        "name": "bioconductor-s4vectors",
                        "specs": []
                    },
                    {
                        "name": "bioconductor-sva",
                        "specs": []
                    },
                    {
                        "name": "r",
                        "specs": [
                            [
                                "==",
                                "3.3.1"
                            ]
                        ]
                    },
                    {
                        "name": "r-rcolorbrewer",
                        "specs": []
                    }
                ]
            },
            "description": null,
            "distribution_type": "conda",
            "download_url": "//api.anaconda.org/download/bioconda/bioconductor-ballgown/2.2.0/osx-64/bioconductor-ballgown-2.2.0-r3.3.1_0.tar.bz2",
            "full_name": "bioconda/bioconductor-ballgown/2.2.0/osx-64/bioconductor-ballgown-2.2.0-r3.3.1_0.tar.bz2",
            "labels": [
                "main",
                "cf201901"
            ],
            "md5": "289e2384e0e2a09a1ebf041f8f67d179",
            "ndownloads": 67,
            "owner": "bioconda",
            "size": 2842653,
            "type": "conda",
            "upload_time": "2016-10-31 15:33:21.974000+00:00",
            "version": "2.2.0"
        },
        {
            "attrs": {
                "arch": "x86_64",
                "build": "r3.3.1_0",
                "build_number": 0,
                "depends": [
                    "bioconductor-biobase",
                    "bioconductor-biocgenerics",
                    "bioconductor-genomicranges",
                    "bioconductor-iranges",
                    "bioconductor-limma",
                    "bioconductor-rtracklayer",
                    "bioconductor-s4vectors",
                    "bioconductor-sva",
                    "r 3.3.1*",
                    "r-rcolorbrewer"
                ],
                "has_prefix": false,
                "license": "Artistic-2.0",
                "machine": "x86_64",
                "operatingsystem": "linux",
                "platform": "linux",
                "subdir": "linux-64",
                "target-triplet": "x86_64-any-linux"
            },
            "basename": "linux-64/bioconductor-ballgown-2.2.0-r3.3.1_0.tar.bz2",
            "dependencies": {
                "depends": [
                    {
                        "name": "bioconductor-biobase",
                        "specs": []
                    },
                    {
                        "name": "bioconductor-biocgenerics",
                        "specs": []
                    },
                    {
                        "name": "bioconductor-genomicranges",
                        "specs": []
                    },
                    {
                        "name": "bioconductor-iranges",
                        "specs": []
                    },
                    {
                        "name": "bioconductor-limma",
                        "specs": []
                    },
                    {
                        "name": "bioconductor-rtracklayer",
                        "specs": []
                    },
                    {
                        "name": "bioconductor-s4vectors",
                        "specs": []
                    },
                    {
                        "name": "bioconductor-sva",
                        "specs": []
                    },
                    {
                        "name": "r",
                        "specs": [
                            [
                                "==",
                                "3.3.1"
                            ]
                        ]
                    },
                    {
                        "name": "r-rcolorbrewer",
                        "specs": []
                    }
                ]
            },
            "description": null,
            "distribution_type": "conda",
            "download_url": "//api.anaconda.org/download/bioconda/bioconductor-ballgown/2.2.0/linux-64/bioconductor-ballgown-2.2.0-r3.3.1_0.tar.bz2",
            "full_name": "bioconda/bioconductor-ballgown/2.2.0/linux-64/bioconductor-ballgown-2.2.0-r3.3.1_0.tar.bz2",
            "labels": [
                "main",
                "cf201901"
            ],
            "md5": "463401427a42e8cd9dd87fe686df3040",
            "ndownloads": 571,
            "owner": "bioconda",
            "size": 2841830,
            "type": "conda",
            "upload_time": "2016-10-31 14:54:41.956000+00:00",
            "version": "2.2.0"
        },
        {
            "attrs": {
                "arch": "x86_64",
                "build": "r3.3.2_0",
                "build_number": 0,
                "depends": [
                    "bioconductor-biobase",
                    "bioconductor-biocgenerics",
                    "bioconductor-genomicranges",
                    "bioconductor-iranges",
                    "bioconductor-limma",
                    "bioconductor-rtracklayer",
                    "bioconductor-s4vectors",
                    "bioconductor-sva",
                    "r-base 3.3.2*",
                    "r-rcolorbrewer"
                ],
                "has_prefix": false,
                "license": "Artistic-2.0",
                "machine": "x86_64",
                "operatingsystem": "darwin",
                "platform": "osx",
                "subdir": "osx-64",
                "target-triplet": "x86_64-any-darwin"
            },
            "basename": "osx-64/bioconductor-ballgown-2.2.0-r3.3.2_0.tar.bz2",
            "dependencies": {
                "depends": [
                    {
                        "name": "bioconductor-biobase",
                        "specs": []
                    },
                    {
                        "name": "bioconductor-biocgenerics",
                        "specs": []
                    },
                    {
                        "name": "bioconductor-genomicranges",
                        "specs": []
                    },
                    {
                        "name": "bioconductor-iranges",
                        "specs": []
                    },
                    {
                        "name": "bioconductor-limma",
                        "specs": []
                    },
                    {
                        "name": "bioconductor-rtracklayer",
                        "specs": []
                    },
                    {
                        "name": "bioconductor-s4vectors",
                        "specs": []
                    },
                    {
                        "name": "bioconductor-sva",
                        "specs": []
                    },
                    {
                        "name": "r-base",
                        "specs": [
                            [
                                "==",
                                "3.3.2"
                            ]
                        ]
                    },
                    {
                        "name": "r-rcolorbrewer",
                        "specs": []
                    }
                ]
            },
            "description": null,
            "distribution_type": "conda",
            "download_url": "//api.anaconda.org/download/bioconda/bioconductor-ballgown/2.2.0/osx-64/bioconductor-ballgown-2.2.0-r3.3.2_0.tar.bz2",
            "full_name": "bioconda/bioconductor-ballgown/2.2.0/osx-64/bioconductor-ballgown-2.2.0-r3.3.2_0.tar.bz2",
            "labels": [
                "main",
                "cf201901"
            ],
            "md5": "ceb56cda7d68c561a8beedd6e9eae0a2",
            "ndownloads": 72,
            "owner": "bioconda",
            "size": 2839199,
            "type": "conda",
            "upload_time": "2017-06-06 14:21:09.075000+00:00",
            "version": "2.2.0"
        },
        {
            "attrs": {
                "arch": "x86_64",
                "build": "r3.3.2_0",
                "build_number": 0,
                "depends": [
                    "bioconductor-biobase",
                    "bioconductor-biocgenerics",
                    "bioconductor-genomicranges",
                    "bioconductor-iranges",
                    "bioconductor-limma",
                    "bioconductor-rtracklayer",
                    "bioconductor-s4vectors",
                    "bioconductor-sva",
                    "r-base 3.3.2*",
                    "r-rcolorbrewer"
                ],
                "has_prefix": false,
                "license": "Artistic-2.0",
                "machine": "x86_64",
                "operatingsystem": "linux",
                "platform": "linux",
                "subdir": "linux-64",
                "target-triplet": "x86_64-any-linux"
            },
            "basename": "linux-64/bioconductor-ballgown-2.2.0-r3.3.2_0.tar.bz2",
            "dependencies": {
                "depends": [
                    {
                        "name": "bioconductor-biobase",
                        "specs": []
                    },
                    {
                        "name": "bioconductor-biocgenerics",
                        "specs": []
                    },
                    {
                        "name": "bioconductor-genomicranges",
                        "specs": []
                    },
                    {
                        "name": "bioconductor-iranges",
                        "specs": []
                    },
                    {
                        "name": "bioconductor-limma",
                        "specs": []
                    },
                    {
                        "name": "bioconductor-rtracklayer",
                        "specs": []
                    },
                    {
                        "name": "bioconductor-s4vectors",
                        "specs": []
                    },
                    {
                        "name": "bioconductor-sva",
                        "specs": []
                    },
                    {
                        "name": "r-base",
                        "specs": [
                            [
                                "==",
                                "3.3.2"
                            ]
                        ]
                    },
                    {
                        "name": "r-rcolorbrewer",
                        "specs": []
                    }
                ]
            },
            "description": null,
            "distribution_type": "conda",
            "download_url": "//api.anaconda.org/download/bioconda/bioconductor-ballgown/2.2.0/linux-64/bioconductor-ballgown-2.2.0-r3.3.2_0.tar.bz2",
            "full_name": "bioconda/bioconductor-ballgown/2.2.0/linux-64/bioconductor-ballgown-2.2.0-r3.3.2_0.tar.bz2",
            "labels": [
                "main",
                "cf201901"
            ],
            "md5": "9a043e28f29b269e373cc4bebe88f9bf",
            "ndownloads": 818,
            "owner": "bioconda",
            "size": 2846251,
            "type": "conda",
            "upload_time": "2017-06-14 06:03:22.260000+00:00",
            "version": "2.2.0"
        },
        {
            "attrs": {
                "arch": "x86_64",
                "build": "r3.4.1_0",
                "build_number": 0,
                "depends": [
                    "bioconductor-biobase",
                    "bioconductor-biocgenerics",
                    "bioconductor-genomicranges",
                    "bioconductor-iranges",
                    "bioconductor-limma",
                    "bioconductor-rtracklayer",
                    "bioconductor-s4vectors",
                    "bioconductor-sva",
                    "r-base 3.4.1*",
                    "r-rcolorbrewer"
                ],
                "has_prefix": false,
                "license": "Artistic-2.0",
                "machine": "x86_64",
                "operatingsystem": "linux",
                "platform": "linux",
                "subdir": "linux-64",
                "target-triplet": "x86_64-any-linux"
            },
            "basename": "linux-64/bioconductor-ballgown-2.2.0-r3.4.1_0.tar.bz2",
            "dependencies": {
                "depends": [
                    {
                        "name": "bioconductor-biobase",
                        "specs": []
                    },
                    {
                        "name": "bioconductor-biocgenerics",
                        "specs": []
                    },
                    {
                        "name": "bioconductor-genomicranges",
                        "specs": []
                    },
                    {
                        "name": "bioconductor-iranges",
                        "specs": []
                    },
                    {
                        "name": "bioconductor-limma",
                        "specs": []
                    },
                    {
                        "name": "bioconductor-rtracklayer",
                        "specs": []
                    },
                    {
                        "name": "bioconductor-s4vectors",
                        "specs": []
                    },
                    {
                        "name": "bioconductor-sva",
                        "specs": []
                    },
                    {
                        "name": "r-base",
                        "specs": [
                            [
                                "==",
                                "3.4.1"
                            ]
                        ]
                    },
                    {
                        "name": "r-rcolorbrewer",
                        "specs": []
                    }
                ]
            },
            "description": null,
            "distribution_type": "conda",
            "download_url": "//api.anaconda.org/download/bioconda/bioconductor-ballgown/2.2.0/linux-64/bioconductor-ballgown-2.2.0-r3.4.1_0.tar.bz2",
            "full_name": "bioconda/bioconductor-ballgown/2.2.0/linux-64/bioconductor-ballgown-2.2.0-r3.4.1_0.tar.bz2",
            "labels": [
                "main",
                "cf201901"
            ],
            "md5": "3e6addc4d77610578af617a6d69566b8",
            "ndownloads": 514,
            "owner": "bioconda",
            "size": 2859857,
            "type": "conda",
            "upload_time": "2017-09-20 18:39:53.093000+00:00",
            "version": "2.2.0"
        },
        {
            "attrs": {
                "arch": "x86_64",
                "build": "r3.4.1_0",
                "build_number": 0,
                "depends": [
                    "bioconductor-biobase",
                    "bioconductor-biocgenerics",
                    "bioconductor-genomicranges",
                    "bioconductor-iranges",
                    "bioconductor-limma",
                    "bioconductor-rtracklayer",
                    "bioconductor-s4vectors",
                    "bioconductor-sva",
                    "r-base 3.4.1*",
                    "r-rcolorbrewer"
                ],
                "has_prefix": false,
                "license": "Artistic-2.0",
                "machine": "x86_64",
                "operatingsystem": "darwin",
                "platform": "osx",
                "subdir": "osx-64",
                "target-triplet": "x86_64-any-darwin"
            },
            "basename": "osx-64/bioconductor-ballgown-2.2.0-r3.4.1_0.tar.bz2",
            "dependencies": {
                "depends": [
                    {
                        "name": "bioconductor-biobase",
                        "specs": []
                    },
                    {
                        "name": "bioconductor-biocgenerics",
                        "specs": []
                    },
                    {
                        "name": "bioconductor-genomicranges",
                        "specs": []
                    },
                    {
                        "name": "bioconductor-iranges",
                        "specs": []
                    },
                    {
                        "name": "bioconductor-limma",
                        "specs": []
                    },
                    {
                        "name": "bioconductor-rtracklayer",
                        "specs": []
                    },
                    {
                        "name": "bioconductor-s4vectors",
                        "specs": []
                    },
                    {
                        "name": "bioconductor-sva",
                        "specs": []
                    },
                    {
                        "name": "r-base",
                        "specs": [
                            [
                                "==",
                                "3.4.1"
                            ]
                        ]
                    },
                    {
                        "name": "r-rcolorbrewer",
                        "specs": []
                    }
                ]
            },
            "description": null,
            "distribution_type": "conda",
            "download_url": "//api.anaconda.org/download/bioconda/bioconductor-ballgown/2.2.0/osx-64/bioconductor-ballgown-2.2.0-r3.4.1_0.tar.bz2",
            "full_name": "bioconda/bioconductor-ballgown/2.2.0/osx-64/bioconductor-ballgown-2.2.0-r3.4.1_0.tar.bz2",
            "labels": [
                "main",
                "cf201901"
            ],
            "md5": "e0ef8dfc5abe0f6316b8301782754614",
            "ndownloads": 1237,
            "owner": "bioconda",
            "size": 2858750,
            "type": "conda",
            "upload_time": "2017-09-22 23:00:36.939000+00:00",
            "version": "2.2.0"
        },
        {
            "attrs": {
                "arch": "x86_64",
                "build": "r3.4.1_0",
                "build_number": 0,
                "depends": [
                    "bioconductor-biobase >=2.25.0",
                    "bioconductor-genomeinfodb",
                    "bioconductor-genomicranges >=1.17.25",
                    "bioconductor-iranges >=1.99.22",
                    "bioconductor-limma",
                    "bioconductor-rtracklayer >=1.29.25",
                    "bioconductor-s4vectors >=0.9.39",
                    "bioconductor-sva",
                    "r-base 3.4.1*",
                    "r-rcolorbrewer"
                ],
                "has_prefix": false,
                "license": "Artistic-2.0",
                "machine": "x86_64",
                "operatingsystem": "linux",
                "platform": "linux",
                "subdir": "linux-64",
                "target-triplet": "x86_64-any-linux"
            },
            "basename": "linux-64/bioconductor-ballgown-2.8.4-r3.4.1_0.tar.bz2",
            "dependencies": {
                "depends": [
                    {
                        "name": "bioconductor-biobase",
                        "specs": [
                            [
                                ">=",
                                "2.25.0"
                            ]
                        ]
                    },
                    {
                        "name": "bioconductor-genomeinfodb",
                        "specs": []
                    },
                    {
                        "name": "bioconductor-genomicranges",
                        "specs": [
                            [
                                ">=",
                                "1.17.25"
                            ]
                        ]
                    },
                    {
                        "name": "bioconductor-iranges",
                        "specs": [
                            [
                                ">=",
                                "1.99.22"
                            ]
                        ]
                    },
                    {
                        "name": "bioconductor-limma",
                        "specs": []
                    },
                    {
                        "name": "bioconductor-rtracklayer",
                        "specs": [
                            [
                                ">=",
                                "1.29.25"
                            ]
                        ]
                    },
                    {
                        "name": "bioconductor-s4vectors",
                        "specs": [
                            [
                                ">=",
                                "0.9.39"
                            ]
                        ]
                    },
                    {
                        "name": "bioconductor-sva",
                        "specs": []
                    },
                    {
                        "name": "r-base",
                        "specs": [
                            [
                                "==",
                                "3.4.1"
                            ]
                        ]
                    },
                    {
                        "name": "r-rcolorbrewer",
                        "specs": []
                    }
                ]
            },
            "description": null,
            "distribution_type": "conda",
            "download_url": "//api.anaconda.org/download/bioconda/bioconductor-ballgown/2.8.4/linux-64/bioconductor-ballgown-2.8.4-r3.4.1_0.tar.bz2",
            "full_name": "bioconda/bioconductor-ballgown/2.8.4/linux-64/bioconductor-ballgown-2.8.4-r3.4.1_0.tar.bz2",
            "labels": [
                "main",
                "cf201901"
            ],
            "md5": "79b09bc3438106bbe5674cb8bd8abde8",
            "ndownloads": 641,
            "owner": "bioconda",
            "size": 2865468,
            "type": "conda",
            "upload_time": "2017-10-19 16:29:27.098000+00:00",
            "version": "2.8.4"
        },
        {
            "attrs": {
                "arch": "x86_64",
                "build": "r3.4.1_0",
                "build_number": 0,
                "depends": [
                    "bioconductor-biobase >=2.25.0",
                    "bioconductor-genomeinfodb",
                    "bioconductor-genomicranges >=1.17.25",
                    "bioconductor-iranges >=1.99.22",
                    "bioconductor-limma",
                    "bioconductor-rtracklayer >=1.29.25",
                    "bioconductor-s4vectors >=0.9.39",
                    "bioconductor-sva",
                    "r-base 3.4.1*",
                    "r-rcolorbrewer"
                ],
                "has_prefix": false,
                "license": "Artistic-2.0",
                "machine": "x86_64",
                "operatingsystem": "darwin",
                "platform": "osx",
                "subdir": "osx-64",
                "target-triplet": "x86_64-any-darwin"
            },
            "basename": "osx-64/bioconductor-ballgown-2.8.4-r3.4.1_0.tar.bz2",
            "dependencies": {
                "depends": [
                    {
                        "name": "bioconductor-biobase",
                        "specs": [
                            [
                                ">=",
                                "2.25.0"
                            ]
                        ]
                    },
                    {
                        "name": "bioconductor-genomeinfodb",
                        "specs": []
                    },
                    {
                        "name": "bioconductor-genomicranges",
                        "specs": [
                            [
                                ">=",
                                "1.17.25"
                            ]
                        ]
                    },
                    {
                        "name": "bioconductor-iranges",
                        "specs": [
                            [
                                ">=",
                                "1.99.22"
                            ]
                        ]
                    },
                    {
                        "name": "bioconductor-limma",
                        "specs": []
                    },
                    {
                        "name": "bioconductor-rtracklayer",
                        "specs": [
                            [
                                ">=",
                                "1.29.25"
                            ]
                        ]
                    },
                    {
                        "name": "bioconductor-s4vectors",
                        "specs": [
                            [
                                ">=",
                                "0.9.39"
                            ]
                        ]
                    },
                    {
                        "name": "bioconductor-sva",
                        "specs": []
                    },
                    {
                        "name": "r-base",
                        "specs": [
                            [
                                "==",
                                "3.4.1"
                            ]
                        ]
                    },
                    {
                        "name": "r-rcolorbrewer",
                        "specs": []
                    }
                ]
            },
            "description": null,
            "distribution_type": "conda",
            "download_url": "//api.anaconda.org/download/bioconda/bioconductor-ballgown/2.8.4/osx-64/bioconductor-ballgown-2.8.4-r3.4.1_0.tar.bz2",
            "full_name": "bioconda/bioconductor-ballgown/2.8.4/osx-64/bioconductor-ballgown-2.8.4-r3.4.1_0.tar.bz2",
            "labels": [
                "main",
                "cf201901"
            ],
            "md5": "24ea61082670b4f2b284c0cddf1de810",
            "ndownloads": 1209,
            "owner": "bioconda",
            "size": 2863543,
            "type": "conda",
            "upload_time": "2017-10-21 03:16:18.749000+00:00",
            "version": "2.8.4"
        },
        {
            "attrs": {
                "arch": "x86_64",
                "build": "r3.4.1_0",
                "build_number": 0,
                "depends": [
                    "bioconductor-biobase >=2.25.0",
                    "bioconductor-genomeinfodb",
                    "bioconductor-genomicranges >=1.17.25",
                    "bioconductor-iranges >=1.99.22",
                    "bioconductor-limma",
                    "bioconductor-rtracklayer >=1.29.25",
                    "bioconductor-s4vectors >=0.9.39",
                    "bioconductor-sva",
                    "r-base 3.4.1*",
                    "r-rcolorbrewer"
                ],
                "has_prefix": false,
                "license": "Artistic-2.0",
                "machine": "x86_64",
                "operatingsystem": "linux",
                "platform": "linux",
                "subdir": "linux-64",
                "target-triplet": "x86_64-any-linux"
            },
            "basename": "linux-64/bioconductor-ballgown-2.10.0-r3.4.1_0.tar.bz2",
            "dependencies": {
                "depends": [
                    {
                        "name": "bioconductor-biobase",
                        "specs": [
                            [
                                ">=",
                                "2.25.0"
                            ]
                        ]
                    },
                    {
                        "name": "bioconductor-genomeinfodb",
                        "specs": []
                    },
                    {
                        "name": "bioconductor-genomicranges",
                        "specs": [
                            [
                                ">=",
                                "1.17.25"
                            ]
                        ]
                    },
                    {
                        "name": "bioconductor-iranges",
                        "specs": [
                            [
                                ">=",
                                "1.99.22"
                            ]
                        ]
                    },
                    {
                        "name": "bioconductor-limma",
                        "specs": []
                    },
                    {
                        "name": "bioconductor-rtracklayer",
                        "specs": [
                            [
                                ">=",
                                "1.29.25"
                            ]
                        ]
                    },
                    {
                        "name": "bioconductor-s4vectors",
                        "specs": [
                            [
                                ">=",
                                "0.9.39"
                            ]
                        ]
                    },
                    {
                        "name": "bioconductor-sva",
                        "specs": []
                    },
                    {
                        "name": "r-base",
                        "specs": [
                            [
                                "==",
                                "3.4.1"
                            ]
                        ]
                    },
                    {
                        "name": "r-rcolorbrewer",
                        "specs": []
                    }
                ]
            },
            "description": null,
            "distribution_type": "conda",
            "download_url": "//api.anaconda.org/download/bioconda/bioconductor-ballgown/2.10.0/linux-64/bioconductor-ballgown-2.10.0-r3.4.1_0.tar.bz2",
            "full_name": "bioconda/bioconductor-ballgown/2.10.0/linux-64/bioconductor-ballgown-2.10.0-r3.4.1_0.tar.bz2",
            "labels": [
                "main",
                "cf201901"
            ],
            "md5": "e8c9bd5c92129ef8a4d4ba4f269634d1",
            "ndownloads": 933,
            "owner": "bioconda",
            "size": 2867249,
            "type": "conda",
            "upload_time": "2017-11-10 03:44:10.994000+00:00",
            "version": "2.10.0"
        },
        {
            "attrs": {
                "arch": "x86_64",
                "build": "r3.4.1_0",
                "build_number": 0,
                "depends": [
                    "bioconductor-biobase >=2.25.0",
                    "bioconductor-genomeinfodb",
                    "bioconductor-genomicranges >=1.17.25",
                    "bioconductor-iranges >=1.99.22",
                    "bioconductor-limma",
                    "bioconductor-rtracklayer >=1.29.25",
                    "bioconductor-s4vectors >=0.9.39",
                    "bioconductor-sva",
                    "r-base 3.4.1*",
                    "r-rcolorbrewer"
                ],
                "has_prefix": false,
                "license": "Artistic-2.0",
                "machine": "x86_64",
                "operatingsystem": "darwin",
                "platform": "osx",
                "subdir": "osx-64",
                "target-triplet": "x86_64-any-darwin"
            },
            "basename": "osx-64/bioconductor-ballgown-2.10.0-r3.4.1_0.tar.bz2",
            "dependencies": {
                "depends": [
                    {
                        "name": "bioconductor-biobase",
                        "specs": [
                            [
                                ">=",
                                "2.25.0"
                            ]
                        ]
                    },
                    {
                        "name": "bioconductor-genomeinfodb",
                        "specs": []
                    },
                    {
                        "name": "bioconductor-genomicranges",
                        "specs": [
                            [
                                ">=",
                                "1.17.25"
                            ]
                        ]
                    },
                    {
                        "name": "bioconductor-iranges",
                        "specs": [
                            [
                                ">=",
                                "1.99.22"
                            ]
                        ]
                    },
                    {
                        "name": "bioconductor-limma",
                        "specs": []
                    },
                    {
                        "name": "bioconductor-rtracklayer",
                        "specs": [
                            [
                                ">=",
                                "1.29.25"
                            ]
                        ]
                    },
                    {
                        "name": "bioconductor-s4vectors",
                        "specs": [
                            [
                                ">=",
                                "0.9.39"
                            ]
                        ]
                    },
                    {
                        "name": "bioconductor-sva",
                        "specs": []
                    },
                    {
                        "name": "r-base",
                        "specs": [
                            [
                                "==",
                                "3.4.1"
                            ]
                        ]
                    },
                    {
                        "name": "r-rcolorbrewer",
                        "specs": []
                    }
                ]
            },
            "description": null,
            "distribution_type": "conda",
            "download_url": "//api.anaconda.org/download/bioconda/bioconductor-ballgown/2.10.0/osx-64/bioconductor-ballgown-2.10.0-r3.4.1_0.tar.bz2",
            "full_name": "bioconda/bioconductor-ballgown/2.10.0/osx-64/bioconductor-ballgown-2.10.0-r3.4.1_0.tar.bz2",
            "labels": [
                "main",
                "cf201901"
            ],
            "md5": "c3fe6b5f21263cb144ba23959ca08332",
            "ndownloads": 1276,
            "owner": "bioconda",
            "size": 2864517,
            "type": "conda",
            "upload_time": "2017-11-10 05:55:45.776000+00:00",
            "version": "2.10.0"
        },
        {
            "attrs": {
                "arch": "x86_64",
                "build": "r351_0",
                "build_number": 0,
                "depends": [
                    "bioconductor-biobase >=2.40.0,<2.42.0",
                    "bioconductor-genomeinfodb >=1.16.0,<1.18.0",
                    "bioconductor-genomicranges >=1.32.7,<1.34.0",
                    "bioconductor-iranges >=2.14.12,<2.16.0",
                    "bioconductor-limma >=3.36.5,<3.38.0",
                    "bioconductor-rtracklayer >=1.40.6,<1.42.0",
                    "bioconductor-s4vectors >=0.18.3,<0.20.0",
                    "bioconductor-sva >=3.28.0,<3.30.0",
                    "r-base >=3.5.1,<3.5.2.0a0",
                    "r-rcolorbrewer"
                ],
                "has_prefix": false,
                "license": "Artistic-2.0",
                "machine": "x86_64",
                "operatingsystem": "darwin",
                "platform": "osx",
                "subdir": "osx-64",
                "target-triplet": "x86_64-any-darwin",
                "timestamp": 1540342329954
            },
            "basename": "osx-64/bioconductor-ballgown-2.12.0-r351_0.tar.bz2",
            "dependencies": {
                "depends": [
                    {
                        "name": "bioconductor-biobase",
                        "specs": [
                            [
                                ">=",
                                "2.40.0,<2.42.0"
                            ]
                        ]
                    },
                    {
                        "name": "bioconductor-genomeinfodb",
                        "specs": [
                            [
                                ">=",
                                "1.16.0,<1.18.0"
                            ]
                        ]
                    },
                    {
                        "name": "bioconductor-genomicranges",
                        "specs": [
                            [
                                ">=",
                                "1.32.7,<1.34.0"
                            ]
                        ]
                    },
                    {
                        "name": "bioconductor-iranges",
                        "specs": [
                            [
                                ">=",
                                "2.14.12,<2.16.0"
                            ]
                        ]
                    },
                    {
                        "name": "bioconductor-limma",
                        "specs": [
                            [
                                ">=",
                                "3.36.5,<3.38.0"
                            ]
                        ]
                    },
                    {
                        "name": "bioconductor-rtracklayer",
                        "specs": [
                            [
                                ">=",
                                "1.40.6,<1.42.0"
                            ]
                        ]
                    },
                    {
                        "name": "bioconductor-s4vectors",
                        "specs": [
                            [
                                ">=",
                                "0.18.3,<0.20.0"
                            ]
                        ]
                    },
                    {
                        "name": "bioconductor-sva",
                        "specs": [
                            [
                                ">=",
                                "3.28.0,<3.30.0"
                            ]
                        ]
                    },
                    {
                        "name": "r-base",
                        "specs": [
                            [
                                ">=",
                                "3.5.1,<3.5.2.0a0"
                            ]
                        ]
                    },
                    {
                        "name": "r-rcolorbrewer",
                        "specs": []
                    }
                ]
            },
            "description": null,
            "distribution_type": "conda",
            "download_url": "//api.anaconda.org/download/bioconda/bioconductor-ballgown/2.12.0/osx-64/bioconductor-ballgown-2.12.0-r351_0.tar.bz2",
            "full_name": "bioconda/bioconductor-ballgown/2.12.0/osx-64/bioconductor-ballgown-2.12.0-r351_0.tar.bz2",
            "labels": [
                "main",
                "cf201901"
            ],
            "md5": "2cb72eed1a60e21394cca4833a895a7b",
            "ndownloads": 997,
            "owner": "bioconda",
            "size": 3041221,
            "type": "conda",
            "upload_time": "2018-10-24 00:56:13.100000+00:00",
            "version": "2.12.0"
        },
        {
            "attrs": {
                "arch": "x86_64",
                "build": "r341_0",
                "build_number": 0,
                "depends": [
                    "bioconductor-biobase >=2.40.0,<2.42.0",
                    "bioconductor-genomeinfodb >=1.16.0,<1.18.0",
                    "bioconductor-genomicranges >=1.32.7,<1.34.0",
                    "bioconductor-iranges >=2.14.12,<2.16.0",
                    "bioconductor-limma >=3.36.5,<3.38.0",
                    "bioconductor-rtracklayer >=1.40.6,<1.42.0",
                    "bioconductor-s4vectors >=0.18.3,<0.20.0",
                    "bioconductor-sva >=3.28.0,<3.30.0",
                    "r-base >=3.4.1,<3.4.2.0a0",
                    "r-rcolorbrewer"
                ],
                "has_prefix": false,
                "license": "Artistic-2.0",
                "machine": "x86_64",
                "operatingsystem": "linux",
                "platform": "linux",
                "subdir": "linux-64",
                "target-triplet": "x86_64-any-linux",
                "timestamp": 1540410612971
            },
            "basename": "linux-64/bioconductor-ballgown-2.12.0-r341_0.tar.bz2",
            "dependencies": {
                "depends": [
                    {
                        "name": "bioconductor-biobase",
                        "specs": [
                            [
                                ">=",
                                "2.40.0,<2.42.0"
                            ]
                        ]
                    },
                    {
                        "name": "bioconductor-genomeinfodb",
                        "specs": [
                            [
                                ">=",
                                "1.16.0,<1.18.0"
                            ]
                        ]
                    },
                    {
                        "name": "bioconductor-genomicranges",
                        "specs": [
                            [
                                ">=",
                                "1.32.7,<1.34.0"
                            ]
                        ]
                    },
                    {
                        "name": "bioconductor-iranges",
                        "specs": [
                            [
                                ">=",
                                "2.14.12,<2.16.0"
                            ]
                        ]
                    },
                    {
                        "name": "bioconductor-limma",
                        "specs": [
                            [
                                ">=",
                                "3.36.5,<3.38.0"
                            ]
                        ]
                    },
                    {
                        "name": "bioconductor-rtracklayer",
                        "specs": [
                            [
                                ">=",
                                "1.40.6,<1.42.0"
                            ]
                        ]
                    },
                    {
                        "name": "bioconductor-s4vectors",
                        "specs": [
                            [
                                ">=",
                                "0.18.3,<0.20.0"
                            ]
                        ]
                    },
                    {
                        "name": "bioconductor-sva",
                        "specs": [
                            [
                                ">=",
                                "3.28.0,<3.30.0"
                            ]
                        ]
                    },
                    {
                        "name": "r-base",
                        "specs": [
                            [
                                ">=",
                                "3.4.1,<3.4.2.0a0"
                            ]
                        ]
                    },
                    {
                        "name": "r-rcolorbrewer",
                        "specs": []
                    }
                ]
            },
            "description": null,
            "distribution_type": "conda",
            "download_url": "//api.anaconda.org/download/bioconda/bioconductor-ballgown/2.12.0/linux-64/bioconductor-ballgown-2.12.0-r341_0.tar.bz2",
            "full_name": "bioconda/bioconductor-ballgown/2.12.0/linux-64/bioconductor-ballgown-2.12.0-r341_0.tar.bz2",
            "labels": [
                "main",
                "cf201901"
            ],
            "md5": "65b1082376f3c41d4bc8a314ec5de46a",
            "ndownloads": 365,
            "owner": "bioconda",
            "size": 2863582,
            "type": "conda",
            "upload_time": "2018-10-24 20:00:51.055000+00:00",
            "version": "2.12.0"
        },
        {
            "attrs": {
                "arch": "x86_64",
                "build": "r341_0",
                "build_number": 0,
                "depends": [
                    "bioconductor-biobase >=2.40.0,<2.42.0",
                    "bioconductor-genomeinfodb >=1.16.0,<1.18.0",
                    "bioconductor-genomicranges >=1.32.7,<1.34.0",
                    "bioconductor-iranges >=2.14.12,<2.16.0",
                    "bioconductor-limma >=3.36.5,<3.38.0",
                    "bioconductor-rtracklayer >=1.40.6,<1.42.0",
                    "bioconductor-s4vectors >=0.18.3,<0.20.0",
                    "bioconductor-sva >=3.28.0,<3.30.0",
                    "r-base >=3.4.1,<3.4.2.0a0",
                    "r-rcolorbrewer"
                ],
                "has_prefix": false,
                "license": "Artistic-2.0",
                "machine": "x86_64",
                "operatingsystem": "darwin",
                "platform": "osx",
                "subdir": "osx-64",
                "target-triplet": "x86_64-any-darwin",
                "timestamp": 1540342490911
            },
            "basename": "osx-64/bioconductor-ballgown-2.12.0-r341_0.tar.bz2",
            "dependencies": {
                "depends": [
                    {
                        "name": "bioconductor-biobase",
                        "specs": [
                            [
                                ">=",
                                "2.40.0,<2.42.0"
                            ]
                        ]
                    },
                    {
                        "name": "bioconductor-genomeinfodb",
                        "specs": [
                            [
                                ">=",
                                "1.16.0,<1.18.0"
                            ]
                        ]
                    },
                    {
                        "name": "bioconductor-genomicranges",
                        "specs": [
                            [
                                ">=",
                                "1.32.7,<1.34.0"
                            ]
                        ]
                    },
                    {
                        "name": "bioconductor-iranges",
                        "specs": [
                            [
                                ">=",
                                "2.14.12,<2.16.0"
                            ]
                        ]
                    },
                    {
                        "name": "bioconductor-limma",
                        "specs": [
                            [
                                ">=",
                                "3.36.5,<3.38.0"
                            ]
                        ]
                    },
                    {
                        "name": "bioconductor-rtracklayer",
                        "specs": [
                            [
                                ">=",
                                "1.40.6,<1.42.0"
                            ]
                        ]
                    },
                    {
                        "name": "bioconductor-s4vectors",
                        "specs": [
                            [
                                ">=",
                                "0.18.3,<0.20.0"
                            ]
                        ]
                    },
                    {
                        "name": "bioconductor-sva",
                        "specs": [
                            [
                                ">=",
                                "3.28.0,<3.30.0"
                            ]
                        ]
                    },
                    {
                        "name": "r-base",
                        "specs": [
                            [
                                ">=",
                                "3.4.1,<3.4.2.0a0"
                            ]
                        ]
                    },
                    {
                        "name": "r-rcolorbrewer",
                        "specs": []
                    }
                ]
            },
            "description": null,
            "distribution_type": "conda",
            "download_url": "//api.anaconda.org/download/bioconda/bioconductor-ballgown/2.12.0/osx-64/bioconductor-ballgown-2.12.0-r341_0.tar.bz2",
            "full_name": "bioconda/bioconductor-ballgown/2.12.0/osx-64/bioconductor-ballgown-2.12.0-r341_0.tar.bz2",
            "labels": [
                "main",
                "cf201901"
            ],
            "md5": "ebe04a20e88c48864385d3e837eb6b46",
            "ndownloads": 281,
            "owner": "bioconda",
            "size": 2864296,
            "type": "conda",
            "upload_time": "2018-10-24 00:56:08.318000+00:00",
            "version": "2.12.0"
        },
        {
            "attrs": {
                "arch": "x86_64",
                "build": "r351_0",
                "build_number": 0,
                "depends": [
                    "bioconductor-biobase >=2.40.0,<2.42.0",
                    "bioconductor-genomeinfodb >=1.16.0,<1.18.0",
                    "bioconductor-genomicranges >=1.32.7,<1.34.0",
                    "bioconductor-iranges >=2.14.12,<2.16.0",
                    "bioconductor-limma >=3.36.5,<3.38.0",
                    "bioconductor-rtracklayer >=1.40.6,<1.42.0",
                    "bioconductor-s4vectors >=0.18.3,<0.20.0",
                    "bioconductor-sva >=3.28.0,<3.30.0",
                    "r-base >=3.5.1,<3.5.2.0a0",
                    "r-rcolorbrewer"
                ],
                "has_prefix": false,
                "license": "Artistic-2.0",
                "machine": "x86_64",
                "operatingsystem": "linux",
                "platform": "linux",
                "subdir": "linux-64",
                "target-triplet": "x86_64-any-linux",
                "timestamp": 1540410793061
            },
            "basename": "linux-64/bioconductor-ballgown-2.12.0-r351_0.tar.bz2",
            "dependencies": {
                "depends": [
                    {
                        "name": "bioconductor-biobase",
                        "specs": [
                            [
                                ">=",
                                "2.40.0,<2.42.0"
                            ]
                        ]
                    },
                    {
                        "name": "bioconductor-genomeinfodb",
                        "specs": [
                            [
                                ">=",
                                "1.16.0,<1.18.0"
                            ]
                        ]
                    },
                    {
                        "name": "bioconductor-genomicranges",
                        "specs": [
                            [
                                ">=",
                                "1.32.7,<1.34.0"
                            ]
                        ]
                    },
                    {
                        "name": "bioconductor-iranges",
                        "specs": [
                            [
                                ">=",
                                "2.14.12,<2.16.0"
                            ]
                        ]
                    },
                    {
                        "name": "bioconductor-limma",
                        "specs": [
                            [
                                ">=",
                                "3.36.5,<3.38.0"
                            ]
                        ]
                    },
                    {
                        "name": "bioconductor-rtracklayer",
                        "specs": [
                            [
                                ">=",
                                "1.40.6,<1.42.0"
                            ]
                        ]
                    },
                    {
                        "name": "bioconductor-s4vectors",
                        "specs": [
                            [
                                ">=",
                                "0.18.3,<0.20.0"
                            ]
                        ]
                    },
                    {
                        "name": "bioconductor-sva",
                        "specs": [
                            [
                                ">=",
                                "3.28.0,<3.30.0"
                            ]
                        ]
                    },
                    {
                        "name": "r-base",
                        "specs": [
                            [
                                ">=",
                                "3.5.1,<3.5.2.0a0"
                            ]
                        ]
                    },
                    {
                        "name": "r-rcolorbrewer",
                        "specs": []
                    }
                ]
            },
            "description": null,
            "distribution_type": "conda",
            "download_url": "//api.anaconda.org/download/bioconda/bioconductor-ballgown/2.12.0/linux-64/bioconductor-ballgown-2.12.0-r351_0.tar.bz2",
            "full_name": "bioconda/bioconductor-ballgown/2.12.0/linux-64/bioconductor-ballgown-2.12.0-r351_0.tar.bz2",
            "labels": [
                "main",
                "cf201901"
            ],
            "md5": "ea89eb2d3188e8ee3fbae6704c5d0ba6",
            "ndownloads": 319,
            "owner": "bioconda",
            "size": 3038218,
            "type": "conda",
            "upload_time": "2018-10-24 20:00:47.198000+00:00",
            "version": "2.12.0"
        },
        {
            "attrs": {
                "arch": null,
                "build": "r351_0",
                "build_number": 0,
                "depends": [
                    "bioconductor-biobase >=2.42.0,<2.43.0",
                    "bioconductor-genomeinfodb >=1.18.0,<1.19.0",
                    "bioconductor-genomicranges >=1.34.0,<1.35.0",
                    "bioconductor-iranges >=2.16.0,<2.17.0",
                    "bioconductor-limma >=3.38.0,<3.39.0",
                    "bioconductor-rtracklayer >=1.42.0,<1.43.0",
                    "bioconductor-s4vectors >=0.20.0,<0.21.0",
                    "bioconductor-sva >=3.30.0,<3.31.0",
                    "r-base >=3.5.1,<3.5.2.0a0",
                    "r-rcolorbrewer"
                ],
                "has_prefix": false,
                "license": "Artistic-2.0",
                "machine": null,
                "noarch": "generic",
                "operatingsystem": null,
                "platform": null,
                "subdir": "noarch",
                "target-triplet": "None-any-None",
                "timestamp": 1546336012254
            },
            "basename": "noarch/bioconductor-ballgown-2.14.0-r351_0.tar.bz2",
            "dependencies": {
                "depends": [
                    {
                        "name": "bioconductor-biobase",
                        "specs": [
                            [
                                ">=",
                                "2.42.0,<2.43.0"
                            ]
                        ]
                    },
                    {
                        "name": "bioconductor-genomeinfodb",
                        "specs": [
                            [
                                ">=",
                                "1.18.0,<1.19.0"
                            ]
                        ]
                    },
                    {
                        "name": "bioconductor-genomicranges",
                        "specs": [
                            [
                                ">=",
                                "1.34.0,<1.35.0"
                            ]
                        ]
                    },
                    {
                        "name": "bioconductor-iranges",
                        "specs": [
                            [
                                ">=",
                                "2.16.0,<2.17.0"
                            ]
                        ]
                    },
                    {
                        "name": "bioconductor-limma",
                        "specs": [
                            [
                                ">=",
                                "3.38.0,<3.39.0"
                            ]
                        ]
                    },
                    {
                        "name": "bioconductor-rtracklayer",
                        "specs": [
                            [
                                ">=",
                                "1.42.0,<1.43.0"
                            ]
                        ]
                    },
                    {
                        "name": "bioconductor-s4vectors",
                        "specs": [
                            [
                                ">=",
                                "0.20.0,<0.21.0"
                            ]
                        ]
                    },
                    {
                        "name": "bioconductor-sva",
                        "specs": [
                            [
                                ">=",
                                "3.30.0,<3.31.0"
                            ]
                        ]
                    },
                    {
                        "name": "r-base",
                        "specs": [
                            [
                                ">=",
                                "3.5.1,<3.5.2.0a0"
                            ]
                        ]
                    },
                    {
                        "name": "r-rcolorbrewer",
                        "specs": []
                    }
                ]
            },
            "description": null,
            "distribution_type": "conda",
            "download_url": "//api.anaconda.org/download/bioconda/bioconductor-ballgown/2.14.0/noarch/bioconductor-ballgown-2.14.0-r351_0.tar.bz2",
            "full_name": "bioconda/bioconductor-ballgown/2.14.0/noarch/bioconductor-ballgown-2.14.0-r351_0.tar.bz2",
            "labels": [
                "gcc7",
                "main"
            ],
            "md5": "48ba776f78980b0f11bb3e788d691b05",
            "ndownloads": 542,
            "owner": "bioconda",
            "size": 3041680,
            "type": "conda",
            "upload_time": "2019-01-01 09:50:51.046000+00:00",
            "version": "2.14.0"
        },
        {
            "attrs": {
                "arch": null,
                "build": "r36_1",
                "build_number": 1,
                "depends": [
                    "bioconductor-biobase >=2.44.0,<2.45.0",
                    "bioconductor-genomeinfodb >=1.20.0,<1.21.0",
                    "bioconductor-genomicranges >=1.36.0,<1.37.0",
                    "bioconductor-iranges >=2.18.0,<2.19.0",
                    "bioconductor-limma >=3.40.0,<3.41.0",
                    "bioconductor-rtracklayer >=1.44.0,<1.45.0",
                    "bioconductor-s4vectors >=0.22.0,<0.23.0",
                    "bioconductor-sva >=3.32.0,<3.33.0",
                    "r-base >=3.6,<3.7.0a0",
                    "r-rcolorbrewer"
                ],
                "has_prefix": false,
                "license": "Artistic-2.0",
                "machine": null,
                "noarch": "generic",
                "operatingsystem": null,
                "platform": null,
                "subdir": "noarch",
                "target-triplet": "None-any-None",
                "timestamp": 1565525070903
            },
            "basename": "noarch/bioconductor-ballgown-2.16.0-r36_1.tar.bz2",
            "dependencies": {
                "depends": [
                    {
                        "name": "bioconductor-biobase",
                        "specs": [
                            [
                                ">=",
                                "2.44.0,<2.45.0"
                            ]
                        ]
                    },
                    {
                        "name": "bioconductor-genomeinfodb",
                        "specs": [
                            [
                                ">=",
                                "1.20.0,<1.21.0"
                            ]
                        ]
                    },
                    {
                        "name": "bioconductor-genomicranges",
                        "specs": [
                            [
                                ">=",
                                "1.36.0,<1.37.0"
                            ]
                        ]
                    },
                    {
                        "name": "bioconductor-iranges",
                        "specs": [
                            [
                                ">=",
                                "2.18.0,<2.19.0"
                            ]
                        ]
                    },
                    {
                        "name": "bioconductor-limma",
                        "specs": [
                            [
                                ">=",
                                "3.40.0,<3.41.0"
                            ]
                        ]
                    },
                    {
                        "name": "bioconductor-rtracklayer",
                        "specs": [
                            [
                                ">=",
                                "1.44.0,<1.45.0"
                            ]
                        ]
                    },
                    {
                        "name": "bioconductor-s4vectors",
                        "specs": [
                            [
                                ">=",
                                "0.22.0,<0.23.0"
                            ]
                        ]
                    },
                    {
                        "name": "bioconductor-sva",
                        "specs": [
                            [
                                ">=",
                                "3.32.0,<3.33.0"
                            ]
                        ]
                    },
                    {
                        "name": "r-base",
                        "specs": [
                            [
                                ">=",
                                "3.6,<3.7.0a0"
                            ]
                        ]
                    },
                    {
                        "name": "r-rcolorbrewer",
                        "specs": []
                    }
                ]
            },
            "description": null,
            "distribution_type": "conda",
            "download_url": "//api.anaconda.org/download/bioconda/bioconductor-ballgown/2.16.0/noarch/bioconductor-ballgown-2.16.0-r36_1.tar.bz2",
            "full_name": "bioconda/bioconductor-ballgown/2.16.0/noarch/bioconductor-ballgown-2.16.0-r36_1.tar.bz2",
            "labels": [
                "main"
            ],
            "md5": "6db801f12d6f9dd2cef9133831ce3f6e",
            "ndownloads": 244,
            "owner": "bioconda",
            "size": 3033398,
            "type": "conda",
            "upload_time": "2019-08-11 12:09:57.134000+00:00",
            "version": "2.16.0"
        },
        {
            "attrs": {
                "arch": null,
                "build": "r36_0",
                "build_number": 0,
                "depends": [
                    "bioconductor-biobase >=2.46.0,<2.47.0",
                    "bioconductor-genomeinfodb >=1.22.0,<1.23.0",
                    "bioconductor-genomicranges >=1.38.0,<1.39.0",
                    "bioconductor-iranges >=2.20.0,<2.21.0",
                    "bioconductor-limma >=3.42.0,<3.43.0",
                    "bioconductor-rtracklayer >=1.46.0,<1.47.0",
                    "bioconductor-s4vectors >=0.24.0,<0.25.0",
                    "bioconductor-sva >=3.34.0,<3.35.0",
                    "r-base >=3.6,<3.7.0a0",
                    "r-rcolorbrewer"
                ],
                "has_prefix": false,
                "license": "Artistic-2.0",
                "machine": null,
                "noarch": "generic",
                "operatingsystem": null,
                "platform": null,
                "subdir": "noarch",
                "target-triplet": "None-any-None",
                "timestamp": 1572809412238
            },
            "basename": "noarch/bioconductor-ballgown-2.18.0-r36_0.tar.bz2",
            "dependencies": {
                "depends": [
                    {
                        "name": "bioconductor-biobase",
                        "specs": [
                            [
                                ">=",
                                "2.46.0,<2.47.0"
                            ]
                        ]
                    },
                    {
                        "name": "bioconductor-genomeinfodb",
                        "specs": [
                            [
                                ">=",
                                "1.22.0,<1.23.0"
                            ]
                        ]
                    },
                    {
                        "name": "bioconductor-genomicranges",
                        "specs": [
                            [
                                ">=",
                                "1.38.0,<1.39.0"
                            ]
                        ]
                    },
                    {
                        "name": "bioconductor-iranges",
                        "specs": [
                            [
                                ">=",
                                "2.20.0,<2.21.0"
                            ]
                        ]
                    },
                    {
                        "name": "bioconductor-limma",
                        "specs": [
                            [
                                ">=",
                                "3.42.0,<3.43.0"
                            ]
                        ]
                    },
                    {
                        "name": "bioconductor-rtracklayer",
                        "specs": [
                            [
                                ">=",
                                "1.46.0,<1.47.0"
                            ]
                        ]
                    },
                    {
                        "name": "bioconductor-s4vectors",
                        "specs": [
                            [
                                ">=",
                                "0.24.0,<0.25.0"
                            ]
                        ]
                    },
                    {
                        "name": "bioconductor-sva",
                        "specs": [
                            [
                                ">=",
                                "3.34.0,<3.35.0"
                            ]
                        ]
                    },
                    {
                        "name": "r-base",
                        "specs": [
                            [
                                ">=",
                                "3.6,<3.7.0a0"
                            ]
                        ]
                    },
                    {
                        "name": "r-rcolorbrewer",
                        "specs": []
                    }
                ]
            },
            "description": null,
            "distribution_type": "conda",
            "download_url": "//api.anaconda.org/download/bioconda/bioconductor-ballgown/2.18.0/noarch/bioconductor-ballgown-2.18.0-r36_0.tar.bz2",
            "full_name": "bioconda/bioconductor-ballgown/2.18.0/noarch/bioconductor-ballgown-2.18.0-r36_0.tar.bz2",
            "labels": [
                "main"
            ],
            "md5": "c421017ac107a73af6178822746f8b1a",
            "ndownloads": 211,
            "owner": "bioconda",
            "size": 3034718,
            "type": "conda",
            "upload_time": "2019-11-03 19:35:41.591000+00:00",
            "version": "2.18.0"
        },
        {
            "attrs": {
                "arch": null,
                "build": "r40_0",
                "build_number": 0,
                "depends": [
                    "bioconductor-biobase >=2.48.0,<2.49.0",
                    "bioconductor-genomeinfodb >=1.24.0,<1.25.0",
                    "bioconductor-genomicranges >=1.40.0,<1.41.0",
                    "bioconductor-iranges >=2.22.0,<2.23.0",
                    "bioconductor-limma >=3.44.0,<3.45.0",
                    "bioconductor-rtracklayer >=1.48.0,<1.49.0",
                    "bioconductor-s4vectors >=0.26.0,<0.27.0",
                    "bioconductor-sva >=3.36.0,<3.37.0",
                    "r-base >=4.0,<4.1.0a0",
                    "r-rcolorbrewer"
                ],
                "has_prefix": false,
                "license": "Artistic-2.0",
                "machine": null,
                "noarch": "generic",
                "operatingsystem": null,
                "platform": null,
                "subdir": "noarch",
                "target-triplet": "None-any-None",
                "timestamp": 1589237635779
            },
            "basename": "noarch/bioconductor-ballgown-2.20.0-r40_0.tar.bz2",
            "dependencies": {
                "depends": [
                    {
                        "name": "bioconductor-biobase",
                        "specs": [
                            [
                                ">=",
                                "2.48.0,<2.49.0"
                            ]
                        ]
                    },
                    {
                        "name": "bioconductor-genomeinfodb",
                        "specs": [
                            [
                                ">=",
                                "1.24.0,<1.25.0"
                            ]
                        ]
                    },
                    {
                        "name": "bioconductor-genomicranges",
                        "specs": [
                            [
                                ">=",
                                "1.40.0,<1.41.0"
                            ]
                        ]
                    },
                    {
                        "name": "bioconductor-iranges",
                        "specs": [
                            [
                                ">=",
                                "2.22.0,<2.23.0"
                            ]
                        ]
                    },
                    {
                        "name": "bioconductor-limma",
                        "specs": [
                            [
                                ">=",
                                "3.44.0,<3.45.0"
                            ]
                        ]
                    },
                    {
                        "name": "bioconductor-rtracklayer",
                        "specs": [
                            [
                                ">=",
                                "1.48.0,<1.49.0"
                            ]
                        ]
                    },
                    {
                        "name": "bioconductor-s4vectors",
                        "specs": [
                            [
                                ">=",
                                "0.26.0,<0.27.0"
                            ]
                        ]
                    },
                    {
                        "name": "bioconductor-sva",
                        "specs": [
                            [
                                ">=",
                                "3.36.0,<3.37.0"
                            ]
                        ]
                    },
                    {
                        "name": "r-base",
                        "specs": [
                            [
                                ">=",
                                "4.0,<4.1.0a0"
                            ]
                        ]
                    },
                    {
                        "name": "r-rcolorbrewer",
                        "specs": []
                    }
                ]
            },
            "description": null,
            "distribution_type": "conda",
            "download_url": "//api.anaconda.org/download/bioconda/bioconductor-ballgown/2.20.0/noarch/bioconductor-ballgown-2.20.0-r40_0.tar.bz2",
            "full_name": "bioconda/bioconductor-ballgown/2.20.0/noarch/bioconductor-ballgown-2.20.0-r40_0.tar.bz2",
            "labels": [
                "main"
            ],
            "md5": "3e8b8ea305bf2ed10af11cba015f6c2a",
            "ndownloads": 71,
            "owner": "bioconda",
            "size": 3129815,
            "type": "conda",
            "upload_time": "2020-05-11 23:00:46.853000+00:00",
            "version": "2.20.0"
        }
    ],
    "full_name": "bioconda/bioconductor-ballgown",
    "home": "None",
    "html_url": "http://anaconda.org/bioconda/bioconductor-ballgown",
    "id": "57e53162a05b44648dd0d40b",
    "latest_version": "2.20.0",
    "license": "Artistic-2.0",
    "license_url": null,
    "modified_at": "2020-05-11 23:00:47.217000+00:00",
    "name": "bioconductor-ballgown",
    "owner": {
        "company": "",
        "created_at": "2015-09-11 22:59:20.880000+00:00",
        "description": "Bioconda is a distribution of bioinformatics software realized as a channel for the versatile Conda package manager.",
        "location": "",
        "login": "bioconda",
        "name": "bioconda",
        "url": "",
        "user_type": "org"
    },
    "package_types": [
        "conda"
    ],
    "public": true,
    "releases": [
        {
            "distributions": [],
            "full_name": "bioconda/bioconductor-ballgown/2.2.0",
            "version": "2.2.0"
        },
        {
            "distributions": [],
            "full_name": "bioconda/bioconductor-ballgown/2.8.4",
            "version": "2.8.4"
        },
        {
            "distributions": [],
            "full_name": "bioconda/bioconductor-ballgown/2.10.0",
            "version": "2.10.0"
        },
        {
            "distributions": [],
            "full_name": "bioconda/bioconductor-ballgown/2.12.0",
            "version": "2.12.0"
        },
        {
            "distributions": [],
            "full_name": "bioconda/bioconductor-ballgown/2.14.0",
            "version": "2.14.0"
        },
        {
            "distributions": [],
            "full_name": "bioconda/bioconductor-ballgown/2.16.0",
            "version": "2.16.0"
        },
        {
            "distributions": [],
            "full_name": "bioconda/bioconductor-ballgown/2.18.0",
            "version": "2.18.0"
        },
        {
            "distributions": [],
            "full_name": "bioconda/bioconductor-ballgown/2.20.0",
            "version": "2.20.0"
        }
    ],
    "revision": 15,
    "source_git_tag": null,
    "source_git_url": null,
    "summary": "Flexible, isoform-level differential expression analysis",
    "upvoted": 0,
    "url": "http://api.anaconda.org/packages/bioconda/bioconductor-ballgown",
    "versions": [
        "2.2.0",
        "2.8.4",
        "2.10.0",
        "2.12.0",
        "2.14.0",
        "2.16.0",
        "2.18.0",
        "2.20.0"
    ],
    "watchers": 1
}