{
    "app_entry": {},
    "app_summary": {},
    "app_type": {},
    "builds": [
        "r351_0",
        "r36_3",
        "r36_2"
    ],
    "conda_platforms": [
        "noarch"
    ],
    "created_at": "2018-12-23 17:32:51.414000+00:00",
    "description": "",
    "dev_url": null,
    "doc_url": null,
    "files": [
        {
            "attrs": {
                "arch": null,
                "build": "r351_0",
                "build_number": 0,
                "depends": [
                    "bioconductor-annotationdbi >=1.44.0,<1.45.0",
                    "r-base >=3.5.1,<3.5.2.0a0",
                    "wget"
                ],
                "has_prefix": false,
                "license": "LGPL",
                "machine": null,
                "noarch": "generic",
                "operatingsystem": null,
                "platform": null,
                "subdir": "noarch",
                "target-triplet": "None-any-None",
                "timestamp": 1545586141646
            },
            "basename": "noarch/bioconductor-caninecdf-2.18.0-r351_0.tar.bz2",
            "dependencies": {
                "depends": [
                    {
                        "name": "bioconductor-annotationdbi",
                        "specs": [
                            [
                                ">=",
                                "1.44.0,<1.45.0"
                            ]
                        ]
                    },
                    {
                        "name": "r-base",
                        "specs": [
                            [
                                ">=",
                                "3.5.1,<3.5.2.0a0"
                            ]
                        ]
                    },
                    {
                        "name": "wget",
                        "specs": []
                    }
                ]
            },
            "description": null,
            "distribution_type": "conda",
            "download_url": "//api.anaconda.org/download/bioconda/bioconductor-caninecdf/2.18.0/noarch/bioconductor-caninecdf-2.18.0-r351_0.tar.bz2",
            "full_name": "bioconda/bioconductor-caninecdf/2.18.0/noarch/bioconductor-caninecdf-2.18.0-r351_0.tar.bz2",
            "labels": [
                "gcc7",
                "main"
            ],
            "md5": "a681eb104df463226c268a6eedbc3643",
            "ndownloads": 64,
            "owner": "bioconda",
            "size": 6344,
            "type": "conda",
            "upload_time": "2018-12-23 17:32:52.231000+00:00",
            "version": "2.18.0"
        },
        {
            "attrs": {
                "arch": null,
                "build": "r36_2",
                "build_number": 2,
                "depends": [
                    "bioconductor-annotationdbi >=1.46.0,<1.47.0",
                    "curl >=7.65.3,<8.0a0",
                    "r-base >=3.6,<3.7.0a0"
                ],
                "has_prefix": false,
                "license": "LGPL",
                "machine": null,
                "noarch": "generic",
                "operatingsystem": null,
                "platform": null,
                "subdir": "noarch",
                "target-triplet": "None-any-None",
                "timestamp": 1564985389999
            },
            "basename": "noarch/bioconductor-caninecdf-2.18.0-r36_2.tar.bz2",
            "dependencies": {
                "depends": [
                    {
                        "name": "bioconductor-annotationdbi",
                        "specs": [
                            [
                                ">=",
                                "1.46.0,<1.47.0"
                            ]
                        ]
                    },
                    {
                        "name": "curl",
                        "specs": [
                            [
                                ">=",
                                "7.65.3,<8.0a0"
                            ]
                        ]
                    },
                    {
                        "name": "r-base",
                        "specs": [
                            [
                                ">=",
                                "3.6,<3.7.0a0"
                            ]
                        ]
                    }
                ]
            },
            "description": null,
            "distribution_type": "conda",
            "download_url": "//api.anaconda.org/download/bioconda/bioconductor-caninecdf/2.18.0/noarch/bioconductor-caninecdf-2.18.0-r36_2.tar.bz2",
            "full_name": "bioconda/bioconductor-caninecdf/2.18.0/noarch/bioconductor-caninecdf-2.18.0-r36_2.tar.bz2",
            "labels": [
                "main"
            ],
            "md5": "7c8ba67d7370fd7125b4daf59e382868",
            "ndownloads": 31,
            "owner": "bioconda",
            "size": 6674,
            "type": "conda",
            "upload_time": "2019-08-05 06:14:02.623000+00:00",
            "version": "2.18.0"
        },
        {
            "attrs": {
                "arch": null,
                "build": "r36_3",
                "build_number": 3,
                "depends": [
                    "bioconductor-annotationdbi >=1.48.0,<1.49.0",
                    "curl >=7.65.3,<8.0a0",
                    "r-base >=3.6,<3.7.0a0"
                ],
                "has_prefix": false,
                "license": "LGPL",
                "machine": null,
                "noarch": "generic",
                "operatingsystem": null,
                "platform": null,
                "subdir": "noarch",
                "target-triplet": "None-any-None",
                "timestamp": 1572738415860
            },
            "basename": "noarch/bioconductor-caninecdf-2.18.0-r36_3.tar.bz2",
            "dependencies": {
                "depends": [
                    {
                        "name": "bioconductor-annotationdbi",
                        "specs": [
                            [
                                ">=",
                                "1.48.0,<1.49.0"
                            ]
                        ]
                    },
                    {
                        "name": "curl",
                        "specs": [
                            [
                                ">=",
                                "7.65.3,<8.0a0"
                            ]
                        ]
                    },
                    {
                        "name": "r-base",
                        "specs": [
                            [
                                ">=",
                                "3.6,<3.7.0a0"
                            ]
                        ]
                    }
                ]
            },
            "description": null,
            "distribution_type": "conda",
            "download_url": "//api.anaconda.org/download/bioconda/bioconductor-caninecdf/2.18.0/noarch/bioconductor-caninecdf-2.18.0-r36_3.tar.bz2",
            "full_name": "bioconda/bioconductor-caninecdf/2.18.0/noarch/bioconductor-caninecdf-2.18.0-r36_3.tar.bz2",
            "labels": [
                "main"
            ],
            "md5": "c606384a0cb3ac7be3c5a88dd28c4755",
            "ndownloads": 18,
            "owner": "bioconda",
            "size": 9406,
            "type": "conda",
            "upload_time": "2019-11-02 23:51:13.951000+00:00",
            "version": "2.18.0"
        }
    ],
    "full_name": "bioconda/bioconductor-caninecdf",
    "home": "https://bioconductor.org/packages/3.8/data/annotation/html/caninecdf.html",
    "html_url": "http://anaconda.org/bioconda/bioconductor-caninecdf",
    "id": "5c1fc6c3d9c2cf135320db0a",
    "latest_version": "2.18.0",
    "license": "LGPL",
    "license_url": null,
    "modified_at": "2019-11-02 23:51:14.232000+00:00",
    "name": "bioconductor-caninecdf",
    "owner": {
        "company": "",
        "created_at": "2015-09-11 22:59:20.880000+00:00",
        "description": "Bioconda is a distribution of bioinformatics software realized as a channel for the versatile Conda package manager.",
        "location": "",
        "login": "bioconda",
        "name": "bioconda",
        "url": "",
        "user_type": "org"
    },
    "package_types": [
        "conda"
    ],
    "public": true,
    "releases": [
        {
            "distributions": [],
            "full_name": "bioconda/bioconductor-caninecdf/2.18.0",
            "version": "2.18.0"
        }
    ],
    "revision": 2,
    "source_git_tag": null,
    "source_git_url": null,
    "summary": "A package containing an environment representing the Canine.cdf file.",
    "upvoted": 0,
    "url": "http://api.anaconda.org/packages/bioconda/bioconductor-caninecdf",
    "versions": [
        "2.18.0"
    ],
    "watchers": 1
}