{
    "app_entry": {},
    "app_summary": {},
    "app_type": {},
    "builds": [
        "r351hfc679d8_0",
        "r351h0a44026_0",
        "r351hf484d3e_0",
        "r40h64ad5ed_0",
        "r36he1b5a44_1",
        "r36he1b5a44_0",
        "r3.4.1_0",
        "r341hfc679d8_0",
        "r40h5f743cb_0",
        "r36h6de7cb9_1",
        "r36h6de7cb9_0"
    ],
    "conda_platforms": [
        "linux-64",
        "osx-64"
    ],
    "created_at": "2018-02-11 15:11:21.582000+00:00",
    "description": "Genome segmentation with hidden Markov models has become a useful tool to annotate genomic elements, such as promoters and enhancers. STAN (genomic STate ANnotation) implements (bidirectional) hidden Markov models (HMMs) using a variety of different probability distributions, which can model a wide range of current genomic data (e.g. continuous, discrete, binary). STAN de novo learns and annotates the genome into a given number of 'genomic states'. The 'genomic states' may for instance reflect distinct genome-associated protein complexes (e.g. 'transcription states') or describe recurring patterns of chromatin features (referred to as 'chromatin states'). Unlike other tools, STAN also allows for the integration of strand-specific (e.g. RNA) and non-strand-specific data (e.g. ChIP).",
    "dev_url": null,
    "doc_url": null,
    "files": [
        {
            "attrs": {
                "arch": "x86_64",
                "build": "r3.4.1_0",
                "build_number": 0,
                "depends": [
                    "bioconductor-biocgenerics",
                    "bioconductor-genomeinfodb",
                    "bioconductor-genomicranges",
                    "bioconductor-gviz",
                    "bioconductor-iranges",
                    "bioconductor-s4vectors",
                    "libcxx",
                    "r-base 3.4.1*",
                    "r-poilog",
                    "r-rsolnp"
                ],
                "has_prefix": false,
                "license": "GPL (>= 2)",
                "machine": "x86_64",
                "operatingsystem": "darwin",
                "platform": "osx",
                "subdir": "osx-64",
                "target-triplet": "x86_64-any-darwin"
            },
            "basename": "osx-64/bioconductor-stan-2.6.0-r3.4.1_0.tar.bz2",
            "dependencies": {
                "depends": [
                    {
                        "name": "bioconductor-biocgenerics",
                        "specs": []
                    },
                    {
                        "name": "bioconductor-genomeinfodb",
                        "specs": []
                    },
                    {
                        "name": "bioconductor-genomicranges",
                        "specs": []
                    },
                    {
                        "name": "bioconductor-gviz",
                        "specs": []
                    },
                    {
                        "name": "bioconductor-iranges",
                        "specs": []
                    },
                    {
                        "name": "bioconductor-s4vectors",
                        "specs": []
                    },
                    {
                        "name": "libcxx",
                        "specs": []
                    },
                    {
                        "name": "r-base",
                        "specs": [
                            [
                                "==",
                                "3.4.1"
                            ]
                        ]
                    },
                    {
                        "name": "r-poilog",
                        "specs": []
                    },
                    {
                        "name": "r-rsolnp",
                        "specs": []
                    }
                ]
            },
            "description": null,
            "distribution_type": "conda",
            "download_url": "//api.anaconda.org/download/bioconda/bioconductor-stan/2.6.0/osx-64/bioconductor-stan-2.6.0-r3.4.1_0.tar.bz2",
            "full_name": "bioconda/bioconductor-stan/2.6.0/osx-64/bioconductor-stan-2.6.0-r3.4.1_0.tar.bz2",
            "labels": [
                "main",
                "cf201901"
            ],
            "md5": "f2d6b357a89586bc3f4f434bdf923b71",
            "ndownloads": 1198,
            "owner": "bioconda",
            "size": 1079045,
            "type": "conda",
            "upload_time": "2018-02-11 15:13:31.613000+00:00",
            "version": "2.6.0"
        },
        {
            "attrs": {
                "arch": "x86_64",
                "build": "r3.4.1_0",
                "build_number": 0,
                "depends": [
                    "bioconductor-biocgenerics",
                    "bioconductor-genomeinfodb",
                    "bioconductor-genomicranges",
                    "bioconductor-gviz",
                    "bioconductor-iranges",
                    "bioconductor-s4vectors",
                    "r-base 3.4.1*",
                    "r-poilog",
                    "r-rsolnp"
                ],
                "has_prefix": true,
                "license": "GPL (>= 2)",
                "machine": "x86_64",
                "operatingsystem": "linux",
                "platform": "linux",
                "subdir": "linux-64",
                "target-triplet": "x86_64-any-linux"
            },
            "basename": "linux-64/bioconductor-stan-2.6.0-r3.4.1_0.tar.bz2",
            "dependencies": {
                "depends": [
                    {
                        "name": "bioconductor-biocgenerics",
                        "specs": []
                    },
                    {
                        "name": "bioconductor-genomeinfodb",
                        "specs": []
                    },
                    {
                        "name": "bioconductor-genomicranges",
                        "specs": []
                    },
                    {
                        "name": "bioconductor-gviz",
                        "specs": []
                    },
                    {
                        "name": "bioconductor-iranges",
                        "specs": []
                    },
                    {
                        "name": "bioconductor-s4vectors",
                        "specs": []
                    },
                    {
                        "name": "r-base",
                        "specs": [
                            [
                                "==",
                                "3.4.1"
                            ]
                        ]
                    },
                    {
                        "name": "r-poilog",
                        "specs": []
                    },
                    {
                        "name": "r-rsolnp",
                        "specs": []
                    }
                ]
            },
            "description": null,
            "distribution_type": "conda",
            "download_url": "//api.anaconda.org/download/bioconda/bioconductor-stan/2.6.0/linux-64/bioconductor-stan-2.6.0-r3.4.1_0.tar.bz2",
            "full_name": "bioconda/bioconductor-stan/2.6.0/linux-64/bioconductor-stan-2.6.0-r3.4.1_0.tar.bz2",
            "labels": [
                "main",
                "cf201901"
            ],
            "md5": "2bd85f31ca9111ee46156727f8864623",
            "ndownloads": 320,
            "owner": "bioconda",
            "size": 1076750,
            "type": "conda",
            "upload_time": "2018-02-11 15:11:22.198000+00:00",
            "version": "2.6.0"
        },
        {
            "attrs": {
                "arch": "x86_64",
                "build": "r351hfc679d8_0",
                "build_number": 0,
                "depends": [
                    "bioconductor-biocgenerics >=0.26.0,<0.28.0",
                    "bioconductor-genomeinfodb >=1.16.0,<1.18.0",
                    "bioconductor-genomicranges >=1.32.7,<1.34.0",
                    "bioconductor-gviz >=1.24.0,<1.26.0",
                    "bioconductor-iranges >=2.14.12,<2.16.0",
                    "bioconductor-s4vectors >=0.18.3,<0.20.0",
                    "r-base >=3.5.1,<3.5.2.0a0",
                    "r-poilog",
                    "r-rsolnp"
                ],
                "has_prefix": true,
                "license": "GPL (>= 2)",
                "machine": "x86_64",
                "operatingsystem": "darwin",
                "platform": "osx",
                "subdir": "osx-64",
                "target-triplet": "x86_64-any-darwin",
                "timestamp": 1540141389841
            },
            "basename": "osx-64/bioconductor-stan-2.8.0-r351hfc679d8_0.tar.bz2",
            "dependencies": {
                "depends": [
                    {
                        "name": "bioconductor-biocgenerics",
                        "specs": [
                            [
                                ">=",
                                "0.26.0,<0.28.0"
                            ]
                        ]
                    },
                    {
                        "name": "bioconductor-genomeinfodb",
                        "specs": [
                            [
                                ">=",
                                "1.16.0,<1.18.0"
                            ]
                        ]
                    },
                    {
                        "name": "bioconductor-genomicranges",
                        "specs": [
                            [
                                ">=",
                                "1.32.7,<1.34.0"
                            ]
                        ]
                    },
                    {
                        "name": "bioconductor-gviz",
                        "specs": [
                            [
                                ">=",
                                "1.24.0,<1.26.0"
                            ]
                        ]
                    },
                    {
                        "name": "bioconductor-iranges",
                        "specs": [
                            [
                                ">=",
                                "2.14.12,<2.16.0"
                            ]
                        ]
                    },
                    {
                        "name": "bioconductor-s4vectors",
                        "specs": [
                            [
                                ">=",
                                "0.18.3,<0.20.0"
                            ]
                        ]
                    },
                    {
                        "name": "r-base",
                        "specs": [
                            [
                                ">=",
                                "3.5.1,<3.5.2.0a0"
                            ]
                        ]
                    },
                    {
                        "name": "r-poilog",
                        "specs": []
                    },
                    {
                        "name": "r-rsolnp",
                        "specs": []
                    }
                ]
            },
            "description": null,
            "distribution_type": "conda",
            "download_url": "//api.anaconda.org/download/bioconda/bioconductor-stan/2.8.0/osx-64/bioconductor-stan-2.8.0-r351hfc679d8_0.tar.bz2",
            "full_name": "bioconda/bioconductor-stan/2.8.0/osx-64/bioconductor-stan-2.8.0-r351hfc679d8_0.tar.bz2",
            "labels": [
                "main",
                "cf201901"
            ],
            "md5": "62571af59a6077c46f04fb2bae6bfe57",
            "ndownloads": 1002,
            "owner": "bioconda",
            "size": 1339971,
            "type": "conda",
            "upload_time": "2018-10-21 17:08:35.985000+00:00",
            "version": "2.8.0"
        },
        {
            "attrs": {
                "arch": "x86_64",
                "build": "r341hfc679d8_0",
                "build_number": 0,
                "depends": [
                    "bioconductor-biocgenerics >=0.26.0,<0.28.0",
                    "bioconductor-genomeinfodb >=1.16.0,<1.18.0",
                    "bioconductor-genomicranges >=1.32.7,<1.34.0",
                    "bioconductor-gviz >=1.24.0,<1.26.0",
                    "bioconductor-iranges >=2.14.12,<2.16.0",
                    "bioconductor-s4vectors >=0.18.3,<0.20.0",
                    "r-base >=3.4.1,<3.4.2.0a0",
                    "r-poilog",
                    "r-rsolnp"
                ],
                "has_prefix": true,
                "license": "GPL (>= 2)",
                "machine": "x86_64",
                "operatingsystem": "darwin",
                "platform": "osx",
                "subdir": "osx-64",
                "target-triplet": "x86_64-any-darwin",
                "timestamp": 1540141613413
            },
            "basename": "osx-64/bioconductor-stan-2.8.0-r341hfc679d8_0.tar.bz2",
            "dependencies": {
                "depends": [
                    {
                        "name": "bioconductor-biocgenerics",
                        "specs": [
                            [
                                ">=",
                                "0.26.0,<0.28.0"
                            ]
                        ]
                    },
                    {
                        "name": "bioconductor-genomeinfodb",
                        "specs": [
                            [
                                ">=",
                                "1.16.0,<1.18.0"
                            ]
                        ]
                    },
                    {
                        "name": "bioconductor-genomicranges",
                        "specs": [
                            [
                                ">=",
                                "1.32.7,<1.34.0"
                            ]
                        ]
                    },
                    {
                        "name": "bioconductor-gviz",
                        "specs": [
                            [
                                ">=",
                                "1.24.0,<1.26.0"
                            ]
                        ]
                    },
                    {
                        "name": "bioconductor-iranges",
                        "specs": [
                            [
                                ">=",
                                "2.14.12,<2.16.0"
                            ]
                        ]
                    },
                    {
                        "name": "bioconductor-s4vectors",
                        "specs": [
                            [
                                ">=",
                                "0.18.3,<0.20.0"
                            ]
                        ]
                    },
                    {
                        "name": "r-base",
                        "specs": [
                            [
                                ">=",
                                "3.4.1,<3.4.2.0a0"
                            ]
                        ]
                    },
                    {
                        "name": "r-poilog",
                        "specs": []
                    },
                    {
                        "name": "r-rsolnp",
                        "specs": []
                    }
                ]
            },
            "description": null,
            "distribution_type": "conda",
            "download_url": "//api.anaconda.org/download/bioconda/bioconductor-stan/2.8.0/osx-64/bioconductor-stan-2.8.0-r341hfc679d8_0.tar.bz2",
            "full_name": "bioconda/bioconductor-stan/2.8.0/osx-64/bioconductor-stan-2.8.0-r341hfc679d8_0.tar.bz2",
            "labels": [
                "main",
                "cf201901"
            ],
            "md5": "1bcc563168aca5d817d7e9a264285f13",
            "ndownloads": 241,
            "owner": "bioconda",
            "size": 1078419,
            "type": "conda",
            "upload_time": "2018-10-21 17:08:27.719000+00:00",
            "version": "2.8.0"
        },
        {
            "attrs": {
                "arch": "x86_64",
                "build": "r341hfc679d8_0",
                "build_number": 0,
                "depends": [
                    "bioconductor-biocgenerics >=0.26.0,<0.28.0",
                    "bioconductor-genomeinfodb >=1.16.0,<1.18.0",
                    "bioconductor-genomicranges >=1.32.7,<1.34.0",
                    "bioconductor-gviz >=1.24.0,<1.26.0",
                    "bioconductor-iranges >=2.14.12,<2.16.0",
                    "bioconductor-s4vectors >=0.18.3,<0.20.0",
                    "libgcc-ng >=4.9",
                    "libstdcxx-ng >=4.9",
                    "r-base >=3.4.1,<3.4.2.0a0",
                    "r-poilog",
                    "r-rsolnp"
                ],
                "has_prefix": false,
                "license": "GPL (>= 2)",
                "machine": "x86_64",
                "operatingsystem": "linux",
                "platform": "linux",
                "subdir": "linux-64",
                "target-triplet": "x86_64-any-linux",
                "timestamp": 1540284247462
            },
            "basename": "linux-64/bioconductor-stan-2.8.0-r341hfc679d8_0.tar.bz2",
            "dependencies": {
                "depends": [
                    {
                        "name": "bioconductor-biocgenerics",
                        "specs": [
                            [
                                ">=",
                                "0.26.0,<0.28.0"
                            ]
                        ]
                    },
                    {
                        "name": "bioconductor-genomeinfodb",
                        "specs": [
                            [
                                ">=",
                                "1.16.0,<1.18.0"
                            ]
                        ]
                    },
                    {
                        "name": "bioconductor-genomicranges",
                        "specs": [
                            [
                                ">=",
                                "1.32.7,<1.34.0"
                            ]
                        ]
                    },
                    {
                        "name": "bioconductor-gviz",
                        "specs": [
                            [
                                ">=",
                                "1.24.0,<1.26.0"
                            ]
                        ]
                    },
                    {
                        "name": "bioconductor-iranges",
                        "specs": [
                            [
                                ">=",
                                "2.14.12,<2.16.0"
                            ]
                        ]
                    },
                    {
                        "name": "bioconductor-s4vectors",
                        "specs": [
                            [
                                ">=",
                                "0.18.3,<0.20.0"
                            ]
                        ]
                    },
                    {
                        "name": "libgcc-ng",
                        "specs": [
                            [
                                ">=",
                                "4.9"
                            ]
                        ]
                    },
                    {
                        "name": "libstdcxx-ng",
                        "specs": [
                            [
                                ">=",
                                "4.9"
                            ]
                        ]
                    },
                    {
                        "name": "r-base",
                        "specs": [
                            [
                                ">=",
                                "3.4.1,<3.4.2.0a0"
                            ]
                        ]
                    },
                    {
                        "name": "r-poilog",
                        "specs": []
                    },
                    {
                        "name": "r-rsolnp",
                        "specs": []
                    }
                ]
            },
            "description": null,
            "distribution_type": "conda",
            "download_url": "//api.anaconda.org/download/bioconda/bioconductor-stan/2.8.0/linux-64/bioconductor-stan-2.8.0-r341hfc679d8_0.tar.bz2",
            "full_name": "bioconda/bioconductor-stan/2.8.0/linux-64/bioconductor-stan-2.8.0-r341hfc679d8_0.tar.bz2",
            "labels": [
                "main",
                "cf201901"
            ],
            "md5": "469cea82da32c4c9a1c133ebb97bd5fe",
            "ndownloads": 262,
            "owner": "bioconda",
            "size": 1083306,
            "type": "conda",
            "upload_time": "2018-10-23 08:52:44.844000+00:00",
            "version": "2.8.0"
        },
        {
            "attrs": {
                "arch": "x86_64",
                "build": "r351hfc679d8_0",
                "build_number": 0,
                "depends": [
                    "bioconductor-biocgenerics >=0.26.0,<0.28.0",
                    "bioconductor-genomeinfodb >=1.16.0,<1.18.0",
                    "bioconductor-genomicranges >=1.32.7,<1.34.0",
                    "bioconductor-gviz >=1.24.0,<1.26.0",
                    "bioconductor-iranges >=2.14.12,<2.16.0",
                    "bioconductor-s4vectors >=0.18.3,<0.20.0",
                    "libgcc-ng >=4.9",
                    "libstdcxx-ng >=4.9",
                    "r-base >=3.5.1,<3.5.2.0a0",
                    "r-poilog",
                    "r-rsolnp"
                ],
                "has_prefix": false,
                "license": "GPL (>= 2)",
                "machine": "x86_64",
                "operatingsystem": "linux",
                "platform": "linux",
                "subdir": "linux-64",
                "target-triplet": "x86_64-any-linux",
                "timestamp": 1540284050961
            },
            "basename": "linux-64/bioconductor-stan-2.8.0-r351hfc679d8_0.tar.bz2",
            "dependencies": {
                "depends": [
                    {
                        "name": "bioconductor-biocgenerics",
                        "specs": [
                            [
                                ">=",
                                "0.26.0,<0.28.0"
                            ]
                        ]
                    },
                    {
                        "name": "bioconductor-genomeinfodb",
                        "specs": [
                            [
                                ">=",
                                "1.16.0,<1.18.0"
                            ]
                        ]
                    },
                    {
                        "name": "bioconductor-genomicranges",
                        "specs": [
                            [
                                ">=",
                                "1.32.7,<1.34.0"
                            ]
                        ]
                    },
                    {
                        "name": "bioconductor-gviz",
                        "specs": [
                            [
                                ">=",
                                "1.24.0,<1.26.0"
                            ]
                        ]
                    },
                    {
                        "name": "bioconductor-iranges",
                        "specs": [
                            [
                                ">=",
                                "2.14.12,<2.16.0"
                            ]
                        ]
                    },
                    {
                        "name": "bioconductor-s4vectors",
                        "specs": [
                            [
                                ">=",
                                "0.18.3,<0.20.0"
                            ]
                        ]
                    },
                    {
                        "name": "libgcc-ng",
                        "specs": [
                            [
                                ">=",
                                "4.9"
                            ]
                        ]
                    },
                    {
                        "name": "libstdcxx-ng",
                        "specs": [
                            [
                                ">=",
                                "4.9"
                            ]
                        ]
                    },
                    {
                        "name": "r-base",
                        "specs": [
                            [
                                ">=",
                                "3.5.1,<3.5.2.0a0"
                            ]
                        ]
                    },
                    {
                        "name": "r-poilog",
                        "specs": []
                    },
                    {
                        "name": "r-rsolnp",
                        "specs": []
                    }
                ]
            },
            "description": null,
            "distribution_type": "conda",
            "download_url": "//api.anaconda.org/download/bioconda/bioconductor-stan/2.8.0/linux-64/bioconductor-stan-2.8.0-r351hfc679d8_0.tar.bz2",
            "full_name": "bioconda/bioconductor-stan/2.8.0/linux-64/bioconductor-stan-2.8.0-r351hfc679d8_0.tar.bz2",
            "labels": [
                "main",
                "cf201901"
            ],
            "md5": "c7c6642cdeef1f0b95e04c3b8adb0092",
            "ndownloads": 145,
            "owner": "bioconda",
            "size": 1380801,
            "type": "conda",
            "upload_time": "2018-10-23 08:52:48.425000+00:00",
            "version": "2.8.0"
        },
        {
            "attrs": {
                "arch": "x86_64",
                "build": "r351h0a44026_0",
                "build_number": 0,
                "depends": [
                    "bioconductor-biocgenerics >=0.28.0,<0.29.0",
                    "bioconductor-genomeinfodb >=1.18.0,<1.19.0",
                    "bioconductor-genomicranges >=1.34.0,<1.35.0",
                    "bioconductor-gviz >=1.26.0,<1.27.0",
                    "bioconductor-iranges >=2.16.0,<2.17.0",
                    "bioconductor-s4vectors >=0.20.0,<0.21.0",
                    "libcxx >=4.0.1",
                    "r-base >=3.5.1,<3.5.2.0a0",
                    "r-poilog",
                    "r-rsolnp"
                ],
                "has_prefix": true,
                "license": "GPL (>= 2)",
                "machine": "x86_64",
                "operatingsystem": "darwin",
                "platform": "osx",
                "subdir": "osx-64",
                "target-triplet": "x86_64-any-darwin",
                "timestamp": 1544475066207
            },
            "basename": "osx-64/bioconductor-stan-2.10.0-r351h0a44026_0.tar.bz2",
            "dependencies": {
                "depends": [
                    {
                        "name": "bioconductor-biocgenerics",
                        "specs": [
                            [
                                ">=",
                                "0.28.0,<0.29.0"
                            ]
                        ]
                    },
                    {
                        "name": "bioconductor-genomeinfodb",
                        "specs": [
                            [
                                ">=",
                                "1.18.0,<1.19.0"
                            ]
                        ]
                    },
                    {
                        "name": "bioconductor-genomicranges",
                        "specs": [
                            [
                                ">=",
                                "1.34.0,<1.35.0"
                            ]
                        ]
                    },
                    {
                        "name": "bioconductor-gviz",
                        "specs": [
                            [
                                ">=",
                                "1.26.0,<1.27.0"
                            ]
                        ]
                    },
                    {
                        "name": "bioconductor-iranges",
                        "specs": [
                            [
                                ">=",
                                "2.16.0,<2.17.0"
                            ]
                        ]
                    },
                    {
                        "name": "bioconductor-s4vectors",
                        "specs": [
                            [
                                ">=",
                                "0.20.0,<0.21.0"
                            ]
                        ]
                    },
                    {
                        "name": "libcxx",
                        "specs": [
                            [
                                ">=",
                                "4.0.1"
                            ]
                        ]
                    },
                    {
                        "name": "r-base",
                        "specs": [
                            [
                                ">=",
                                "3.5.1,<3.5.2.0a0"
                            ]
                        ]
                    },
                    {
                        "name": "r-poilog",
                        "specs": []
                    },
                    {
                        "name": "r-rsolnp",
                        "specs": []
                    }
                ]
            },
            "description": null,
            "distribution_type": "conda",
            "download_url": "//api.anaconda.org/download/bioconda/bioconductor-stan/2.10.0/osx-64/bioconductor-stan-2.10.0-r351h0a44026_0.tar.bz2",
            "full_name": "bioconda/bioconductor-stan/2.10.0/osx-64/bioconductor-stan-2.10.0-r351h0a44026_0.tar.bz2",
            "labels": [
                "gcc7",
                "main"
            ],
            "md5": "d8091daa35630d3a722ba7ac498b8065",
            "ndownloads": 1161,
            "owner": "bioconda",
            "size": 1326103,
            "type": "conda",
            "upload_time": "2018-12-10 20:53:30.458000+00:00",
            "version": "2.10.0"
        },
        {
            "attrs": {
                "arch": "x86_64",
                "build": "r351hf484d3e_0",
                "build_number": 0,
                "depends": [
                    "bioconductor-biocgenerics >=0.28.0,<0.29.0",
                    "bioconductor-genomeinfodb >=1.18.0,<1.19.0",
                    "bioconductor-genomicranges >=1.34.0,<1.35.0",
                    "bioconductor-gviz >=1.26.0,<1.27.0",
                    "bioconductor-iranges >=2.16.0,<2.17.0",
                    "bioconductor-s4vectors >=0.20.0,<0.21.0",
                    "libgcc-ng >=7.3.0",
                    "libstdcxx-ng >=7.3.0",
                    "r-base >=3.5.1,<3.5.2.0a0",
                    "r-poilog",
                    "r-rsolnp"
                ],
                "has_prefix": false,
                "license": "GPL (>= 2)",
                "machine": "x86_64",
                "operatingsystem": "linux",
                "platform": "linux",
                "subdir": "linux-64",
                "target-triplet": "x86_64-any-linux",
                "timestamp": 1546187689370
            },
            "basename": "linux-64/bioconductor-stan-2.10.0-r351hf484d3e_0.tar.bz2",
            "dependencies": {
                "depends": [
                    {
                        "name": "bioconductor-biocgenerics",
                        "specs": [
                            [
                                ">=",
                                "0.28.0,<0.29.0"
                            ]
                        ]
                    },
                    {
                        "name": "bioconductor-genomeinfodb",
                        "specs": [
                            [
                                ">=",
                                "1.18.0,<1.19.0"
                            ]
                        ]
                    },
                    {
                        "name": "bioconductor-genomicranges",
                        "specs": [
                            [
                                ">=",
                                "1.34.0,<1.35.0"
                            ]
                        ]
                    },
                    {
                        "name": "bioconductor-gviz",
                        "specs": [
                            [
                                ">=",
                                "1.26.0,<1.27.0"
                            ]
                        ]
                    },
                    {
                        "name": "bioconductor-iranges",
                        "specs": [
                            [
                                ">=",
                                "2.16.0,<2.17.0"
                            ]
                        ]
                    },
                    {
                        "name": "bioconductor-s4vectors",
                        "specs": [
                            [
                                ">=",
                                "0.20.0,<0.21.0"
                            ]
                        ]
                    },
                    {
                        "name": "libgcc-ng",
                        "specs": [
                            [
                                ">=",
                                "7.3.0"
                            ]
                        ]
                    },
                    {
                        "name": "libstdcxx-ng",
                        "specs": [
                            [
                                ">=",
                                "7.3.0"
                            ]
                        ]
                    },
                    {
                        "name": "r-base",
                        "specs": [
                            [
                                ">=",
                                "3.5.1,<3.5.2.0a0"
                            ]
                        ]
                    },
                    {
                        "name": "r-poilog",
                        "specs": []
                    },
                    {
                        "name": "r-rsolnp",
                        "specs": []
                    }
                ]
            },
            "description": null,
            "distribution_type": "conda",
            "download_url": "//api.anaconda.org/download/bioconda/bioconductor-stan/2.10.0/linux-64/bioconductor-stan-2.10.0-r351hf484d3e_0.tar.bz2",
            "full_name": "bioconda/bioconductor-stan/2.10.0/linux-64/bioconductor-stan-2.10.0-r351hf484d3e_0.tar.bz2",
            "labels": [
                "gcc7",
                "main"
            ],
            "md5": "d4298ed98d995d0fa169407d617cd07e",
            "ndownloads": 109,
            "owner": "bioconda",
            "size": 1331758,
            "type": "conda",
            "upload_time": "2018-12-30 16:40:03.239000+00:00",
            "version": "2.10.0"
        },
        {
            "attrs": {
                "arch": "x86_64",
                "build": "r36h6de7cb9_1",
                "build_number": 1,
                "depends": [
                    "bioconductor-biocgenerics >=0.30.0,<0.31.0",
                    "bioconductor-genomeinfodb >=1.20.0,<1.21.0",
                    "bioconductor-genomicranges >=1.36.0,<1.37.0",
                    "bioconductor-gviz >=1.28.0,<1.29.0",
                    "bioconductor-iranges >=2.18.0,<2.19.0",
                    "bioconductor-s4vectors >=0.22.0,<0.23.0",
                    "libcxx >=4.0.1",
                    "r-base >=3.6,<3.7.0a0",
                    "r-poilog",
                    "r-rsolnp"
                ],
                "has_prefix": true,
                "license": "GPL (>= 2)",
                "machine": "x86_64",
                "operatingsystem": "darwin",
                "platform": "osx",
                "subdir": "osx-64",
                "target-triplet": "x86_64-any-darwin",
                "timestamp": 1564585309038
            },
            "basename": "osx-64/bioconductor-stan-2.12.0-r36h6de7cb9_1.tar.bz2",
            "dependencies": {
                "depends": [
                    {
                        "name": "bioconductor-biocgenerics",
                        "specs": [
                            [
                                ">=",
                                "0.30.0,<0.31.0"
                            ]
                        ]
                    },
                    {
                        "name": "bioconductor-genomeinfodb",
                        "specs": [
                            [
                                ">=",
                                "1.20.0,<1.21.0"
                            ]
                        ]
                    },
                    {
                        "name": "bioconductor-genomicranges",
                        "specs": [
                            [
                                ">=",
                                "1.36.0,<1.37.0"
                            ]
                        ]
                    },
                    {
                        "name": "bioconductor-gviz",
                        "specs": [
                            [
                                ">=",
                                "1.28.0,<1.29.0"
                            ]
                        ]
                    },
                    {
                        "name": "bioconductor-iranges",
                        "specs": [
                            [
                                ">=",
                                "2.18.0,<2.19.0"
                            ]
                        ]
                    },
                    {
                        "name": "bioconductor-s4vectors",
                        "specs": [
                            [
                                ">=",
                                "0.22.0,<0.23.0"
                            ]
                        ]
                    },
                    {
                        "name": "libcxx",
                        "specs": [
                            [
                                ">=",
                                "4.0.1"
                            ]
                        ]
                    },
                    {
                        "name": "r-base",
                        "specs": [
                            [
                                ">=",
                                "3.6,<3.7.0a0"
                            ]
                        ]
                    },
                    {
                        "name": "r-poilog",
                        "specs": []
                    },
                    {
                        "name": "r-rsolnp",
                        "specs": []
                    }
                ]
            },
            "description": null,
            "distribution_type": "conda",
            "download_url": "//api.anaconda.org/download/bioconda/bioconductor-stan/2.12.0/osx-64/bioconductor-stan-2.12.0-r36h6de7cb9_1.tar.bz2",
            "full_name": "bioconda/bioconductor-stan/2.12.0/osx-64/bioconductor-stan-2.12.0-r36h6de7cb9_1.tar.bz2",
            "labels": [
                "main"
            ],
            "md5": "30bdea05aaa80470e91b72185a70fb42",
            "ndownloads": 783,
            "owner": "bioconda",
            "size": 1320551,
            "type": "conda",
            "upload_time": "2019-07-31 15:03:07.519000+00:00",
            "version": "2.12.0"
        },
        {
            "attrs": {
                "arch": "x86_64",
                "build": "r36he1b5a44_1",
                "build_number": 1,
                "depends": [
                    "bioconductor-biocgenerics >=0.30.0,<0.31.0",
                    "bioconductor-genomeinfodb >=1.20.0,<1.21.0",
                    "bioconductor-genomicranges >=1.36.0,<1.37.0",
                    "bioconductor-gviz >=1.28.0,<1.29.0",
                    "bioconductor-iranges >=2.18.0,<2.19.0",
                    "bioconductor-s4vectors >=0.22.0,<0.23.0",
                    "libgcc-ng >=7.3.0",
                    "libstdcxx-ng >=7.3.0",
                    "r-base >=3.6,<3.7.0a0",
                    "r-poilog",
                    "r-rsolnp"
                ],
                "has_prefix": false,
                "license": "GPL (>= 2)",
                "machine": "x86_64",
                "operatingsystem": "linux",
                "platform": "linux",
                "subdir": "linux-64",
                "target-triplet": "x86_64-any-linux",
                "timestamp": 1565618204331
            },
            "basename": "linux-64/bioconductor-stan-2.12.0-r36he1b5a44_1.tar.bz2",
            "dependencies": {
                "depends": [
                    {
                        "name": "bioconductor-biocgenerics",
                        "specs": [
                            [
                                ">=",
                                "0.30.0,<0.31.0"
                            ]
                        ]
                    },
                    {
                        "name": "bioconductor-genomeinfodb",
                        "specs": [
                            [
                                ">=",
                                "1.20.0,<1.21.0"
                            ]
                        ]
                    },
                    {
                        "name": "bioconductor-genomicranges",
                        "specs": [
                            [
                                ">=",
                                "1.36.0,<1.37.0"
                            ]
                        ]
                    },
                    {
                        "name": "bioconductor-gviz",
                        "specs": [
                            [
                                ">=",
                                "1.28.0,<1.29.0"
                            ]
                        ]
                    },
                    {
                        "name": "bioconductor-iranges",
                        "specs": [
                            [
                                ">=",
                                "2.18.0,<2.19.0"
                            ]
                        ]
                    },
                    {
                        "name": "bioconductor-s4vectors",
                        "specs": [
                            [
                                ">=",
                                "0.22.0,<0.23.0"
                            ]
                        ]
                    },
                    {
                        "name": "libgcc-ng",
                        "specs": [
                            [
                                ">=",
                                "7.3.0"
                            ]
                        ]
                    },
                    {
                        "name": "libstdcxx-ng",
                        "specs": [
                            [
                                ">=",
                                "7.3.0"
                            ]
                        ]
                    },
                    {
                        "name": "r-base",
                        "specs": [
                            [
                                ">=",
                                "3.6,<3.7.0a0"
                            ]
                        ]
                    },
                    {
                        "name": "r-poilog",
                        "specs": []
                    },
                    {
                        "name": "r-rsolnp",
                        "specs": []
                    }
                ]
            },
            "description": null,
            "distribution_type": "conda",
            "download_url": "//api.anaconda.org/download/bioconda/bioconductor-stan/2.12.0/linux-64/bioconductor-stan-2.12.0-r36he1b5a44_1.tar.bz2",
            "full_name": "bioconda/bioconductor-stan/2.12.0/linux-64/bioconductor-stan-2.12.0-r36he1b5a44_1.tar.bz2",
            "labels": [
                "main"
            ],
            "md5": "9f71f538353f189ae4d2cb5224ad5ea8",
            "ndownloads": 58,
            "owner": "bioconda",
            "size": 1335998,
            "type": "conda",
            "upload_time": "2019-08-12 14:03:28.408000+00:00",
            "version": "2.12.0"
        },
        {
            "attrs": {
                "arch": "x86_64",
                "build": "r36h6de7cb9_0",
                "build_number": 0,
                "depends": [
                    "bioconductor-biocgenerics >=0.32.0,<0.33.0",
                    "bioconductor-genomeinfodb >=1.22.0,<1.23.0",
                    "bioconductor-genomicranges >=1.38.0,<1.39.0",
                    "bioconductor-gviz >=1.30.0,<1.31.0",
                    "bioconductor-iranges >=2.20.0,<2.21.0",
                    "bioconductor-s4vectors >=0.24.0,<0.25.0",
                    "libcxx >=4.0.1",
                    "r-base >=3.6,<3.7.0a0",
                    "r-poilog",
                    "r-rsolnp"
                ],
                "has_prefix": true,
                "license": "GPL (>= 2)",
                "machine": "x86_64",
                "operatingsystem": "darwin",
                "platform": "osx",
                "subdir": "osx-64",
                "target-triplet": "x86_64-any-darwin",
                "timestamp": 1572694942485
            },
            "basename": "osx-64/bioconductor-stan-2.14.0-r36h6de7cb9_0.tar.bz2",
            "dependencies": {
                "depends": [
                    {
                        "name": "bioconductor-biocgenerics",
                        "specs": [
                            [
                                ">=",
                                "0.32.0,<0.33.0"
                            ]
                        ]
                    },
                    {
                        "name": "bioconductor-genomeinfodb",
                        "specs": [
                            [
                                ">=",
                                "1.22.0,<1.23.0"
                            ]
                        ]
                    },
                    {
                        "name": "bioconductor-genomicranges",
                        "specs": [
                            [
                                ">=",
                                "1.38.0,<1.39.0"
                            ]
                        ]
                    },
                    {
                        "name": "bioconductor-gviz",
                        "specs": [
                            [
                                ">=",
                                "1.30.0,<1.31.0"
                            ]
                        ]
                    },
                    {
                        "name": "bioconductor-iranges",
                        "specs": [
                            [
                                ">=",
                                "2.20.0,<2.21.0"
                            ]
                        ]
                    },
                    {
                        "name": "bioconductor-s4vectors",
                        "specs": [
                            [
                                ">=",
                                "0.24.0,<0.25.0"
                            ]
                        ]
                    },
                    {
                        "name": "libcxx",
                        "specs": [
                            [
                                ">=",
                                "4.0.1"
                            ]
                        ]
                    },
                    {
                        "name": "r-base",
                        "specs": [
                            [
                                ">=",
                                "3.6,<3.7.0a0"
                            ]
                        ]
                    },
                    {
                        "name": "r-poilog",
                        "specs": []
                    },
                    {
                        "name": "r-rsolnp",
                        "specs": []
                    }
                ]
            },
            "description": null,
            "distribution_type": "conda",
            "download_url": "//api.anaconda.org/download/bioconda/bioconductor-stan/2.14.0/osx-64/bioconductor-stan-2.14.0-r36h6de7cb9_0.tar.bz2",
            "full_name": "bioconda/bioconductor-stan/2.14.0/osx-64/bioconductor-stan-2.14.0-r36h6de7cb9_0.tar.bz2",
            "labels": [
                "main"
            ],
            "md5": "33bf87e1f7bbdfb2680f319c4e6f2931",
            "ndownloads": 612,
            "owner": "bioconda",
            "size": 1335514,
            "type": "conda",
            "upload_time": "2019-11-02 11:43:48.838000+00:00",
            "version": "2.14.0"
        },
        {
            "attrs": {
                "arch": "x86_64",
                "build": "r36he1b5a44_0",
                "build_number": 0,
                "depends": [
                    "bioconductor-biocgenerics >=0.32.0,<0.33.0",
                    "bioconductor-genomeinfodb >=1.22.0,<1.23.0",
                    "bioconductor-genomicranges >=1.38.0,<1.39.0",
                    "bioconductor-gviz >=1.30.0,<1.31.0",
                    "bioconductor-iranges >=2.20.0,<2.21.0",
                    "bioconductor-s4vectors >=0.24.0,<0.25.0",
                    "libgcc-ng >=7.3.0",
                    "libstdcxx-ng >=7.3.0",
                    "r-base >=3.6,<3.7.0a0",
                    "r-poilog",
                    "r-rsolnp"
                ],
                "has_prefix": false,
                "license": "GPL (>= 2)",
                "machine": "x86_64",
                "operatingsystem": "linux",
                "platform": "linux",
                "subdir": "linux-64",
                "target-triplet": "x86_64-any-linux",
                "timestamp": 1572881537623
            },
            "basename": "linux-64/bioconductor-stan-2.14.0-r36he1b5a44_0.tar.bz2",
            "dependencies": {
                "depends": [
                    {
                        "name": "bioconductor-biocgenerics",
                        "specs": [
                            [
                                ">=",
                                "0.32.0,<0.33.0"
                            ]
                        ]
                    },
                    {
                        "name": "bioconductor-genomeinfodb",
                        "specs": [
                            [
                                ">=",
                                "1.22.0,<1.23.0"
                            ]
                        ]
                    },
                    {
                        "name": "bioconductor-genomicranges",
                        "specs": [
                            [
                                ">=",
                                "1.38.0,<1.39.0"
                            ]
                        ]
                    },
                    {
                        "name": "bioconductor-gviz",
                        "specs": [
                            [
                                ">=",
                                "1.30.0,<1.31.0"
                            ]
                        ]
                    },
                    {
                        "name": "bioconductor-iranges",
                        "specs": [
                            [
                                ">=",
                                "2.20.0,<2.21.0"
                            ]
                        ]
                    },
                    {
                        "name": "bioconductor-s4vectors",
                        "specs": [
                            [
                                ">=",
                                "0.24.0,<0.25.0"
                            ]
                        ]
                    },
                    {
                        "name": "libgcc-ng",
                        "specs": [
                            [
                                ">=",
                                "7.3.0"
                            ]
                        ]
                    },
                    {
                        "name": "libstdcxx-ng",
                        "specs": [
                            [
                                ">=",
                                "7.3.0"
                            ]
                        ]
                    },
                    {
                        "name": "r-base",
                        "specs": [
                            [
                                ">=",
                                "3.6,<3.7.0a0"
                            ]
                        ]
                    },
                    {
                        "name": "r-poilog",
                        "specs": []
                    },
                    {
                        "name": "r-rsolnp",
                        "specs": []
                    }
                ]
            },
            "description": null,
            "distribution_type": "conda",
            "download_url": "//api.anaconda.org/download/bioconda/bioconductor-stan/2.14.0/linux-64/bioconductor-stan-2.14.0-r36he1b5a44_0.tar.bz2",
            "full_name": "bioconda/bioconductor-stan/2.14.0/linux-64/bioconductor-stan-2.14.0-r36he1b5a44_0.tar.bz2",
            "labels": [
                "main"
            ],
            "md5": "b23ece8f49d74fb9c90aba8f843c4805",
            "ndownloads": 70,
            "owner": "bioconda",
            "size": 1347801,
            "type": "conda",
            "upload_time": "2019-11-04 15:38:59.595000+00:00",
            "version": "2.14.0"
        },
        {
            "attrs": {
                "arch": "x86_64",
                "build": "r40h64ad5ed_0",
                "build_number": 0,
                "depends": [
                    "bioconductor-biocgenerics >=0.34.0,<0.35.0",
                    "bioconductor-genomeinfodb >=1.24.0,<1.25.0",
                    "bioconductor-genomicranges >=1.40.0,<1.41.0",
                    "bioconductor-gviz >=1.32.0,<1.33.0",
                    "bioconductor-iranges >=2.22.0,<2.23.0",
                    "bioconductor-s4vectors >=0.26.0,<0.27.0",
                    "libblas >=3.8.0,<4.0a0",
                    "libcxx >=9.0.1",
                    "liblapack >=3.8.0,<3.9.0a0",
                    "r-base >=4.0,<4.1.0a0",
                    "r-poilog",
                    "r-rsolnp"
                ],
                "has_prefix": true,
                "license": "GPL (>= 2)",
                "machine": "x86_64",
                "operatingsystem": "darwin",
                "platform": "osx",
                "subdir": "osx-64",
                "target-triplet": "x86_64-any-darwin",
                "timestamp": 1589121389643
            },
            "basename": "osx-64/bioconductor-stan-2.16.0-r40h64ad5ed_0.tar.bz2",
            "dependencies": {
                "depends": [
                    {
                        "name": "bioconductor-biocgenerics",
                        "specs": [
                            [
                                ">=",
                                "0.34.0,<0.35.0"
                            ]
                        ]
                    },
                    {
                        "name": "bioconductor-genomeinfodb",
                        "specs": [
                            [
                                ">=",
                                "1.24.0,<1.25.0"
                            ]
                        ]
                    },
                    {
                        "name": "bioconductor-genomicranges",
                        "specs": [
                            [
                                ">=",
                                "1.40.0,<1.41.0"
                            ]
                        ]
                    },
                    {
                        "name": "bioconductor-gviz",
                        "specs": [
                            [
                                ">=",
                                "1.32.0,<1.33.0"
                            ]
                        ]
                    },
                    {
                        "name": "bioconductor-iranges",
                        "specs": [
                            [
                                ">=",
                                "2.22.0,<2.23.0"
                            ]
                        ]
                    },
                    {
                        "name": "bioconductor-s4vectors",
                        "specs": [
                            [
                                ">=",
                                "0.26.0,<0.27.0"
                            ]
                        ]
                    },
                    {
                        "name": "libblas",
                        "specs": [
                            [
                                ">=",
                                "3.8.0,<4.0a0"
                            ]
                        ]
                    },
                    {
                        "name": "libcxx",
                        "specs": [
                            [
                                ">=",
                                "9.0.1"
                            ]
                        ]
                    },
                    {
                        "name": "liblapack",
                        "specs": [
                            [
                                ">=",
                                "3.8.0,<3.9.0a0"
                            ]
                        ]
                    },
                    {
                        "name": "r-base",
                        "specs": [
                            [
                                ">=",
                                "4.0,<4.1.0a0"
                            ]
                        ]
                    },
                    {
                        "name": "r-poilog",
                        "specs": []
                    },
                    {
                        "name": "r-rsolnp",
                        "specs": []
                    }
                ]
            },
            "description": null,
            "distribution_type": "conda",
            "download_url": "//api.anaconda.org/download/bioconda/bioconductor-stan/2.16.0/osx-64/bioconductor-stan-2.16.0-r40h64ad5ed_0.tar.bz2",
            "full_name": "bioconda/bioconductor-stan/2.16.0/osx-64/bioconductor-stan-2.16.0-r40h64ad5ed_0.tar.bz2",
            "labels": [
                "main"
            ],
            "md5": "e78500c0eb1b9e1aa308266f2e7d4a02",
            "ndownloads": 180,
            "owner": "bioconda",
            "size": 1474966,
            "type": "conda",
            "upload_time": "2020-05-10 14:38:29.601000+00:00",
            "version": "2.16.0"
        },
        {
            "attrs": {
                "arch": "x86_64",
                "build": "r40h5f743cb_0",
                "build_number": 0,
                "depends": [
                    "bioconductor-biocgenerics >=0.34.0,<0.35.0",
                    "bioconductor-genomeinfodb >=1.24.0,<1.25.0",
                    "bioconductor-genomicranges >=1.40.0,<1.41.0",
                    "bioconductor-gviz >=1.32.0,<1.33.0",
                    "bioconductor-iranges >=2.22.0,<2.23.0",
                    "bioconductor-s4vectors >=0.26.0,<0.27.0",
                    "libblas >=3.8.0,<4.0a0",
                    "libgcc-ng >=7.3.0",
                    "liblapack >=3.8.0,<3.9.0a0",
                    "libstdcxx-ng >=7.3.0",
                    "r-base >=4.0,<4.1.0a0",
                    "r-poilog",
                    "r-rsolnp"
                ],
                "has_prefix": false,
                "license": "GPL (>= 2)",
                "machine": "x86_64",
                "operatingsystem": "linux",
                "platform": "linux",
                "subdir": "linux-64",
                "target-triplet": "x86_64-any-linux",
                "timestamp": 1589217775058
            },
            "basename": "linux-64/bioconductor-stan-2.16.0-r40h5f743cb_0.tar.bz2",
            "dependencies": {
                "depends": [
                    {
                        "name": "bioconductor-biocgenerics",
                        "specs": [
                            [
                                ">=",
                                "0.34.0,<0.35.0"
                            ]
                        ]
                    },
                    {
                        "name": "bioconductor-genomeinfodb",
                        "specs": [
                            [
                                ">=",
                                "1.24.0,<1.25.0"
                            ]
                        ]
                    },
                    {
                        "name": "bioconductor-genomicranges",
                        "specs": [
                            [
                                ">=",
                                "1.40.0,<1.41.0"
                            ]
                        ]
                    },
                    {
                        "name": "bioconductor-gviz",
                        "specs": [
                            [
                                ">=",
                                "1.32.0,<1.33.0"
                            ]
                        ]
                    },
                    {
                        "name": "bioconductor-iranges",
                        "specs": [
                            [
                                ">=",
                                "2.22.0,<2.23.0"
                            ]
                        ]
                    },
                    {
                        "name": "bioconductor-s4vectors",
                        "specs": [
                            [
                                ">=",
                                "0.26.0,<0.27.0"
                            ]
                        ]
                    },
                    {
                        "name": "libblas",
                        "specs": [
                            [
                                ">=",
                                "3.8.0,<4.0a0"
                            ]
                        ]
                    },
                    {
                        "name": "libgcc-ng",
                        "specs": [
                            [
                                ">=",
                                "7.3.0"
                            ]
                        ]
                    },
                    {
                        "name": "liblapack",
                        "specs": [
                            [
                                ">=",
                                "3.8.0,<3.9.0a0"
                            ]
                        ]
                    },
                    {
                        "name": "libstdcxx-ng",
                        "specs": [
                            [
                                ">=",
                                "7.3.0"
                            ]
                        ]
                    },
                    {
                        "name": "r-base",
                        "specs": [
                            [
                                ">=",
                                "4.0,<4.1.0a0"
                            ]
                        ]
                    },
                    {
                        "name": "r-poilog",
                        "specs": []
                    },
                    {
                        "name": "r-rsolnp",
                        "specs": []
                    }
                ]
            },
            "description": null,
            "distribution_type": "conda",
            "download_url": "//api.anaconda.org/download/bioconda/bioconductor-stan/2.16.0/linux-64/bioconductor-stan-2.16.0-r40h5f743cb_0.tar.bz2",
            "full_name": "bioconda/bioconductor-stan/2.16.0/linux-64/bioconductor-stan-2.16.0-r40h5f743cb_0.tar.bz2",
            "labels": [
                "main"
            ],
            "md5": "a053c0c382c0d6075f5e1e176a754f5a",
            "ndownloads": 19,
            "owner": "bioconda",
            "size": 1484849,
            "type": "conda",
            "upload_time": "2020-05-11 17:30:00.400000+00:00",
            "version": "2.16.0"
        }
    ],
    "full_name": "bioconda/bioconductor-stan",
    "home": "http://bioconductor.org/packages/3.6/bioc/html/STAN.html",
    "html_url": "http://anaconda.org/bioconda/bioconductor-stan",
    "id": "5a805d1955e6db12102fd522",
    "latest_version": "2.16.0",
    "license": "GPL (>= 2)",
    "license_url": null,
    "modified_at": "2020-05-11 17:30:00.727000+00:00",
    "name": "bioconductor-stan",
    "owner": {
        "company": "",
        "created_at": "2015-09-11 22:59:20.880000+00:00",
        "description": "Bioconda is a distribution of bioinformatics software realized as a channel for the versatile Conda package manager.",
        "location": "",
        "login": "bioconda",
        "name": "bioconda",
        "url": "",
        "user_type": "org"
    },
    "package_types": [
        "conda"
    ],
    "public": true,
    "releases": [
        {
            "distributions": [],
            "full_name": "bioconda/bioconductor-stan/2.6.0",
            "version": "2.6.0"
        },
        {
            "distributions": [],
            "full_name": "bioconda/bioconductor-stan/2.8.0",
            "version": "2.8.0"
        },
        {
            "distributions": [],
            "full_name": "bioconda/bioconductor-stan/2.10.0",
            "version": "2.10.0"
        },
        {
            "distributions": [],
            "full_name": "bioconda/bioconductor-stan/2.12.0",
            "version": "2.12.0"
        },
        {
            "distributions": [],
            "full_name": "bioconda/bioconductor-stan/2.14.0",
            "version": "2.14.0"
        },
        {
            "distributions": [],
            "full_name": "bioconda/bioconductor-stan/2.16.0",
            "version": "2.16.0"
        }
    ],
    "revision": 12,
    "source_git_tag": null,
    "source_git_url": null,
    "summary": "The Genomic STate ANnotation Package",
    "upvoted": 0,
    "url": "http://api.anaconda.org/packages/bioconda/bioconductor-stan",
    "versions": [
        "2.6.0",
        "2.8.0",
        "2.10.0",
        "2.12.0",
        "2.14.0",
        "2.16.0"
    ],
    "watchers": 1
}