{
    "app_entry": {},
    "app_summary": {},
    "app_type": {},
    "builds": [
        "r351_0",
        "r36_1",
        "r40_0",
        "r36_0"
    ],
    "conda_platforms": [
        "noarch"
    ],
    "created_at": "2018-12-14 11:18:01.858000+00:00",
    "description": "gene target tabale of miRNA for human/mouse used for MiRaGE package",
    "dev_url": null,
    "doc_url": null,
    "files": [
        {
            "attrs": {
                "arch": null,
                "build": "r351_0",
                "build_number": 0,
                "depends": [
                    "bioconductor-biobase >=2.42.0,<2.43.0",
                    "r-base >=3.5.1,<3.5.2.0a0",
                    "wget"
                ],
                "has_prefix": false,
                "license": "GPL",
                "machine": null,
                "noarch": "generic",
                "operatingsystem": null,
                "platform": null,
                "subdir": "noarch",
                "target-triplet": "None-any-None",
                "timestamp": 1544786119826
            },
            "basename": "noarch/bioconductor-mirnatarget-1.20.0-r351_0.tar.bz2",
            "dependencies": {
                "depends": [
                    {
                        "name": "bioconductor-biobase",
                        "specs": [
                            [
                                ">=",
                                "2.42.0,<2.43.0"
                            ]
                        ]
                    },
                    {
                        "name": "r-base",
                        "specs": [
                            [
                                ">=",
                                "3.5.1,<3.5.2.0a0"
                            ]
                        ]
                    },
                    {
                        "name": "wget",
                        "specs": []
                    }
                ]
            },
            "description": null,
            "distribution_type": "conda",
            "download_url": "//api.anaconda.org/download/bioconda/bioconductor-mirnatarget/1.20.0/noarch/bioconductor-mirnatarget-1.20.0-r351_0.tar.bz2",
            "full_name": "bioconda/bioconductor-mirnatarget/1.20.0/noarch/bioconductor-mirnatarget-1.20.0-r351_0.tar.bz2",
            "labels": [
                "gcc7",
                "main"
            ],
            "md5": "efc738eba4cb2c09c37549b7fdd8351e",
            "ndownloads": 86,
            "owner": "bioconda",
            "size": 5950,
            "type": "conda",
            "upload_time": "2018-12-14 11:18:02.614000+00:00",
            "version": "1.20.0"
        },
        {
            "attrs": {
                "arch": null,
                "build": "r36_1",
                "build_number": 1,
                "depends": [
                    "bioconductor-biobase >=2.44.0,<2.45.0",
                    "curl >=7.65.3,<8.0a0",
                    "r-base >=3.6,<3.7.0a0"
                ],
                "has_prefix": false,
                "license": "GPL",
                "machine": null,
                "noarch": "generic",
                "operatingsystem": null,
                "platform": null,
                "subdir": "noarch",
                "target-triplet": "None-any-None",
                "timestamp": 1563921456930
            },
            "basename": "noarch/bioconductor-mirnatarget-1.22.0-r36_1.tar.bz2",
            "dependencies": {
                "depends": [
                    {
                        "name": "bioconductor-biobase",
                        "specs": [
                            [
                                ">=",
                                "2.44.0,<2.45.0"
                            ]
                        ]
                    },
                    {
                        "name": "curl",
                        "specs": [
                            [
                                ">=",
                                "7.65.3,<8.0a0"
                            ]
                        ]
                    },
                    {
                        "name": "r-base",
                        "specs": [
                            [
                                ">=",
                                "3.6,<3.7.0a0"
                            ]
                        ]
                    }
                ]
            },
            "description": null,
            "distribution_type": "conda",
            "download_url": "//api.anaconda.org/download/bioconda/bioconductor-mirnatarget/1.22.0/noarch/bioconductor-mirnatarget-1.22.0-r36_1.tar.bz2",
            "full_name": "bioconda/bioconductor-mirnatarget/1.22.0/noarch/bioconductor-mirnatarget-1.22.0-r36_1.tar.bz2",
            "labels": [
                "main"
            ],
            "md5": "7c9b88de71800db715f70b1df39aeb47",
            "ndownloads": 50,
            "owner": "bioconda",
            "size": 6411,
            "type": "conda",
            "upload_time": "2019-07-23 22:41:39.345000+00:00",
            "version": "1.22.0"
        },
        {
            "attrs": {
                "arch": null,
                "build": "r36_0",
                "build_number": 0,
                "depends": [
                    "bioconductor-biobase >=2.46.0,<2.47.0",
                    "curl >=7.65.3,<8.0a0",
                    "r-base >=3.6,<3.7.0a0"
                ],
                "has_prefix": false,
                "license": "GPL",
                "machine": null,
                "noarch": "generic",
                "operatingsystem": null,
                "platform": null,
                "subdir": "noarch",
                "target-triplet": "None-any-None",
                "timestamp": 1573069207655
            },
            "basename": "noarch/bioconductor-mirnatarget-1.24.0-r36_0.tar.bz2",
            "dependencies": {
                "depends": [
                    {
                        "name": "bioconductor-biobase",
                        "specs": [
                            [
                                ">=",
                                "2.46.0,<2.47.0"
                            ]
                        ]
                    },
                    {
                        "name": "curl",
                        "specs": [
                            [
                                ">=",
                                "7.65.3,<8.0a0"
                            ]
                        ]
                    },
                    {
                        "name": "r-base",
                        "specs": [
                            [
                                ">=",
                                "3.6,<3.7.0a0"
                            ]
                        ]
                    }
                ]
            },
            "description": null,
            "distribution_type": "conda",
            "download_url": "//api.anaconda.org/download/bioconda/bioconductor-mirnatarget/1.24.0/noarch/bioconductor-mirnatarget-1.24.0-r36_0.tar.bz2",
            "full_name": "bioconda/bioconductor-mirnatarget/1.24.0/noarch/bioconductor-mirnatarget-1.24.0-r36_0.tar.bz2",
            "labels": [
                "main"
            ],
            "md5": "fe752ef695bc43cadbc716e8ebfd517f",
            "ndownloads": 41,
            "owner": "bioconda",
            "size": 17535,
            "type": "conda",
            "upload_time": "2019-11-06 19:44:22.077000+00:00",
            "version": "1.24.0"
        },
        {
            "attrs": {
                "arch": null,
                "build": "r40_0",
                "build_number": 0,
                "depends": [
                    "bioconductor-biobase >=2.48.0,<2.49.0",
                    "curl >=7.69.1,<8.0a0",
                    "r-base >=4.0,<4.1.0a0"
                ],
                "has_prefix": false,
                "license": "GPL",
                "machine": null,
                "noarch": "generic",
                "operatingsystem": null,
                "platform": null,
                "subdir": "noarch",
                "target-triplet": "None-any-None",
                "timestamp": 1589109502978
            },
            "basename": "noarch/bioconductor-mirnatarget-1.26.0-r40_0.tar.bz2",
            "dependencies": {
                "depends": [
                    {
                        "name": "bioconductor-biobase",
                        "specs": [
                            [
                                ">=",
                                "2.48.0,<2.49.0"
                            ]
                        ]
                    },
                    {
                        "name": "curl",
                        "specs": [
                            [
                                ">=",
                                "7.69.1,<8.0a0"
                            ]
                        ]
                    },
                    {
                        "name": "r-base",
                        "specs": [
                            [
                                ">=",
                                "4.0,<4.1.0a0"
                            ]
                        ]
                    }
                ]
            },
            "description": null,
            "distribution_type": "conda",
            "download_url": "//api.anaconda.org/download/bioconda/bioconductor-mirnatarget/1.26.0/noarch/bioconductor-mirnatarget-1.26.0-r40_0.tar.bz2",
            "full_name": "bioconda/bioconductor-mirnatarget/1.26.0/noarch/bioconductor-mirnatarget-1.26.0-r40_0.tar.bz2",
            "labels": [
                "main"
            ],
            "md5": "afffab9efa664951cfb66d72484545da",
            "ndownloads": 15,
            "owner": "bioconda",
            "size": 17919,
            "type": "conda",
            "upload_time": "2020-05-10 11:22:43.159000+00:00",
            "version": "1.26.0"
        }
    ],
    "full_name": "bioconda/bioconductor-mirnatarget",
    "home": "https://bioconductor.org/packages/3.8/data/experiment/html/miRNATarget.html",
    "html_url": "http://anaconda.org/bioconda/bioconductor-mirnatarget",
    "id": "5c13916937f3391343c35541",
    "latest_version": "1.26.0",
    "license": "GPL",
    "license_url": null,
    "modified_at": "2020-05-10 11:22:43.504000+00:00",
    "name": "bioconductor-mirnatarget",
    "owner": {
        "company": "",
        "created_at": "2015-09-11 22:59:20.880000+00:00",
        "description": "Bioconda is a distribution of bioinformatics software realized as a channel for the versatile Conda package manager.",
        "location": "",
        "login": "bioconda",
        "name": "bioconda",
        "url": "",
        "user_type": "org"
    },
    "package_types": [
        "conda"
    ],
    "public": true,
    "releases": [
        {
            "distributions": [],
            "full_name": "bioconda/bioconductor-mirnatarget/1.20.0",
            "version": "1.20.0"
        },
        {
            "distributions": [],
            "full_name": "bioconda/bioconductor-mirnatarget/1.22.0",
            "version": "1.22.0"
        },
        {
            "distributions": [],
            "full_name": "bioconda/bioconductor-mirnatarget/1.23.0",
            "version": "1.23.0"
        },
        {
            "distributions": [],
            "full_name": "bioconda/bioconductor-mirnatarget/1.24.0",
            "version": "1.24.0"
        },
        {
            "distributions": [],
            "full_name": "bioconda/bioconductor-mirnatarget/1.26.0",
            "version": "1.26.0"
        }
    ],
    "revision": 10,
    "source_git_tag": null,
    "source_git_url": null,
    "summary": "gene target tabale of miRNA for human/mouse used for MiRaGE package",
    "upvoted": 0,
    "url": "http://api.anaconda.org/packages/bioconda/bioconductor-mirnatarget",
    "versions": [
        "1.20.0",
        "1.22.0",
        "1.23.0",
        "1.24.0",
        "1.26.0"
    ],
    "watchers": 1
}