{
    "app_entry": {},
    "app_summary": {},
    "app_type": {},
    "builds": [
        "r351_0",
        "r36_1",
        "r40_0",
        "r36_0"
    ],
    "conda_platforms": [
        "noarch"
    ],
    "created_at": "2018-12-22 09:16:31.883000+00:00",
    "description": "brainImageRdata contains image masks for the developing human and the adult human brain. These masks can be used in conjunction with the gene expression data to generate spatial gene set enrichment plots. It also contains the expression data for the 15 pcw human brain, the adult human brain, and the developing human brain.",
    "dev_url": null,
    "doc_url": null,
    "files": [
        {
            "attrs": {
                "arch": null,
                "build": "r351_0",
                "build_number": 0,
                "depends": [
                    "bioconductor-experimenthub >=1.8.0,<1.9.0",
                    "r-base >=3.5.1,<3.5.2.0a0",
                    "wget"
                ],
                "has_prefix": false,
                "license": "CC BY-SA 4.0",
                "machine": null,
                "noarch": "generic",
                "operatingsystem": null,
                "platform": null,
                "subdir": "noarch",
                "target-triplet": "None-any-None",
                "timestamp": 1545469956816
            },
            "basename": "noarch/bioconductor-brainimagerdata-1.0.0-r351_0.tar.bz2",
            "dependencies": {
                "depends": [
                    {
                        "name": "bioconductor-experimenthub",
                        "specs": [
                            [
                                ">=",
                                "1.8.0,<1.9.0"
                            ]
                        ]
                    },
                    {
                        "name": "r-base",
                        "specs": [
                            [
                                ">=",
                                "3.5.1,<3.5.2.0a0"
                            ]
                        ]
                    },
                    {
                        "name": "wget",
                        "specs": []
                    }
                ]
            },
            "description": null,
            "distribution_type": "conda",
            "download_url": "//api.anaconda.org/download/bioconda/bioconductor-brainimagerdata/1.0.0/noarch/bioconductor-brainimagerdata-1.0.0-r351_0.tar.bz2",
            "full_name": "bioconda/bioconductor-brainimagerdata/1.0.0/noarch/bioconductor-brainimagerdata-1.0.0-r351_0.tar.bz2",
            "labels": [
                "gcc7",
                "main"
            ],
            "md5": "9349d15e263ca5abc0db8883db4246c9",
            "ndownloads": 79,
            "owner": "bioconda",
            "size": 6697,
            "type": "conda",
            "upload_time": "2018-12-22 09:16:32.670000+00:00",
            "version": "1.0.0"
        },
        {
            "attrs": {
                "arch": null,
                "build": "r36_1",
                "build_number": 1,
                "depends": [
                    "bioconductor-experimenthub >=1.10.0,<1.11.0",
                    "curl >=7.65.3,<8.0a0",
                    "r-base >=3.6,<3.7.0a0"
                ],
                "has_prefix": false,
                "license": "CC BY-SA 4.0",
                "machine": null,
                "noarch": "generic",
                "operatingsystem": null,
                "platform": null,
                "subdir": "noarch",
                "target-triplet": "None-any-None",
                "timestamp": 1564328480336
            },
            "basename": "noarch/bioconductor-brainimagerdata-1.2.0-r36_1.tar.bz2",
            "dependencies": {
                "depends": [
                    {
                        "name": "bioconductor-experimenthub",
                        "specs": [
                            [
                                ">=",
                                "1.10.0,<1.11.0"
                            ]
                        ]
                    },
                    {
                        "name": "curl",
                        "specs": [
                            [
                                ">=",
                                "7.65.3,<8.0a0"
                            ]
                        ]
                    },
                    {
                        "name": "r-base",
                        "specs": [
                            [
                                ">=",
                                "3.6,<3.7.0a0"
                            ]
                        ]
                    }
                ]
            },
            "description": null,
            "distribution_type": "conda",
            "download_url": "//api.anaconda.org/download/bioconda/bioconductor-brainimagerdata/1.2.0/noarch/bioconductor-brainimagerdata-1.2.0-r36_1.tar.bz2",
            "full_name": "bioconda/bioconductor-brainimagerdata/1.2.0/noarch/bioconductor-brainimagerdata-1.2.0-r36_1.tar.bz2",
            "labels": [
                "main"
            ],
            "md5": "50fb16a609eb7b10b469e69b34ffad99",
            "ndownloads": 51,
            "owner": "bioconda",
            "size": 7151,
            "type": "conda",
            "upload_time": "2019-07-28 15:45:35.941000+00:00",
            "version": "1.2.0"
        },
        {
            "attrs": {
                "arch": null,
                "build": "r36_0",
                "build_number": 0,
                "depends": [
                    "bioconductor-experimenthub >=1.12.0,<1.13.0",
                    "curl >=7.65.3,<8.0a0",
                    "r-base >=3.6,<3.7.0a0"
                ],
                "has_prefix": false,
                "license": "CC BY-SA 4.0",
                "machine": null,
                "noarch": "generic",
                "operatingsystem": null,
                "platform": null,
                "subdir": "noarch",
                "target-triplet": "None-any-None",
                "timestamp": 1573123269092
            },
            "basename": "noarch/bioconductor-brainimagerdata-1.4.0-r36_0.tar.bz2",
            "dependencies": {
                "depends": [
                    {
                        "name": "bioconductor-experimenthub",
                        "specs": [
                            [
                                ">=",
                                "1.12.0,<1.13.0"
                            ]
                        ]
                    },
                    {
                        "name": "curl",
                        "specs": [
                            [
                                ">=",
                                "7.65.3,<8.0a0"
                            ]
                        ]
                    },
                    {
                        "name": "r-base",
                        "specs": [
                            [
                                ">=",
                                "3.6,<3.7.0a0"
                            ]
                        ]
                    }
                ]
            },
            "description": null,
            "distribution_type": "conda",
            "download_url": "//api.anaconda.org/download/bioconda/bioconductor-brainimagerdata/1.4.0/noarch/bioconductor-brainimagerdata-1.4.0-r36_0.tar.bz2",
            "full_name": "bioconda/bioconductor-brainimagerdata/1.4.0/noarch/bioconductor-brainimagerdata-1.4.0-r36_0.tar.bz2",
            "labels": [
                "main"
            ],
            "md5": "8414af730d3e7d1981348d204d150cef",
            "ndownloads": 33,
            "owner": "bioconda",
            "size": 7273,
            "type": "conda",
            "upload_time": "2019-11-07 10:45:24.684000+00:00",
            "version": "1.4.0"
        },
        {
            "attrs": {
                "arch": null,
                "build": "r40_0",
                "build_number": 0,
                "depends": [
                    "bioconductor-experimenthub >=1.14.0,<1.15.0",
                    "curl >=7.69.1,<8.0a0",
                    "r-base >=4.0,<4.1.0a0"
                ],
                "has_prefix": false,
                "license": "CC BY-SA 4.0",
                "machine": null,
                "noarch": "generic",
                "operatingsystem": null,
                "platform": null,
                "subdir": "noarch",
                "target-triplet": "None-any-None",
                "timestamp": 1589161795828
            },
            "basename": "noarch/bioconductor-brainimagerdata-1.6.0-r40_0.tar.bz2",
            "dependencies": {
                "depends": [
                    {
                        "name": "bioconductor-experimenthub",
                        "specs": [
                            [
                                ">=",
                                "1.14.0,<1.15.0"
                            ]
                        ]
                    },
                    {
                        "name": "curl",
                        "specs": [
                            [
                                ">=",
                                "7.69.1,<8.0a0"
                            ]
                        ]
                    },
                    {
                        "name": "r-base",
                        "specs": [
                            [
                                ">=",
                                "4.0,<4.1.0a0"
                            ]
                        ]
                    }
                ]
            },
            "description": null,
            "distribution_type": "conda",
            "download_url": "//api.anaconda.org/download/bioconda/bioconductor-brainimagerdata/1.6.0/noarch/bioconductor-brainimagerdata-1.6.0-r40_0.tar.bz2",
            "full_name": "bioconda/bioconductor-brainimagerdata/1.6.0/noarch/bioconductor-brainimagerdata-1.6.0-r40_0.tar.bz2",
            "labels": [
                "main"
            ],
            "md5": "d7c81f8650d605fbb3ebfea37a544208",
            "ndownloads": 13,
            "owner": "bioconda",
            "size": 7648,
            "type": "conda",
            "upload_time": "2020-05-11 01:55:21.830000+00:00",
            "version": "1.6.0"
        }
    ],
    "full_name": "bioconda/bioconductor-brainimagerdata",
    "home": "https://bioconductor.org/packages/3.8/data/experiment/html/brainImageRdata.html",
    "html_url": "http://anaconda.org/bioconda/bioconductor-brainimagerdata",
    "id": "5c1e00ef37f33913411f4c62",
    "latest_version": "1.6.0",
    "license": "CC BY-SA 4.0",
    "license_url": null,
    "modified_at": "2020-05-11 01:55:22.016000+00:00",
    "name": "bioconductor-brainimagerdata",
    "owner": {
        "company": "",
        "created_at": "2015-09-11 22:59:20.880000+00:00",
        "description": "Bioconda is a distribution of bioinformatics software realized as a channel for the versatile Conda package manager.",
        "location": "",
        "login": "bioconda",
        "name": "bioconda",
        "url": "",
        "user_type": "org"
    },
    "package_types": [
        "conda"
    ],
    "public": true,
    "releases": [
        {
            "distributions": [],
            "full_name": "bioconda/bioconductor-brainimagerdata/1.0.0",
            "version": "1.0.0"
        },
        {
            "distributions": [],
            "full_name": "bioconda/bioconductor-brainimagerdata/1.2.0",
            "version": "1.2.0"
        },
        {
            "distributions": [],
            "full_name": "bioconda/bioconductor-brainimagerdata/1.3.0",
            "version": "1.3.0"
        },
        {
            "distributions": [],
            "full_name": "bioconda/bioconductor-brainimagerdata/1.4.0",
            "version": "1.4.0"
        },
        {
            "distributions": [],
            "full_name": "bioconda/bioconductor-brainimagerdata/1.6.0",
            "version": "1.6.0"
        }
    ],
    "revision": 10,
    "source_git_tag": null,
    "source_git_url": null,
    "summary": "Image masks and expression data for use with BrainImageR",
    "upvoted": 0,
    "url": "http://api.anaconda.org/packages/bioconda/bioconductor-brainimagerdata",
    "versions": [
        "1.0.0",
        "1.2.0",
        "1.3.0",
        "1.4.0",
        "1.6.0"
    ],
    "watchers": 1
}