{
    "app_entry": {},
    "app_summary": {},
    "app_type": {},
    "builds": [
        "r36_0",
        "r40_0"
    ],
    "conda_platforms": [
        "noarch"
    ],
    "created_at": "2019-11-03 21:58:58.576000+00:00",
    "description": "DMCFB is a pipeline for identifying differentially methylated cytosines using a Bayesian functional regression model in bisulfite sequencing data. By using a functional regression data model, it tries to capture position-specific, group-specific and other covariates-specific methylation patterns as well as spatial correlation patterns and unknown underlying models of methylation data. It is robust and flexible with respect to the true underlying models and inclusion of any covariates, and the missing values are imputed using spatial correlation between positions and samples. A Bayesian approach is adopted for estimation and inference in the proposed method.",
    "dev_url": null,
    "doc_url": null,
    "files": [
        {
            "attrs": {
                "arch": null,
                "build": "r36_0",
                "build_number": 0,
                "depends": [
                    "bioconductor-biocparallel >=1.20.0,<1.21.0",
                    "bioconductor-genomicranges >=1.38.0,<1.39.0",
                    "bioconductor-iranges >=2.20.0,<2.21.0",
                    "bioconductor-rtracklayer >=1.46.0,<1.47.0",
                    "bioconductor-s4vectors >=0.24.0,<0.25.0",
                    "bioconductor-summarizedexperiment >=1.16.0,<1.17.0",
                    "r-arm",
                    "r-base >=3.6,<3.7.0a0",
                    "r-benchmarkme",
                    "r-data.table",
                    "r-fastdummies",
                    "r-mass",
                    "r-matrixstats",
                    "r-speedglm",
                    "r-tibble"
                ],
                "has_prefix": false,
                "license": "GPL-3",
                "machine": null,
                "noarch": "generic",
                "operatingsystem": null,
                "platform": null,
                "subdir": "noarch",
                "target-triplet": "None-any-None",
                "timestamp": 1572818015718
            },
            "basename": "noarch/bioconductor-dmcfb-1.0.0-r36_0.tar.bz2",
            "dependencies": {
                "depends": [
                    {
                        "name": "bioconductor-biocparallel",
                        "specs": [
                            [
                                ">=",
                                "1.20.0,<1.21.0"
                            ]
                        ]
                    },
                    {
                        "name": "bioconductor-genomicranges",
                        "specs": [
                            [
                                ">=",
                                "1.38.0,<1.39.0"
                            ]
                        ]
                    },
                    {
                        "name": "bioconductor-iranges",
                        "specs": [
                            [
                                ">=",
                                "2.20.0,<2.21.0"
                            ]
                        ]
                    },
                    {
                        "name": "bioconductor-rtracklayer",
                        "specs": [
                            [
                                ">=",
                                "1.46.0,<1.47.0"
                            ]
                        ]
                    },
                    {
                        "name": "bioconductor-s4vectors",
                        "specs": [
                            [
                                ">=",
                                "0.24.0,<0.25.0"
                            ]
                        ]
                    },
                    {
                        "name": "bioconductor-summarizedexperiment",
                        "specs": [
                            [
                                ">=",
                                "1.16.0,<1.17.0"
                            ]
                        ]
                    },
                    {
                        "name": "r-arm",
                        "specs": []
                    },
                    {
                        "name": "r-base",
                        "specs": [
                            [
                                ">=",
                                "3.6,<3.7.0a0"
                            ]
                        ]
                    },
                    {
                        "name": "r-benchmarkme",
                        "specs": []
                    },
                    {
                        "name": "r-data.table",
                        "specs": []
                    },
                    {
                        "name": "r-fastdummies",
                        "specs": []
                    },
                    {
                        "name": "r-mass",
                        "specs": []
                    },
                    {
                        "name": "r-matrixstats",
                        "specs": []
                    },
                    {
                        "name": "r-speedglm",
                        "specs": []
                    },
                    {
                        "name": "r-tibble",
                        "specs": []
                    }
                ]
            },
            "description": null,
            "distribution_type": "conda",
            "download_url": "//api.anaconda.org/download/bioconda/bioconductor-dmcfb/1.0.0/noarch/bioconductor-dmcfb-1.0.0-r36_0.tar.bz2",
            "full_name": "bioconda/bioconductor-dmcfb/1.0.0/noarch/bioconductor-dmcfb-1.0.0-r36_0.tar.bz2",
            "labels": [
                "main"
            ],
            "md5": "ed1141288634aef558ad5a71e45ae243",
            "ndownloads": 45,
            "owner": "bioconda",
            "size": 1075378,
            "type": "conda",
            "upload_time": "2019-11-03 21:58:59.300000+00:00",
            "version": "1.0.0"
        },
        {
            "attrs": {
                "arch": null,
                "build": "r40_0",
                "build_number": 0,
                "depends": [
                    "bioconductor-biocparallel >=1.22.0,<1.23.0",
                    "bioconductor-genomicranges >=1.40.0,<1.41.0",
                    "bioconductor-iranges >=2.22.0,<2.23.0",
                    "bioconductor-rtracklayer >=1.48.0,<1.49.0",
                    "bioconductor-s4vectors >=0.26.0,<0.27.0",
                    "bioconductor-summarizedexperiment >=1.18.0,<1.19.0",
                    "r-arm",
                    "r-base >=4.0,<4.1.0a0",
                    "r-benchmarkme",
                    "r-data.table",
                    "r-fastdummies",
                    "r-mass",
                    "r-matrixstats",
                    "r-speedglm",
                    "r-tibble"
                ],
                "has_prefix": false,
                "license": "GPL-3",
                "machine": null,
                "noarch": "generic",
                "operatingsystem": null,
                "platform": null,
                "subdir": "noarch",
                "target-triplet": "None-any-None",
                "timestamp": 1589160634986
            },
            "basename": "noarch/bioconductor-dmcfb-1.2.0-r40_0.tar.bz2",
            "dependencies": {
                "depends": [
                    {
                        "name": "bioconductor-biocparallel",
                        "specs": [
                            [
                                ">=",
                                "1.22.0,<1.23.0"
                            ]
                        ]
                    },
                    {
                        "name": "bioconductor-genomicranges",
                        "specs": [
                            [
                                ">=",
                                "1.40.0,<1.41.0"
                            ]
                        ]
                    },
                    {
                        "name": "bioconductor-iranges",
                        "specs": [
                            [
                                ">=",
                                "2.22.0,<2.23.0"
                            ]
                        ]
                    },
                    {
                        "name": "bioconductor-rtracklayer",
                        "specs": [
                            [
                                ">=",
                                "1.48.0,<1.49.0"
                            ]
                        ]
                    },
                    {
                        "name": "bioconductor-s4vectors",
                        "specs": [
                            [
                                ">=",
                                "0.26.0,<0.27.0"
                            ]
                        ]
                    },
                    {
                        "name": "bioconductor-summarizedexperiment",
                        "specs": [
                            [
                                ">=",
                                "1.18.0,<1.19.0"
                            ]
                        ]
                    },
                    {
                        "name": "r-arm",
                        "specs": []
                    },
                    {
                        "name": "r-base",
                        "specs": [
                            [
                                ">=",
                                "4.0,<4.1.0a0"
                            ]
                        ]
                    },
                    {
                        "name": "r-benchmarkme",
                        "specs": []
                    },
                    {
                        "name": "r-data.table",
                        "specs": []
                    },
                    {
                        "name": "r-fastdummies",
                        "specs": []
                    },
                    {
                        "name": "r-mass",
                        "specs": []
                    },
                    {
                        "name": "r-matrixstats",
                        "specs": []
                    },
                    {
                        "name": "r-speedglm",
                        "specs": []
                    },
                    {
                        "name": "r-tibble",
                        "specs": []
                    }
                ]
            },
            "description": null,
            "distribution_type": "conda",
            "download_url": "//api.anaconda.org/download/bioconda/bioconductor-dmcfb/1.2.0/noarch/bioconductor-dmcfb-1.2.0-r40_0.tar.bz2",
            "full_name": "bioconda/bioconductor-dmcfb/1.2.0/noarch/bioconductor-dmcfb-1.2.0-r40_0.tar.bz2",
            "labels": [
                "main"
            ],
            "md5": "aef695dcf49c9f637d2a42f98d67d553",
            "ndownloads": 17,
            "owner": "bioconda",
            "size": 1091055,
            "type": "conda",
            "upload_time": "2020-05-11 01:36:17.019000+00:00",
            "version": "1.2.0"
        }
    ],
    "full_name": "bioconda/bioconductor-dmcfb",
    "home": "https://bioconductor.org/packages/3.10/bioc/html/DMCFB.html",
    "html_url": "http://anaconda.org/bioconda/bioconductor-dmcfb",
    "id": "5dbf4da278705804033e3a9e",
    "latest_version": "1.2.0",
    "license": "GPL-3",
    "license_url": null,
    "modified_at": "2020-05-11 01:36:17.408000+00:00",
    "name": "bioconductor-dmcfb",
    "owner": {
        "company": "",
        "created_at": "2015-09-11 22:59:20.880000+00:00",
        "description": "Bioconda is a distribution of bioinformatics software realized as a channel for the versatile Conda package manager.",
        "location": "",
        "login": "bioconda",
        "name": "bioconda",
        "url": "",
        "user_type": "org"
    },
    "package_types": [
        "conda"
    ],
    "public": true,
    "releases": [
        {
            "distributions": [],
            "full_name": "bioconda/bioconductor-dmcfb/1.0.0",
            "version": "1.0.0"
        },
        {
            "distributions": [],
            "full_name": "bioconda/bioconductor-dmcfb/1.2.0",
            "version": "1.2.0"
        }
    ],
    "revision": 4,
    "source_git_tag": null,
    "source_git_url": null,
    "summary": "Differentially Methylated Cytosines via a Bayesian Functional Approach",
    "upvoted": 0,
    "url": "http://api.anaconda.org/packages/bioconda/bioconductor-dmcfb",
    "versions": [
        "1.0.0",
        "1.2.0"
    ],
    "watchers": 1
}