{
    "app_entry": {},
    "app_summary": {},
    "app_type": {},
    "builds": [
        "r351_0",
        "r36_1",
        "r40_0",
        "r36_0"
    ],
    "conda_platforms": [
        "noarch"
    ],
    "created_at": "2018-12-30 18:45:41.972000+00:00",
    "description": "demonstrate storage discipline for eQTL enumerations and analyses based on a selection of GEUVADIS results",
    "dev_url": null,
    "doc_url": null,
    "files": [
        {
            "attrs": {
                "arch": null,
                "build": "r351_0",
                "build_number": 0,
                "depends": [
                    "bioconductor-genomicranges >=1.34.0,<1.35.0",
                    "bioconductor-gqtlbase >=1.14.0,<1.15.0",
                    "r-base >=3.5.1,<3.5.2.0a0",
                    "r-batchjobs",
                    "wget"
                ],
                "has_prefix": false,
                "license": "Artistic-2.0",
                "machine": null,
                "noarch": "generic",
                "operatingsystem": null,
                "platform": null,
                "subdir": "noarch",
                "target-triplet": "None-any-None",
                "timestamp": 1546195125061
            },
            "basename": "noarch/bioconductor-geuvstore2-1.12.0-r351_0.tar.bz2",
            "dependencies": {
                "depends": [
                    {
                        "name": "bioconductor-genomicranges",
                        "specs": [
                            [
                                ">=",
                                "1.34.0,<1.35.0"
                            ]
                        ]
                    },
                    {
                        "name": "bioconductor-gqtlbase",
                        "specs": [
                            [
                                ">=",
                                "1.14.0,<1.15.0"
                            ]
                        ]
                    },
                    {
                        "name": "r-base",
                        "specs": [
                            [
                                ">=",
                                "3.5.1,<3.5.2.0a0"
                            ]
                        ]
                    },
                    {
                        "name": "r-batchjobs",
                        "specs": []
                    },
                    {
                        "name": "wget",
                        "specs": []
                    }
                ]
            },
            "description": null,
            "distribution_type": "conda",
            "download_url": "//api.anaconda.org/download/bioconda/bioconductor-geuvstore2/1.12.0/noarch/bioconductor-geuvstore2-1.12.0-r351_0.tar.bz2",
            "full_name": "bioconda/bioconductor-geuvstore2/1.12.0/noarch/bioconductor-geuvstore2-1.12.0-r351_0.tar.bz2",
            "labels": [
                "gcc7",
                "main"
            ],
            "md5": "850254375adf80f2cd71246a7b7fe2e2",
            "ndownloads": 88,
            "owner": "bioconda",
            "size": 6980,
            "type": "conda",
            "upload_time": "2018-12-30 18:45:42.644000+00:00",
            "version": "1.12.0"
        },
        {
            "attrs": {
                "arch": null,
                "build": "r36_1",
                "build_number": 1,
                "depends": [
                    "bioconductor-genomicranges >=1.36.0,<1.37.0",
                    "bioconductor-gqtlbase >=1.16.0,<1.17.0",
                    "curl >=7.65.3,<8.0a0",
                    "r-base >=3.6,<3.7.0a0",
                    "r-batchjobs"
                ],
                "has_prefix": false,
                "license": "Artistic-2.0",
                "machine": null,
                "noarch": "generic",
                "operatingsystem": null,
                "platform": null,
                "subdir": "noarch",
                "target-triplet": "None-any-None",
                "timestamp": 1565770654153
            },
            "basename": "noarch/bioconductor-geuvstore2-1.14.0-r36_1.tar.bz2",
            "dependencies": {
                "depends": [
                    {
                        "name": "bioconductor-genomicranges",
                        "specs": [
                            [
                                ">=",
                                "1.36.0,<1.37.0"
                            ]
                        ]
                    },
                    {
                        "name": "bioconductor-gqtlbase",
                        "specs": [
                            [
                                ">=",
                                "1.16.0,<1.17.0"
                            ]
                        ]
                    },
                    {
                        "name": "curl",
                        "specs": [
                            [
                                ">=",
                                "7.65.3,<8.0a0"
                            ]
                        ]
                    },
                    {
                        "name": "r-base",
                        "specs": [
                            [
                                ">=",
                                "3.6,<3.7.0a0"
                            ]
                        ]
                    },
                    {
                        "name": "r-batchjobs",
                        "specs": []
                    }
                ]
            },
            "description": null,
            "distribution_type": "conda",
            "download_url": "//api.anaconda.org/download/bioconda/bioconductor-geuvstore2/1.14.0/noarch/bioconductor-geuvstore2-1.14.0-r36_1.tar.bz2",
            "full_name": "bioconda/bioconductor-geuvstore2/1.14.0/noarch/bioconductor-geuvstore2-1.14.0-r36_1.tar.bz2",
            "labels": [
                "main"
            ],
            "md5": "44e74a8c9cec8829b1155ee4f5a077d3",
            "ndownloads": 41,
            "owner": "bioconda",
            "size": 7308,
            "type": "conda",
            "upload_time": "2019-08-14 08:25:21.637000+00:00",
            "version": "1.14.0"
        },
        {
            "attrs": {
                "arch": null,
                "build": "r36_0",
                "build_number": 0,
                "depends": [
                    "bioconductor-genomicranges >=1.38.0,<1.39.0",
                    "bioconductor-gqtlbase >=1.18.0,<1.19.0",
                    "curl >=7.65.3,<8.0a0",
                    "r-base >=3.6,<3.7.0a0",
                    "r-batchjobs"
                ],
                "has_prefix": false,
                "license": "Artistic-2.0",
                "machine": null,
                "noarch": "generic",
                "operatingsystem": null,
                "platform": null,
                "subdir": "noarch",
                "target-triplet": "None-any-None",
                "timestamp": 1573075547867
            },
            "basename": "noarch/bioconductor-geuvstore2-1.16.0-r36_0.tar.bz2",
            "dependencies": {
                "depends": [
                    {
                        "name": "bioconductor-genomicranges",
                        "specs": [
                            [
                                ">=",
                                "1.38.0,<1.39.0"
                            ]
                        ]
                    },
                    {
                        "name": "bioconductor-gqtlbase",
                        "specs": [
                            [
                                ">=",
                                "1.18.0,<1.19.0"
                            ]
                        ]
                    },
                    {
                        "name": "curl",
                        "specs": [
                            [
                                ">=",
                                "7.65.3,<8.0a0"
                            ]
                        ]
                    },
                    {
                        "name": "r-base",
                        "specs": [
                            [
                                ">=",
                                "3.6,<3.7.0a0"
                            ]
                        ]
                    },
                    {
                        "name": "r-batchjobs",
                        "specs": []
                    }
                ]
            },
            "description": null,
            "distribution_type": "conda",
            "download_url": "//api.anaconda.org/download/bioconda/bioconductor-geuvstore2/1.16.0/noarch/bioconductor-geuvstore2-1.16.0-r36_0.tar.bz2",
            "full_name": "bioconda/bioconductor-geuvstore2/1.16.0/noarch/bioconductor-geuvstore2-1.16.0-r36_0.tar.bz2",
            "labels": [
                "main"
            ],
            "md5": "f29e31882e89d1b6307cd09c1d0b7274",
            "ndownloads": 36,
            "owner": "bioconda",
            "size": 7501,
            "type": "conda",
            "upload_time": "2019-11-06 21:34:33.551000+00:00",
            "version": "1.16.0"
        },
        {
            "attrs": {
                "arch": null,
                "build": "r40_0",
                "build_number": 0,
                "depends": [
                    "bioconductor-genomicranges >=1.40.0,<1.41.0",
                    "bioconductor-gqtlbase >=1.20.0,<1.21.0",
                    "curl >=7.69.1,<8.0a0",
                    "r-base >=4.0,<4.1.0a0",
                    "r-batchjobs"
                ],
                "has_prefix": false,
                "license": "Artistic-2.0",
                "machine": null,
                "noarch": "generic",
                "operatingsystem": null,
                "platform": null,
                "subdir": "noarch",
                "target-triplet": "None-any-None",
                "timestamp": 1589233403897
            },
            "basename": "noarch/bioconductor-geuvstore2-1.18.0-r40_0.tar.bz2",
            "dependencies": {
                "depends": [
                    {
                        "name": "bioconductor-genomicranges",
                        "specs": [
                            [
                                ">=",
                                "1.40.0,<1.41.0"
                            ]
                        ]
                    },
                    {
                        "name": "bioconductor-gqtlbase",
                        "specs": [
                            [
                                ">=",
                                "1.20.0,<1.21.0"
                            ]
                        ]
                    },
                    {
                        "name": "curl",
                        "specs": [
                            [
                                ">=",
                                "7.69.1,<8.0a0"
                            ]
                        ]
                    },
                    {
                        "name": "r-base",
                        "specs": [
                            [
                                ">=",
                                "4.0,<4.1.0a0"
                            ]
                        ]
                    },
                    {
                        "name": "r-batchjobs",
                        "specs": []
                    }
                ]
            },
            "description": null,
            "distribution_type": "conda",
            "download_url": "//api.anaconda.org/download/bioconda/bioconductor-geuvstore2/1.18.0/noarch/bioconductor-geuvstore2-1.18.0-r40_0.tar.bz2",
            "full_name": "bioconda/bioconductor-geuvstore2/1.18.0/noarch/bioconductor-geuvstore2-1.18.0-r40_0.tar.bz2",
            "labels": [
                "main"
            ],
            "md5": "f64da37938f298ca7f5ede438632c578",
            "ndownloads": 12,
            "owner": "bioconda",
            "size": 7928,
            "type": "conda",
            "upload_time": "2020-05-11 21:53:18.297000+00:00",
            "version": "1.18.0"
        }
    ],
    "full_name": "bioconda/bioconductor-geuvstore2",
    "home": "https://bioconductor.org/packages/3.8/data/experiment/html/geuvStore2.html",
    "html_url": "http://anaconda.org/bioconda/bioconductor-geuvstore2",
    "id": "5c29125537f3391341eee18b",
    "latest_version": "1.18.0",
    "license": "Artistic-2.0",
    "license_url": null,
    "modified_at": "2020-05-11 21:53:18.484000+00:00",
    "name": "bioconductor-geuvstore2",
    "owner": {
        "company": "",
        "created_at": "2015-09-11 22:59:20.880000+00:00",
        "description": "Bioconda is a distribution of bioinformatics software realized as a channel for the versatile Conda package manager.",
        "location": "",
        "login": "bioconda",
        "name": "bioconda",
        "url": "",
        "user_type": "org"
    },
    "package_types": [
        "conda"
    ],
    "public": true,
    "releases": [
        {
            "distributions": [],
            "full_name": "bioconda/bioconductor-geuvstore2/1.12.0",
            "version": "1.12.0"
        },
        {
            "distributions": [],
            "full_name": "bioconda/bioconductor-geuvstore2/1.14.0",
            "version": "1.14.0"
        },
        {
            "distributions": [],
            "full_name": "bioconda/bioconductor-geuvstore2/1.15.0",
            "version": "1.15.0"
        },
        {
            "distributions": [],
            "full_name": "bioconda/bioconductor-geuvstore2/1.16.0",
            "version": "1.16.0"
        },
        {
            "distributions": [],
            "full_name": "bioconda/bioconductor-geuvstore2/1.18.0",
            "version": "1.18.0"
        }
    ],
    "revision": 10,
    "source_git_tag": null,
    "source_git_url": null,
    "summary": "demonstrate storage discipline for eQTL enumerations, revised",
    "upvoted": 0,
    "url": "http://api.anaconda.org/packages/bioconda/bioconductor-geuvstore2",
    "versions": [
        "1.12.0",
        "1.14.0",
        "1.15.0",
        "1.16.0",
        "1.18.0"
    ],
    "watchers": 1
}