{
    "app_entry": {},
    "app_summary": {},
    "app_type": {},
    "builds": [
        "r36_0",
        "r40_0"
    ],
    "conda_platforms": [
        "noarch"
    ],
    "created_at": "2019-11-01 21:23:49.485000+00:00",
    "description": "The packages estimates the variance in the input protein abundance data and simulates data with predefined number of biological replicates based on the variance estimation. It reports the mean predictive accuracy of the classifier and mean protein importance over multiple iterations of the simulation.",
    "dev_url": null,
    "doc_url": null,
    "files": [
        {
            "attrs": {
                "arch": null,
                "build": "r36_0",
                "build_number": 0,
                "depends": [
                    "bioconductor-biocparallel >=1.20.0,<1.21.0",
                    "r-base >=3.6,<3.7.0a0",
                    "r-caret",
                    "r-ggplot2",
                    "r-gridextra",
                    "r-reshape2"
                ],
                "has_prefix": false,
                "license": "Artistic-2.0",
                "machine": null,
                "noarch": "generic",
                "operatingsystem": null,
                "platform": null,
                "subdir": "noarch",
                "target-triplet": "None-any-None",
                "timestamp": 1572643113276
            },
            "basename": "noarch/bioconductor-msstatssamplesize-1.0.0-r36_0.tar.bz2",
            "dependencies": {
                "depends": [
                    {
                        "name": "bioconductor-biocparallel",
                        "specs": [
                            [
                                ">=",
                                "1.20.0,<1.21.0"
                            ]
                        ]
                    },
                    {
                        "name": "r-base",
                        "specs": [
                            [
                                ">=",
                                "3.6,<3.7.0a0"
                            ]
                        ]
                    },
                    {
                        "name": "r-caret",
                        "specs": []
                    },
                    {
                        "name": "r-ggplot2",
                        "specs": []
                    },
                    {
                        "name": "r-gridextra",
                        "specs": []
                    },
                    {
                        "name": "r-reshape2",
                        "specs": []
                    }
                ]
            },
            "description": null,
            "distribution_type": "conda",
            "download_url": "//api.anaconda.org/download/bioconda/bioconductor-msstatssamplesize/1.0.0/noarch/bioconductor-msstatssamplesize-1.0.0-r36_0.tar.bz2",
            "full_name": "bioconda/bioconductor-msstatssamplesize/1.0.0/noarch/bioconductor-msstatssamplesize-1.0.0-r36_0.tar.bz2",
            "labels": [
                "main"
            ],
            "md5": "ce885f3485dee27cdae03c29a5a8e26c",
            "ndownloads": 44,
            "owner": "bioconda",
            "size": 3374229,
            "type": "conda",
            "upload_time": "2019-11-01 21:23:50.299000+00:00",
            "version": "1.0.0"
        },
        {
            "attrs": {
                "arch": null,
                "build": "r40_0",
                "build_number": 0,
                "depends": [
                    "bioconductor-biocparallel >=1.22.0,<1.23.0",
                    "bioconductor-msstats >=3.20.0,<3.21.0",
                    "r-base >=4.0,<4.1.0a0",
                    "r-caret",
                    "r-ggplot2",
                    "r-gridextra",
                    "r-reshape2"
                ],
                "has_prefix": false,
                "license": "Artistic-2.0",
                "machine": null,
                "noarch": "generic",
                "operatingsystem": null,
                "platform": null,
                "subdir": "noarch",
                "target-triplet": "None-any-None",
                "timestamp": 1589096054170
            },
            "basename": "noarch/bioconductor-msstatssamplesize-1.2.0-r40_0.tar.bz2",
            "dependencies": {
                "depends": [
                    {
                        "name": "bioconductor-biocparallel",
                        "specs": [
                            [
                                ">=",
                                "1.22.0,<1.23.0"
                            ]
                        ]
                    },
                    {
                        "name": "bioconductor-msstats",
                        "specs": [
                            [
                                ">=",
                                "3.20.0,<3.21.0"
                            ]
                        ]
                    },
                    {
                        "name": "r-base",
                        "specs": [
                            [
                                ">=",
                                "4.0,<4.1.0a0"
                            ]
                        ]
                    },
                    {
                        "name": "r-caret",
                        "specs": []
                    },
                    {
                        "name": "r-ggplot2",
                        "specs": []
                    },
                    {
                        "name": "r-gridextra",
                        "specs": []
                    },
                    {
                        "name": "r-reshape2",
                        "specs": []
                    }
                ]
            },
            "description": null,
            "distribution_type": "conda",
            "download_url": "//api.anaconda.org/download/bioconda/bioconductor-msstatssamplesize/1.2.0/noarch/bioconductor-msstatssamplesize-1.2.0-r40_0.tar.bz2",
            "full_name": "bioconda/bioconductor-msstatssamplesize/1.2.0/noarch/bioconductor-msstatssamplesize-1.2.0-r40_0.tar.bz2",
            "labels": [
                "main"
            ],
            "md5": "21033084c5957c744819055f3b601151",
            "ndownloads": 21,
            "owner": "bioconda",
            "size": 3403035,
            "type": "conda",
            "upload_time": "2020-05-10 07:40:52.554000+00:00",
            "version": "1.2.0"
        }
    ],
    "full_name": "bioconda/bioconductor-msstatssamplesize",
    "home": "https://bioconductor.org/packages/3.10/bioc/html/MSstatsSampleSize.html",
    "html_url": "http://anaconda.org/bioconda/bioconductor-msstatssamplesize",
    "id": "5dbca265778a87711b565955",
    "latest_version": "1.2.0",
    "license": "Artistic-2.0",
    "license_url": null,
    "modified_at": "2020-05-10 07:40:52.986000+00:00",
    "name": "bioconductor-msstatssamplesize",
    "owner": {
        "company": "",
        "created_at": "2015-09-11 22:59:20.880000+00:00",
        "description": "Bioconda is a distribution of bioinformatics software realized as a channel for the versatile Conda package manager.",
        "location": "",
        "login": "bioconda",
        "name": "bioconda",
        "url": "",
        "user_type": "org"
    },
    "package_types": [
        "conda"
    ],
    "public": true,
    "releases": [
        {
            "distributions": [],
            "full_name": "bioconda/bioconductor-msstatssamplesize/1.0.0",
            "version": "1.0.0"
        },
        {
            "distributions": [],
            "full_name": "bioconda/bioconductor-msstatssamplesize/1.2.0",
            "version": "1.2.0"
        }
    ],
    "revision": 4,
    "source_git_tag": null,
    "source_git_url": null,
    "summary": "Simulation tool for optimal design of high-dimensional MS-based proteomics experiment",
    "upvoted": 0,
    "url": "http://api.anaconda.org/packages/bioconda/bioconductor-msstatssamplesize",
    "versions": [
        "1.0.0",
        "1.2.0"
    ],
    "watchers": 1
}