{
    "app_entry": {},
    "app_summary": {},
    "app_type": {},
    "builds": [
        "r351_0",
        "r36_0"
    ],
    "conda_platforms": [
        "noarch"
    ],
    "created_at": "2018-12-25 08:39:36.594000+00:00",
    "description": "Contains the LRBaseDb object to access data from several related annotation packages.",
    "dev_url": null,
    "doc_url": null,
    "files": [
        {
            "attrs": {
                "arch": null,
                "build": "r351_0",
                "build_number": 0,
                "depends": [
                    "bioconductor-lrbasedbi >=1.0.0,<1.1.0",
                    "r-base >=3.5.1,<3.5.2.0a0",
                    "r-rsqlite",
                    "wget"
                ],
                "has_prefix": false,
                "license": "Artistic-2.0",
                "machine": null,
                "noarch": "generic",
                "operatingsystem": null,
                "platform": null,
                "subdir": "noarch",
                "target-triplet": "None-any-None",
                "timestamp": 1545726947428
            },
            "basename": "noarch/bioconductor-lrbase.gga.eg.db-0.99.1-r351_0.tar.bz2",
            "dependencies": {
                "depends": [
                    {
                        "name": "bioconductor-lrbasedbi",
                        "specs": [
                            [
                                ">=",
                                "1.0.0,<1.1.0"
                            ]
                        ]
                    },
                    {
                        "name": "r-base",
                        "specs": [
                            [
                                ">=",
                                "3.5.1,<3.5.2.0a0"
                            ]
                        ]
                    },
                    {
                        "name": "r-rsqlite",
                        "specs": []
                    },
                    {
                        "name": "wget",
                        "specs": []
                    }
                ]
            },
            "description": null,
            "distribution_type": "conda",
            "download_url": "//api.anaconda.org/download/bioconda/bioconductor-lrbase.gga.eg.db/0.99.1/noarch/bioconductor-lrbase.gga.eg.db-0.99.1-r351_0.tar.bz2",
            "full_name": "bioconda/bioconductor-lrbase.gga.eg.db/0.99.1/noarch/bioconductor-lrbase.gga.eg.db-0.99.1-r351_0.tar.bz2",
            "labels": [
                "gcc7",
                "main"
            ],
            "md5": "34420fe6d21575ae1661fc0982dc5dd8",
            "ndownloads": 72,
            "owner": "bioconda",
            "size": 6405,
            "type": "conda",
            "upload_time": "2018-12-25 08:39:37.324000+00:00",
            "version": "0.99.1"
        },
        {
            "attrs": {
                "arch": null,
                "build": "r36_0",
                "build_number": 0,
                "depends": [
                    "bioconductor-lrbasedbi >=1.2.0,<1.3.0",
                    "curl >=7.65.3,<8.0a0",
                    "r-base >=3.6,<3.7.0a0",
                    "r-rsqlite"
                ],
                "has_prefix": false,
                "license": "Artistic-2.0",
                "machine": null,
                "noarch": "generic",
                "operatingsystem": null,
                "platform": null,
                "subdir": "noarch",
                "target-triplet": "None-any-None",
                "timestamp": 1564494769174
            },
            "basename": "noarch/bioconductor-lrbase.gga.eg.db-1.1.0-r36_0.tar.bz2",
            "dependencies": {
                "depends": [
                    {
                        "name": "bioconductor-lrbasedbi",
                        "specs": [
                            [
                                ">=",
                                "1.2.0,<1.3.0"
                            ]
                        ]
                    },
                    {
                        "name": "curl",
                        "specs": [
                            [
                                ">=",
                                "7.65.3,<8.0a0"
                            ]
                        ]
                    },
                    {
                        "name": "r-base",
                        "specs": [
                            [
                                ">=",
                                "3.6,<3.7.0a0"
                            ]
                        ]
                    },
                    {
                        "name": "r-rsqlite",
                        "specs": []
                    }
                ]
            },
            "description": null,
            "distribution_type": "conda",
            "download_url": "//api.anaconda.org/download/bioconda/bioconductor-lrbase.gga.eg.db/1.1.0/noarch/bioconductor-lrbase.gga.eg.db-1.1.0-r36_0.tar.bz2",
            "full_name": "bioconda/bioconductor-lrbase.gga.eg.db/1.1.0/noarch/bioconductor-lrbase.gga.eg.db-1.1.0-r36_0.tar.bz2",
            "labels": [
                "main"
            ],
            "md5": "b07f9009251e4b617367fa65daa62696",
            "ndownloads": 26,
            "owner": "bioconda",
            "size": 6733,
            "type": "conda",
            "upload_time": "2019-07-30 13:58:02.455000+00:00",
            "version": "1.1.0"
        },
        {
            "attrs": {
                "arch": null,
                "build": "r36_0",
                "build_number": 0,
                "depends": [
                    "bioconductor-lrbasedbi >=1.4.0,<1.5.0",
                    "curl >=7.65.3,<8.0a0",
                    "r-base >=3.6,<3.7.0a0",
                    "r-rsqlite"
                ],
                "has_prefix": false,
                "license": "Artistic-2.0",
                "machine": null,
                "noarch": "generic",
                "operatingsystem": null,
                "platform": null,
                "subdir": "noarch",
                "target-triplet": "None-any-None",
                "timestamp": 1572778832914
            },
            "basename": "noarch/bioconductor-lrbase.gga.eg.db-1.2.0-r36_0.tar.bz2",
            "dependencies": {
                "depends": [
                    {
                        "name": "bioconductor-lrbasedbi",
                        "specs": [
                            [
                                ">=",
                                "1.4.0,<1.5.0"
                            ]
                        ]
                    },
                    {
                        "name": "curl",
                        "specs": [
                            [
                                ">=",
                                "7.65.3,<8.0a0"
                            ]
                        ]
                    },
                    {
                        "name": "r-base",
                        "specs": [
                            [
                                ">=",
                                "3.6,<3.7.0a0"
                            ]
                        ]
                    },
                    {
                        "name": "r-rsqlite",
                        "specs": []
                    }
                ]
            },
            "description": null,
            "distribution_type": "conda",
            "download_url": "//api.anaconda.org/download/bioconda/bioconductor-lrbase.gga.eg.db/1.2.0/noarch/bioconductor-lrbase.gga.eg.db-1.2.0-r36_0.tar.bz2",
            "full_name": "bioconda/bioconductor-lrbase.gga.eg.db/1.2.0/noarch/bioconductor-lrbase.gga.eg.db-1.2.0-r36_0.tar.bz2",
            "labels": [
                "main"
            ],
            "md5": "dfbd9090c36aca029c709627b9cf3063",
            "ndownloads": 15,
            "owner": "bioconda",
            "size": 6860,
            "type": "conda",
            "upload_time": "2019-11-03 11:04:48.141000+00:00",
            "version": "1.2.0"
        }
    ],
    "full_name": "bioconda/bioconductor-lrbase.gga.eg.db",
    "home": "https://bioconductor.org/packages/3.8/data/annotation/html/LRBase.Gga.eg.db.html",
    "html_url": "http://anaconda.org/bioconda/bioconductor-lrbase.gga.eg.db",
    "id": "5c21ecc8d9c2cf13535cf0f0",
    "latest_version": "1.2.0",
    "license": "Artistic-2.0",
    "license_url": null,
    "modified_at": "2019-11-03 11:04:48.474000+00:00",
    "name": "bioconductor-lrbase.gga.eg.db",
    "owner": {
        "company": "",
        "created_at": "2015-09-11 22:59:20.880000+00:00",
        "description": "Bioconda is a distribution of bioinformatics software realized as a channel for the versatile Conda package manager.",
        "location": "",
        "login": "bioconda",
        "name": "bioconda",
        "url": "",
        "user_type": "org"
    },
    "package_types": [
        "conda"
    ],
    "public": true,
    "releases": [
        {
            "distributions": [],
            "full_name": "bioconda/bioconductor-lrbase.gga.eg.db/0.99.1",
            "version": "0.99.1"
        },
        {
            "distributions": [],
            "full_name": "bioconda/bioconductor-lrbase.gga.eg.db/1.1.0",
            "version": "1.1.0"
        },
        {
            "distributions": [],
            "full_name": "bioconda/bioconductor-lrbase.gga.eg.db/1.2.0",
            "version": "1.2.0"
        }
    ],
    "revision": 6,
    "source_git_tag": null,
    "source_git_url": null,
    "summary": "An annotation package for the LRBaseDb object",
    "upvoted": 0,
    "url": "http://api.anaconda.org/packages/bioconda/bioconductor-lrbase.gga.eg.db",
    "versions": [
        "0.99.1",
        "1.1.0",
        "1.2.0"
    ],
    "watchers": 1
}