{
    "app_entry": {},
    "app_summary": {},
    "app_type": {},
    "builds": [
        "r36_0",
        "r40_0"
    ],
    "conda_platforms": [
        "noarch"
    ],
    "created_at": "2019-11-03 12:41:34.944000+00:00",
    "description": "The depmap package is a data package that accesses datsets from the Broad Institute DepMap cancer dependency study using ExperimentHub. Datasets from the most current release are available, including RNAI and CRISPR-Cas9 gene knockout screens quantifying the genetic dependency for select cancer cell lines. Additional datasets are also available pertaining to the log copy number of genes for select cell lines, protein expression of cell lines as measured by reverse phase protein lysate microarray (RPPA), 'Transcript Per Million' (TPM) data, as well as supplementary datasets which contain metadata and mutation calls for the other datasets found in the current release. The 19Q3 release adds the drug_dependency dataset, that contains cancer cell line dependency data with respect to drug and drug-candidate compounds. This package will be updated on a quarterly basis to incorporate the latest Broad Institute DepMap Public cancer dependency datasets. All data made available in this package was generated by the Broad Institute DepMap for research purposes and not intended for clinical use. This data is distributed under the Creative Commons license (Attribution 4.0 International (CC BY 4.0)).",
    "dev_url": null,
    "doc_url": null,
    "files": [
        {
            "attrs": {
                "arch": null,
                "build": "r36_0",
                "build_number": 0,
                "depends": [
                    "bioconductor-annotationhub >=2.18.0,<2.19.0",
                    "bioconductor-experimenthub >=1.12.0,<1.13.0",
                    "curl >=7.65.3,<8.0a0",
                    "r-base >=3.6,<3.7.0a0",
                    "r-dplyr"
                ],
                "has_prefix": false,
                "license": "Artistic-2.0",
                "machine": null,
                "noarch": "generic",
                "operatingsystem": null,
                "platform": null,
                "subdir": "noarch",
                "target-triplet": "None-any-None",
                "timestamp": 1573116835567
            },
            "basename": "noarch/bioconductor-depmap-1.0.0-r36_0.tar.bz2",
            "dependencies": {
                "depends": [
                    {
                        "name": "bioconductor-annotationhub",
                        "specs": [
                            [
                                ">=",
                                "2.18.0,<2.19.0"
                            ]
                        ]
                    },
                    {
                        "name": "bioconductor-experimenthub",
                        "specs": [
                            [
                                ">=",
                                "1.12.0,<1.13.0"
                            ]
                        ]
                    },
                    {
                        "name": "curl",
                        "specs": [
                            [
                                ">=",
                                "7.65.3,<8.0a0"
                            ]
                        ]
                    },
                    {
                        "name": "r-base",
                        "specs": [
                            [
                                ">=",
                                "3.6,<3.7.0a0"
                            ]
                        ]
                    },
                    {
                        "name": "r-dplyr",
                        "specs": []
                    }
                ]
            },
            "description": null,
            "distribution_type": "conda",
            "download_url": "//api.anaconda.org/download/bioconda/bioconductor-depmap/1.0.0/noarch/bioconductor-depmap-1.0.0-r36_0.tar.bz2",
            "full_name": "bioconda/bioconductor-depmap/1.0.0/noarch/bioconductor-depmap-1.0.0-r36_0.tar.bz2",
            "labels": [
                "main"
            ],
            "md5": "3d05ab633caea4e6dbf5750ab2e55dc4",
            "ndownloads": 33,
            "owner": "bioconda",
            "size": 8060,
            "type": "conda",
            "upload_time": "2019-11-07 08:59:21.310000+00:00",
            "version": "1.0.0"
        },
        {
            "attrs": {
                "arch": null,
                "build": "r40_0",
                "build_number": 0,
                "depends": [
                    "bioconductor-annotationhub >=2.20.0,<2.21.0",
                    "bioconductor-experimenthub >=1.14.0,<1.15.0",
                    "curl >=7.69.1,<8.0a0",
                    "r-base >=4.0,<4.1.0a0",
                    "r-dplyr"
                ],
                "has_prefix": false,
                "license": "Artistic-2.0",
                "machine": null,
                "noarch": "generic",
                "operatingsystem": null,
                "platform": null,
                "subdir": "noarch",
                "target-triplet": "None-any-None",
                "timestamp": 1589202474068
            },
            "basename": "noarch/bioconductor-depmap-1.2.0-r40_0.tar.bz2",
            "dependencies": {
                "depends": [
                    {
                        "name": "bioconductor-annotationhub",
                        "specs": [
                            [
                                ">=",
                                "2.20.0,<2.21.0"
                            ]
                        ]
                    },
                    {
                        "name": "bioconductor-experimenthub",
                        "specs": [
                            [
                                ">=",
                                "1.14.0,<1.15.0"
                            ]
                        ]
                    },
                    {
                        "name": "curl",
                        "specs": [
                            [
                                ">=",
                                "7.69.1,<8.0a0"
                            ]
                        ]
                    },
                    {
                        "name": "r-base",
                        "specs": [
                            [
                                ">=",
                                "4.0,<4.1.0a0"
                            ]
                        ]
                    },
                    {
                        "name": "r-dplyr",
                        "specs": []
                    }
                ]
            },
            "description": null,
            "distribution_type": "conda",
            "download_url": "//api.anaconda.org/download/bioconda/bioconductor-depmap/1.2.0/noarch/bioconductor-depmap-1.2.0-r40_0.tar.bz2",
            "full_name": "bioconda/bioconductor-depmap/1.2.0/noarch/bioconductor-depmap-1.2.0-r40_0.tar.bz2",
            "labels": [
                "main"
            ],
            "md5": "f1132a04bea2f87f9651f41136b9878a",
            "ndownloads": 11,
            "owner": "bioconda",
            "size": 8417,
            "type": "conda",
            "upload_time": "2020-05-11 13:13:39.944000+00:00",
            "version": "1.2.0"
        }
    ],
    "full_name": "bioconda/bioconductor-depmap",
    "home": "https://bioconductor.org/packages/3.10/data/experiment/html/depmap.html",
    "html_url": "http://anaconda.org/bioconda/bioconductor-depmap",
    "id": "5dbecafe83b66304b99bb1c3",
    "latest_version": "1.2.0",
    "license": "Artistic-2.0",
    "license_url": null,
    "modified_at": "2020-05-11 13:13:40.218000+00:00",
    "name": "bioconductor-depmap",
    "owner": {
        "company": "",
        "created_at": "2015-09-11 22:59:20.880000+00:00",
        "description": "Bioconda is a distribution of bioinformatics software realized as a channel for the versatile Conda package manager.",
        "location": "",
        "login": "bioconda",
        "name": "bioconda",
        "url": "",
        "user_type": "org"
    },
    "package_types": [
        "conda"
    ],
    "public": true,
    "releases": [
        {
            "distributions": [],
            "full_name": "bioconda/bioconductor-depmap/0.99.6",
            "version": "0.99.6"
        },
        {
            "distributions": [],
            "full_name": "bioconda/bioconductor-depmap/1.0.0",
            "version": "1.0.0"
        },
        {
            "distributions": [],
            "full_name": "bioconda/bioconductor-depmap/1.2.0",
            "version": "1.2.0"
        }
    ],
    "revision": 6,
    "source_git_tag": null,
    "source_git_url": null,
    "summary": "Cancer Dependency Map Data Package",
    "upvoted": 0,
    "url": "http://api.anaconda.org/packages/bioconda/bioconductor-depmap",
    "versions": [
        "0.99.6",
        "1.0.0",
        "1.2.0"
    ],
    "watchers": 1
}