{
    "app_entry": {},
    "app_summary": {},
    "app_type": {},
    "builds": [
        "r351_0",
        "r36_0",
        "r40_0"
    ],
    "conda_platforms": [
        "noarch"
    ],
    "created_at": "2018-12-24 10:54:55.035000+00:00",
    "description": "With a set of pure metabolite reference spectra, ASICS quantifies concentration of metabolites in a complex spectrum. The identification of metabolites is performed by fitting a mixture model to the spectra of the library with a sparse penalty. The method and its statistical properties are described in Tardivel et al. (2017) <doi:10.1007/s11306-017-1244-5>.",
    "dev_url": null,
    "doc_url": null,
    "files": [
        {
            "attrs": {
                "arch": null,
                "build": "r351_0",
                "build_number": 0,
                "depends": [
                    "bioconductor-biocparallel >=1.16.0,<1.17.0",
                    "bioconductor-ropls >=1.14.0,<1.15.0",
                    "bioconductor-summarizedexperiment >=1.12.0,<1.13.0",
                    "r-base >=3.5.1,<3.5.2.0a0",
                    "r-ggplot2",
                    "r-gridextra",
                    "r-plyr",
                    "r-quadprog",
                    "r-speaq",
                    "r-zoo"
                ],
                "has_prefix": false,
                "license": "GPL (>= 2)",
                "machine": null,
                "noarch": "generic",
                "operatingsystem": null,
                "platform": null,
                "subdir": "noarch",
                "target-triplet": "None-any-None",
                "timestamp": 1545648655620
            },
            "basename": "noarch/bioconductor-asics-1.2.0-r351_0.tar.bz2",
            "dependencies": {
                "depends": [
                    {
                        "name": "bioconductor-biocparallel",
                        "specs": [
                            [
                                ">=",
                                "1.16.0,<1.17.0"
                            ]
                        ]
                    },
                    {
                        "name": "bioconductor-ropls",
                        "specs": [
                            [
                                ">=",
                                "1.14.0,<1.15.0"
                            ]
                        ]
                    },
                    {
                        "name": "bioconductor-summarizedexperiment",
                        "specs": [
                            [
                                ">=",
                                "1.12.0,<1.13.0"
                            ]
                        ]
                    },
                    {
                        "name": "r-base",
                        "specs": [
                            [
                                ">=",
                                "3.5.1,<3.5.2.0a0"
                            ]
                        ]
                    },
                    {
                        "name": "r-ggplot2",
                        "specs": []
                    },
                    {
                        "name": "r-gridextra",
                        "specs": []
                    },
                    {
                        "name": "r-plyr",
                        "specs": []
                    },
                    {
                        "name": "r-quadprog",
                        "specs": []
                    },
                    {
                        "name": "r-speaq",
                        "specs": []
                    },
                    {
                        "name": "r-zoo",
                        "specs": []
                    }
                ]
            },
            "description": null,
            "distribution_type": "conda",
            "download_url": "//api.anaconda.org/download/bioconda/bioconductor-asics/1.2.0/noarch/bioconductor-asics-1.2.0-r351_0.tar.bz2",
            "full_name": "bioconda/bioconductor-asics/1.2.0/noarch/bioconductor-asics-1.2.0-r351_0.tar.bz2",
            "labels": [
                "gcc7",
                "main"
            ],
            "md5": "4be191e34cc31a1de99b592eb10008d7",
            "ndownloads": 103,
            "owner": "bioconda",
            "size": 3103592,
            "type": "conda",
            "upload_time": "2018-12-24 10:54:55.754000+00:00",
            "version": "1.2.0"
        },
        {
            "attrs": {
                "arch": null,
                "build": "r36_0",
                "build_number": 0,
                "depends": [
                    "bioconductor-biocparallel >=1.18.0,<1.19.0",
                    "bioconductor-pepsnmr >=1.2.0,<1.3.0",
                    "bioconductor-ropls >=1.16.0,<1.17.0",
                    "bioconductor-summarizedexperiment >=1.14.0,<1.15.0",
                    "r-base >=3.6,<3.7.0a0",
                    "r-ggplot2",
                    "r-gridextra",
                    "r-matrix",
                    "r-plyr",
                    "r-quadprog",
                    "r-tsdist",
                    "r-zoo"
                ],
                "has_prefix": false,
                "license": "GPL (>= 2)",
                "machine": null,
                "noarch": "generic",
                "operatingsystem": null,
                "platform": null,
                "subdir": "noarch",
                "target-triplet": "None-any-None",
                "timestamp": 1565351859550
            },
            "basename": "noarch/bioconductor-asics-2.0.1-r36_0.tar.bz2",
            "dependencies": {
                "depends": [
                    {
                        "name": "bioconductor-biocparallel",
                        "specs": [
                            [
                                ">=",
                                "1.18.0,<1.19.0"
                            ]
                        ]
                    },
                    {
                        "name": "bioconductor-pepsnmr",
                        "specs": [
                            [
                                ">=",
                                "1.2.0,<1.3.0"
                            ]
                        ]
                    },
                    {
                        "name": "bioconductor-ropls",
                        "specs": [
                            [
                                ">=",
                                "1.16.0,<1.17.0"
                            ]
                        ]
                    },
                    {
                        "name": "bioconductor-summarizedexperiment",
                        "specs": [
                            [
                                ">=",
                                "1.14.0,<1.15.0"
                            ]
                        ]
                    },
                    {
                        "name": "r-base",
                        "specs": [
                            [
                                ">=",
                                "3.6,<3.7.0a0"
                            ]
                        ]
                    },
                    {
                        "name": "r-ggplot2",
                        "specs": []
                    },
                    {
                        "name": "r-gridextra",
                        "specs": []
                    },
                    {
                        "name": "r-matrix",
                        "specs": []
                    },
                    {
                        "name": "r-plyr",
                        "specs": []
                    },
                    {
                        "name": "r-quadprog",
                        "specs": []
                    },
                    {
                        "name": "r-tsdist",
                        "specs": []
                    },
                    {
                        "name": "r-zoo",
                        "specs": []
                    }
                ]
            },
            "description": null,
            "distribution_type": "conda",
            "download_url": "//api.anaconda.org/download/bioconda/bioconductor-asics/2.0.1/noarch/bioconductor-asics-2.0.1-r36_0.tar.bz2",
            "full_name": "bioconda/bioconductor-asics/2.0.1/noarch/bioconductor-asics-2.0.1-r36_0.tar.bz2",
            "labels": [
                "main"
            ],
            "md5": "554a9c76fcdeebba2e2fb0cc72c25277",
            "ndownloads": 53,
            "owner": "bioconda",
            "size": 4342719,
            "type": "conda",
            "upload_time": "2019-08-09 12:03:12.986000+00:00",
            "version": "2.0.1"
        },
        {
            "attrs": {
                "arch": null,
                "build": "r36_0",
                "build_number": 0,
                "depends": [
                    "bioconductor-biocparallel >=1.20.0,<1.21.0",
                    "bioconductor-pepsnmr >=1.4.0,<1.5.0",
                    "bioconductor-ropls >=1.18.0,<1.19.0",
                    "bioconductor-summarizedexperiment >=1.16.0,<1.17.0",
                    "r-base >=3.6,<3.7.0a0",
                    "r-ggplot2",
                    "r-gridextra",
                    "r-matrix",
                    "r-plyr",
                    "r-quadprog",
                    "r-tsdist",
                    "r-zoo"
                ],
                "has_prefix": false,
                "license": "GPL (>= 2)",
                "machine": null,
                "noarch": "generic",
                "operatingsystem": null,
                "platform": null,
                "subdir": "noarch",
                "target-triplet": "None-any-None",
                "timestamp": 1572746133764
            },
            "basename": "noarch/bioconductor-asics-2.2.0-r36_0.tar.bz2",
            "dependencies": {
                "depends": [
                    {
                        "name": "bioconductor-biocparallel",
                        "specs": [
                            [
                                ">=",
                                "1.20.0,<1.21.0"
                            ]
                        ]
                    },
                    {
                        "name": "bioconductor-pepsnmr",
                        "specs": [
                            [
                                ">=",
                                "1.4.0,<1.5.0"
                            ]
                        ]
                    },
                    {
                        "name": "bioconductor-ropls",
                        "specs": [
                            [
                                ">=",
                                "1.18.0,<1.19.0"
                            ]
                        ]
                    },
                    {
                        "name": "bioconductor-summarizedexperiment",
                        "specs": [
                            [
                                ">=",
                                "1.16.0,<1.17.0"
                            ]
                        ]
                    },
                    {
                        "name": "r-base",
                        "specs": [
                            [
                                ">=",
                                "3.6,<3.7.0a0"
                            ]
                        ]
                    },
                    {
                        "name": "r-ggplot2",
                        "specs": []
                    },
                    {
                        "name": "r-gridextra",
                        "specs": []
                    },
                    {
                        "name": "r-matrix",
                        "specs": []
                    },
                    {
                        "name": "r-plyr",
                        "specs": []
                    },
                    {
                        "name": "r-quadprog",
                        "specs": []
                    },
                    {
                        "name": "r-tsdist",
                        "specs": []
                    },
                    {
                        "name": "r-zoo",
                        "specs": []
                    }
                ]
            },
            "description": null,
            "distribution_type": "conda",
            "download_url": "//api.anaconda.org/download/bioconda/bioconductor-asics/2.2.0/noarch/bioconductor-asics-2.2.0-r36_0.tar.bz2",
            "full_name": "bioconda/bioconductor-asics/2.2.0/noarch/bioconductor-asics-2.2.0-r36_0.tar.bz2",
            "labels": [
                "main"
            ],
            "md5": "2eccb0c5c1093013ac409728445f432a",
            "ndownloads": 45,
            "owner": "bioconda",
            "size": 4218652,
            "type": "conda",
            "upload_time": "2019-11-03 02:02:19.039000+00:00",
            "version": "2.2.0"
        },
        {
            "attrs": {
                "arch": null,
                "build": "r40_0",
                "build_number": 0,
                "depends": [
                    "bioconductor-biocparallel >=1.22.0,<1.23.0",
                    "bioconductor-pepsnmr >=1.6.0,<1.7.0",
                    "bioconductor-ropls >=1.20.0,<1.21.0",
                    "bioconductor-summarizedexperiment >=1.18.0,<1.19.0",
                    "r-base >=4.0,<4.1.0a0",
                    "r-ggplot2",
                    "r-gridextra",
                    "r-matrix",
                    "r-mvtnorm",
                    "r-plyr",
                    "r-quadprog",
                    "r-tsdist",
                    "r-zoo"
                ],
                "has_prefix": false,
                "license": "GPL (>= 2)",
                "machine": null,
                "noarch": "generic",
                "operatingsystem": null,
                "platform": null,
                "subdir": "noarch",
                "target-triplet": "None-any-None",
                "timestamp": 1589137926079
            },
            "basename": "noarch/bioconductor-asics-2.4.0-r40_0.tar.bz2",
            "dependencies": {
                "depends": [
                    {
                        "name": "bioconductor-biocparallel",
                        "specs": [
                            [
                                ">=",
                                "1.22.0,<1.23.0"
                            ]
                        ]
                    },
                    {
                        "name": "bioconductor-pepsnmr",
                        "specs": [
                            [
                                ">=",
                                "1.6.0,<1.7.0"
                            ]
                        ]
                    },
                    {
                        "name": "bioconductor-ropls",
                        "specs": [
                            [
                                ">=",
                                "1.20.0,<1.21.0"
                            ]
                        ]
                    },
                    {
                        "name": "bioconductor-summarizedexperiment",
                        "specs": [
                            [
                                ">=",
                                "1.18.0,<1.19.0"
                            ]
                        ]
                    },
                    {
                        "name": "r-base",
                        "specs": [
                            [
                                ">=",
                                "4.0,<4.1.0a0"
                            ]
                        ]
                    },
                    {
                        "name": "r-ggplot2",
                        "specs": []
                    },
                    {
                        "name": "r-gridextra",
                        "specs": []
                    },
                    {
                        "name": "r-matrix",
                        "specs": []
                    },
                    {
                        "name": "r-mvtnorm",
                        "specs": []
                    },
                    {
                        "name": "r-plyr",
                        "specs": []
                    },
                    {
                        "name": "r-quadprog",
                        "specs": []
                    },
                    {
                        "name": "r-tsdist",
                        "specs": []
                    },
                    {
                        "name": "r-zoo",
                        "specs": []
                    }
                ]
            },
            "description": null,
            "distribution_type": "conda",
            "download_url": "//api.anaconda.org/download/bioconda/bioconductor-asics/2.4.0/noarch/bioconductor-asics-2.4.0-r40_0.tar.bz2",
            "full_name": "bioconda/bioconductor-asics/2.4.0/noarch/bioconductor-asics-2.4.0-r40_0.tar.bz2",
            "labels": [
                "main"
            ],
            "md5": "07412bd4ffd305b71fd87fa1a329b84f",
            "ndownloads": 25,
            "owner": "bioconda",
            "size": 4341103,
            "type": "conda",
            "upload_time": "2020-05-10 19:17:37.450000+00:00",
            "version": "2.4.0"
        }
    ],
    "full_name": "bioconda/bioconductor-asics",
    "home": "https://bioconductor.org/packages/3.8/bioc/html/ASICS.html",
    "html_url": "http://anaconda.org/bioconda/bioconductor-asics",
    "id": "5c20baff37f339133d6a27be",
    "latest_version": "2.4.0",
    "license": "GPL (>= 2)",
    "license_url": null,
    "modified_at": "2020-05-10 19:17:37.784000+00:00",
    "name": "bioconductor-asics",
    "owner": {
        "company": "",
        "created_at": "2015-09-11 22:59:20.880000+00:00",
        "description": "Bioconda is a distribution of bioinformatics software realized as a channel for the versatile Conda package manager.",
        "location": "",
        "login": "bioconda",
        "name": "bioconda",
        "url": "",
        "user_type": "org"
    },
    "package_types": [
        "conda"
    ],
    "public": true,
    "releases": [
        {
            "distributions": [],
            "full_name": "bioconda/bioconductor-asics/1.2.0",
            "version": "1.2.0"
        },
        {
            "distributions": [],
            "full_name": "bioconda/bioconductor-asics/2.0.1",
            "version": "2.0.1"
        },
        {
            "distributions": [],
            "full_name": "bioconda/bioconductor-asics/2.2.0",
            "version": "2.2.0"
        },
        {
            "distributions": [],
            "full_name": "bioconda/bioconductor-asics/2.4.0",
            "version": "2.4.0"
        }
    ],
    "revision": 8,
    "source_git_tag": null,
    "source_git_url": null,
    "summary": "Automatic Statistical Identification in Complex Spectra",
    "upvoted": 0,
    "url": "http://api.anaconda.org/packages/bioconda/bioconductor-asics",
    "versions": [
        "1.2.0",
        "2.0.1",
        "2.2.0",
        "2.4.0"
    ],
    "watchers": 1
}