{
    "app_entry": {},
    "app_summary": {},
    "app_type": {},
    "builds": [
        "r351_0",
        "r36_3",
        "r36_2"
    ],
    "conda_platforms": [
        "noarch"
    ],
    "created_at": "2018-12-24 15:24:43.513000+00:00",
    "description": "",
    "dev_url": null,
    "doc_url": null,
    "files": [
        {
            "attrs": {
                "arch": null,
                "build": "r351_0",
                "build_number": 0,
                "depends": [
                    "bioconductor-annotationdbi >=1.44.0,<1.45.0",
                    "r-base >=3.5.1,<3.5.2.0a0",
                    "wget"
                ],
                "has_prefix": false,
                "license": "LGPL",
                "machine": null,
                "noarch": "generic",
                "operatingsystem": null,
                "platform": null,
                "subdir": "noarch",
                "target-triplet": "None-any-None",
                "timestamp": 1545664852920
            },
            "basename": "noarch/bioconductor-gp53cdf-2.18.0-r351_0.tar.bz2",
            "dependencies": {
                "depends": [
                    {
                        "name": "bioconductor-annotationdbi",
                        "specs": [
                            [
                                ">=",
                                "1.44.0,<1.45.0"
                            ]
                        ]
                    },
                    {
                        "name": "r-base",
                        "specs": [
                            [
                                ">=",
                                "3.5.1,<3.5.2.0a0"
                            ]
                        ]
                    },
                    {
                        "name": "wget",
                        "specs": []
                    }
                ]
            },
            "description": null,
            "distribution_type": "conda",
            "download_url": "//api.anaconda.org/download/bioconda/bioconductor-gp53cdf/2.18.0/noarch/bioconductor-gp53cdf-2.18.0-r351_0.tar.bz2",
            "full_name": "bioconda/bioconductor-gp53cdf/2.18.0/noarch/bioconductor-gp53cdf-2.18.0-r351_0.tar.bz2",
            "labels": [
                "gcc7",
                "main"
            ],
            "md5": "ab699c11362970ed5e442330e5fb445a",
            "ndownloads": 69,
            "owner": "bioconda",
            "size": 6320,
            "type": "conda",
            "upload_time": "2018-12-24 15:24:44.298000+00:00",
            "version": "2.18.0"
        },
        {
            "attrs": {
                "arch": null,
                "build": "r36_2",
                "build_number": 2,
                "depends": [
                    "bioconductor-annotationdbi >=1.46.0,<1.47.0",
                    "curl >=7.65.3,<8.0a0",
                    "r-base >=3.6,<3.7.0a0"
                ],
                "has_prefix": false,
                "license": "LGPL",
                "machine": null,
                "noarch": "generic",
                "operatingsystem": null,
                "platform": null,
                "subdir": "noarch",
                "target-triplet": "None-any-None",
                "timestamp": 1564166436601
            },
            "basename": "noarch/bioconductor-gp53cdf-2.18.0-r36_2.tar.bz2",
            "dependencies": {
                "depends": [
                    {
                        "name": "bioconductor-annotationdbi",
                        "specs": [
                            [
                                ">=",
                                "1.46.0,<1.47.0"
                            ]
                        ]
                    },
                    {
                        "name": "curl",
                        "specs": [
                            [
                                ">=",
                                "7.65.3,<8.0a0"
                            ]
                        ]
                    },
                    {
                        "name": "r-base",
                        "specs": [
                            [
                                ">=",
                                "3.6,<3.7.0a0"
                            ]
                        ]
                    }
                ]
            },
            "description": null,
            "distribution_type": "conda",
            "download_url": "//api.anaconda.org/download/bioconda/bioconductor-gp53cdf/2.18.0/noarch/bioconductor-gp53cdf-2.18.0-r36_2.tar.bz2",
            "full_name": "bioconda/bioconductor-gp53cdf/2.18.0/noarch/bioconductor-gp53cdf-2.18.0-r36_2.tar.bz2",
            "labels": [
                "main"
            ],
            "md5": "6e1370552d9d9e33ea9138f6b3805bc5",
            "ndownloads": 26,
            "owner": "bioconda",
            "size": 6663,
            "type": "conda",
            "upload_time": "2019-07-26 18:44:46.385000+00:00",
            "version": "2.18.0"
        },
        {
            "attrs": {
                "arch": null,
                "build": "r36_3",
                "build_number": 3,
                "depends": [
                    "bioconductor-annotationdbi >=1.48.0,<1.49.0",
                    "curl >=7.65.3,<8.0a0",
                    "r-base >=3.6,<3.7.0a0"
                ],
                "has_prefix": false,
                "license": "LGPL",
                "machine": null,
                "noarch": "generic",
                "operatingsystem": null,
                "platform": null,
                "subdir": "noarch",
                "target-triplet": "None-any-None",
                "timestamp": 1572735764136
            },
            "basename": "noarch/bioconductor-gp53cdf-2.18.0-r36_3.tar.bz2",
            "dependencies": {
                "depends": [
                    {
                        "name": "bioconductor-annotationdbi",
                        "specs": [
                            [
                                ">=",
                                "1.48.0,<1.49.0"
                            ]
                        ]
                    },
                    {
                        "name": "curl",
                        "specs": [
                            [
                                ">=",
                                "7.65.3,<8.0a0"
                            ]
                        ]
                    },
                    {
                        "name": "r-base",
                        "specs": [
                            [
                                ">=",
                                "3.6,<3.7.0a0"
                            ]
                        ]
                    }
                ]
            },
            "description": null,
            "distribution_type": "conda",
            "download_url": "//api.anaconda.org/download/bioconda/bioconductor-gp53cdf/2.18.0/noarch/bioconductor-gp53cdf-2.18.0-r36_3.tar.bz2",
            "full_name": "bioconda/bioconductor-gp53cdf/2.18.0/noarch/bioconductor-gp53cdf-2.18.0-r36_3.tar.bz2",
            "labels": [
                "main"
            ],
            "md5": "b5403e10155e2f4db67443d2c0e8b078",
            "ndownloads": 15,
            "owner": "bioconda",
            "size": 9401,
            "type": "conda",
            "upload_time": "2019-11-02 23:07:00.681000+00:00",
            "version": "2.18.0"
        }
    ],
    "full_name": "bioconda/bioconductor-gp53cdf",
    "home": "https://bioconductor.org/packages/3.8/data/annotation/html/gp53cdf.html",
    "html_url": "http://anaconda.org/bioconda/bioconductor-gp53cdf",
    "id": "5c20fa3bd9c2cf1355a95ed6",
    "latest_version": "2.18.0",
    "license": "LGPL",
    "license_url": null,
    "modified_at": "2019-11-02 23:07:00.955000+00:00",
    "name": "bioconductor-gp53cdf",
    "owner": {
        "company": "",
        "created_at": "2015-09-11 22:59:20.880000+00:00",
        "description": "Bioconda is a distribution of bioinformatics software realized as a channel for the versatile Conda package manager.",
        "location": "",
        "login": "bioconda",
        "name": "bioconda",
        "url": "",
        "user_type": "org"
    },
    "package_types": [
        "conda"
    ],
    "public": true,
    "releases": [
        {
            "distributions": [],
            "full_name": "bioconda/bioconductor-gp53cdf/2.18.0",
            "version": "2.18.0"
        }
    ],
    "revision": 2,
    "source_git_tag": null,
    "source_git_url": null,
    "summary": "A package containing an environment representing the GP53.CDF file.",
    "upvoted": 0,
    "url": "http://api.anaconda.org/packages/bioconda/bioconductor-gp53cdf",
    "versions": [
        "2.18.0"
    ],
    "watchers": 1
}