{
    "app_entry": {},
    "app_summary": {},
    "app_type": {},
    "builds": [
        "r351_0",
        "r36_1",
        "r36_0"
    ],
    "conda_platforms": [
        "noarch"
    ],
    "created_at": "2018-12-25 11:29:47.594000+00:00",
    "description": "Entrez Gene ID to MeSH ID table.",
    "dev_url": null,
    "doc_url": null,
    "files": [
        {
            "attrs": {
                "arch": null,
                "build": "r351_0",
                "build_number": 0,
                "depends": [
                    "bioconductor-meshdbi >=1.18.0,<1.19.0",
                    "r-base >=3.5.1,<3.5.2.0a0",
                    "wget"
                ],
                "has_prefix": false,
                "license": "Artistic-2.0",
                "machine": null,
                "noarch": "generic",
                "operatingsystem": null,
                "platform": null,
                "subdir": "noarch",
                "target-triplet": "None-any-None",
                "timestamp": 1545736994161
            },
            "basename": "noarch/bioconductor-mesh.ame.eg.db-1.11.0-r351_0.tar.bz2",
            "dependencies": {
                "depends": [
                    {
                        "name": "bioconductor-meshdbi",
                        "specs": [
                            [
                                ">=",
                                "1.18.0,<1.19.0"
                            ]
                        ]
                    },
                    {
                        "name": "r-base",
                        "specs": [
                            [
                                ">=",
                                "3.5.1,<3.5.2.0a0"
                            ]
                        ]
                    },
                    {
                        "name": "wget",
                        "specs": []
                    }
                ]
            },
            "description": null,
            "distribution_type": "conda",
            "download_url": "//api.anaconda.org/download/bioconda/bioconductor-mesh.ame.eg.db/1.11.0/noarch/bioconductor-mesh.ame.eg.db-1.11.0-r351_0.tar.bz2",
            "full_name": "bioconda/bioconductor-mesh.ame.eg.db/1.11.0/noarch/bioconductor-mesh.ame.eg.db-1.11.0-r351_0.tar.bz2",
            "labels": [
                "gcc7",
                "main"
            ],
            "md5": "ee1f7fd86b9049411d590f09c248c82f",
            "ndownloads": 66,
            "owner": "bioconda",
            "size": 6359,
            "type": "conda",
            "upload_time": "2018-12-25 11:29:48.388000+00:00",
            "version": "1.11.0"
        },
        {
            "attrs": {
                "arch": null,
                "build": "r36_1",
                "build_number": 1,
                "depends": [
                    "bioconductor-meshdbi >=1.20.0,<1.21.0",
                    "curl >=7.65.3,<8.0a0",
                    "r-base >=3.6,<3.7.0a0"
                ],
                "has_prefix": false,
                "license": "Artistic-2.0",
                "machine": null,
                "noarch": "generic",
                "operatingsystem": null,
                "platform": null,
                "subdir": "noarch",
                "target-triplet": "None-any-None",
                "timestamp": 1564738970019
            },
            "basename": "noarch/bioconductor-mesh.ame.eg.db-1.12.0-r36_1.tar.bz2",
            "dependencies": {
                "depends": [
                    {
                        "name": "bioconductor-meshdbi",
                        "specs": [
                            [
                                ">=",
                                "1.20.0,<1.21.0"
                            ]
                        ]
                    },
                    {
                        "name": "curl",
                        "specs": [
                            [
                                ">=",
                                "7.65.3,<8.0a0"
                            ]
                        ]
                    },
                    {
                        "name": "r-base",
                        "specs": [
                            [
                                ">=",
                                "3.6,<3.7.0a0"
                            ]
                        ]
                    }
                ]
            },
            "description": null,
            "distribution_type": "conda",
            "download_url": "//api.anaconda.org/download/bioconda/bioconductor-mesh.ame.eg.db/1.12.0/noarch/bioconductor-mesh.ame.eg.db-1.12.0-r36_1.tar.bz2",
            "full_name": "bioconda/bioconductor-mesh.ame.eg.db/1.12.0/noarch/bioconductor-mesh.ame.eg.db-1.12.0-r36_1.tar.bz2",
            "labels": [
                "main"
            ],
            "md5": "f70b42292954e1befc9654c3b7a89dbb",
            "ndownloads": 31,
            "owner": "bioconda",
            "size": 6694,
            "type": "conda",
            "upload_time": "2019-08-02 09:50:53.088000+00:00",
            "version": "1.12.0"
        },
        {
            "attrs": {
                "arch": null,
                "build": "r36_0",
                "build_number": 0,
                "depends": [
                    "bioconductor-meshdbi >=1.22.0,<1.23.0",
                    "curl >=7.65.3,<8.0a0",
                    "r-base >=3.6,<3.7.0a0"
                ],
                "has_prefix": false,
                "license": "Artistic-2.0",
                "machine": null,
                "noarch": "generic",
                "operatingsystem": null,
                "platform": null,
                "subdir": "noarch",
                "target-triplet": "None-any-None",
                "timestamp": 1572785943925
            },
            "basename": "noarch/bioconductor-mesh.ame.eg.db-1.13.0-r36_0.tar.bz2",
            "dependencies": {
                "depends": [
                    {
                        "name": "bioconductor-meshdbi",
                        "specs": [
                            [
                                ">=",
                                "1.22.0,<1.23.0"
                            ]
                        ]
                    },
                    {
                        "name": "curl",
                        "specs": [
                            [
                                ">=",
                                "7.65.3,<8.0a0"
                            ]
                        ]
                    },
                    {
                        "name": "r-base",
                        "specs": [
                            [
                                ">=",
                                "3.6,<3.7.0a0"
                            ]
                        ]
                    }
                ]
            },
            "description": null,
            "distribution_type": "conda",
            "download_url": "//api.anaconda.org/download/bioconda/bioconductor-mesh.ame.eg.db/1.13.0/noarch/bioconductor-mesh.ame.eg.db-1.13.0-r36_0.tar.bz2",
            "full_name": "bioconda/bioconductor-mesh.ame.eg.db/1.13.0/noarch/bioconductor-mesh.ame.eg.db-1.13.0-r36_0.tar.bz2",
            "labels": [
                "main"
            ],
            "md5": "e2a56bc89231664507161819c7b1ca85",
            "ndownloads": 15,
            "owner": "bioconda",
            "size": 6849,
            "type": "conda",
            "upload_time": "2019-11-03 13:04:46.842000+00:00",
            "version": "1.13.0"
        }
    ],
    "full_name": "bioconda/bioconductor-mesh.ame.eg.db",
    "home": "https://bioconductor.org/packages/3.8/data/annotation/html/MeSH.Ame.eg.db.html",
    "html_url": "http://anaconda.org/bioconda/bioconductor-mesh.ame.eg.db",
    "id": "5c2214ab37f3391341618d56",
    "latest_version": "1.13.0",
    "license": "Artistic-2.0",
    "license_url": null,
    "modified_at": "2019-11-03 13:04:47.082000+00:00",
    "name": "bioconductor-mesh.ame.eg.db",
    "owner": {
        "company": "",
        "created_at": "2015-09-11 22:59:20.880000+00:00",
        "description": "Bioconda is a distribution of bioinformatics software realized as a channel for the versatile Conda package manager.",
        "location": "",
        "login": "bioconda",
        "name": "bioconda",
        "url": "",
        "user_type": "org"
    },
    "package_types": [
        "conda"
    ],
    "public": true,
    "releases": [
        {
            "distributions": [],
            "full_name": "bioconda/bioconductor-mesh.ame.eg.db/1.11.0",
            "version": "1.11.0"
        },
        {
            "distributions": [],
            "full_name": "bioconda/bioconductor-mesh.ame.eg.db/1.12.0",
            "version": "1.12.0"
        },
        {
            "distributions": [],
            "full_name": "bioconda/bioconductor-mesh.ame.eg.db/1.13.0",
            "version": "1.13.0"
        }
    ],
    "revision": 6,
    "source_git_tag": null,
    "source_git_url": null,
    "summary": "Mapping table for Ailuropoda melanoleuca Gene ID to MeSH",
    "upvoted": 0,
    "url": "http://api.anaconda.org/packages/bioconda/bioconductor-mesh.ame.eg.db",
    "versions": [
        "1.11.0",
        "1.12.0",
        "1.13.0"
    ],
    "watchers": 1
}