{
    "app_entry": {},
    "app_summary": {},
    "app_type": {},
    "builds": [
        "r351_0",
        "r36_1",
        "r40_0",
        "r36_0"
    ],
    "conda_platforms": [
        "noarch"
    ],
    "created_at": "2019-01-09 02:58:34.361000+00:00",
    "description": "The package contains Chip Seq, Methylation and Cage data, downloaded from Encode",
    "dev_url": null,
    "doc_url": null,
    "files": [
        {
            "attrs": {
                "arch": null,
                "build": "r351_0",
                "build_number": 0,
                "depends": [
                    "r-base >=3.5.1,<3.5.2.0a0",
                    "wget"
                ],
                "has_prefix": false,
                "license": "GPL-3",
                "machine": null,
                "noarch": "generic",
                "operatingsystem": null,
                "platform": null,
                "subdir": "noarch",
                "target-triplet": "None-any-None",
                "timestamp": 1547002553872
            },
            "basename": "noarch/bioconductor-genomationdata-1.14.0-r351_0.tar.bz2",
            "dependencies": {
                "depends": [
                    {
                        "name": "r-base",
                        "specs": [
                            [
                                ">=",
                                "3.5.1,<3.5.2.0a0"
                            ]
                        ]
                    },
                    {
                        "name": "wget",
                        "specs": []
                    }
                ]
            },
            "description": null,
            "distribution_type": "conda",
            "download_url": "//api.anaconda.org/download/bioconda/bioconductor-genomationdata/1.14.0/noarch/bioconductor-genomationdata-1.14.0-r351_0.tar.bz2",
            "full_name": "bioconda/bioconductor-genomationdata/1.14.0/noarch/bioconductor-genomationdata-1.14.0-r351_0.tar.bz2",
            "labels": [
                "gcc7",
                "main"
            ],
            "md5": "fc3b175b9a97a55d73e246275869f477",
            "ndownloads": 82,
            "owner": "bioconda",
            "size": 6143,
            "type": "conda",
            "upload_time": "2019-01-09 02:58:35.227000+00:00",
            "version": "1.14.0"
        },
        {
            "attrs": {
                "arch": null,
                "build": "r351_0",
                "build_number": 0,
                "depends": [
                    "curl >=7.64.1,<8.0a0",
                    "r-base >=3.5.1,<3.5.2.0a0"
                ],
                "has_prefix": false,
                "license": "GPL-3",
                "machine": null,
                "noarch": "generic",
                "operatingsystem": null,
                "platform": null,
                "subdir": "noarch",
                "target-triplet": "None-any-None",
                "timestamp": 1557778137280
            },
            "basename": "noarch/bioconductor-genomationdata-1.16.0-r351_0.tar.bz2",
            "dependencies": {
                "depends": [
                    {
                        "name": "curl",
                        "specs": [
                            [
                                ">=",
                                "7.64.1,<8.0a0"
                            ]
                        ]
                    },
                    {
                        "name": "r-base",
                        "specs": [
                            [
                                ">=",
                                "3.5.1,<3.5.2.0a0"
                            ]
                        ]
                    }
                ]
            },
            "description": null,
            "distribution_type": "conda",
            "download_url": "//api.anaconda.org/download/bioconda/bioconductor-genomationdata/1.16.0/noarch/bioconductor-genomationdata-1.16.0-r351_0.tar.bz2",
            "full_name": "bioconda/bioconductor-genomationdata/1.16.0/noarch/bioconductor-genomationdata-1.16.0-r351_0.tar.bz2",
            "labels": [
                "main"
            ],
            "md5": "d89e78e2a7fbc2f67abc06d68112d19a",
            "ndownloads": 70,
            "owner": "bioconda",
            "size": 6098,
            "type": "conda",
            "upload_time": "2019-05-13 20:12:59.265000+00:00",
            "version": "1.16.0"
        },
        {
            "attrs": {
                "arch": null,
                "build": "r36_1",
                "build_number": 1,
                "depends": [
                    "curl >=7.64.1,<8.0a0",
                    "r-base >=3.6,<3.7.0a0"
                ],
                "has_prefix": false,
                "license": "GPL-3",
                "machine": null,
                "noarch": "generic",
                "operatingsystem": null,
                "platform": null,
                "subdir": "noarch",
                "target-triplet": "None-any-None",
                "timestamp": 1563283423930
            },
            "basename": "noarch/bioconductor-genomationdata-1.16.0-r36_1.tar.bz2",
            "dependencies": {
                "depends": [
                    {
                        "name": "curl",
                        "specs": [
                            [
                                ">=",
                                "7.64.1,<8.0a0"
                            ]
                        ]
                    },
                    {
                        "name": "r-base",
                        "specs": [
                            [
                                ">=",
                                "3.6,<3.7.0a0"
                            ]
                        ]
                    }
                ]
            },
            "description": null,
            "distribution_type": "conda",
            "download_url": "//api.anaconda.org/download/bioconda/bioconductor-genomationdata/1.16.0/noarch/bioconductor-genomationdata-1.16.0-r36_1.tar.bz2",
            "full_name": "bioconda/bioconductor-genomationdata/1.16.0/noarch/bioconductor-genomationdata-1.16.0-r36_1.tar.bz2",
            "labels": [
                "main"
            ],
            "md5": "43b0ea53ef11806287990527172e32b0",
            "ndownloads": 41,
            "owner": "bioconda",
            "size": 6415,
            "type": "conda",
            "upload_time": "2019-07-16 13:27:46.258000+00:00",
            "version": "1.16.0"
        },
        {
            "attrs": {
                "arch": null,
                "build": "r36_0",
                "build_number": 0,
                "depends": [
                    "curl >=7.65.3,<8.0a0",
                    "r-base >=3.6,<3.7.0a0"
                ],
                "has_prefix": false,
                "license": "GPL-3",
                "machine": null,
                "noarch": "generic",
                "operatingsystem": null,
                "platform": null,
                "subdir": "noarch",
                "target-triplet": "None-any-None",
                "timestamp": 1573080587537
            },
            "basename": "noarch/bioconductor-genomationdata-1.18.0-r36_0.tar.bz2",
            "dependencies": {
                "depends": [
                    {
                        "name": "curl",
                        "specs": [
                            [
                                ">=",
                                "7.65.3,<8.0a0"
                            ]
                        ]
                    },
                    {
                        "name": "r-base",
                        "specs": [
                            [
                                ">=",
                                "3.6,<3.7.0a0"
                            ]
                        ]
                    }
                ]
            },
            "description": null,
            "distribution_type": "conda",
            "download_url": "//api.anaconda.org/download/bioconda/bioconductor-genomationdata/1.18.0/noarch/bioconductor-genomationdata-1.18.0-r36_0.tar.bz2",
            "full_name": "bioconda/bioconductor-genomationdata/1.18.0/noarch/bioconductor-genomationdata-1.18.0-r36_0.tar.bz2",
            "labels": [
                "main"
            ],
            "md5": "9fa3792f9a41f86e4394eacdb5e4a6b5",
            "ndownloads": 38,
            "owner": "bioconda",
            "size": 17539,
            "type": "conda",
            "upload_time": "2019-11-06 22:54:56.964000+00:00",
            "version": "1.18.0"
        },
        {
            "attrs": {
                "arch": null,
                "build": "r40_0",
                "build_number": 0,
                "depends": [
                    "curl >=7.69.1,<8.0a0",
                    "r-base >=4.0,<4.1.0a0"
                ],
                "has_prefix": false,
                "license": "GPL-3",
                "machine": null,
                "noarch": "generic",
                "operatingsystem": null,
                "platform": null,
                "subdir": "noarch",
                "target-triplet": "None-any-None",
                "timestamp": 1589007969386
            },
            "basename": "noarch/bioconductor-genomationdata-1.20.0-r40_0.tar.bz2",
            "dependencies": {
                "depends": [
                    {
                        "name": "curl",
                        "specs": [
                            [
                                ">=",
                                "7.69.1,<8.0a0"
                            ]
                        ]
                    },
                    {
                        "name": "r-base",
                        "specs": [
                            [
                                ">=",
                                "4.0,<4.1.0a0"
                            ]
                        ]
                    }
                ]
            },
            "description": null,
            "distribution_type": "conda",
            "download_url": "//api.anaconda.org/download/bioconda/bioconductor-genomationdata/1.20.0/noarch/bioconductor-genomationdata-1.20.0-r40_0.tar.bz2",
            "full_name": "bioconda/bioconductor-genomationdata/1.20.0/noarch/bioconductor-genomationdata-1.20.0-r40_0.tar.bz2",
            "labels": [
                "main"
            ],
            "md5": "bda188e9fc0694ad9318db4f6ffdb3f9",
            "ndownloads": 13,
            "owner": "bioconda",
            "size": 17900,
            "type": "conda",
            "upload_time": "2020-05-09 07:11:35.941000+00:00",
            "version": "1.20.0"
        }
    ],
    "full_name": "bioconda/bioconductor-genomationdata",
    "home": "https://bioconductor.org/packages/3.8/data/experiment/html/genomationData.html",
    "html_url": "http://anaconda.org/bioconda/bioconductor-genomationdata",
    "id": "5c35635a37f339207a616995",
    "latest_version": "1.20.0",
    "license": "GPL-3",
    "license_url": null,
    "modified_at": "2020-05-09 07:11:36.188000+00:00",
    "name": "bioconductor-genomationdata",
    "owner": {
        "company": "",
        "created_at": "2015-09-11 22:59:20.880000+00:00",
        "description": "Bioconda is a distribution of bioinformatics software realized as a channel for the versatile Conda package manager.",
        "location": "",
        "login": "bioconda",
        "name": "bioconda",
        "url": "",
        "user_type": "org"
    },
    "package_types": [
        "conda"
    ],
    "public": true,
    "releases": [
        {
            "distributions": [],
            "full_name": "bioconda/bioconductor-genomationdata/1.14.0",
            "version": "1.14.0"
        },
        {
            "distributions": [],
            "full_name": "bioconda/bioconductor-genomationdata/1.16.0",
            "version": "1.16.0"
        },
        {
            "distributions": [],
            "full_name": "bioconda/bioconductor-genomationdata/1.17.0",
            "version": "1.17.0"
        },
        {
            "distributions": [],
            "full_name": "bioconda/bioconductor-genomationdata/1.18.0",
            "version": "1.18.0"
        },
        {
            "distributions": [],
            "full_name": "bioconda/bioconductor-genomationdata/1.20.0",
            "version": "1.20.0"
        }
    ],
    "revision": 10,
    "source_git_tag": null,
    "source_git_url": null,
    "summary": "Experimental data for showing functionalities of the genomation package",
    "upvoted": 0,
    "url": "http://api.anaconda.org/packages/bioconda/bioconductor-genomationdata",
    "versions": [
        "1.14.0",
        "1.16.0",
        "1.17.0",
        "1.18.0",
        "1.20.0"
    ],
    "watchers": 1
}