{
    "app_entry": {},
    "app_summary": {},
    "app_type": {},
    "builds": [
        "r351_0",
        "r36_3",
        "r36_2"
    ],
    "conda_platforms": [
        "noarch"
    ],
    "created_at": "2018-12-10 17:02:05.647000+00:00",
    "description": "",
    "dev_url": null,
    "doc_url": null,
    "files": [
        {
            "attrs": {
                "arch": null,
                "build": "r351_0",
                "build_number": 0,
                "depends": [
                    "bioconductor-biocgenerics >=0.28.0,<0.29.0",
                    "bioconductor-chemminer >=3.34.0,<3.35.0",
                    "r-base >=3.5.1,<3.5.2.0a0",
                    "r-rsqlite",
                    "wget"
                ],
                "has_prefix": false,
                "license": "Artistic-2.0",
                "machine": null,
                "noarch": "generic",
                "operatingsystem": null,
                "platform": null,
                "subdir": "noarch",
                "target-triplet": "None-any-None",
                "timestamp": 1544461080111
            },
            "basename": "noarch/bioconductor-chemminedrugs-1.0.2-r351_0.tar.bz2",
            "dependencies": {
                "depends": [
                    {
                        "name": "bioconductor-biocgenerics",
                        "specs": [
                            [
                                ">=",
                                "0.28.0,<0.29.0"
                            ]
                        ]
                    },
                    {
                        "name": "bioconductor-chemminer",
                        "specs": [
                            [
                                ">=",
                                "3.34.0,<3.35.0"
                            ]
                        ]
                    },
                    {
                        "name": "r-base",
                        "specs": [
                            [
                                ">=",
                                "3.5.1,<3.5.2.0a0"
                            ]
                        ]
                    },
                    {
                        "name": "r-rsqlite",
                        "specs": []
                    },
                    {
                        "name": "wget",
                        "specs": []
                    }
                ]
            },
            "description": null,
            "distribution_type": "conda",
            "download_url": "//api.anaconda.org/download/bioconda/bioconductor-chemminedrugs/1.0.2/noarch/bioconductor-chemminedrugs-1.0.2-r351_0.tar.bz2",
            "full_name": "bioconda/bioconductor-chemminedrugs/1.0.2/noarch/bioconductor-chemminedrugs-1.0.2-r351_0.tar.bz2",
            "labels": [
                "gcc7",
                "main"
            ],
            "md5": "e1044080f128e886cb6b40d1c798a268",
            "ndownloads": 73,
            "owner": "bioconda",
            "size": 6614,
            "type": "conda",
            "upload_time": "2018-12-10 17:02:06.437000+00:00",
            "version": "1.0.2"
        },
        {
            "attrs": {
                "arch": null,
                "build": "r36_2",
                "build_number": 2,
                "depends": [
                    "bioconductor-biocgenerics >=0.30.0,<0.31.0",
                    "bioconductor-chemminer >=3.36.0,<3.37.0",
                    "curl >=7.65.3,<8.0a0",
                    "r-base >=3.6,<3.7.0a0",
                    "r-rsqlite"
                ],
                "has_prefix": false,
                "license": "Artistic-2.0",
                "machine": null,
                "noarch": "generic",
                "operatingsystem": null,
                "platform": null,
                "subdir": "noarch",
                "target-triplet": "None-any-None",
                "timestamp": 1563877828577
            },
            "basename": "noarch/bioconductor-chemminedrugs-1.0.2-r36_2.tar.bz2",
            "dependencies": {
                "depends": [
                    {
                        "name": "bioconductor-biocgenerics",
                        "specs": [
                            [
                                ">=",
                                "0.30.0,<0.31.0"
                            ]
                        ]
                    },
                    {
                        "name": "bioconductor-chemminer",
                        "specs": [
                            [
                                ">=",
                                "3.36.0,<3.37.0"
                            ]
                        ]
                    },
                    {
                        "name": "curl",
                        "specs": [
                            [
                                ">=",
                                "7.65.3,<8.0a0"
                            ]
                        ]
                    },
                    {
                        "name": "r-base",
                        "specs": [
                            [
                                ">=",
                                "3.6,<3.7.0a0"
                            ]
                        ]
                    },
                    {
                        "name": "r-rsqlite",
                        "specs": []
                    }
                ]
            },
            "description": null,
            "distribution_type": "conda",
            "download_url": "//api.anaconda.org/download/bioconda/bioconductor-chemminedrugs/1.0.2/noarch/bioconductor-chemminedrugs-1.0.2-r36_2.tar.bz2",
            "full_name": "bioconda/bioconductor-chemminedrugs/1.0.2/noarch/bioconductor-chemminedrugs-1.0.2-r36_2.tar.bz2",
            "labels": [
                "main"
            ],
            "md5": "54c150045b824184fbe406afae713372",
            "ndownloads": 31,
            "owner": "bioconda",
            "size": 7270,
            "type": "conda",
            "upload_time": "2019-07-23 10:35:40.067000+00:00",
            "version": "1.0.2"
        },
        {
            "attrs": {
                "arch": null,
                "build": "r36_3",
                "build_number": 3,
                "depends": [
                    "bioconductor-biocgenerics >=0.32.0,<0.33.0",
                    "bioconductor-chemminer >=3.38.0,<3.39.0",
                    "curl >=7.65.3,<8.0a0",
                    "r-base >=3.6,<3.7.0a0",
                    "r-rsqlite"
                ],
                "has_prefix": false,
                "license": "Artistic-2.0",
                "machine": null,
                "noarch": "generic",
                "operatingsystem": null,
                "platform": null,
                "subdir": "noarch",
                "target-triplet": "None-any-None",
                "timestamp": 1572636755516
            },
            "basename": "noarch/bioconductor-chemminedrugs-1.0.2-r36_3.tar.bz2",
            "dependencies": {
                "depends": [
                    {
                        "name": "bioconductor-biocgenerics",
                        "specs": [
                            [
                                ">=",
                                "0.32.0,<0.33.0"
                            ]
                        ]
                    },
                    {
                        "name": "bioconductor-chemminer",
                        "specs": [
                            [
                                ">=",
                                "3.38.0,<3.39.0"
                            ]
                        ]
                    },
                    {
                        "name": "curl",
                        "specs": [
                            [
                                ">=",
                                "7.65.3,<8.0a0"
                            ]
                        ]
                    },
                    {
                        "name": "r-base",
                        "specs": [
                            [
                                ">=",
                                "3.6,<3.7.0a0"
                            ]
                        ]
                    },
                    {
                        "name": "r-rsqlite",
                        "specs": []
                    }
                ]
            },
            "description": null,
            "distribution_type": "conda",
            "download_url": "//api.anaconda.org/download/bioconda/bioconductor-chemminedrugs/1.0.2/noarch/bioconductor-chemminedrugs-1.0.2-r36_3.tar.bz2",
            "full_name": "bioconda/bioconductor-chemminedrugs/1.0.2/noarch/bioconductor-chemminedrugs-1.0.2-r36_3.tar.bz2",
            "labels": [
                "main"
            ],
            "md5": "1cbe3b8d1f7e8bfd59a792288c44634f",
            "ndownloads": 16,
            "owner": "bioconda",
            "size": 7424,
            "type": "conda",
            "upload_time": "2019-11-01 19:38:01.357000+00:00",
            "version": "1.0.2"
        }
    ],
    "full_name": "bioconda/bioconductor-chemminedrugs",
    "home": "https://bioconductor.org/packages/3.8/data/annotation/html/ChemmineDrugs.html",
    "html_url": "http://anaconda.org/bioconda/bioconductor-chemminedrugs",
    "id": "5c0e9c0d036b86135243be1a",
    "latest_version": "1.0.2",
    "license": "Artistic-2.0",
    "license_url": null,
    "modified_at": "2019-11-01 19:38:01.617000+00:00",
    "name": "bioconductor-chemminedrugs",
    "owner": {
        "company": "",
        "created_at": "2015-09-11 22:59:20.880000+00:00",
        "description": "Bioconda is a distribution of bioinformatics software realized as a channel for the versatile Conda package manager.",
        "location": "",
        "login": "bioconda",
        "name": "bioconda",
        "url": "",
        "user_type": "org"
    },
    "package_types": [
        "conda"
    ],
    "public": true,
    "releases": [
        {
            "distributions": [],
            "full_name": "bioconda/bioconductor-chemminedrugs/1.0.2",
            "version": "1.0.2"
        }
    ],
    "revision": 2,
    "source_git_tag": null,
    "source_git_url": null,
    "summary": "An annotation package for use with ChemmineR. This package includes data from DrugBank. DUD data can be downloaded using the \"DUD()\" function in ChemmineR.",
    "upvoted": 0,
    "url": "http://api.anaconda.org/packages/bioconda/bioconductor-chemminedrugs",
    "versions": [
        "1.0.2"
    ],
    "watchers": 1
}