{
    "app_entry": {},
    "app_summary": {},
    "app_type": {},
    "builds": [
        "r351_0",
        "r36_1",
        "r40_0",
        "r36_0"
    ],
    "conda_platforms": [
        "noarch"
    ],
    "created_at": "2019-01-08 18:28:58.624000+00:00",
    "description": "The Broad Institute's Connectivity Map (cmap02) is a \"large reference catalogue of gene-expression data from cultured human cells perturbed with many chemicals and genetic reagents\", containing more than 7000 gene expression profiles and 1300 small molecules.",
    "dev_url": null,
    "doc_url": null,
    "files": [
        {
            "attrs": {
                "arch": null,
                "build": "r351_0",
                "build_number": 0,
                "depends": [
                    "r-base >=3.5.1,<3.5.2.0a0",
                    "wget"
                ],
                "has_prefix": false,
                "license": "GPL-3",
                "machine": null,
                "noarch": "generic",
                "operatingsystem": null,
                "platform": null,
                "subdir": "noarch",
                "target-triplet": "None-any-None",
                "timestamp": 1546971969194
            },
            "basename": "noarch/bioconductor-connectivitymap-1.18.0-r351_0.tar.bz2",
            "dependencies": {
                "depends": [
                    {
                        "name": "r-base",
                        "specs": [
                            [
                                ">=",
                                "3.5.1,<3.5.2.0a0"
                            ]
                        ]
                    },
                    {
                        "name": "wget",
                        "specs": []
                    }
                ]
            },
            "description": null,
            "distribution_type": "conda",
            "download_url": "//api.anaconda.org/download/bioconda/bioconductor-connectivitymap/1.18.0/noarch/bioconductor-connectivitymap-1.18.0-r351_0.tar.bz2",
            "full_name": "bioconda/bioconductor-connectivitymap/1.18.0/noarch/bioconductor-connectivitymap-1.18.0-r351_0.tar.bz2",
            "labels": [
                "gcc7",
                "main"
            ],
            "md5": "6e94ccda1280059768a48a9199e9971a",
            "ndownloads": 87,
            "owner": "bioconda",
            "size": 6336,
            "type": "conda",
            "upload_time": "2019-01-08 18:28:59.481000+00:00",
            "version": "1.18.0"
        },
        {
            "attrs": {
                "arch": null,
                "build": "r351_0",
                "build_number": 0,
                "depends": [
                    "curl >=7.64.1,<8.0a0",
                    "r-base >=3.5.1,<3.5.2.0a0"
                ],
                "has_prefix": false,
                "license": "GPL-3",
                "machine": null,
                "noarch": "generic",
                "operatingsystem": null,
                "platform": null,
                "subdir": "noarch",
                "target-triplet": "None-any-None",
                "timestamp": 1557609833598
            },
            "basename": "noarch/bioconductor-connectivitymap-1.20.0-r351_0.tar.bz2",
            "dependencies": {
                "depends": [
                    {
                        "name": "curl",
                        "specs": [
                            [
                                ">=",
                                "7.64.1,<8.0a0"
                            ]
                        ]
                    },
                    {
                        "name": "r-base",
                        "specs": [
                            [
                                ">=",
                                "3.5.1,<3.5.2.0a0"
                            ]
                        ]
                    }
                ]
            },
            "description": null,
            "distribution_type": "conda",
            "download_url": "//api.anaconda.org/download/bioconda/bioconductor-connectivitymap/1.20.0/noarch/bioconductor-connectivitymap-1.20.0-r351_0.tar.bz2",
            "full_name": "bioconda/bioconductor-connectivitymap/1.20.0/noarch/bioconductor-connectivitymap-1.20.0-r351_0.tar.bz2",
            "labels": [
                "main"
            ],
            "md5": "ca8b31ba95163198dcc2121b34129949",
            "ndownloads": 67,
            "owner": "bioconda",
            "size": 6282,
            "type": "conda",
            "upload_time": "2019-05-11 21:28:10.201000+00:00",
            "version": "1.20.0"
        },
        {
            "attrs": {
                "arch": null,
                "build": "r36_1",
                "build_number": 1,
                "depends": [
                    "curl >=7.65.2,<8.0a0",
                    "r-base >=3.6,<3.7.0a0"
                ],
                "has_prefix": false,
                "license": "GPL-3",
                "machine": null,
                "noarch": "generic",
                "operatingsystem": null,
                "platform": null,
                "subdir": "noarch",
                "target-triplet": "None-any-None",
                "timestamp": 1563426283018
            },
            "basename": "noarch/bioconductor-connectivitymap-1.20.0-r36_1.tar.bz2",
            "dependencies": {
                "depends": [
                    {
                        "name": "curl",
                        "specs": [
                            [
                                ">=",
                                "7.65.2,<8.0a0"
                            ]
                        ]
                    },
                    {
                        "name": "r-base",
                        "specs": [
                            [
                                ">=",
                                "3.6,<3.7.0a0"
                            ]
                        ]
                    }
                ]
            },
            "description": null,
            "distribution_type": "conda",
            "download_url": "//api.anaconda.org/download/bioconda/bioconductor-connectivitymap/1.20.0/noarch/bioconductor-connectivitymap-1.20.0-r36_1.tar.bz2",
            "full_name": "bioconda/bioconductor-connectivitymap/1.20.0/noarch/bioconductor-connectivitymap-1.20.0-r36_1.tar.bz2",
            "labels": [
                "main"
            ],
            "md5": "5786b4ac4ea74da55b5aa9ca71a55baa",
            "ndownloads": 50,
            "owner": "bioconda",
            "size": 6558,
            "type": "conda",
            "upload_time": "2019-07-18 05:08:55.999000+00:00",
            "version": "1.20.0"
        },
        {
            "attrs": {
                "arch": null,
                "build": "r36_0",
                "build_number": 0,
                "depends": [
                    "curl >=7.65.3,<8.0a0",
                    "r-base >=3.6,<3.7.0a0"
                ],
                "has_prefix": false,
                "license": "GPL-3",
                "machine": null,
                "noarch": "generic",
                "operatingsystem": null,
                "platform": null,
                "subdir": "noarch",
                "target-triplet": "None-any-None",
                "timestamp": 1573071282185
            },
            "basename": "noarch/bioconductor-connectivitymap-1.22.0-r36_0.tar.bz2",
            "dependencies": {
                "depends": [
                    {
                        "name": "curl",
                        "specs": [
                            [
                                ">=",
                                "7.65.3,<8.0a0"
                            ]
                        ]
                    },
                    {
                        "name": "r-base",
                        "specs": [
                            [
                                ">=",
                                "3.6,<3.7.0a0"
                            ]
                        ]
                    }
                ]
            },
            "description": null,
            "distribution_type": "conda",
            "download_url": "//api.anaconda.org/download/bioconda/bioconductor-connectivitymap/1.22.0/noarch/bioconductor-connectivitymap-1.22.0-r36_0.tar.bz2",
            "full_name": "bioconda/bioconductor-connectivitymap/1.22.0/noarch/bioconductor-connectivitymap-1.22.0-r36_0.tar.bz2",
            "labels": [
                "main"
            ],
            "md5": "904887ed6d5854a50a7c625cab9697c0",
            "ndownloads": 39,
            "owner": "bioconda",
            "size": 17743,
            "type": "conda",
            "upload_time": "2019-11-06 20:19:07.345000+00:00",
            "version": "1.22.0"
        },
        {
            "attrs": {
                "arch": null,
                "build": "r40_0",
                "build_number": 0,
                "depends": [
                    "curl >=7.69.1,<8.0a0",
                    "r-base >=4.0,<4.1.0a0"
                ],
                "has_prefix": false,
                "license": "GPL-3",
                "machine": null,
                "noarch": "generic",
                "operatingsystem": null,
                "platform": null,
                "subdir": "noarch",
                "target-triplet": "None-any-None",
                "timestamp": 1589030474267
            },
            "basename": "noarch/bioconductor-connectivitymap-1.24.0-r40_0.tar.bz2",
            "dependencies": {
                "depends": [
                    {
                        "name": "curl",
                        "specs": [
                            [
                                ">=",
                                "7.69.1,<8.0a0"
                            ]
                        ]
                    },
                    {
                        "name": "r-base",
                        "specs": [
                            [
                                ">=",
                                "4.0,<4.1.0a0"
                            ]
                        ]
                    }
                ]
            },
            "description": null,
            "distribution_type": "conda",
            "download_url": "//api.anaconda.org/download/bioconda/bioconductor-connectivitymap/1.24.0/noarch/bioconductor-connectivitymap-1.24.0-r40_0.tar.bz2",
            "full_name": "bioconda/bioconductor-connectivitymap/1.24.0/noarch/bioconductor-connectivitymap-1.24.0-r40_0.tar.bz2",
            "labels": [
                "main"
            ],
            "md5": "f8b87aa98b864aa106b190c3da0cfedf",
            "ndownloads": 14,
            "owner": "bioconda",
            "size": 18089,
            "type": "conda",
            "upload_time": "2020-05-09 13:26:51.759000+00:00",
            "version": "1.24.0"
        }
    ],
    "full_name": "bioconda/bioconductor-connectivitymap",
    "home": "https://bioconductor.org/packages/3.8/data/experiment/html/ConnectivityMap.html",
    "html_url": "http://anaconda.org/bioconda/bioconductor-connectivitymap",
    "id": "5c34ebea37f339133ffdce3e",
    "latest_version": "1.24.0",
    "license": "GPL-3",
    "license_url": null,
    "modified_at": "2020-05-09 13:26:51.943000+00:00",
    "name": "bioconductor-connectivitymap",
    "owner": {
        "company": "",
        "created_at": "2015-09-11 22:59:20.880000+00:00",
        "description": "Bioconda is a distribution of bioinformatics software realized as a channel for the versatile Conda package manager.",
        "location": "",
        "login": "bioconda",
        "name": "bioconda",
        "url": "",
        "user_type": "org"
    },
    "package_types": [
        "conda"
    ],
    "public": true,
    "releases": [
        {
            "distributions": [],
            "full_name": "bioconda/bioconductor-connectivitymap/1.18.0",
            "version": "1.18.0"
        },
        {
            "distributions": [],
            "full_name": "bioconda/bioconductor-connectivitymap/1.20.0",
            "version": "1.20.0"
        },
        {
            "distributions": [],
            "full_name": "bioconda/bioconductor-connectivitymap/1.21.0",
            "version": "1.21.0"
        },
        {
            "distributions": [],
            "full_name": "bioconda/bioconductor-connectivitymap/1.22.0",
            "version": "1.22.0"
        },
        {
            "distributions": [],
            "full_name": "bioconda/bioconductor-connectivitymap/1.24.0",
            "version": "1.24.0"
        }
    ],
    "revision": 10,
    "source_git_tag": null,
    "source_git_url": null,
    "summary": "Functional connections between drugs, genes and diseases as revealed by common gene-expression changes",
    "upvoted": 0,
    "url": "http://api.anaconda.org/packages/bioconda/bioconductor-connectivitymap",
    "versions": [
        "1.18.0",
        "1.20.0",
        "1.21.0",
        "1.22.0",
        "1.24.0"
    ],
    "watchers": 1
}