{
    "app_entry": {},
    "app_summary": {},
    "app_type": {},
    "builds": [
        "r40_0"
    ],
    "conda_platforms": [
        "noarch"
    ],
    "created_at": "2020-05-13 07:29:11.668000+00:00",
    "description": "Functions for enrichment analysis and plotting gene ontology or KEGG pathway information for multiple data subsets at the same time. It also enables encorporating multiple conditions and abundance data.",
    "dev_url": null,
    "doc_url": null,
    "files": [
        {
            "attrs": {
                "arch": null,
                "build": "r40_0",
                "build_number": 0,
                "depends": [
                    "bioconductor-go.db >=3.11.0,<3.12.0",
                    "bioconductor-gostats >=2.54.0,<2.55.0",
                    "r-base >=4.0,<4.1.0a0",
                    "r-httr",
                    "r-lattice",
                    "r-openxlsx",
                    "r-xtable"
                ],
                "has_prefix": false,
                "license": "GPL-2",
                "machine": null,
                "noarch": "generic",
                "operatingsystem": null,
                "platform": null,
                "subdir": "noarch",
                "target-triplet": "None-any-None",
                "timestamp": 1589354545111
            },
            "basename": "noarch/bioconductor-plogo2-1.0.0-r40_0.tar.bz2",
            "dependencies": {
                "depends": [
                    {
                        "name": "bioconductor-go.db",
                        "specs": [
                            [
                                ">=",
                                "3.11.0,<3.12.0"
                            ]
                        ]
                    },
                    {
                        "name": "bioconductor-gostats",
                        "specs": [
                            [
                                ">=",
                                "2.54.0,<2.55.0"
                            ]
                        ]
                    },
                    {
                        "name": "r-base",
                        "specs": [
                            [
                                ">=",
                                "4.0,<4.1.0a0"
                            ]
                        ]
                    },
                    {
                        "name": "r-httr",
                        "specs": []
                    },
                    {
                        "name": "r-lattice",
                        "specs": []
                    },
                    {
                        "name": "r-openxlsx",
                        "specs": []
                    },
                    {
                        "name": "r-xtable",
                        "specs": []
                    }
                ]
            },
            "description": null,
            "distribution_type": "conda",
            "download_url": "//api.anaconda.org/download/bioconda/bioconductor-plogo2/1.0.0/noarch/bioconductor-plogo2-1.0.0-r40_0.tar.bz2",
            "full_name": "bioconda/bioconductor-plogo2/1.0.0/noarch/bioconductor-plogo2-1.0.0-r40_0.tar.bz2",
            "labels": [
                "main"
            ],
            "md5": "5b4519c41f173695cf0484b512061908",
            "ndownloads": 21,
            "owner": "bioconda",
            "size": 2507629,
            "type": "conda",
            "upload_time": "2020-05-13 07:29:12.815000+00:00",
            "version": "1.0.0"
        }
    ],
    "full_name": "bioconda/bioconductor-plogo2",
    "home": "https://bioconductor.org/packages/3.11/bioc/html/PloGO2.html",
    "html_url": "http://anaconda.org/bioconda/bioconductor-plogo2",
    "id": "5ebba1c7fe6b2a01a162bf9a",
    "latest_version": "1.0.0",
    "license": "GPL-2",
    "license_url": null,
    "modified_at": "2020-05-13 07:29:13.135000+00:00",
    "name": "bioconductor-plogo2",
    "owner": {
        "company": "",
        "created_at": "2015-09-11 22:59:20.880000+00:00",
        "description": "Bioconda is a distribution of bioinformatics software realized as a channel for the versatile Conda package manager.",
        "location": "",
        "login": "bioconda",
        "name": "bioconda",
        "url": "",
        "user_type": "org"
    },
    "package_types": [
        "conda"
    ],
    "public": true,
    "releases": [
        {
            "distributions": [],
            "full_name": "bioconda/bioconductor-plogo2/1.0.0",
            "version": "1.0.0"
        }
    ],
    "revision": 2,
    "source_git_tag": null,
    "source_git_url": null,
    "summary": "Plot Gene Ontology and KEGG pathway Annotation and Abundance",
    "upvoted": 0,
    "url": "http://api.anaconda.org/packages/bioconda/bioconductor-plogo2",
    "versions": [
        "1.0.0"
    ],
    "watchers": 1
}