{
    "app_entry": {},
    "app_summary": {},
    "app_type": {},
    "builds": [
        "r36_1",
        "r36_0",
        "r40_0"
    ],
    "conda_platforms": [
        "noarch"
    ],
    "created_at": "2019-08-09 06:32:49.178000+00:00",
    "description": "Provides next-generation sequencing (NGS) and mass spectrometry (MS) sample data, code snippets and replication material used for developing NestLink. The NestLink approach is a protein binder selection and identification technology able to biophysically characterize thousands of library members at once without handling individual clones at any stage of the process. Data were acquired on NGS and MS platforms at the Functional Genomics Center Zurich.",
    "dev_url": null,
    "doc_url": null,
    "files": [
        {
            "attrs": {
                "arch": null,
                "build": "r36_1",
                "build_number": 1,
                "depends": [
                    "bioconductor-annotationhub >=2.16.0,<2.17.0",
                    "bioconductor-biostrings >=2.52.0,<2.53.0",
                    "bioconductor-experimenthub >=1.10.0,<1.11.0",
                    "bioconductor-shortread >=1.42.0,<1.43.0",
                    "curl >=7.65.3,<8.0a0",
                    "r-base >=3.6,<3.7.0a0",
                    "r-gplots >=3.0.0",
                    "r-protviz >=0.4.0"
                ],
                "has_prefix": false,
                "license": "GPL",
                "machine": null,
                "noarch": "generic",
                "operatingsystem": null,
                "platform": null,
                "subdir": "noarch",
                "target-triplet": "None-any-None",
                "timestamp": 1565331951925
            },
            "basename": "noarch/bioconductor-nestlink-1.0.0-r36_1.tar.bz2",
            "dependencies": {
                "depends": [
                    {
                        "name": "bioconductor-annotationhub",
                        "specs": [
                            [
                                ">=",
                                "2.16.0,<2.17.0"
                            ]
                        ]
                    },
                    {
                        "name": "bioconductor-biostrings",
                        "specs": [
                            [
                                ">=",
                                "2.52.0,<2.53.0"
                            ]
                        ]
                    },
                    {
                        "name": "bioconductor-experimenthub",
                        "specs": [
                            [
                                ">=",
                                "1.10.0,<1.11.0"
                            ]
                        ]
                    },
                    {
                        "name": "bioconductor-shortread",
                        "specs": [
                            [
                                ">=",
                                "1.42.0,<1.43.0"
                            ]
                        ]
                    },
                    {
                        "name": "curl",
                        "specs": [
                            [
                                ">=",
                                "7.65.3,<8.0a0"
                            ]
                        ]
                    },
                    {
                        "name": "r-base",
                        "specs": [
                            [
                                ">=",
                                "3.6,<3.7.0a0"
                            ]
                        ]
                    },
                    {
                        "name": "r-gplots",
                        "specs": [
                            [
                                ">=",
                                "3.0.0"
                            ]
                        ]
                    },
                    {
                        "name": "r-protviz",
                        "specs": [
                            [
                                ">=",
                                "0.4.0"
                            ]
                        ]
                    }
                ]
            },
            "description": null,
            "distribution_type": "conda",
            "download_url": "//api.anaconda.org/download/bioconda/bioconductor-nestlink/1.0.0/noarch/bioconductor-nestlink-1.0.0-r36_1.tar.bz2",
            "full_name": "bioconda/bioconductor-nestlink/1.0.0/noarch/bioconductor-nestlink-1.0.0-r36_1.tar.bz2",
            "labels": [
                "main"
            ],
            "md5": "d78fe27f0fdcf6b96c3bcb231278c966",
            "ndownloads": 42,
            "owner": "bioconda",
            "size": 7790,
            "type": "conda",
            "upload_time": "2019-08-09 06:32:49.999000+00:00",
            "version": "1.0.0"
        },
        {
            "attrs": {
                "arch": null,
                "build": "r36_0",
                "build_number": 0,
                "depends": [
                    "bioconductor-annotationhub >=2.18.0,<2.19.0",
                    "bioconductor-biostrings >=2.54.0,<2.55.0",
                    "bioconductor-experimenthub >=1.12.0,<1.13.0",
                    "bioconductor-shortread >=1.44.0,<1.45.0",
                    "curl >=7.65.3,<8.0a0",
                    "r-base >=3.6,<3.7.0a0",
                    "r-gplots >=3.0.0",
                    "r-protviz >=0.4.0"
                ],
                "has_prefix": false,
                "license": "GPL",
                "machine": null,
                "noarch": "generic",
                "operatingsystem": null,
                "platform": null,
                "subdir": "noarch",
                "target-triplet": "None-any-None",
                "timestamp": 1573127787608
            },
            "basename": "noarch/bioconductor-nestlink-1.2.0-r36_0.tar.bz2",
            "dependencies": {
                "depends": [
                    {
                        "name": "bioconductor-annotationhub",
                        "specs": [
                            [
                                ">=",
                                "2.18.0,<2.19.0"
                            ]
                        ]
                    },
                    {
                        "name": "bioconductor-biostrings",
                        "specs": [
                            [
                                ">=",
                                "2.54.0,<2.55.0"
                            ]
                        ]
                    },
                    {
                        "name": "bioconductor-experimenthub",
                        "specs": [
                            [
                                ">=",
                                "1.12.0,<1.13.0"
                            ]
                        ]
                    },
                    {
                        "name": "bioconductor-shortread",
                        "specs": [
                            [
                                ">=",
                                "1.44.0,<1.45.0"
                            ]
                        ]
                    },
                    {
                        "name": "curl",
                        "specs": [
                            [
                                ">=",
                                "7.65.3,<8.0a0"
                            ]
                        ]
                    },
                    {
                        "name": "r-base",
                        "specs": [
                            [
                                ">=",
                                "3.6,<3.7.0a0"
                            ]
                        ]
                    },
                    {
                        "name": "r-gplots",
                        "specs": [
                            [
                                ">=",
                                "3.0.0"
                            ]
                        ]
                    },
                    {
                        "name": "r-protviz",
                        "specs": [
                            [
                                ">=",
                                "0.4.0"
                            ]
                        ]
                    }
                ]
            },
            "description": null,
            "distribution_type": "conda",
            "download_url": "//api.anaconda.org/download/bioconda/bioconductor-nestlink/1.2.0/noarch/bioconductor-nestlink-1.2.0-r36_0.tar.bz2",
            "full_name": "bioconda/bioconductor-nestlink/1.2.0/noarch/bioconductor-nestlink-1.2.0-r36_0.tar.bz2",
            "labels": [
                "main"
            ],
            "md5": "10bd16f02e0d533b747240261f6d6676",
            "ndownloads": 38,
            "owner": "bioconda",
            "size": 18916,
            "type": "conda",
            "upload_time": "2019-11-07 12:03:17.883000+00:00",
            "version": "1.2.0"
        },
        {
            "attrs": {
                "arch": null,
                "build": "r40_0",
                "build_number": 0,
                "depends": [
                    "bioconductor-annotationhub >=2.20.0,<2.21.0",
                    "bioconductor-biostrings >=2.56.0,<2.57.0",
                    "bioconductor-experimenthub >=1.14.0,<1.15.0",
                    "bioconductor-shortread >=1.46.0,<1.47.0",
                    "curl >=7.69.1,<8.0a0",
                    "r-base >=4.0,<4.1.0a0",
                    "r-gplots >=3.0",
                    "r-protviz >=0.4"
                ],
                "has_prefix": false,
                "license": "GPL",
                "machine": null,
                "noarch": "generic",
                "operatingsystem": null,
                "platform": null,
                "subdir": "noarch",
                "target-triplet": "None-any-None",
                "timestamp": 1589166040039
            },
            "basename": "noarch/bioconductor-nestlink-1.4.0-r40_0.tar.bz2",
            "dependencies": {
                "depends": [
                    {
                        "name": "bioconductor-annotationhub",
                        "specs": [
                            [
                                ">=",
                                "2.20.0,<2.21.0"
                            ]
                        ]
                    },
                    {
                        "name": "bioconductor-biostrings",
                        "specs": [
                            [
                                ">=",
                                "2.56.0,<2.57.0"
                            ]
                        ]
                    },
                    {
                        "name": "bioconductor-experimenthub",
                        "specs": [
                            [
                                ">=",
                                "1.14.0,<1.15.0"
                            ]
                        ]
                    },
                    {
                        "name": "bioconductor-shortread",
                        "specs": [
                            [
                                ">=",
                                "1.46.0,<1.47.0"
                            ]
                        ]
                    },
                    {
                        "name": "curl",
                        "specs": [
                            [
                                ">=",
                                "7.69.1,<8.0a0"
                            ]
                        ]
                    },
                    {
                        "name": "r-base",
                        "specs": [
                            [
                                ">=",
                                "4.0,<4.1.0a0"
                            ]
                        ]
                    },
                    {
                        "name": "r-gplots",
                        "specs": [
                            [
                                ">=",
                                "3.0"
                            ]
                        ]
                    },
                    {
                        "name": "r-protviz",
                        "specs": [
                            [
                                ">=",
                                "0.4"
                            ]
                        ]
                    }
                ]
            },
            "description": null,
            "distribution_type": "conda",
            "download_url": "//api.anaconda.org/download/bioconda/bioconductor-nestlink/1.4.0/noarch/bioconductor-nestlink-1.4.0-r40_0.tar.bz2",
            "full_name": "bioconda/bioconductor-nestlink/1.4.0/noarch/bioconductor-nestlink-1.4.0-r40_0.tar.bz2",
            "labels": [
                "main"
            ],
            "md5": "80c1d0e9f1db8dca27db41d603ea93a8",
            "ndownloads": 14,
            "owner": "bioconda",
            "size": 19301,
            "type": "conda",
            "upload_time": "2020-05-11 03:07:37.639000+00:00",
            "version": "1.4.0"
        }
    ],
    "full_name": "bioconda/bioconductor-nestlink",
    "home": "https://bioconductor.org/packages/3.9/data/experiment/html/NestLink.html",
    "html_url": "http://anaconda.org/bioconda/bioconductor-nestlink",
    "id": "5d4d139183b6630c2ed956ab",
    "latest_version": "1.4.0",
    "license": "GPL",
    "license_url": null,
    "modified_at": "2020-05-11 03:07:37.870000+00:00",
    "name": "bioconductor-nestlink",
    "owner": {
        "company": "",
        "created_at": "2015-09-11 22:59:20.880000+00:00",
        "description": "Bioconda is a distribution of bioinformatics software realized as a channel for the versatile Conda package manager.",
        "location": "",
        "login": "bioconda",
        "name": "bioconda",
        "url": "",
        "user_type": "org"
    },
    "package_types": [
        "conda"
    ],
    "public": true,
    "releases": [
        {
            "distributions": [],
            "full_name": "bioconda/bioconductor-nestlink/1.0.0",
            "version": "1.0.0"
        },
        {
            "distributions": [],
            "full_name": "bioconda/bioconductor-nestlink/1.1.0",
            "version": "1.1.0"
        },
        {
            "distributions": [],
            "full_name": "bioconda/bioconductor-nestlink/1.2.0",
            "version": "1.2.0"
        },
        {
            "distributions": [],
            "full_name": "bioconda/bioconductor-nestlink/1.4.0",
            "version": "1.4.0"
        }
    ],
    "revision": 8,
    "source_git_tag": null,
    "source_git_url": null,
    "summary": "NestLink an R data package to guide through Engineered Peptide Barcodes for In-Depth Analyzes of Binding Protein Ensembles",
    "upvoted": 0,
    "url": "http://api.anaconda.org/packages/bioconda/bioconductor-nestlink",
    "versions": [
        "1.0.0",
        "1.1.0",
        "1.2.0",
        "1.4.0"
    ],
    "watchers": 1
}