{
    "app_entry": {},
    "app_summary": {},
    "app_type": {},
    "builds": [
        "r351h0a44026_0",
        "r351hf484d3e_0",
        "r40h64ad5ed_0",
        "r36he1b5a44_1",
        "r36he1b5a44_0",
        "r40h5f743cb_0",
        "r36h6de7cb9_1",
        "r36h6de7cb9_0"
    ],
    "conda_platforms": [
        "linux-64",
        "osx-64"
    ],
    "created_at": "2018-12-12 08:30:42.660000+00:00",
    "description": "Create and plot diffusion maps.",
    "dev_url": null,
    "doc_url": null,
    "files": [
        {
            "attrs": {
                "arch": "x86_64",
                "build": "r351h0a44026_0",
                "build_number": 0,
                "depends": [
                    "bioconductor-biobase >=2.42.0,<2.43.0",
                    "bioconductor-biocgenerics >=0.28.0,<0.29.0",
                    "bioconductor-summarizedexperiment >=1.12.0,<1.13.0",
                    "libcxx >=4.0.1",
                    "r-base >=3.5.1,<3.5.2.0a0",
                    "r-ggplot2",
                    "r-ggthemes",
                    "r-igraph",
                    "r-matrix",
                    "r-proxy",
                    "r-rcpp >=0.10.3",
                    "r-rcppeigen",
                    "r-scales",
                    "r-scatterplot3d",
                    "r-smoother",
                    "r-vim"
                ],
                "has_prefix": true,
                "license": "GPL",
                "machine": "x86_64",
                "operatingsystem": "darwin",
                "platform": "osx",
                "subdir": "osx-64",
                "target-triplet": "x86_64-any-darwin",
                "timestamp": 1544603300920
            },
            "basename": "osx-64/bioconductor-destiny-2.12.0-r351h0a44026_0.tar.bz2",
            "dependencies": {
                "depends": [
                    {
                        "name": "bioconductor-biobase",
                        "specs": [
                            [
                                ">=",
                                "2.42.0,<2.43.0"
                            ]
                        ]
                    },
                    {
                        "name": "bioconductor-biocgenerics",
                        "specs": [
                            [
                                ">=",
                                "0.28.0,<0.29.0"
                            ]
                        ]
                    },
                    {
                        "name": "bioconductor-summarizedexperiment",
                        "specs": [
                            [
                                ">=",
                                "1.12.0,<1.13.0"
                            ]
                        ]
                    },
                    {
                        "name": "libcxx",
                        "specs": [
                            [
                                ">=",
                                "4.0.1"
                            ]
                        ]
                    },
                    {
                        "name": "r-base",
                        "specs": [
                            [
                                ">=",
                                "3.5.1,<3.5.2.0a0"
                            ]
                        ]
                    },
                    {
                        "name": "r-ggplot2",
                        "specs": []
                    },
                    {
                        "name": "r-ggthemes",
                        "specs": []
                    },
                    {
                        "name": "r-igraph",
                        "specs": []
                    },
                    {
                        "name": "r-matrix",
                        "specs": []
                    },
                    {
                        "name": "r-proxy",
                        "specs": []
                    },
                    {
                        "name": "r-rcpp",
                        "specs": [
                            [
                                ">=",
                                "0.10.3"
                            ]
                        ]
                    },
                    {
                        "name": "r-rcppeigen",
                        "specs": []
                    },
                    {
                        "name": "r-scales",
                        "specs": []
                    },
                    {
                        "name": "r-scatterplot3d",
                        "specs": []
                    },
                    {
                        "name": "r-smoother",
                        "specs": []
                    },
                    {
                        "name": "r-vim",
                        "specs": []
                    }
                ]
            },
            "description": null,
            "distribution_type": "conda",
            "download_url": "//api.anaconda.org/download/bioconda/bioconductor-destiny/2.12.0/osx-64/bioconductor-destiny-2.12.0-r351h0a44026_0.tar.bz2",
            "full_name": "bioconda/bioconductor-destiny/2.12.0/osx-64/bioconductor-destiny-2.12.0-r351h0a44026_0.tar.bz2",
            "labels": [
                "gcc7",
                "main"
            ],
            "md5": "6829ace4b8c9d4815b379dce9c9db81a",
            "ndownloads": 1184,
            "owner": "bioconda",
            "size": 4431645,
            "type": "conda",
            "upload_time": "2018-12-12 08:30:43.557000+00:00",
            "version": "2.12.0"
        },
        {
            "attrs": {
                "arch": "x86_64",
                "build": "r351hf484d3e_0",
                "build_number": 0,
                "depends": [
                    "bioconductor-biobase >=2.42.0,<2.43.0",
                    "bioconductor-biocgenerics >=0.28.0,<0.29.0",
                    "bioconductor-summarizedexperiment >=1.12.0,<1.13.0",
                    "libgcc-ng >=7.3.0",
                    "libstdcxx-ng >=7.3.0",
                    "r-base >=3.5.1,<3.5.2.0a0",
                    "r-ggplot2",
                    "r-ggthemes",
                    "r-igraph",
                    "r-matrix",
                    "r-proxy",
                    "r-rcpp >=0.10.3",
                    "r-rcppeigen",
                    "r-scales",
                    "r-scatterplot3d",
                    "r-smoother",
                    "r-vim"
                ],
                "has_prefix": false,
                "license": "GPL",
                "machine": "x86_64",
                "operatingsystem": "linux",
                "platform": "linux",
                "subdir": "linux-64",
                "target-triplet": "x86_64-any-linux",
                "timestamp": 1544902175961
            },
            "basename": "linux-64/bioconductor-destiny-2.12.0-r351hf484d3e_0.tar.bz2",
            "dependencies": {
                "depends": [
                    {
                        "name": "bioconductor-biobase",
                        "specs": [
                            [
                                ">=",
                                "2.42.0,<2.43.0"
                            ]
                        ]
                    },
                    {
                        "name": "bioconductor-biocgenerics",
                        "specs": [
                            [
                                ">=",
                                "0.28.0,<0.29.0"
                            ]
                        ]
                    },
                    {
                        "name": "bioconductor-summarizedexperiment",
                        "specs": [
                            [
                                ">=",
                                "1.12.0,<1.13.0"
                            ]
                        ]
                    },
                    {
                        "name": "libgcc-ng",
                        "specs": [
                            [
                                ">=",
                                "7.3.0"
                            ]
                        ]
                    },
                    {
                        "name": "libstdcxx-ng",
                        "specs": [
                            [
                                ">=",
                                "7.3.0"
                            ]
                        ]
                    },
                    {
                        "name": "r-base",
                        "specs": [
                            [
                                ">=",
                                "3.5.1,<3.5.2.0a0"
                            ]
                        ]
                    },
                    {
                        "name": "r-ggplot2",
                        "specs": []
                    },
                    {
                        "name": "r-ggthemes",
                        "specs": []
                    },
                    {
                        "name": "r-igraph",
                        "specs": []
                    },
                    {
                        "name": "r-matrix",
                        "specs": []
                    },
                    {
                        "name": "r-proxy",
                        "specs": []
                    },
                    {
                        "name": "r-rcpp",
                        "specs": [
                            [
                                ">=",
                                "0.10.3"
                            ]
                        ]
                    },
                    {
                        "name": "r-rcppeigen",
                        "specs": []
                    },
                    {
                        "name": "r-scales",
                        "specs": []
                    },
                    {
                        "name": "r-scatterplot3d",
                        "specs": []
                    },
                    {
                        "name": "r-smoother",
                        "specs": []
                    },
                    {
                        "name": "r-vim",
                        "specs": []
                    }
                ]
            },
            "description": null,
            "distribution_type": "conda",
            "download_url": "//api.anaconda.org/download/bioconda/bioconductor-destiny/2.12.0/linux-64/bioconductor-destiny-2.12.0-r351hf484d3e_0.tar.bz2",
            "full_name": "bioconda/bioconductor-destiny/2.12.0/linux-64/bioconductor-destiny-2.12.0-r351hf484d3e_0.tar.bz2",
            "labels": [
                "gcc7",
                "main"
            ],
            "md5": "2bfadc8e36f69aa64f66104fb29035fb",
            "ndownloads": 251,
            "owner": "bioconda",
            "size": 5406342,
            "type": "conda",
            "upload_time": "2018-12-15 19:33:47.790000+00:00",
            "version": "2.12.0"
        },
        {
            "attrs": {
                "arch": "x86_64",
                "build": "r36h6de7cb9_1",
                "build_number": 1,
                "depends": [
                    "bioconductor-biobase >=2.44.0,<2.45.0",
                    "bioconductor-biocgenerics >=0.30.0,<0.31.0",
                    "bioconductor-summarizedexperiment >=1.14.0,<1.15.0",
                    "libcxx >=4.0.1",
                    "r-base >=3.6,<3.7.0a0",
                    "r-ggplot2",
                    "r-ggthemes",
                    "r-igraph",
                    "r-matrix",
                    "r-proxy",
                    "r-rcpp >=0.10.3",
                    "r-rcppeigen",
                    "r-scales",
                    "r-scatterplot3d",
                    "r-smoother",
                    "r-vim"
                ],
                "has_prefix": true,
                "license": "GPL",
                "machine": "x86_64",
                "operatingsystem": "darwin",
                "platform": "osx",
                "subdir": "osx-64",
                "target-triplet": "x86_64-any-darwin",
                "timestamp": 1563848470841
            },
            "basename": "osx-64/bioconductor-destiny-2.14.0-r36h6de7cb9_1.tar.bz2",
            "dependencies": {
                "depends": [
                    {
                        "name": "bioconductor-biobase",
                        "specs": [
                            [
                                ">=",
                                "2.44.0,<2.45.0"
                            ]
                        ]
                    },
                    {
                        "name": "bioconductor-biocgenerics",
                        "specs": [
                            [
                                ">=",
                                "0.30.0,<0.31.0"
                            ]
                        ]
                    },
                    {
                        "name": "bioconductor-summarizedexperiment",
                        "specs": [
                            [
                                ">=",
                                "1.14.0,<1.15.0"
                            ]
                        ]
                    },
                    {
                        "name": "libcxx",
                        "specs": [
                            [
                                ">=",
                                "4.0.1"
                            ]
                        ]
                    },
                    {
                        "name": "r-base",
                        "specs": [
                            [
                                ">=",
                                "3.6,<3.7.0a0"
                            ]
                        ]
                    },
                    {
                        "name": "r-ggplot2",
                        "specs": []
                    },
                    {
                        "name": "r-ggthemes",
                        "specs": []
                    },
                    {
                        "name": "r-igraph",
                        "specs": []
                    },
                    {
                        "name": "r-matrix",
                        "specs": []
                    },
                    {
                        "name": "r-proxy",
                        "specs": []
                    },
                    {
                        "name": "r-rcpp",
                        "specs": [
                            [
                                ">=",
                                "0.10.3"
                            ]
                        ]
                    },
                    {
                        "name": "r-rcppeigen",
                        "specs": []
                    },
                    {
                        "name": "r-scales",
                        "specs": []
                    },
                    {
                        "name": "r-scatterplot3d",
                        "specs": []
                    },
                    {
                        "name": "r-smoother",
                        "specs": []
                    },
                    {
                        "name": "r-vim",
                        "specs": []
                    }
                ]
            },
            "description": null,
            "distribution_type": "conda",
            "download_url": "//api.anaconda.org/download/bioconda/bioconductor-destiny/2.14.0/osx-64/bioconductor-destiny-2.14.0-r36h6de7cb9_1.tar.bz2",
            "full_name": "bioconda/bioconductor-destiny/2.14.0/osx-64/bioconductor-destiny-2.14.0-r36h6de7cb9_1.tar.bz2",
            "labels": [
                "main"
            ],
            "md5": "123ac8cb2e786b204cfe20b598cafc3e",
            "ndownloads": 779,
            "owner": "bioconda",
            "size": 4473824,
            "type": "conda",
            "upload_time": "2019-07-23 02:22:24.231000+00:00",
            "version": "2.14.0"
        },
        {
            "attrs": {
                "arch": "x86_64",
                "build": "r36he1b5a44_1",
                "build_number": 1,
                "depends": [
                    "bioconductor-biobase >=2.44.0,<2.45.0",
                    "bioconductor-biocgenerics >=0.30.0,<0.31.0",
                    "bioconductor-summarizedexperiment >=1.14.0,<1.15.0",
                    "libgcc-ng >=7.3.0",
                    "libstdcxx-ng >=7.3.0",
                    "r-base >=3.6,<3.7.0a0",
                    "r-ggplot2",
                    "r-ggthemes",
                    "r-igraph",
                    "r-matrix",
                    "r-proxy",
                    "r-rcpp >=0.10.3",
                    "r-rcppeigen",
                    "r-scales",
                    "r-scatterplot3d",
                    "r-smoother",
                    "r-vim"
                ],
                "has_prefix": false,
                "license": "GPL",
                "machine": "x86_64",
                "operatingsystem": "linux",
                "platform": "linux",
                "subdir": "linux-64",
                "target-triplet": "x86_64-any-linux",
                "timestamp": 1564791747269
            },
            "basename": "linux-64/bioconductor-destiny-2.14.0-r36he1b5a44_1.tar.bz2",
            "dependencies": {
                "depends": [
                    {
                        "name": "bioconductor-biobase",
                        "specs": [
                            [
                                ">=",
                                "2.44.0,<2.45.0"
                            ]
                        ]
                    },
                    {
                        "name": "bioconductor-biocgenerics",
                        "specs": [
                            [
                                ">=",
                                "0.30.0,<0.31.0"
                            ]
                        ]
                    },
                    {
                        "name": "bioconductor-summarizedexperiment",
                        "specs": [
                            [
                                ">=",
                                "1.14.0,<1.15.0"
                            ]
                        ]
                    },
                    {
                        "name": "libgcc-ng",
                        "specs": [
                            [
                                ">=",
                                "7.3.0"
                            ]
                        ]
                    },
                    {
                        "name": "libstdcxx-ng",
                        "specs": [
                            [
                                ">=",
                                "7.3.0"
                            ]
                        ]
                    },
                    {
                        "name": "r-base",
                        "specs": [
                            [
                                ">=",
                                "3.6,<3.7.0a0"
                            ]
                        ]
                    },
                    {
                        "name": "r-ggplot2",
                        "specs": []
                    },
                    {
                        "name": "r-ggthemes",
                        "specs": []
                    },
                    {
                        "name": "r-igraph",
                        "specs": []
                    },
                    {
                        "name": "r-matrix",
                        "specs": []
                    },
                    {
                        "name": "r-proxy",
                        "specs": []
                    },
                    {
                        "name": "r-rcpp",
                        "specs": [
                            [
                                ">=",
                                "0.10.3"
                            ]
                        ]
                    },
                    {
                        "name": "r-rcppeigen",
                        "specs": []
                    },
                    {
                        "name": "r-scales",
                        "specs": []
                    },
                    {
                        "name": "r-scatterplot3d",
                        "specs": []
                    },
                    {
                        "name": "r-smoother",
                        "specs": []
                    },
                    {
                        "name": "r-vim",
                        "specs": []
                    }
                ]
            },
            "description": null,
            "distribution_type": "conda",
            "download_url": "//api.anaconda.org/download/bioconda/bioconductor-destiny/2.14.0/linux-64/bioconductor-destiny-2.14.0-r36he1b5a44_1.tar.bz2",
            "full_name": "bioconda/bioconductor-destiny/2.14.0/linux-64/bioconductor-destiny-2.14.0-r36he1b5a44_1.tar.bz2",
            "labels": [
                "main"
            ],
            "md5": "926f4071d38252af11006095e3b203d1",
            "ndownloads": 98,
            "owner": "bioconda",
            "size": 5548118,
            "type": "conda",
            "upload_time": "2019-08-03 00:27:52.147000+00:00",
            "version": "2.14.0"
        },
        {
            "attrs": {
                "arch": "x86_64",
                "build": "r36h6de7cb9_0",
                "build_number": 0,
                "depends": [
                    "bioconductor-biobase >=2.46.0,<2.47.0",
                    "bioconductor-biocgenerics >=0.32.0,<0.33.0",
                    "bioconductor-summarizedexperiment >=1.16.0,<1.17.0",
                    "libcxx >=4.0.1",
                    "r-base >=3.6,<3.7.0a0",
                    "r-ggplot2",
                    "r-ggthemes",
                    "r-igraph",
                    "r-matrix",
                    "r-proxy",
                    "r-rcpp >=0.10.3",
                    "r-rcppeigen",
                    "r-scales",
                    "r-scatterplot3d",
                    "r-smoother",
                    "r-vim"
                ],
                "has_prefix": true,
                "license": "GPL",
                "machine": "x86_64",
                "operatingsystem": "darwin",
                "platform": "osx",
                "subdir": "osx-64",
                "target-triplet": "x86_64-any-darwin",
                "timestamp": 1572608644855
            },
            "basename": "osx-64/bioconductor-destiny-2.15.0-r36h6de7cb9_0.tar.bz2",
            "dependencies": {
                "depends": [
                    {
                        "name": "bioconductor-biobase",
                        "specs": [
                            [
                                ">=",
                                "2.46.0,<2.47.0"
                            ]
                        ]
                    },
                    {
                        "name": "bioconductor-biocgenerics",
                        "specs": [
                            [
                                ">=",
                                "0.32.0,<0.33.0"
                            ]
                        ]
                    },
                    {
                        "name": "bioconductor-summarizedexperiment",
                        "specs": [
                            [
                                ">=",
                                "1.16.0,<1.17.0"
                            ]
                        ]
                    },
                    {
                        "name": "libcxx",
                        "specs": [
                            [
                                ">=",
                                "4.0.1"
                            ]
                        ]
                    },
                    {
                        "name": "r-base",
                        "specs": [
                            [
                                ">=",
                                "3.6,<3.7.0a0"
                            ]
                        ]
                    },
                    {
                        "name": "r-ggplot2",
                        "specs": []
                    },
                    {
                        "name": "r-ggthemes",
                        "specs": []
                    },
                    {
                        "name": "r-igraph",
                        "specs": []
                    },
                    {
                        "name": "r-matrix",
                        "specs": []
                    },
                    {
                        "name": "r-proxy",
                        "specs": []
                    },
                    {
                        "name": "r-rcpp",
                        "specs": [
                            [
                                ">=",
                                "0.10.3"
                            ]
                        ]
                    },
                    {
                        "name": "r-rcppeigen",
                        "specs": []
                    },
                    {
                        "name": "r-scales",
                        "specs": []
                    },
                    {
                        "name": "r-scatterplot3d",
                        "specs": []
                    },
                    {
                        "name": "r-smoother",
                        "specs": []
                    },
                    {
                        "name": "r-vim",
                        "specs": []
                    }
                ]
            },
            "description": null,
            "distribution_type": "conda",
            "download_url": "//api.anaconda.org/download/bioconda/bioconductor-destiny/2.15.0/osx-64/bioconductor-destiny-2.15.0-r36h6de7cb9_0.tar.bz2",
            "full_name": "bioconda/bioconductor-destiny/2.15.0/osx-64/bioconductor-destiny-2.15.0-r36h6de7cb9_0.tar.bz2",
            "labels": [
                "main"
            ],
            "md5": "8ba61758fef8d0768458161a76b6e56b",
            "ndownloads": 625,
            "owner": "bioconda",
            "size": 4504804,
            "type": "conda",
            "upload_time": "2019-11-01 11:45:24.726000+00:00",
            "version": "2.15.0"
        },
        {
            "attrs": {
                "arch": "x86_64",
                "build": "r36he1b5a44_0",
                "build_number": 0,
                "depends": [
                    "bioconductor-biobase >=2.46.0,<2.47.0",
                    "bioconductor-biocgenerics >=0.32.0,<0.33.0",
                    "bioconductor-summarizedexperiment >=1.16.0,<1.17.0",
                    "libgcc-ng >=7.3.0",
                    "libstdcxx-ng >=7.3.0",
                    "r-base >=3.6,<3.7.0a0",
                    "r-ggplot2",
                    "r-ggthemes",
                    "r-igraph",
                    "r-matrix",
                    "r-proxy",
                    "r-rcpp >=0.10.3",
                    "r-rcppeigen",
                    "r-scales",
                    "r-scatterplot3d",
                    "r-smoother",
                    "r-vim"
                ],
                "has_prefix": false,
                "license": "GPL",
                "machine": "x86_64",
                "operatingsystem": "linux",
                "platform": "linux",
                "subdir": "linux-64",
                "target-triplet": "x86_64-any-linux",
                "timestamp": 1572730883861
            },
            "basename": "linux-64/bioconductor-destiny-2.15.0-r36he1b5a44_0.tar.bz2",
            "dependencies": {
                "depends": [
                    {
                        "name": "bioconductor-biobase",
                        "specs": [
                            [
                                ">=",
                                "2.46.0,<2.47.0"
                            ]
                        ]
                    },
                    {
                        "name": "bioconductor-biocgenerics",
                        "specs": [
                            [
                                ">=",
                                "0.32.0,<0.33.0"
                            ]
                        ]
                    },
                    {
                        "name": "bioconductor-summarizedexperiment",
                        "specs": [
                            [
                                ">=",
                                "1.16.0,<1.17.0"
                            ]
                        ]
                    },
                    {
                        "name": "libgcc-ng",
                        "specs": [
                            [
                                ">=",
                                "7.3.0"
                            ]
                        ]
                    },
                    {
                        "name": "libstdcxx-ng",
                        "specs": [
                            [
                                ">=",
                                "7.3.0"
                            ]
                        ]
                    },
                    {
                        "name": "r-base",
                        "specs": [
                            [
                                ">=",
                                "3.6,<3.7.0a0"
                            ]
                        ]
                    },
                    {
                        "name": "r-ggplot2",
                        "specs": []
                    },
                    {
                        "name": "r-ggthemes",
                        "specs": []
                    },
                    {
                        "name": "r-igraph",
                        "specs": []
                    },
                    {
                        "name": "r-matrix",
                        "specs": []
                    },
                    {
                        "name": "r-proxy",
                        "specs": []
                    },
                    {
                        "name": "r-rcpp",
                        "specs": [
                            [
                                ">=",
                                "0.10.3"
                            ]
                        ]
                    },
                    {
                        "name": "r-rcppeigen",
                        "specs": []
                    },
                    {
                        "name": "r-scales",
                        "specs": []
                    },
                    {
                        "name": "r-scatterplot3d",
                        "specs": []
                    },
                    {
                        "name": "r-smoother",
                        "specs": []
                    },
                    {
                        "name": "r-vim",
                        "specs": []
                    }
                ]
            },
            "description": null,
            "distribution_type": "conda",
            "download_url": "//api.anaconda.org/download/bioconda/bioconductor-destiny/2.15.0/linux-64/bioconductor-destiny-2.15.0-r36he1b5a44_0.tar.bz2",
            "full_name": "bioconda/bioconductor-destiny/2.15.0/linux-64/bioconductor-destiny-2.15.0-r36he1b5a44_0.tar.bz2",
            "labels": [
                "main"
            ],
            "md5": "a4c093098c76d453821009b5582ade05",
            "ndownloads": 103,
            "owner": "bioconda",
            "size": 5494397,
            "type": "conda",
            "upload_time": "2019-11-02 21:48:01.646000+00:00",
            "version": "2.15.0"
        },
        {
            "attrs": {
                "arch": "x86_64",
                "build": "r40h64ad5ed_0",
                "build_number": 0,
                "depends": [
                    "bioconductor-biobase >=2.48.0,<2.49.0",
                    "bioconductor-biocgenerics >=0.34.0,<0.35.0",
                    "bioconductor-pcamethods >=1.80.0,<1.81.0",
                    "bioconductor-singlecellexperiment >=1.10.0,<1.11.0",
                    "bioconductor-summarizedexperiment >=1.18.0,<1.19.0",
                    "libblas >=3.8.0,<4.0a0",
                    "libcxx >=9.0.1",
                    "liblapack >=3.8.0,<3.9.0a0",
                    "r-base >=4.0,<4.1.0a0",
                    "r-ggplot.multistats",
                    "r-ggplot2",
                    "r-ggthemes",
                    "r-irlba",
                    "r-knn.covertree",
                    "r-matrix",
                    "r-proxy",
                    "r-rcpp >=0.10.3",
                    "r-rcppeigen",
                    "r-rcpphnsw",
                    "r-rspectra >=0.14-0",
                    "r-scales",
                    "r-scatterplot3d",
                    "r-smoother",
                    "r-tidyr",
                    "r-tidyselect",
                    "r-vim"
                ],
                "has_prefix": true,
                "license": "GPL",
                "machine": "x86_64",
                "operatingsystem": "darwin",
                "platform": "osx",
                "subdir": "osx-64",
                "target-triplet": "x86_64-any-darwin",
                "timestamp": 1589228518297
            },
            "basename": "osx-64/bioconductor-destiny-3.2.0-r40h64ad5ed_0.tar.bz2",
            "dependencies": {
                "depends": [
                    {
                        "name": "bioconductor-biobase",
                        "specs": [
                            [
                                ">=",
                                "2.48.0,<2.49.0"
                            ]
                        ]
                    },
                    {
                        "name": "bioconductor-biocgenerics",
                        "specs": [
                            [
                                ">=",
                                "0.34.0,<0.35.0"
                            ]
                        ]
                    },
                    {
                        "name": "bioconductor-pcamethods",
                        "specs": [
                            [
                                ">=",
                                "1.80.0,<1.81.0"
                            ]
                        ]
                    },
                    {
                        "name": "bioconductor-singlecellexperiment",
                        "specs": [
                            [
                                ">=",
                                "1.10.0,<1.11.0"
                            ]
                        ]
                    },
                    {
                        "name": "bioconductor-summarizedexperiment",
                        "specs": [
                            [
                                ">=",
                                "1.18.0,<1.19.0"
                            ]
                        ]
                    },
                    {
                        "name": "libblas",
                        "specs": [
                            [
                                ">=",
                                "3.8.0,<4.0a0"
                            ]
                        ]
                    },
                    {
                        "name": "libcxx",
                        "specs": [
                            [
                                ">=",
                                "9.0.1"
                            ]
                        ]
                    },
                    {
                        "name": "liblapack",
                        "specs": [
                            [
                                ">=",
                                "3.8.0,<3.9.0a0"
                            ]
                        ]
                    },
                    {
                        "name": "r-base",
                        "specs": [
                            [
                                ">=",
                                "4.0,<4.1.0a0"
                            ]
                        ]
                    },
                    {
                        "name": "r-ggplot.multistats",
                        "specs": []
                    },
                    {
                        "name": "r-ggplot2",
                        "specs": []
                    },
                    {
                        "name": "r-ggthemes",
                        "specs": []
                    },
                    {
                        "name": "r-irlba",
                        "specs": []
                    },
                    {
                        "name": "r-knn.covertree",
                        "specs": []
                    },
                    {
                        "name": "r-matrix",
                        "specs": []
                    },
                    {
                        "name": "r-proxy",
                        "specs": []
                    },
                    {
                        "name": "r-rcpp",
                        "specs": [
                            [
                                ">=",
                                "0.10.3"
                            ]
                        ]
                    },
                    {
                        "name": "r-rcppeigen",
                        "specs": []
                    },
                    {
                        "name": "r-rcpphnsw",
                        "specs": []
                    },
                    {
                        "name": "r-rspectra",
                        "specs": [
                            [
                                ">=",
                                "0.14-0"
                            ]
                        ]
                    },
                    {
                        "name": "r-scales",
                        "specs": []
                    },
                    {
                        "name": "r-scatterplot3d",
                        "specs": []
                    },
                    {
                        "name": "r-smoother",
                        "specs": []
                    },
                    {
                        "name": "r-tidyr",
                        "specs": []
                    },
                    {
                        "name": "r-tidyselect",
                        "specs": []
                    },
                    {
                        "name": "r-vim",
                        "specs": []
                    }
                ]
            },
            "description": null,
            "distribution_type": "conda",
            "download_url": "//api.anaconda.org/download/bioconda/bioconductor-destiny/3.2.0/osx-64/bioconductor-destiny-3.2.0-r40h64ad5ed_0.tar.bz2",
            "full_name": "bioconda/bioconductor-destiny/3.2.0/osx-64/bioconductor-destiny-3.2.0-r40h64ad5ed_0.tar.bz2",
            "labels": [
                "main"
            ],
            "md5": "49e775e72486eaabe32653beff061f36",
            "ndownloads": 185,
            "owner": "bioconda",
            "size": 5510991,
            "type": "conda",
            "upload_time": "2020-05-11 20:23:59.490000+00:00",
            "version": "3.2.0"
        },
        {
            "attrs": {
                "arch": "x86_64",
                "build": "r40h5f743cb_0",
                "build_number": 0,
                "depends": [
                    "bioconductor-biobase >=2.48.0,<2.49.0",
                    "bioconductor-biocgenerics >=0.34.0,<0.35.0",
                    "bioconductor-pcamethods >=1.80.0,<1.81.0",
                    "bioconductor-singlecellexperiment >=1.10.0,<1.11.0",
                    "bioconductor-summarizedexperiment >=1.18.0,<1.19.0",
                    "libblas >=3.8.0,<4.0a0",
                    "libgcc-ng >=7.3.0",
                    "liblapack >=3.8.0,<3.9.0a0",
                    "libstdcxx-ng >=7.3.0",
                    "r-base >=4.0,<4.1.0a0",
                    "r-ggplot.multistats",
                    "r-ggplot2",
                    "r-ggthemes",
                    "r-irlba",
                    "r-knn.covertree",
                    "r-matrix",
                    "r-proxy",
                    "r-rcpp >=0.10.3",
                    "r-rcppeigen",
                    "r-rcpphnsw",
                    "r-rspectra >=0.14-0",
                    "r-scales",
                    "r-scatterplot3d",
                    "r-smoother",
                    "r-tidyr",
                    "r-tidyselect",
                    "r-vim"
                ],
                "has_prefix": false,
                "license": "GPL",
                "machine": "x86_64",
                "operatingsystem": "linux",
                "platform": "linux",
                "subdir": "linux-64",
                "target-triplet": "x86_64-any-linux",
                "timestamp": 1589236278733
            },
            "basename": "linux-64/bioconductor-destiny-3.2.0-r40h5f743cb_0.tar.bz2",
            "dependencies": {
                "depends": [
                    {
                        "name": "bioconductor-biobase",
                        "specs": [
                            [
                                ">=",
                                "2.48.0,<2.49.0"
                            ]
                        ]
                    },
                    {
                        "name": "bioconductor-biocgenerics",
                        "specs": [
                            [
                                ">=",
                                "0.34.0,<0.35.0"
                            ]
                        ]
                    },
                    {
                        "name": "bioconductor-pcamethods",
                        "specs": [
                            [
                                ">=",
                                "1.80.0,<1.81.0"
                            ]
                        ]
                    },
                    {
                        "name": "bioconductor-singlecellexperiment",
                        "specs": [
                            [
                                ">=",
                                "1.10.0,<1.11.0"
                            ]
                        ]
                    },
                    {
                        "name": "bioconductor-summarizedexperiment",
                        "specs": [
                            [
                                ">=",
                                "1.18.0,<1.19.0"
                            ]
                        ]
                    },
                    {
                        "name": "libblas",
                        "specs": [
                            [
                                ">=",
                                "3.8.0,<4.0a0"
                            ]
                        ]
                    },
                    {
                        "name": "libgcc-ng",
                        "specs": [
                            [
                                ">=",
                                "7.3.0"
                            ]
                        ]
                    },
                    {
                        "name": "liblapack",
                        "specs": [
                            [
                                ">=",
                                "3.8.0,<3.9.0a0"
                            ]
                        ]
                    },
                    {
                        "name": "libstdcxx-ng",
                        "specs": [
                            [
                                ">=",
                                "7.3.0"
                            ]
                        ]
                    },
                    {
                        "name": "r-base",
                        "specs": [
                            [
                                ">=",
                                "4.0,<4.1.0a0"
                            ]
                        ]
                    },
                    {
                        "name": "r-ggplot.multistats",
                        "specs": []
                    },
                    {
                        "name": "r-ggplot2",
                        "specs": []
                    },
                    {
                        "name": "r-ggthemes",
                        "specs": []
                    },
                    {
                        "name": "r-irlba",
                        "specs": []
                    },
                    {
                        "name": "r-knn.covertree",
                        "specs": []
                    },
                    {
                        "name": "r-matrix",
                        "specs": []
                    },
                    {
                        "name": "r-proxy",
                        "specs": []
                    },
                    {
                        "name": "r-rcpp",
                        "specs": [
                            [
                                ">=",
                                "0.10.3"
                            ]
                        ]
                    },
                    {
                        "name": "r-rcppeigen",
                        "specs": []
                    },
                    {
                        "name": "r-rcpphnsw",
                        "specs": []
                    },
                    {
                        "name": "r-rspectra",
                        "specs": [
                            [
                                ">=",
                                "0.14-0"
                            ]
                        ]
                    },
                    {
                        "name": "r-scales",
                        "specs": []
                    },
                    {
                        "name": "r-scatterplot3d",
                        "specs": []
                    },
                    {
                        "name": "r-smoother",
                        "specs": []
                    },
                    {
                        "name": "r-tidyr",
                        "specs": []
                    },
                    {
                        "name": "r-tidyselect",
                        "specs": []
                    },
                    {
                        "name": "r-vim",
                        "specs": []
                    }
                ]
            },
            "description": null,
            "distribution_type": "conda",
            "download_url": "//api.anaconda.org/download/bioconda/bioconductor-destiny/3.2.0/linux-64/bioconductor-destiny-3.2.0-r40h5f743cb_0.tar.bz2",
            "full_name": "bioconda/bioconductor-destiny/3.2.0/linux-64/bioconductor-destiny-3.2.0-r40h5f743cb_0.tar.bz2",
            "labels": [
                "main"
            ],
            "md5": "cee4a44955196c3b21ebcec96377c1da",
            "ndownloads": 57,
            "owner": "bioconda",
            "size": 6150714,
            "type": "conda",
            "upload_time": "2020-05-11 22:38:46.805000+00:00",
            "version": "3.2.0"
        }
    ],
    "full_name": "bioconda/bioconductor-destiny",
    "home": "https://bioconductor.org/packages/3.8/bioc/html/destiny.html",
    "html_url": "http://anaconda.org/bioconda/bioconductor-destiny",
    "id": "5c10c732d9c2cf135396fce3",
    "latest_version": "3.2.0",
    "license": "GPL",
    "license_url": null,
    "modified_at": "2020-05-11 22:38:47.468000+00:00",
    "name": "bioconductor-destiny",
    "owner": {
        "company": "",
        "created_at": "2015-09-11 22:59:20.880000+00:00",
        "description": "Bioconda is a distribution of bioinformatics software realized as a channel for the versatile Conda package manager.",
        "location": "",
        "login": "bioconda",
        "name": "bioconda",
        "url": "",
        "user_type": "org"
    },
    "package_types": [
        "conda"
    ],
    "public": true,
    "releases": [
        {
            "distributions": [],
            "full_name": "bioconda/bioconductor-destiny/2.12.0",
            "version": "2.12.0"
        },
        {
            "distributions": [],
            "full_name": "bioconda/bioconductor-destiny/2.14.0",
            "version": "2.14.0"
        },
        {
            "distributions": [],
            "full_name": "bioconda/bioconductor-destiny/2.15.0",
            "version": "2.15.0"
        },
        {
            "distributions": [],
            "full_name": "bioconda/bioconductor-destiny/3.2.0",
            "version": "3.2.0"
        }
    ],
    "revision": 8,
    "source_git_tag": null,
    "source_git_url": null,
    "summary": "Creates diffusion maps",
    "upvoted": 0,
    "url": "http://api.anaconda.org/packages/bioconda/bioconductor-destiny",
    "versions": [
        "2.12.0",
        "2.14.0",
        "2.15.0",
        "3.2.0"
    ],
    "watchers": 1
}