{
    "app_entry": {},
    "app_summary": {},
    "app_type": {},
    "builds": [
        "r36_1",
        "r36_0",
        "r40_0"
    ],
    "conda_platforms": [
        "noarch"
    ],
    "created_at": "2019-07-21 19:44:04.254000+00:00",
    "description": "CoRegFlux aims at providing tools to integrate reverse engineered gene regulatory networks and gene-expression into metabolic models to improve prediction of phenotypes, both for metabolic engineering, through transcription factor or gene (TF) knock-out or overexpression in various conditions as well as to improve our understanding of the interactions and cell inner-working.",
    "dev_url": null,
    "doc_url": null,
    "files": [
        {
            "attrs": {
                "arch": null,
                "build": "r36_1",
                "build_number": 1,
                "depends": [
                    "bioconductor-coregnet >=1.22.0,<1.23.0",
                    "r-base >=3.6,<3.7.0a0",
                    "r-sybil"
                ],
                "has_prefix": false,
                "license": "GPL-3",
                "machine": null,
                "noarch": "generic",
                "operatingsystem": null,
                "platform": null,
                "subdir": "noarch",
                "target-triplet": "None-any-None",
                "timestamp": 1563737996288
            },
            "basename": "noarch/bioconductor-coregflux-1.0.0-r36_1.tar.bz2",
            "dependencies": {
                "depends": [
                    {
                        "name": "bioconductor-coregnet",
                        "specs": [
                            [
                                ">=",
                                "1.22.0,<1.23.0"
                            ]
                        ]
                    },
                    {
                        "name": "r-base",
                        "specs": [
                            [
                                ">=",
                                "3.6,<3.7.0a0"
                            ]
                        ]
                    },
                    {
                        "name": "r-sybil",
                        "specs": []
                    }
                ]
            },
            "description": null,
            "distribution_type": "conda",
            "download_url": "//api.anaconda.org/download/bioconda/bioconductor-coregflux/1.0.0/noarch/bioconductor-coregflux-1.0.0-r36_1.tar.bz2",
            "full_name": "bioconda/bioconductor-coregflux/1.0.0/noarch/bioconductor-coregflux-1.0.0-r36_1.tar.bz2",
            "labels": [
                "main"
            ],
            "md5": "debc402765a00e4381f15a91197b6c1f",
            "ndownloads": 57,
            "owner": "bioconda",
            "size": 4915484,
            "type": "conda",
            "upload_time": "2019-07-21 19:44:05.239000+00:00",
            "version": "1.0.0"
        },
        {
            "attrs": {
                "arch": null,
                "build": "r36_0",
                "build_number": 0,
                "depends": [
                    "bioconductor-coregnet >=1.24.0,<1.25.0",
                    "glpk >=4.65,<4.66.0a0",
                    "r-base >=3.6,<3.7.0a0",
                    "r-sybil"
                ],
                "has_prefix": false,
                "license": "GPL-3",
                "machine": null,
                "noarch": "generic",
                "operatingsystem": null,
                "platform": null,
                "subdir": "noarch",
                "target-triplet": "None-any-None",
                "timestamp": 1572620084586
            },
            "basename": "noarch/bioconductor-coregflux-1.2.0-r36_0.tar.bz2",
            "dependencies": {
                "depends": [
                    {
                        "name": "bioconductor-coregnet",
                        "specs": [
                            [
                                ">=",
                                "1.24.0,<1.25.0"
                            ]
                        ]
                    },
                    {
                        "name": "glpk",
                        "specs": [
                            [
                                ">=",
                                "4.65,<4.66.0a0"
                            ]
                        ]
                    },
                    {
                        "name": "r-base",
                        "specs": [
                            [
                                ">=",
                                "3.6,<3.7.0a0"
                            ]
                        ]
                    },
                    {
                        "name": "r-sybil",
                        "specs": []
                    }
                ]
            },
            "description": null,
            "distribution_type": "conda",
            "download_url": "//api.anaconda.org/download/bioconda/bioconductor-coregflux/1.2.0/noarch/bioconductor-coregflux-1.2.0-r36_0.tar.bz2",
            "full_name": "bioconda/bioconductor-coregflux/1.2.0/noarch/bioconductor-coregflux-1.2.0-r36_0.tar.bz2",
            "labels": [
                "main"
            ],
            "md5": "fa9025ff43320fa35ec24cda7fc5e6b2",
            "ndownloads": 48,
            "owner": "bioconda",
            "size": 4922981,
            "type": "conda",
            "upload_time": "2019-11-01 14:59:54.979000+00:00",
            "version": "1.2.0"
        },
        {
            "attrs": {
                "arch": null,
                "build": "r40_0",
                "build_number": 0,
                "depends": [
                    "bioconductor-coregnet >=1.26.0,<1.27.0",
                    "glpk >=4.65,<4.66.0a0",
                    "r-base >=4.0,<4.1.0a0",
                    "r-sybil"
                ],
                "has_prefix": false,
                "license": "GPL-3",
                "machine": null,
                "noarch": "generic",
                "operatingsystem": null,
                "platform": null,
                "subdir": "noarch",
                "target-triplet": "None-any-None",
                "timestamp": 1589036725319
            },
            "basename": "noarch/bioconductor-coregflux-1.4.0-r40_0.tar.bz2",
            "dependencies": {
                "depends": [
                    {
                        "name": "bioconductor-coregnet",
                        "specs": [
                            [
                                ">=",
                                "1.26.0,<1.27.0"
                            ]
                        ]
                    },
                    {
                        "name": "glpk",
                        "specs": [
                            [
                                ">=",
                                "4.65,<4.66.0a0"
                            ]
                        ]
                    },
                    {
                        "name": "r-base",
                        "specs": [
                            [
                                ">=",
                                "4.0,<4.1.0a0"
                            ]
                        ]
                    },
                    {
                        "name": "r-sybil",
                        "specs": []
                    }
                ]
            },
            "description": null,
            "distribution_type": "conda",
            "download_url": "//api.anaconda.org/download/bioconda/bioconductor-coregflux/1.4.0/noarch/bioconductor-coregflux-1.4.0-r40_0.tar.bz2",
            "full_name": "bioconda/bioconductor-coregflux/1.4.0/noarch/bioconductor-coregflux-1.4.0-r40_0.tar.bz2",
            "labels": [
                "main"
            ],
            "md5": "72ed11abf9d7558b65d8644d42803cce",
            "ndownloads": 23,
            "owner": "bioconda",
            "size": 4929491,
            "type": "conda",
            "upload_time": "2020-05-09 15:10:50.216000+00:00",
            "version": "1.4.0"
        }
    ],
    "full_name": "bioconda/bioconductor-coregflux",
    "home": "https://bioconductor.org/packages/3.9/bioc/html/CoRegFlux.html",
    "html_url": "http://anaconda.org/bioconda/bioconductor-coregflux",
    "id": "5d34c084c7424a23e6889b07",
    "latest_version": "1.4.0",
    "license": "GPL-3",
    "license_url": null,
    "modified_at": "2020-05-09 15:10:50.637000+00:00",
    "name": "bioconductor-coregflux",
    "owner": {
        "company": "",
        "created_at": "2015-09-11 22:59:20.880000+00:00",
        "description": "Bioconda is a distribution of bioinformatics software realized as a channel for the versatile Conda package manager.",
        "location": "",
        "login": "bioconda",
        "name": "bioconda",
        "url": "",
        "user_type": "org"
    },
    "package_types": [
        "conda"
    ],
    "public": true,
    "releases": [
        {
            "distributions": [],
            "full_name": "bioconda/bioconductor-coregflux/1.0.0",
            "version": "1.0.0"
        },
        {
            "distributions": [],
            "full_name": "bioconda/bioconductor-coregflux/1.2.0",
            "version": "1.2.0"
        },
        {
            "distributions": [],
            "full_name": "bioconda/bioconductor-coregflux/1.4.0",
            "version": "1.4.0"
        }
    ],
    "revision": 6,
    "source_git_tag": null,
    "source_git_url": null,
    "summary": "CoRegFlux",
    "upvoted": 0,
    "url": "http://api.anaconda.org/packages/bioconda/bioconductor-coregflux",
    "versions": [
        "1.0.0",
        "1.2.0",
        "1.4.0"
    ],
    "watchers": 1
}