{
    "app_entry": {},
    "app_summary": {},
    "app_type": {},
    "builds": [
        "r351_0",
        "r36_1",
        "r40_0",
        "r36_0"
    ],
    "conda_platforms": [
        "noarch"
    ],
    "created_at": "2018-12-21 17:03:26.441000+00:00",
    "description": "This package reproduces the systems biology analysis for the data in package Fletcher2013a using RTN.",
    "dev_url": null,
    "doc_url": null,
    "files": [
        {
            "attrs": {
                "arch": null,
                "build": "r351_0",
                "build_number": 0,
                "depends": [
                    "bioconductor-fletcher2013a >=1.18.0,<1.19.0",
                    "bioconductor-reder >=1.30.0,<1.31.0",
                    "bioconductor-rtn >=2.6.0,<2.7.0",
                    "r-base >=3.5.1,<3.5.2.0a0",
                    "r-igraph",
                    "r-rcolorbrewer",
                    "wget"
                ],
                "has_prefix": false,
                "license": "GPL (>= 2)",
                "machine": null,
                "noarch": "generic",
                "operatingsystem": null,
                "platform": null,
                "subdir": "noarch",
                "target-triplet": "None-any-None",
                "timestamp": 1545411553650
            },
            "basename": "noarch/bioconductor-fletcher2013b-1.18.0-r351_0.tar.bz2",
            "dependencies": {
                "depends": [
                    {
                        "name": "bioconductor-fletcher2013a",
                        "specs": [
                            [
                                ">=",
                                "1.18.0,<1.19.0"
                            ]
                        ]
                    },
                    {
                        "name": "bioconductor-reder",
                        "specs": [
                            [
                                ">=",
                                "1.30.0,<1.31.0"
                            ]
                        ]
                    },
                    {
                        "name": "bioconductor-rtn",
                        "specs": [
                            [
                                ">=",
                                "2.6.0,<2.7.0"
                            ]
                        ]
                    },
                    {
                        "name": "r-base",
                        "specs": [
                            [
                                ">=",
                                "3.5.1,<3.5.2.0a0"
                            ]
                        ]
                    },
                    {
                        "name": "r-igraph",
                        "specs": []
                    },
                    {
                        "name": "r-rcolorbrewer",
                        "specs": []
                    },
                    {
                        "name": "wget",
                        "specs": []
                    }
                ]
            },
            "description": null,
            "distribution_type": "conda",
            "download_url": "//api.anaconda.org/download/bioconda/bioconductor-fletcher2013b/1.18.0/noarch/bioconductor-fletcher2013b-1.18.0-r351_0.tar.bz2",
            "full_name": "bioconda/bioconductor-fletcher2013b/1.18.0/noarch/bioconductor-fletcher2013b-1.18.0-r351_0.tar.bz2",
            "labels": [
                "gcc7",
                "main"
            ],
            "md5": "e55d696a358d3cb354c05f954759045c",
            "ndownloads": 91,
            "owner": "bioconda",
            "size": 6633,
            "type": "conda",
            "upload_time": "2018-12-21 17:03:27.469000+00:00",
            "version": "1.18.0"
        },
        {
            "attrs": {
                "arch": null,
                "build": "r36_1",
                "build_number": 1,
                "depends": [
                    "bioconductor-fletcher2013a >=1.20.0,<1.21.0",
                    "bioconductor-reder >=1.32.0,<1.33.0",
                    "bioconductor-rtn >=2.8.0,<2.9.0",
                    "curl >=7.65.3,<8.0a0",
                    "r-base >=3.6,<3.7.0a0",
                    "r-igraph",
                    "r-rcolorbrewer"
                ],
                "has_prefix": false,
                "license": "GPL (>= 2)",
                "machine": null,
                "noarch": "generic",
                "operatingsystem": null,
                "platform": null,
                "subdir": "noarch",
                "target-triplet": "None-any-None",
                "timestamp": 1564688888720
            },
            "basename": "noarch/bioconductor-fletcher2013b-1.20.0-r36_1.tar.bz2",
            "dependencies": {
                "depends": [
                    {
                        "name": "bioconductor-fletcher2013a",
                        "specs": [
                            [
                                ">=",
                                "1.20.0,<1.21.0"
                            ]
                        ]
                    },
                    {
                        "name": "bioconductor-reder",
                        "specs": [
                            [
                                ">=",
                                "1.32.0,<1.33.0"
                            ]
                        ]
                    },
                    {
                        "name": "bioconductor-rtn",
                        "specs": [
                            [
                                ">=",
                                "2.8.0,<2.9.0"
                            ]
                        ]
                    },
                    {
                        "name": "curl",
                        "specs": [
                            [
                                ">=",
                                "7.65.3,<8.0a0"
                            ]
                        ]
                    },
                    {
                        "name": "r-base",
                        "specs": [
                            [
                                ">=",
                                "3.6,<3.7.0a0"
                            ]
                        ]
                    },
                    {
                        "name": "r-igraph",
                        "specs": []
                    },
                    {
                        "name": "r-rcolorbrewer",
                        "specs": []
                    }
                ]
            },
            "description": null,
            "distribution_type": "conda",
            "download_url": "//api.anaconda.org/download/bioconda/bioconductor-fletcher2013b/1.20.0/noarch/bioconductor-fletcher2013b-1.20.0-r36_1.tar.bz2",
            "full_name": "bioconda/bioconductor-fletcher2013b/1.20.0/noarch/bioconductor-fletcher2013b-1.20.0-r36_1.tar.bz2",
            "labels": [
                "main"
            ],
            "md5": "30c939281123c5a92741020ec7bed480",
            "ndownloads": 46,
            "owner": "bioconda",
            "size": 7027,
            "type": "conda",
            "upload_time": "2019-08-01 19:55:09.306000+00:00",
            "version": "1.20.0"
        },
        {
            "attrs": {
                "arch": null,
                "build": "r36_0",
                "build_number": 0,
                "depends": [
                    "bioconductor-fletcher2013a >=1.22.0,<1.23.0",
                    "bioconductor-reder >=1.34.0,<1.35.0",
                    "bioconductor-rtn >=2.10.0,<2.11.0",
                    "curl >=7.65.3,<8.0a0",
                    "r-base >=3.6,<3.7.0a0",
                    "r-igraph",
                    "r-rcolorbrewer"
                ],
                "has_prefix": false,
                "license": "GPL (>= 2)",
                "machine": null,
                "noarch": "generic",
                "operatingsystem": null,
                "platform": null,
                "subdir": "noarch",
                "target-triplet": "None-any-None",
                "timestamp": 1573074950096
            },
            "basename": "noarch/bioconductor-fletcher2013b-1.22.0-r36_0.tar.bz2",
            "dependencies": {
                "depends": [
                    {
                        "name": "bioconductor-fletcher2013a",
                        "specs": [
                            [
                                ">=",
                                "1.22.0,<1.23.0"
                            ]
                        ]
                    },
                    {
                        "name": "bioconductor-reder",
                        "specs": [
                            [
                                ">=",
                                "1.34.0,<1.35.0"
                            ]
                        ]
                    },
                    {
                        "name": "bioconductor-rtn",
                        "specs": [
                            [
                                ">=",
                                "2.10.0,<2.11.0"
                            ]
                        ]
                    },
                    {
                        "name": "curl",
                        "specs": [
                            [
                                ">=",
                                "7.65.3,<8.0a0"
                            ]
                        ]
                    },
                    {
                        "name": "r-base",
                        "specs": [
                            [
                                ">=",
                                "3.6,<3.7.0a0"
                            ]
                        ]
                    },
                    {
                        "name": "r-igraph",
                        "specs": []
                    },
                    {
                        "name": "r-rcolorbrewer",
                        "specs": []
                    }
                ]
            },
            "description": null,
            "distribution_type": "conda",
            "download_url": "//api.anaconda.org/download/bioconda/bioconductor-fletcher2013b/1.22.0/noarch/bioconductor-fletcher2013b-1.22.0-r36_0.tar.bz2",
            "full_name": "bioconda/bioconductor-fletcher2013b/1.22.0/noarch/bioconductor-fletcher2013b-1.22.0-r36_0.tar.bz2",
            "labels": [
                "main"
            ],
            "md5": "b2d99370a37863ea03095da073d58c11",
            "ndownloads": 37,
            "owner": "bioconda",
            "size": 18282,
            "type": "conda",
            "upload_time": "2019-11-06 21:24:20.420000+00:00",
            "version": "1.22.0"
        },
        {
            "attrs": {
                "arch": null,
                "build": "r40_0",
                "build_number": 0,
                "depends": [
                    "bioconductor-fletcher2013a >=1.24.0,<1.25.0",
                    "bioconductor-reder >=1.36.0,<1.37.0",
                    "bioconductor-rtn >=2.12.0,<2.13.0",
                    "curl >=7.69.1,<8.0a0",
                    "r-base >=4.0,<4.1.0a0",
                    "r-igraph",
                    "r-rcolorbrewer"
                ],
                "has_prefix": false,
                "license": "GPL (>= 2)",
                "machine": null,
                "noarch": "generic",
                "operatingsystem": null,
                "platform": null,
                "subdir": "noarch",
                "target-triplet": "None-any-None",
                "timestamp": 1589208544129
            },
            "basename": "noarch/bioconductor-fletcher2013b-1.24.0-r40_0.tar.bz2",
            "dependencies": {
                "depends": [
                    {
                        "name": "bioconductor-fletcher2013a",
                        "specs": [
                            [
                                ">=",
                                "1.24.0,<1.25.0"
                            ]
                        ]
                    },
                    {
                        "name": "bioconductor-reder",
                        "specs": [
                            [
                                ">=",
                                "1.36.0,<1.37.0"
                            ]
                        ]
                    },
                    {
                        "name": "bioconductor-rtn",
                        "specs": [
                            [
                                ">=",
                                "2.12.0,<2.13.0"
                            ]
                        ]
                    },
                    {
                        "name": "curl",
                        "specs": [
                            [
                                ">=",
                                "7.69.1,<8.0a0"
                            ]
                        ]
                    },
                    {
                        "name": "r-base",
                        "specs": [
                            [
                                ">=",
                                "4.0,<4.1.0a0"
                            ]
                        ]
                    },
                    {
                        "name": "r-igraph",
                        "specs": []
                    },
                    {
                        "name": "r-rcolorbrewer",
                        "specs": []
                    }
                ]
            },
            "description": null,
            "distribution_type": "conda",
            "download_url": "//api.anaconda.org/download/bioconda/bioconductor-fletcher2013b/1.24.0/noarch/bioconductor-fletcher2013b-1.24.0-r40_0.tar.bz2",
            "full_name": "bioconda/bioconductor-fletcher2013b/1.24.0/noarch/bioconductor-fletcher2013b-1.24.0-r40_0.tar.bz2",
            "labels": [
                "main"
            ],
            "md5": "47b12a41736fcf800b8db8ef781bf57e",
            "ndownloads": 16,
            "owner": "bioconda",
            "size": 19222,
            "type": "conda",
            "upload_time": "2020-05-11 14:57:40.217000+00:00",
            "version": "1.24.0"
        }
    ],
    "full_name": "bioconda/bioconductor-fletcher2013b",
    "home": "https://bioconductor.org/packages/3.8/data/experiment/html/Fletcher2013b.html",
    "html_url": "http://anaconda.org/bioconda/bioconductor-fletcher2013b",
    "id": "5c1d1cded9c2cf13525fb6e3",
    "latest_version": "1.24.0",
    "license": "GPL (>= 2)",
    "license_url": null,
    "modified_at": "2020-05-11 14:57:40.822000+00:00",
    "name": "bioconductor-fletcher2013b",
    "owner": {
        "company": "",
        "created_at": "2015-09-11 22:59:20.880000+00:00",
        "description": "Bioconda is a distribution of bioinformatics software realized as a channel for the versatile Conda package manager.",
        "location": "",
        "login": "bioconda",
        "name": "bioconda",
        "url": "",
        "user_type": "org"
    },
    "package_types": [
        "conda"
    ],
    "public": true,
    "releases": [
        {
            "distributions": [],
            "full_name": "bioconda/bioconductor-fletcher2013b/1.18.0",
            "version": "1.18.0"
        },
        {
            "distributions": [],
            "full_name": "bioconda/bioconductor-fletcher2013b/1.20.0",
            "version": "1.20.0"
        },
        {
            "distributions": [],
            "full_name": "bioconda/bioconductor-fletcher2013b/1.21.0",
            "version": "1.21.0"
        },
        {
            "distributions": [],
            "full_name": "bioconda/bioconductor-fletcher2013b/1.22.0",
            "version": "1.22.0"
        },
        {
            "distributions": [],
            "full_name": "bioconda/bioconductor-fletcher2013b/1.24.0",
            "version": "1.24.0"
        }
    ],
    "revision": 10,
    "source_git_tag": null,
    "source_git_url": null,
    "summary": "Master regulators of FGFR2 signalling and breast cancer risk",
    "upvoted": 0,
    "url": "http://api.anaconda.org/packages/bioconda/bioconductor-fletcher2013b",
    "versions": [
        "1.18.0",
        "1.20.0",
        "1.21.0",
        "1.22.0",
        "1.24.0"
    ],
    "watchers": 1
}