{
    "app_entry": {},
    "app_summary": {},
    "app_type": {},
    "builds": [
        "r40_0",
        "r36_1",
        "r36_0",
        "r341_0",
        "r351_0",
        "r3.4.1_0"
    ],
    "conda_platforms": [
        "linux-64",
        "noarch",
        "osx-64"
    ],
    "created_at": "2018-01-28 11:21:15.059000+00:00",
    "description": "Identification of genetic variants affecting alternative splicing.",
    "dev_url": null,
    "doc_url": null,
    "files": [
        {
            "attrs": {
                "arch": "x86_64",
                "build": "r3.4.1_0",
                "build_number": 0,
                "depends": [
                    "bioconductor-annotationdbi",
                    "bioconductor-biobase",
                    "bioconductor-biocgenerics",
                    "bioconductor-biocparallel",
                    "bioconductor-genomeinfodb",
                    "bioconductor-genomicfeatures",
                    "bioconductor-genomicranges",
                    "bioconductor-iranges",
                    "bioconductor-s4vectors",
                    "r-base 3.4.1*",
                    "r-doparallel",
                    "r-foreach",
                    "r-ggfortify",
                    "r-ggplot2",
                    "r-lme4",
                    "r-matrix"
                ],
                "has_prefix": false,
                "license": "GPL-2",
                "machine": "x86_64",
                "operatingsystem": "linux",
                "platform": "linux",
                "subdir": "linux-64",
                "target-triplet": "x86_64-any-linux"
            },
            "basename": "linux-64/bioconductor-ivas-1.98.0-r3.4.1_0.tar.bz2",
            "dependencies": {
                "depends": [
                    {
                        "name": "bioconductor-annotationdbi",
                        "specs": []
                    },
                    {
                        "name": "bioconductor-biobase",
                        "specs": []
                    },
                    {
                        "name": "bioconductor-biocgenerics",
                        "specs": []
                    },
                    {
                        "name": "bioconductor-biocparallel",
                        "specs": []
                    },
                    {
                        "name": "bioconductor-genomeinfodb",
                        "specs": []
                    },
                    {
                        "name": "bioconductor-genomicfeatures",
                        "specs": []
                    },
                    {
                        "name": "bioconductor-genomicranges",
                        "specs": []
                    },
                    {
                        "name": "bioconductor-iranges",
                        "specs": []
                    },
                    {
                        "name": "bioconductor-s4vectors",
                        "specs": []
                    },
                    {
                        "name": "r-base",
                        "specs": [
                            [
                                "==",
                                "3.4.1"
                            ]
                        ]
                    },
                    {
                        "name": "r-doparallel",
                        "specs": []
                    },
                    {
                        "name": "r-foreach",
                        "specs": []
                    },
                    {
                        "name": "r-ggfortify",
                        "specs": []
                    },
                    {
                        "name": "r-ggplot2",
                        "specs": []
                    },
                    {
                        "name": "r-lme4",
                        "specs": []
                    },
                    {
                        "name": "r-matrix",
                        "specs": []
                    }
                ]
            },
            "description": null,
            "distribution_type": "conda",
            "download_url": "//api.anaconda.org/download/bioconda/bioconductor-ivas/1.98.0/linux-64/bioconductor-ivas-1.98.0-r3.4.1_0.tar.bz2",
            "full_name": "bioconda/bioconductor-ivas/1.98.0/linux-64/bioconductor-ivas-1.98.0-r3.4.1_0.tar.bz2",
            "labels": [
                "main",
                "cf201901"
            ],
            "md5": "7cc67adeccaa4e08985f2521d556e3d4",
            "ndownloads": 328,
            "owner": "bioconda",
            "size": 391989,
            "type": "conda",
            "upload_time": "2018-01-28 11:21:15.580000+00:00",
            "version": "1.98.0"
        },
        {
            "attrs": {
                "arch": "x86_64",
                "build": "r3.4.1_0",
                "build_number": 0,
                "depends": [
                    "bioconductor-annotationdbi",
                    "bioconductor-biobase",
                    "bioconductor-biocgenerics",
                    "bioconductor-biocparallel",
                    "bioconductor-genomeinfodb",
                    "bioconductor-genomicfeatures",
                    "bioconductor-genomicranges",
                    "bioconductor-iranges",
                    "bioconductor-s4vectors",
                    "r-base 3.4.1*",
                    "r-doparallel",
                    "r-foreach",
                    "r-ggfortify",
                    "r-ggplot2",
                    "r-lme4",
                    "r-matrix"
                ],
                "has_prefix": false,
                "license": "GPL-2",
                "machine": "x86_64",
                "operatingsystem": "darwin",
                "platform": "osx",
                "subdir": "osx-64",
                "target-triplet": "x86_64-any-darwin"
            },
            "basename": "osx-64/bioconductor-ivas-1.98.0-r3.4.1_0.tar.bz2",
            "dependencies": {
                "depends": [
                    {
                        "name": "bioconductor-annotationdbi",
                        "specs": []
                    },
                    {
                        "name": "bioconductor-biobase",
                        "specs": []
                    },
                    {
                        "name": "bioconductor-biocgenerics",
                        "specs": []
                    },
                    {
                        "name": "bioconductor-biocparallel",
                        "specs": []
                    },
                    {
                        "name": "bioconductor-genomeinfodb",
                        "specs": []
                    },
                    {
                        "name": "bioconductor-genomicfeatures",
                        "specs": []
                    },
                    {
                        "name": "bioconductor-genomicranges",
                        "specs": []
                    },
                    {
                        "name": "bioconductor-iranges",
                        "specs": []
                    },
                    {
                        "name": "bioconductor-s4vectors",
                        "specs": []
                    },
                    {
                        "name": "r-base",
                        "specs": [
                            [
                                "==",
                                "3.4.1"
                            ]
                        ]
                    },
                    {
                        "name": "r-doparallel",
                        "specs": []
                    },
                    {
                        "name": "r-foreach",
                        "specs": []
                    },
                    {
                        "name": "r-ggfortify",
                        "specs": []
                    },
                    {
                        "name": "r-ggplot2",
                        "specs": []
                    },
                    {
                        "name": "r-lme4",
                        "specs": []
                    },
                    {
                        "name": "r-matrix",
                        "specs": []
                    }
                ]
            },
            "description": null,
            "distribution_type": "conda",
            "download_url": "//api.anaconda.org/download/bioconda/bioconductor-ivas/1.98.0/osx-64/bioconductor-ivas-1.98.0-r3.4.1_0.tar.bz2",
            "full_name": "bioconda/bioconductor-ivas/1.98.0/osx-64/bioconductor-ivas-1.98.0-r3.4.1_0.tar.bz2",
            "labels": [
                "main",
                "cf201901"
            ],
            "md5": "052e86b693738275e6d79efc329a97d6",
            "ndownloads": 1225,
            "owner": "bioconda",
            "size": 392265,
            "type": "conda",
            "upload_time": "2018-01-28 11:47:26.993000+00:00",
            "version": "1.98.0"
        },
        {
            "attrs": {
                "arch": "x86_64",
                "build": "r341_0",
                "build_number": 0,
                "depends": [
                    "bioconductor-annotationdbi >=1.42.1,<1.44.0",
                    "bioconductor-biobase >=2.40.0,<2.42.0",
                    "bioconductor-biocgenerics >=0.26.0,<0.28.0",
                    "bioconductor-biocparallel >=1.14.2,<1.16.0",
                    "bioconductor-genomeinfodb >=1.16.0,<1.18.0",
                    "bioconductor-genomicfeatures >=1.32.2,<1.34.0",
                    "bioconductor-genomicranges >=1.32.7,<1.34.0",
                    "bioconductor-iranges >=2.14.12,<2.16.0",
                    "bioconductor-s4vectors >=0.18.3,<0.20.0",
                    "r-base >=3.4.1,<3.4.2.0a0",
                    "r-doparallel",
                    "r-foreach",
                    "r-ggfortify",
                    "r-ggplot2",
                    "r-lme4",
                    "r-matrix"
                ],
                "has_prefix": false,
                "license": "GPL-2",
                "machine": "x86_64",
                "operatingsystem": "darwin",
                "platform": "osx",
                "subdir": "osx-64",
                "target-triplet": "x86_64-any-darwin",
                "timestamp": 1539959826936
            },
            "basename": "osx-64/bioconductor-ivas-2.0.0-r341_0.tar.bz2",
            "dependencies": {
                "depends": [
                    {
                        "name": "bioconductor-annotationdbi",
                        "specs": [
                            [
                                ">=",
                                "1.42.1,<1.44.0"
                            ]
                        ]
                    },
                    {
                        "name": "bioconductor-biobase",
                        "specs": [
                            [
                                ">=",
                                "2.40.0,<2.42.0"
                            ]
                        ]
                    },
                    {
                        "name": "bioconductor-biocgenerics",
                        "specs": [
                            [
                                ">=",
                                "0.26.0,<0.28.0"
                            ]
                        ]
                    },
                    {
                        "name": "bioconductor-biocparallel",
                        "specs": [
                            [
                                ">=",
                                "1.14.2,<1.16.0"
                            ]
                        ]
                    },
                    {
                        "name": "bioconductor-genomeinfodb",
                        "specs": [
                            [
                                ">=",
                                "1.16.0,<1.18.0"
                            ]
                        ]
                    },
                    {
                        "name": "bioconductor-genomicfeatures",
                        "specs": [
                            [
                                ">=",
                                "1.32.2,<1.34.0"
                            ]
                        ]
                    },
                    {
                        "name": "bioconductor-genomicranges",
                        "specs": [
                            [
                                ">=",
                                "1.32.7,<1.34.0"
                            ]
                        ]
                    },
                    {
                        "name": "bioconductor-iranges",
                        "specs": [
                            [
                                ">=",
                                "2.14.12,<2.16.0"
                            ]
                        ]
                    },
                    {
                        "name": "bioconductor-s4vectors",
                        "specs": [
                            [
                                ">=",
                                "0.18.3,<0.20.0"
                            ]
                        ]
                    },
                    {
                        "name": "r-base",
                        "specs": [
                            [
                                ">=",
                                "3.4.1,<3.4.2.0a0"
                            ]
                        ]
                    },
                    {
                        "name": "r-doparallel",
                        "specs": []
                    },
                    {
                        "name": "r-foreach",
                        "specs": []
                    },
                    {
                        "name": "r-ggfortify",
                        "specs": []
                    },
                    {
                        "name": "r-ggplot2",
                        "specs": []
                    },
                    {
                        "name": "r-lme4",
                        "specs": []
                    },
                    {
                        "name": "r-matrix",
                        "specs": []
                    }
                ]
            },
            "description": null,
            "distribution_type": "conda",
            "download_url": "//api.anaconda.org/download/bioconda/bioconductor-ivas/2.0.0/osx-64/bioconductor-ivas-2.0.0-r341_0.tar.bz2",
            "full_name": "bioconda/bioconductor-ivas/2.0.0/osx-64/bioconductor-ivas-2.0.0-r341_0.tar.bz2",
            "labels": [
                "main",
                "cf201901"
            ],
            "md5": "1180fd298e81407b9079c4a6e1ddc0c1",
            "ndownloads": 178,
            "owner": "bioconda",
            "size": 392674,
            "type": "conda",
            "upload_time": "2018-10-19 14:43:09.955000+00:00",
            "version": "2.0.0"
        },
        {
            "attrs": {
                "arch": "x86_64",
                "build": "r351_0",
                "build_number": 0,
                "depends": [
                    "bioconductor-annotationdbi >=1.42.1,<1.44.0",
                    "bioconductor-biobase >=2.40.0,<2.42.0",
                    "bioconductor-biocgenerics >=0.26.0,<0.28.0",
                    "bioconductor-biocparallel >=1.14.2,<1.16.0",
                    "bioconductor-genomeinfodb >=1.16.0,<1.18.0",
                    "bioconductor-genomicfeatures >=1.32.2,<1.34.0",
                    "bioconductor-genomicranges >=1.32.7,<1.34.0",
                    "bioconductor-iranges >=2.14.12,<2.16.0",
                    "bioconductor-s4vectors >=0.18.3,<0.20.0",
                    "r-base >=3.5.1,<3.5.2.0a0",
                    "r-doparallel",
                    "r-foreach",
                    "r-ggfortify",
                    "r-ggplot2",
                    "r-lme4",
                    "r-matrix"
                ],
                "has_prefix": false,
                "license": "GPL-2",
                "machine": "x86_64",
                "operatingsystem": "darwin",
                "platform": "osx",
                "subdir": "osx-64",
                "target-triplet": "x86_64-any-darwin",
                "timestamp": 1539960068620
            },
            "basename": "osx-64/bioconductor-ivas-2.0.0-r351_0.tar.bz2",
            "dependencies": {
                "depends": [
                    {
                        "name": "bioconductor-annotationdbi",
                        "specs": [
                            [
                                ">=",
                                "1.42.1,<1.44.0"
                            ]
                        ]
                    },
                    {
                        "name": "bioconductor-biobase",
                        "specs": [
                            [
                                ">=",
                                "2.40.0,<2.42.0"
                            ]
                        ]
                    },
                    {
                        "name": "bioconductor-biocgenerics",
                        "specs": [
                            [
                                ">=",
                                "0.26.0,<0.28.0"
                            ]
                        ]
                    },
                    {
                        "name": "bioconductor-biocparallel",
                        "specs": [
                            [
                                ">=",
                                "1.14.2,<1.16.0"
                            ]
                        ]
                    },
                    {
                        "name": "bioconductor-genomeinfodb",
                        "specs": [
                            [
                                ">=",
                                "1.16.0,<1.18.0"
                            ]
                        ]
                    },
                    {
                        "name": "bioconductor-genomicfeatures",
                        "specs": [
                            [
                                ">=",
                                "1.32.2,<1.34.0"
                            ]
                        ]
                    },
                    {
                        "name": "bioconductor-genomicranges",
                        "specs": [
                            [
                                ">=",
                                "1.32.7,<1.34.0"
                            ]
                        ]
                    },
                    {
                        "name": "bioconductor-iranges",
                        "specs": [
                            [
                                ">=",
                                "2.14.12,<2.16.0"
                            ]
                        ]
                    },
                    {
                        "name": "bioconductor-s4vectors",
                        "specs": [
                            [
                                ">=",
                                "0.18.3,<0.20.0"
                            ]
                        ]
                    },
                    {
                        "name": "r-base",
                        "specs": [
                            [
                                ">=",
                                "3.5.1,<3.5.2.0a0"
                            ]
                        ]
                    },
                    {
                        "name": "r-doparallel",
                        "specs": []
                    },
                    {
                        "name": "r-foreach",
                        "specs": []
                    },
                    {
                        "name": "r-ggfortify",
                        "specs": []
                    },
                    {
                        "name": "r-ggplot2",
                        "specs": []
                    },
                    {
                        "name": "r-lme4",
                        "specs": []
                    },
                    {
                        "name": "r-matrix",
                        "specs": []
                    }
                ]
            },
            "description": null,
            "distribution_type": "conda",
            "download_url": "//api.anaconda.org/download/bioconda/bioconductor-ivas/2.0.0/osx-64/bioconductor-ivas-2.0.0-r351_0.tar.bz2",
            "full_name": "bioconda/bioconductor-ivas/2.0.0/osx-64/bioconductor-ivas-2.0.0-r351_0.tar.bz2",
            "labels": [
                "main",
                "cf201901"
            ],
            "md5": "1ff472382aab4f2fa64b77a2e98df2c3",
            "ndownloads": 1045,
            "owner": "bioconda",
            "size": 584515,
            "type": "conda",
            "upload_time": "2018-10-19 14:43:02.019000+00:00",
            "version": "2.0.0"
        },
        {
            "attrs": {
                "arch": "x86_64",
                "build": "r351_0",
                "build_number": 0,
                "depends": [
                    "bioconductor-annotationdbi >=1.42.1,<1.44.0",
                    "bioconductor-biobase >=2.40.0,<2.42.0",
                    "bioconductor-biocgenerics >=0.26.0,<0.28.0",
                    "bioconductor-biocparallel >=1.14.2,<1.16.0",
                    "bioconductor-genomeinfodb >=1.16.0,<1.18.0",
                    "bioconductor-genomicfeatures >=1.32.2,<1.34.0",
                    "bioconductor-genomicranges >=1.32.7,<1.34.0",
                    "bioconductor-iranges >=2.14.12,<2.16.0",
                    "bioconductor-s4vectors >=0.18.3,<0.20.0",
                    "r-base >=3.5.1,<3.5.2.0a0",
                    "r-doparallel",
                    "r-foreach",
                    "r-ggfortify",
                    "r-ggplot2",
                    "r-lme4",
                    "r-matrix"
                ],
                "has_prefix": false,
                "license": "GPL-2",
                "machine": "x86_64",
                "operatingsystem": "linux",
                "platform": "linux",
                "subdir": "linux-64",
                "target-triplet": "x86_64-any-linux",
                "timestamp": 1540135381800
            },
            "basename": "linux-64/bioconductor-ivas-2.0.0-r351_0.tar.bz2",
            "dependencies": {
                "depends": [
                    {
                        "name": "bioconductor-annotationdbi",
                        "specs": [
                            [
                                ">=",
                                "1.42.1,<1.44.0"
                            ]
                        ]
                    },
                    {
                        "name": "bioconductor-biobase",
                        "specs": [
                            [
                                ">=",
                                "2.40.0,<2.42.0"
                            ]
                        ]
                    },
                    {
                        "name": "bioconductor-biocgenerics",
                        "specs": [
                            [
                                ">=",
                                "0.26.0,<0.28.0"
                            ]
                        ]
                    },
                    {
                        "name": "bioconductor-biocparallel",
                        "specs": [
                            [
                                ">=",
                                "1.14.2,<1.16.0"
                            ]
                        ]
                    },
                    {
                        "name": "bioconductor-genomeinfodb",
                        "specs": [
                            [
                                ">=",
                                "1.16.0,<1.18.0"
                            ]
                        ]
                    },
                    {
                        "name": "bioconductor-genomicfeatures",
                        "specs": [
                            [
                                ">=",
                                "1.32.2,<1.34.0"
                            ]
                        ]
                    },
                    {
                        "name": "bioconductor-genomicranges",
                        "specs": [
                            [
                                ">=",
                                "1.32.7,<1.34.0"
                            ]
                        ]
                    },
                    {
                        "name": "bioconductor-iranges",
                        "specs": [
                            [
                                ">=",
                                "2.14.12,<2.16.0"
                            ]
                        ]
                    },
                    {
                        "name": "bioconductor-s4vectors",
                        "specs": [
                            [
                                ">=",
                                "0.18.3,<0.20.0"
                            ]
                        ]
                    },
                    {
                        "name": "r-base",
                        "specs": [
                            [
                                ">=",
                                "3.5.1,<3.5.2.0a0"
                            ]
                        ]
                    },
                    {
                        "name": "r-doparallel",
                        "specs": []
                    },
                    {
                        "name": "r-foreach",
                        "specs": []
                    },
                    {
                        "name": "r-ggfortify",
                        "specs": []
                    },
                    {
                        "name": "r-ggplot2",
                        "specs": []
                    },
                    {
                        "name": "r-lme4",
                        "specs": []
                    },
                    {
                        "name": "r-matrix",
                        "specs": []
                    }
                ]
            },
            "description": null,
            "distribution_type": "conda",
            "download_url": "//api.anaconda.org/download/bioconda/bioconductor-ivas/2.0.0/linux-64/bioconductor-ivas-2.0.0-r351_0.tar.bz2",
            "full_name": "bioconda/bioconductor-ivas/2.0.0/linux-64/bioconductor-ivas-2.0.0-r351_0.tar.bz2",
            "labels": [
                "main",
                "cf201901"
            ],
            "md5": "1e8947335816b23ca6cc63eb5bf101be",
            "ndownloads": 257,
            "owner": "bioconda",
            "size": 584077,
            "type": "conda",
            "upload_time": "2018-10-21 15:34:40.554000+00:00",
            "version": "2.0.0"
        },
        {
            "attrs": {
                "arch": "x86_64",
                "build": "r341_0",
                "build_number": 0,
                "depends": [
                    "bioconductor-annotationdbi >=1.42.1,<1.44.0",
                    "bioconductor-biobase >=2.40.0,<2.42.0",
                    "bioconductor-biocgenerics >=0.26.0,<0.28.0",
                    "bioconductor-biocparallel >=1.14.2,<1.16.0",
                    "bioconductor-genomeinfodb >=1.16.0,<1.18.0",
                    "bioconductor-genomicfeatures >=1.32.2,<1.34.0",
                    "bioconductor-genomicranges >=1.32.7,<1.34.0",
                    "bioconductor-iranges >=2.14.12,<2.16.0",
                    "bioconductor-s4vectors >=0.18.3,<0.20.0",
                    "r-base >=3.4.1,<3.4.2.0a0",
                    "r-doparallel",
                    "r-foreach",
                    "r-ggfortify",
                    "r-ggplot2",
                    "r-lme4",
                    "r-matrix"
                ],
                "has_prefix": false,
                "license": "GPL-2",
                "machine": "x86_64",
                "operatingsystem": "linux",
                "platform": "linux",
                "subdir": "linux-64",
                "target-triplet": "x86_64-any-linux",
                "timestamp": 1540135602231
            },
            "basename": "linux-64/bioconductor-ivas-2.0.0-r341_0.tar.bz2",
            "dependencies": {
                "depends": [
                    {
                        "name": "bioconductor-annotationdbi",
                        "specs": [
                            [
                                ">=",
                                "1.42.1,<1.44.0"
                            ]
                        ]
                    },
                    {
                        "name": "bioconductor-biobase",
                        "specs": [
                            [
                                ">=",
                                "2.40.0,<2.42.0"
                            ]
                        ]
                    },
                    {
                        "name": "bioconductor-biocgenerics",
                        "specs": [
                            [
                                ">=",
                                "0.26.0,<0.28.0"
                            ]
                        ]
                    },
                    {
                        "name": "bioconductor-biocparallel",
                        "specs": [
                            [
                                ">=",
                                "1.14.2,<1.16.0"
                            ]
                        ]
                    },
                    {
                        "name": "bioconductor-genomeinfodb",
                        "specs": [
                            [
                                ">=",
                                "1.16.0,<1.18.0"
                            ]
                        ]
                    },
                    {
                        "name": "bioconductor-genomicfeatures",
                        "specs": [
                            [
                                ">=",
                                "1.32.2,<1.34.0"
                            ]
                        ]
                    },
                    {
                        "name": "bioconductor-genomicranges",
                        "specs": [
                            [
                                ">=",
                                "1.32.7,<1.34.0"
                            ]
                        ]
                    },
                    {
                        "name": "bioconductor-iranges",
                        "specs": [
                            [
                                ">=",
                                "2.14.12,<2.16.0"
                            ]
                        ]
                    },
                    {
                        "name": "bioconductor-s4vectors",
                        "specs": [
                            [
                                ">=",
                                "0.18.3,<0.20.0"
                            ]
                        ]
                    },
                    {
                        "name": "r-base",
                        "specs": [
                            [
                                ">=",
                                "3.4.1,<3.4.2.0a0"
                            ]
                        ]
                    },
                    {
                        "name": "r-doparallel",
                        "specs": []
                    },
                    {
                        "name": "r-foreach",
                        "specs": []
                    },
                    {
                        "name": "r-ggfortify",
                        "specs": []
                    },
                    {
                        "name": "r-ggplot2",
                        "specs": []
                    },
                    {
                        "name": "r-lme4",
                        "specs": []
                    },
                    {
                        "name": "r-matrix",
                        "specs": []
                    }
                ]
            },
            "description": null,
            "distribution_type": "conda",
            "download_url": "//api.anaconda.org/download/bioconda/bioconductor-ivas/2.0.0/linux-64/bioconductor-ivas-2.0.0-r341_0.tar.bz2",
            "full_name": "bioconda/bioconductor-ivas/2.0.0/linux-64/bioconductor-ivas-2.0.0-r341_0.tar.bz2",
            "labels": [
                "main",
                "cf201901"
            ],
            "md5": "be63c5cd39a7a4ba1516a551236990a1",
            "ndownloads": 131,
            "owner": "bioconda",
            "size": 392319,
            "type": "conda",
            "upload_time": "2018-10-21 15:34:37.667000+00:00",
            "version": "2.0.0"
        },
        {
            "attrs": {
                "arch": null,
                "build": "r351_0",
                "build_number": 0,
                "depends": [
                    "bioconductor-annotationdbi >=1.44.0,<1.45.0",
                    "bioconductor-biobase >=2.42.0,<2.43.0",
                    "bioconductor-biocgenerics >=0.28.0,<0.29.0",
                    "bioconductor-biocparallel >=1.16.0,<1.17.0",
                    "bioconductor-genomeinfodb >=1.18.0,<1.19.0",
                    "bioconductor-genomicfeatures >=1.34.0,<1.35.0",
                    "bioconductor-genomicranges >=1.34.0,<1.35.0",
                    "bioconductor-iranges >=2.16.0,<2.17.0",
                    "bioconductor-s4vectors >=0.20.0,<0.21.0",
                    "r-base >=3.5.1,<3.5.2.0a0",
                    "r-doparallel",
                    "r-foreach",
                    "r-ggfortify",
                    "r-ggplot2",
                    "r-lme4",
                    "r-matrix"
                ],
                "has_prefix": false,
                "license": "GPL-2",
                "machine": null,
                "noarch": "generic",
                "operatingsystem": null,
                "platform": null,
                "subdir": "noarch",
                "target-triplet": "None-any-None",
                "timestamp": 1545717978176
            },
            "basename": "noarch/bioconductor-ivas-2.2.0-r351_0.tar.bz2",
            "dependencies": {
                "depends": [
                    {
                        "name": "bioconductor-annotationdbi",
                        "specs": [
                            [
                                ">=",
                                "1.44.0,<1.45.0"
                            ]
                        ]
                    },
                    {
                        "name": "bioconductor-biobase",
                        "specs": [
                            [
                                ">=",
                                "2.42.0,<2.43.0"
                            ]
                        ]
                    },
                    {
                        "name": "bioconductor-biocgenerics",
                        "specs": [
                            [
                                ">=",
                                "0.28.0,<0.29.0"
                            ]
                        ]
                    },
                    {
                        "name": "bioconductor-biocparallel",
                        "specs": [
                            [
                                ">=",
                                "1.16.0,<1.17.0"
                            ]
                        ]
                    },
                    {
                        "name": "bioconductor-genomeinfodb",
                        "specs": [
                            [
                                ">=",
                                "1.18.0,<1.19.0"
                            ]
                        ]
                    },
                    {
                        "name": "bioconductor-genomicfeatures",
                        "specs": [
                            [
                                ">=",
                                "1.34.0,<1.35.0"
                            ]
                        ]
                    },
                    {
                        "name": "bioconductor-genomicranges",
                        "specs": [
                            [
                                ">=",
                                "1.34.0,<1.35.0"
                            ]
                        ]
                    },
                    {
                        "name": "bioconductor-iranges",
                        "specs": [
                            [
                                ">=",
                                "2.16.0,<2.17.0"
                            ]
                        ]
                    },
                    {
                        "name": "bioconductor-s4vectors",
                        "specs": [
                            [
                                ">=",
                                "0.20.0,<0.21.0"
                            ]
                        ]
                    },
                    {
                        "name": "r-base",
                        "specs": [
                            [
                                ">=",
                                "3.5.1,<3.5.2.0a0"
                            ]
                        ]
                    },
                    {
                        "name": "r-doparallel",
                        "specs": []
                    },
                    {
                        "name": "r-foreach",
                        "specs": []
                    },
                    {
                        "name": "r-ggfortify",
                        "specs": []
                    },
                    {
                        "name": "r-ggplot2",
                        "specs": []
                    },
                    {
                        "name": "r-lme4",
                        "specs": []
                    },
                    {
                        "name": "r-matrix",
                        "specs": []
                    }
                ]
            },
            "description": null,
            "distribution_type": "conda",
            "download_url": "//api.anaconda.org/download/bioconda/bioconductor-ivas/2.2.0/noarch/bioconductor-ivas-2.2.0-r351_0.tar.bz2",
            "full_name": "bioconda/bioconductor-ivas/2.2.0/noarch/bioconductor-ivas-2.2.0-r351_0.tar.bz2",
            "labels": [
                "gcc7",
                "main"
            ],
            "md5": "954ab2620c40cdb5d8ff4e2b4c96a653",
            "ndownloads": 102,
            "owner": "bioconda",
            "size": 585847,
            "type": "conda",
            "upload_time": "2018-12-25 06:10:22.616000+00:00",
            "version": "2.2.0"
        },
        {
            "attrs": {
                "arch": null,
                "build": "r36_1",
                "build_number": 1,
                "depends": [
                    "bioconductor-annotationdbi >=1.46.0,<1.47.0",
                    "bioconductor-biobase >=2.44.0,<2.45.0",
                    "bioconductor-biocgenerics >=0.30.0,<0.31.0",
                    "bioconductor-biocparallel >=1.18.0,<1.19.0",
                    "bioconductor-genomeinfodb >=1.20.0,<1.21.0",
                    "bioconductor-genomicfeatures >=1.36.0,<1.37.0",
                    "bioconductor-genomicranges >=1.36.0,<1.37.0",
                    "bioconductor-iranges >=2.18.0,<2.19.0",
                    "bioconductor-s4vectors >=0.22.0,<0.23.0",
                    "r-base >=3.6,<3.7.0a0",
                    "r-doparallel",
                    "r-foreach",
                    "r-ggfortify",
                    "r-ggplot2",
                    "r-lme4",
                    "r-matrix"
                ],
                "has_prefix": false,
                "license": "GPL-2",
                "machine": null,
                "noarch": "generic",
                "operatingsystem": null,
                "platform": null,
                "subdir": "noarch",
                "target-triplet": "None-any-None",
                "timestamp": 1565392608238
            },
            "basename": "noarch/bioconductor-ivas-2.4.0-r36_1.tar.bz2",
            "dependencies": {
                "depends": [
                    {
                        "name": "bioconductor-annotationdbi",
                        "specs": [
                            [
                                ">=",
                                "1.46.0,<1.47.0"
                            ]
                        ]
                    },
                    {
                        "name": "bioconductor-biobase",
                        "specs": [
                            [
                                ">=",
                                "2.44.0,<2.45.0"
                            ]
                        ]
                    },
                    {
                        "name": "bioconductor-biocgenerics",
                        "specs": [
                            [
                                ">=",
                                "0.30.0,<0.31.0"
                            ]
                        ]
                    },
                    {
                        "name": "bioconductor-biocparallel",
                        "specs": [
                            [
                                ">=",
                                "1.18.0,<1.19.0"
                            ]
                        ]
                    },
                    {
                        "name": "bioconductor-genomeinfodb",
                        "specs": [
                            [
                                ">=",
                                "1.20.0,<1.21.0"
                            ]
                        ]
                    },
                    {
                        "name": "bioconductor-genomicfeatures",
                        "specs": [
                            [
                                ">=",
                                "1.36.0,<1.37.0"
                            ]
                        ]
                    },
                    {
                        "name": "bioconductor-genomicranges",
                        "specs": [
                            [
                                ">=",
                                "1.36.0,<1.37.0"
                            ]
                        ]
                    },
                    {
                        "name": "bioconductor-iranges",
                        "specs": [
                            [
                                ">=",
                                "2.18.0,<2.19.0"
                            ]
                        ]
                    },
                    {
                        "name": "bioconductor-s4vectors",
                        "specs": [
                            [
                                ">=",
                                "0.22.0,<0.23.0"
                            ]
                        ]
                    },
                    {
                        "name": "r-base",
                        "specs": [
                            [
                                ">=",
                                "3.6,<3.7.0a0"
                            ]
                        ]
                    },
                    {
                        "name": "r-doparallel",
                        "specs": []
                    },
                    {
                        "name": "r-foreach",
                        "specs": []
                    },
                    {
                        "name": "r-ggfortify",
                        "specs": []
                    },
                    {
                        "name": "r-ggplot2",
                        "specs": []
                    },
                    {
                        "name": "r-lme4",
                        "specs": []
                    },
                    {
                        "name": "r-matrix",
                        "specs": []
                    }
                ]
            },
            "description": null,
            "distribution_type": "conda",
            "download_url": "//api.anaconda.org/download/bioconda/bioconductor-ivas/2.4.0/noarch/bioconductor-ivas-2.4.0-r36_1.tar.bz2",
            "full_name": "bioconda/bioconductor-ivas/2.4.0/noarch/bioconductor-ivas-2.4.0-r36_1.tar.bz2",
            "labels": [
                "main"
            ],
            "md5": "b6a3bb13fec7b1579a50e12672eb53eb",
            "ndownloads": 51,
            "owner": "bioconda",
            "size": 582107,
            "type": "conda",
            "upload_time": "2019-08-09 23:22:18.514000+00:00",
            "version": "2.4.0"
        },
        {
            "attrs": {
                "arch": null,
                "build": "r36_0",
                "build_number": 0,
                "depends": [
                    "bioconductor-annotationdbi >=1.48.0,<1.49.0",
                    "bioconductor-biobase >=2.46.0,<2.47.0",
                    "bioconductor-biocgenerics >=0.32.0,<0.33.0",
                    "bioconductor-biocparallel >=1.20.0,<1.21.0",
                    "bioconductor-genomeinfodb >=1.22.0,<1.23.0",
                    "bioconductor-genomicfeatures >=1.38.0,<1.39.0",
                    "bioconductor-genomicranges >=1.38.0,<1.39.0",
                    "bioconductor-iranges >=2.20.0,<2.21.0",
                    "bioconductor-s4vectors >=0.24.0,<0.25.0",
                    "r-base >=3.6,<3.7.0a0",
                    "r-doparallel",
                    "r-foreach",
                    "r-ggfortify",
                    "r-ggplot2",
                    "r-lme4",
                    "r-matrix"
                ],
                "has_prefix": false,
                "license": "GPL-2",
                "machine": null,
                "noarch": "generic",
                "operatingsystem": null,
                "platform": null,
                "subdir": "noarch",
                "target-triplet": "None-any-None",
                "timestamp": 1572823560128
            },
            "basename": "noarch/bioconductor-ivas-2.6.0-r36_0.tar.bz2",
            "dependencies": {
                "depends": [
                    {
                        "name": "bioconductor-annotationdbi",
                        "specs": [
                            [
                                ">=",
                                "1.48.0,<1.49.0"
                            ]
                        ]
                    },
                    {
                        "name": "bioconductor-biobase",
                        "specs": [
                            [
                                ">=",
                                "2.46.0,<2.47.0"
                            ]
                        ]
                    },
                    {
                        "name": "bioconductor-biocgenerics",
                        "specs": [
                            [
                                ">=",
                                "0.32.0,<0.33.0"
                            ]
                        ]
                    },
                    {
                        "name": "bioconductor-biocparallel",
                        "specs": [
                            [
                                ">=",
                                "1.20.0,<1.21.0"
                            ]
                        ]
                    },
                    {
                        "name": "bioconductor-genomeinfodb",
                        "specs": [
                            [
                                ">=",
                                "1.22.0,<1.23.0"
                            ]
                        ]
                    },
                    {
                        "name": "bioconductor-genomicfeatures",
                        "specs": [
                            [
                                ">=",
                                "1.38.0,<1.39.0"
                            ]
                        ]
                    },
                    {
                        "name": "bioconductor-genomicranges",
                        "specs": [
                            [
                                ">=",
                                "1.38.0,<1.39.0"
                            ]
                        ]
                    },
                    {
                        "name": "bioconductor-iranges",
                        "specs": [
                            [
                                ">=",
                                "2.20.0,<2.21.0"
                            ]
                        ]
                    },
                    {
                        "name": "bioconductor-s4vectors",
                        "specs": [
                            [
                                ">=",
                                "0.24.0,<0.25.0"
                            ]
                        ]
                    },
                    {
                        "name": "r-base",
                        "specs": [
                            [
                                ">=",
                                "3.6,<3.7.0a0"
                            ]
                        ]
                    },
                    {
                        "name": "r-doparallel",
                        "specs": []
                    },
                    {
                        "name": "r-foreach",
                        "specs": []
                    },
                    {
                        "name": "r-ggfortify",
                        "specs": []
                    },
                    {
                        "name": "r-ggplot2",
                        "specs": []
                    },
                    {
                        "name": "r-lme4",
                        "specs": []
                    },
                    {
                        "name": "r-matrix",
                        "specs": []
                    }
                ]
            },
            "description": null,
            "distribution_type": "conda",
            "download_url": "//api.anaconda.org/download/bioconda/bioconductor-ivas/2.6.0/noarch/bioconductor-ivas-2.6.0-r36_0.tar.bz2",
            "full_name": "bioconda/bioconductor-ivas/2.6.0/noarch/bioconductor-ivas-2.6.0-r36_0.tar.bz2",
            "labels": [
                "main"
            ],
            "md5": "c47a2f0b117d40a386b8b763c0a6da89",
            "ndownloads": 38,
            "owner": "bioconda",
            "size": 591520,
            "type": "conda",
            "upload_time": "2019-11-03 23:31:23.858000+00:00",
            "version": "2.6.0"
        },
        {
            "attrs": {
                "arch": null,
                "build": "r40_0",
                "build_number": 0,
                "depends": [
                    "bioconductor-annotationdbi >=1.50.0,<1.51.0",
                    "bioconductor-biobase >=2.48.0,<2.49.0",
                    "bioconductor-biocgenerics >=0.34.0,<0.35.0",
                    "bioconductor-biocparallel >=1.22.0,<1.23.0",
                    "bioconductor-genomeinfodb >=1.24.0,<1.25.0",
                    "bioconductor-genomicfeatures >=1.40.0,<1.41.0",
                    "bioconductor-genomicranges >=1.40.0,<1.41.0",
                    "bioconductor-iranges >=2.22.0,<2.23.0",
                    "bioconductor-s4vectors >=0.26.0,<0.27.0",
                    "r-base >=4.0,<4.1.0a0",
                    "r-doparallel",
                    "r-foreach",
                    "r-ggfortify",
                    "r-ggplot2",
                    "r-lme4",
                    "r-matrix"
                ],
                "has_prefix": false,
                "license": "GPL-2",
                "machine": null,
                "noarch": "generic",
                "operatingsystem": null,
                "platform": null,
                "subdir": "noarch",
                "target-triplet": "None-any-None",
                "timestamp": 1589195881335
            },
            "basename": "noarch/bioconductor-ivas-2.8.0-r40_0.tar.bz2",
            "dependencies": {
                "depends": [
                    {
                        "name": "bioconductor-annotationdbi",
                        "specs": [
                            [
                                ">=",
                                "1.50.0,<1.51.0"
                            ]
                        ]
                    },
                    {
                        "name": "bioconductor-biobase",
                        "specs": [
                            [
                                ">=",
                                "2.48.0,<2.49.0"
                            ]
                        ]
                    },
                    {
                        "name": "bioconductor-biocgenerics",
                        "specs": [
                            [
                                ">=",
                                "0.34.0,<0.35.0"
                            ]
                        ]
                    },
                    {
                        "name": "bioconductor-biocparallel",
                        "specs": [
                            [
                                ">=",
                                "1.22.0,<1.23.0"
                            ]
                        ]
                    },
                    {
                        "name": "bioconductor-genomeinfodb",
                        "specs": [
                            [
                                ">=",
                                "1.24.0,<1.25.0"
                            ]
                        ]
                    },
                    {
                        "name": "bioconductor-genomicfeatures",
                        "specs": [
                            [
                                ">=",
                                "1.40.0,<1.41.0"
                            ]
                        ]
                    },
                    {
                        "name": "bioconductor-genomicranges",
                        "specs": [
                            [
                                ">=",
                                "1.40.0,<1.41.0"
                            ]
                        ]
                    },
                    {
                        "name": "bioconductor-iranges",
                        "specs": [
                            [
                                ">=",
                                "2.22.0,<2.23.0"
                            ]
                        ]
                    },
                    {
                        "name": "bioconductor-s4vectors",
                        "specs": [
                            [
                                ">=",
                                "0.26.0,<0.27.0"
                            ]
                        ]
                    },
                    {
                        "name": "r-base",
                        "specs": [
                            [
                                ">=",
                                "4.0,<4.1.0a0"
                            ]
                        ]
                    },
                    {
                        "name": "r-doparallel",
                        "specs": []
                    },
                    {
                        "name": "r-foreach",
                        "specs": []
                    },
                    {
                        "name": "r-ggfortify",
                        "specs": []
                    },
                    {
                        "name": "r-ggplot2",
                        "specs": []
                    },
                    {
                        "name": "r-lme4",
                        "specs": []
                    },
                    {
                        "name": "r-matrix",
                        "specs": []
                    }
                ]
            },
            "description": null,
            "distribution_type": "conda",
            "download_url": "//api.anaconda.org/download/bioconda/bioconductor-ivas/2.8.0/noarch/bioconductor-ivas-2.8.0-r40_0.tar.bz2",
            "full_name": "bioconda/bioconductor-ivas/2.8.0/noarch/bioconductor-ivas-2.8.0-r40_0.tar.bz2",
            "labels": [
                "main"
            ],
            "md5": "55a7bab6346c9dd53d4285fdcec05b6b",
            "ndownloads": 19,
            "owner": "bioconda",
            "size": 679377,
            "type": "conda",
            "upload_time": "2020-05-11 11:24:45.546000+00:00",
            "version": "2.8.0"
        }
    ],
    "full_name": "bioconda/bioconductor-ivas",
    "home": "http://bioconductor.org/packages/3.6/bioc/html/IVAS.html",
    "html_url": "http://anaconda.org/bioconda/bioconductor-ivas",
    "id": "5a6db22b55e6db121073f3b9",
    "latest_version": "2.8.0",
    "license": "GPL-2",
    "license_url": null,
    "modified_at": "2020-05-11 11:24:45.836000+00:00",
    "name": "bioconductor-ivas",
    "owner": {
        "company": "",
        "created_at": "2015-09-11 22:59:20.880000+00:00",
        "description": "Bioconda is a distribution of bioinformatics software realized as a channel for the versatile Conda package manager.",
        "location": "",
        "login": "bioconda",
        "name": "bioconda",
        "url": "",
        "user_type": "org"
    },
    "package_types": [
        "conda"
    ],
    "public": true,
    "releases": [
        {
            "distributions": [],
            "full_name": "bioconda/bioconductor-ivas/1.98.0",
            "version": "1.98.0"
        },
        {
            "distributions": [],
            "full_name": "bioconda/bioconductor-ivas/2.0.0",
            "version": "2.0.0"
        },
        {
            "distributions": [],
            "full_name": "bioconda/bioconductor-ivas/2.2.0",
            "version": "2.2.0"
        },
        {
            "distributions": [],
            "full_name": "bioconda/bioconductor-ivas/2.4.0",
            "version": "2.4.0"
        },
        {
            "distributions": [],
            "full_name": "bioconda/bioconductor-ivas/2.6.0",
            "version": "2.6.0"
        },
        {
            "distributions": [],
            "full_name": "bioconda/bioconductor-ivas/2.8.0",
            "version": "2.8.0"
        }
    ],
    "revision": 12,
    "source_git_tag": null,
    "source_git_url": null,
    "summary": "Identification of genetic Variants affecting Alternative Splicing",
    "upvoted": 0,
    "url": "http://api.anaconda.org/packages/bioconda/bioconductor-ivas",
    "versions": [
        "1.98.0",
        "2.0.0",
        "2.2.0",
        "2.4.0",
        "2.6.0",
        "2.8.0"
    ],
    "watchers": 1
}