{
    "app_entry": {},
    "app_summary": {},
    "app_type": {},
    "builds": [
        "r36h516909a_0",
        "r36h516909a_1",
        "r351h14c3975_0",
        "r3.3.2_0",
        "r40h037d062_0",
        "0",
        "r351h1de35cc_0",
        "r341h470a237_0",
        "r40h8909d69_0",
        "r36h01d97ff_0",
        "r36h01d97ff_1",
        "r351h470a237_0",
        "r3.4.1_0"
    ],
    "conda_platforms": [
        "linux-64",
        "osx-64"
    ],
    "created_at": "2017-08-29 14:03:09.039000+00:00",
    "description": "Bacon can be used to remove inflation and bias often observed in epigenome- and transcriptome-wide association studies. To this end bacon constructs an empirical null distribution using a Gibbs Sampling algorithm by fitting a three-component normal mixture on z-scores.",
    "dev_url": null,
    "doc_url": null,
    "files": [
        {
            "attrs": {
                "arch": "x86_64",
                "build": "r3.3.2_0",
                "build_number": 0,
                "depends": [
                    "bioconductor-biocparallel",
                    "r-base 3.3.2*",
                    "r-ellipse",
                    "r-ggplot2"
                ],
                "has_prefix": false,
                "license": "GPL (>= 2)",
                "machine": "x86_64",
                "operatingsystem": "linux",
                "platform": "linux",
                "subdir": "linux-64",
                "target-triplet": "x86_64-any-linux"
            },
            "basename": "linux-64/bioconductor-bacon-1.4.0-r3.3.2_0.tar.bz2",
            "dependencies": {
                "depends": [
                    {
                        "name": "bioconductor-biocparallel",
                        "specs": []
                    },
                    {
                        "name": "r-base",
                        "specs": [
                            [
                                "==",
                                "3.3.2"
                            ]
                        ]
                    },
                    {
                        "name": "r-ellipse",
                        "specs": []
                    },
                    {
                        "name": "r-ggplot2",
                        "specs": []
                    }
                ]
            },
            "description": null,
            "distribution_type": "conda",
            "download_url": "//api.anaconda.org/download/bioconda/bioconductor-bacon/1.4.0/linux-64/bioconductor-bacon-1.4.0-r3.3.2_0.tar.bz2",
            "full_name": "bioconda/bioconductor-bacon/1.4.0/linux-64/bioconductor-bacon-1.4.0-r3.3.2_0.tar.bz2",
            "labels": [
                "main",
                "cf201901"
            ],
            "md5": "9d8b6ca9233c285da7d6b8d2a85326a0",
            "ndownloads": 476,
            "owner": "bioconda",
            "size": 1958833,
            "type": "conda",
            "upload_time": "2017-08-29 14:17:40.988000+00:00",
            "version": "1.4.0"
        },
        {
            "attrs": {
                "arch": "x86_64",
                "build": "r3.3.2_0",
                "build_number": 0,
                "depends": [
                    "bioconductor-biocparallel",
                    "r-base 3.3.2*",
                    "r-ellipse",
                    "r-ggplot2"
                ],
                "has_prefix": false,
                "license": "GPL (>= 2)",
                "machine": "x86_64",
                "operatingsystem": "darwin",
                "platform": "osx",
                "subdir": "osx-64",
                "target-triplet": "x86_64-any-darwin"
            },
            "basename": "osx-64/bioconductor-bacon-1.4.0-r3.3.2_0.tar.bz2",
            "dependencies": {
                "depends": [
                    {
                        "name": "bioconductor-biocparallel",
                        "specs": []
                    },
                    {
                        "name": "r-base",
                        "specs": [
                            [
                                "==",
                                "3.3.2"
                            ]
                        ]
                    },
                    {
                        "name": "r-ellipse",
                        "specs": []
                    },
                    {
                        "name": "r-ggplot2",
                        "specs": []
                    }
                ]
            },
            "description": null,
            "distribution_type": "conda",
            "download_url": "//api.anaconda.org/download/bioconda/bioconductor-bacon/1.4.0/osx-64/bioconductor-bacon-1.4.0-r3.3.2_0.tar.bz2",
            "full_name": "bioconda/bioconductor-bacon/1.4.0/osx-64/bioconductor-bacon-1.4.0-r3.3.2_0.tar.bz2",
            "labels": [
                "main",
                "cf201901"
            ],
            "md5": "f5cdfb2be960da6f3f3fd3364b92f0a9",
            "ndownloads": 206,
            "owner": "bioconda",
            "size": 1957675,
            "type": "conda",
            "upload_time": "2017-08-29 14:03:09.504000+00:00",
            "version": "1.4.0"
        },
        {
            "attrs": {
                "arch": "x86_64",
                "build": "r3.4.1_0",
                "build_number": 0,
                "depends": [
                    "bioconductor-biocparallel",
                    "r-base 3.4.1*",
                    "r-ellipse",
                    "r-ggplot2"
                ],
                "has_prefix": false,
                "license": "GPL (>= 2)",
                "machine": "x86_64",
                "operatingsystem": "linux",
                "platform": "linux",
                "subdir": "linux-64",
                "target-triplet": "x86_64-any-linux"
            },
            "basename": "linux-64/bioconductor-bacon-1.4.0-r3.4.1_0.tar.bz2",
            "dependencies": {
                "depends": [
                    {
                        "name": "bioconductor-biocparallel",
                        "specs": []
                    },
                    {
                        "name": "r-base",
                        "specs": [
                            [
                                "==",
                                "3.4.1"
                            ]
                        ]
                    },
                    {
                        "name": "r-ellipse",
                        "specs": []
                    },
                    {
                        "name": "r-ggplot2",
                        "specs": []
                    }
                ]
            },
            "description": null,
            "distribution_type": "conda",
            "download_url": "//api.anaconda.org/download/bioconda/bioconductor-bacon/1.4.0/linux-64/bioconductor-bacon-1.4.0-r3.4.1_0.tar.bz2",
            "full_name": "bioconda/bioconductor-bacon/1.4.0/linux-64/bioconductor-bacon-1.4.0-r3.4.1_0.tar.bz2",
            "labels": [
                "main",
                "cf201901"
            ],
            "md5": "95b44a7f5a778b3d62a5f3449f65b89a",
            "ndownloads": 572,
            "owner": "bioconda",
            "size": 1987566,
            "type": "conda",
            "upload_time": "2017-09-18 15:53:34.288000+00:00",
            "version": "1.4.0"
        },
        {
            "attrs": {
                "arch": "x86_64",
                "build": "r3.4.1_0",
                "build_number": 0,
                "depends": [
                    "bioconductor-biocparallel",
                    "r-base 3.4.1*",
                    "r-ellipse",
                    "r-ggplot2"
                ],
                "has_prefix": false,
                "license": "GPL (>= 2)",
                "machine": "x86_64",
                "operatingsystem": "darwin",
                "platform": "osx",
                "subdir": "osx-64",
                "target-triplet": "x86_64-any-darwin"
            },
            "basename": "osx-64/bioconductor-bacon-1.4.0-r3.4.1_0.tar.bz2",
            "dependencies": {
                "depends": [
                    {
                        "name": "bioconductor-biocparallel",
                        "specs": []
                    },
                    {
                        "name": "r-base",
                        "specs": [
                            [
                                "==",
                                "3.4.1"
                            ]
                        ]
                    },
                    {
                        "name": "r-ellipse",
                        "specs": []
                    },
                    {
                        "name": "r-ggplot2",
                        "specs": []
                    }
                ]
            },
            "description": null,
            "distribution_type": "conda",
            "download_url": "//api.anaconda.org/download/bioconda/bioconductor-bacon/1.4.0/osx-64/bioconductor-bacon-1.4.0-r3.4.1_0.tar.bz2",
            "full_name": "bioconda/bioconductor-bacon/1.4.0/osx-64/bioconductor-bacon-1.4.0-r3.4.1_0.tar.bz2",
            "labels": [
                "main",
                "cf201901"
            ],
            "md5": "6a8692f87611921692f4a30da6b63377",
            "ndownloads": 1068,
            "owner": "bioconda",
            "size": 1986213,
            "type": "conda",
            "upload_time": "2017-09-18 07:21:38.134000+00:00",
            "version": "1.4.0"
        },
        {
            "attrs": {
                "arch": "x86_64",
                "build": "0",
                "build_number": 0,
                "depends": [
                    "bioconductor-biocparallel",
                    "r-base >=3.3",
                    "r-ellipse",
                    "r-ggplot2"
                ],
                "has_prefix": false,
                "license": "GPL (>= 2)",
                "machine": "x86_64",
                "operatingsystem": "darwin",
                "platform": "osx",
                "subdir": "osx-64",
                "target-triplet": "x86_64-any-darwin"
            },
            "basename": "osx-64/bioconductor-bacon-1.4.0-0.tar.bz2",
            "dependencies": {
                "depends": [
                    {
                        "name": "bioconductor-biocparallel",
                        "specs": []
                    },
                    {
                        "name": "r-base",
                        "specs": [
                            [
                                ">=",
                                "3.3"
                            ]
                        ]
                    },
                    {
                        "name": "r-ellipse",
                        "specs": []
                    },
                    {
                        "name": "r-ggplot2",
                        "specs": []
                    }
                ]
            },
            "description": null,
            "distribution_type": "conda",
            "download_url": "//api.anaconda.org/download/bioconda/bioconductor-bacon/1.4.0/osx-64/bioconductor-bacon-1.4.0-0.tar.bz2",
            "full_name": "bioconda/bioconductor-bacon/1.4.0/osx-64/bioconductor-bacon-1.4.0-0.tar.bz2",
            "labels": [
                "main",
                "cf201901"
            ],
            "md5": "1a1edd05ce7d4cd7cf2b6464075ff7b6",
            "ndownloads": 53,
            "owner": "bioconda",
            "size": 1957833,
            "type": "conda",
            "upload_time": "2017-10-12 18:25:16.970000+00:00",
            "version": "1.4.0"
        },
        {
            "attrs": {
                "arch": "x86_64",
                "build": "0",
                "build_number": 0,
                "depends": [
                    "bioconductor-biocparallel",
                    "r-base >=3.3",
                    "r-ellipse",
                    "r-ggplot2"
                ],
                "has_prefix": false,
                "license": "GPL (>= 2)",
                "machine": "x86_64",
                "operatingsystem": "linux",
                "platform": "linux",
                "subdir": "linux-64",
                "target-triplet": "x86_64-any-linux"
            },
            "basename": "linux-64/bioconductor-bacon-1.4.0-0.tar.bz2",
            "dependencies": {
                "depends": [
                    {
                        "name": "bioconductor-biocparallel",
                        "specs": []
                    },
                    {
                        "name": "r-base",
                        "specs": [
                            [
                                ">=",
                                "3.3"
                            ]
                        ]
                    },
                    {
                        "name": "r-ellipse",
                        "specs": []
                    },
                    {
                        "name": "r-ggplot2",
                        "specs": []
                    }
                ]
            },
            "description": null,
            "distribution_type": "conda",
            "download_url": "//api.anaconda.org/download/bioconda/bioconductor-bacon/1.4.0/linux-64/bioconductor-bacon-1.4.0-0.tar.bz2",
            "full_name": "bioconda/bioconductor-bacon/1.4.0/linux-64/bioconductor-bacon-1.4.0-0.tar.bz2",
            "labels": [
                "main",
                "cf201901"
            ],
            "md5": "b0fde05bfa89cd5e56f3df0b658c2408",
            "ndownloads": 519,
            "owner": "bioconda",
            "size": 1959099,
            "type": "conda",
            "upload_time": "2017-10-13 17:59:46.355000+00:00",
            "version": "1.4.0"
        },
        {
            "attrs": {
                "arch": "x86_64",
                "build": "r3.4.1_0",
                "build_number": 0,
                "depends": [
                    "bioconductor-biocparallel",
                    "r-base 3.4.1*",
                    "r-ellipse",
                    "r-ggplot2"
                ],
                "has_prefix": false,
                "license": "GPL (>= 2)",
                "machine": "x86_64",
                "operatingsystem": "darwin",
                "platform": "osx",
                "subdir": "osx-64",
                "target-triplet": "x86_64-any-darwin"
            },
            "basename": "osx-64/bioconductor-bacon-1.6.0-r3.4.1_0.tar.bz2",
            "dependencies": {
                "depends": [
                    {
                        "name": "bioconductor-biocparallel",
                        "specs": []
                    },
                    {
                        "name": "r-base",
                        "specs": [
                            [
                                "==",
                                "3.4.1"
                            ]
                        ]
                    },
                    {
                        "name": "r-ellipse",
                        "specs": []
                    },
                    {
                        "name": "r-ggplot2",
                        "specs": []
                    }
                ]
            },
            "description": null,
            "distribution_type": "conda",
            "download_url": "//api.anaconda.org/download/bioconda/bioconductor-bacon/1.6.0/osx-64/bioconductor-bacon-1.6.0-r3.4.1_0.tar.bz2",
            "full_name": "bioconda/bioconductor-bacon/1.6.0/osx-64/bioconductor-bacon-1.6.0-r3.4.1_0.tar.bz2",
            "labels": [
                "main",
                "cf201901"
            ],
            "md5": "8823ce4af4d4d58e06f6e8970075366c",
            "ndownloads": 1231,
            "owner": "bioconda",
            "size": 2040051,
            "type": "conda",
            "upload_time": "2017-11-06 03:25:45.072000+00:00",
            "version": "1.6.0"
        },
        {
            "attrs": {
                "arch": "x86_64",
                "build": "r3.4.1_0",
                "build_number": 0,
                "depends": [
                    "bioconductor-biocparallel",
                    "r-base 3.4.1*",
                    "r-ellipse",
                    "r-ggplot2"
                ],
                "has_prefix": false,
                "license": "GPL (>= 2)",
                "machine": "x86_64",
                "operatingsystem": "linux",
                "platform": "linux",
                "subdir": "linux-64",
                "target-triplet": "x86_64-any-linux"
            },
            "basename": "linux-64/bioconductor-bacon-1.6.0-r3.4.1_0.tar.bz2",
            "dependencies": {
                "depends": [
                    {
                        "name": "bioconductor-biocparallel",
                        "specs": []
                    },
                    {
                        "name": "r-base",
                        "specs": [
                            [
                                "==",
                                "3.4.1"
                            ]
                        ]
                    },
                    {
                        "name": "r-ellipse",
                        "specs": []
                    },
                    {
                        "name": "r-ggplot2",
                        "specs": []
                    }
                ]
            },
            "description": null,
            "distribution_type": "conda",
            "download_url": "//api.anaconda.org/download/bioconda/bioconductor-bacon/1.6.0/linux-64/bioconductor-bacon-1.6.0-r3.4.1_0.tar.bz2",
            "full_name": "bioconda/bioconductor-bacon/1.6.0/linux-64/bioconductor-bacon-1.6.0-r3.4.1_0.tar.bz2",
            "labels": [
                "main",
                "cf201901"
            ],
            "md5": "c98a3a320b4c01293e66dab40e3a0f80",
            "ndownloads": 637,
            "owner": "bioconda",
            "size": 2040858,
            "type": "conda",
            "upload_time": "2017-11-06 18:35:59.237000+00:00",
            "version": "1.6.0"
        },
        {
            "attrs": {
                "arch": "x86_64",
                "build": "r351h470a237_0",
                "build_number": 0,
                "depends": [
                    "bioconductor-biocparallel >=1.14.2,<1.16.0",
                    "r-base >=3.5.1,<3.5.2.0a0",
                    "r-ellipse",
                    "r-ggplot2"
                ],
                "has_prefix": true,
                "license": "GPL (>= 2)",
                "machine": "x86_64",
                "operatingsystem": "darwin",
                "platform": "osx",
                "subdir": "osx-64",
                "target-triplet": "x86_64-any-darwin",
                "timestamp": 1539762461493
            },
            "basename": "osx-64/bioconductor-bacon-1.8.0-r351h470a237_0.tar.bz2",
            "dependencies": {
                "depends": [
                    {
                        "name": "bioconductor-biocparallel",
                        "specs": [
                            [
                                ">=",
                                "1.14.2,<1.16.0"
                            ]
                        ]
                    },
                    {
                        "name": "r-base",
                        "specs": [
                            [
                                ">=",
                                "3.5.1,<3.5.2.0a0"
                            ]
                        ]
                    },
                    {
                        "name": "r-ellipse",
                        "specs": []
                    },
                    {
                        "name": "r-ggplot2",
                        "specs": []
                    }
                ]
            },
            "description": null,
            "distribution_type": "conda",
            "download_url": "//api.anaconda.org/download/bioconda/bioconductor-bacon/1.8.0/osx-64/bioconductor-bacon-1.8.0-r351h470a237_0.tar.bz2",
            "full_name": "bioconda/bioconductor-bacon/1.8.0/osx-64/bioconductor-bacon-1.8.0-r351h470a237_0.tar.bz2",
            "labels": [
                "main",
                "cf201901"
            ],
            "md5": "23deb6d996cccd430bee851c27bd7abf",
            "ndownloads": 1219,
            "owner": "bioconda",
            "size": 2028674,
            "type": "conda",
            "upload_time": "2018-10-17 07:49:08.497000+00:00",
            "version": "1.8.0"
        },
        {
            "attrs": {
                "arch": "x86_64",
                "build": "r341h470a237_0",
                "build_number": 0,
                "depends": [
                    "bioconductor-biocparallel >=1.14.2,<1.16.0",
                    "r-base >=3.4.1,<3.4.2.0a0",
                    "r-ellipse",
                    "r-ggplot2"
                ],
                "has_prefix": true,
                "license": "GPL (>= 2)",
                "machine": "x86_64",
                "operatingsystem": "darwin",
                "platform": "osx",
                "subdir": "osx-64",
                "target-triplet": "x86_64-any-darwin",
                "timestamp": 1539762326778
            },
            "basename": "osx-64/bioconductor-bacon-1.8.0-r341h470a237_0.tar.bz2",
            "dependencies": {
                "depends": [
                    {
                        "name": "bioconductor-biocparallel",
                        "specs": [
                            [
                                ">=",
                                "1.14.2,<1.16.0"
                            ]
                        ]
                    },
                    {
                        "name": "r-base",
                        "specs": [
                            [
                                ">=",
                                "3.4.1,<3.4.2.0a0"
                            ]
                        ]
                    },
                    {
                        "name": "r-ellipse",
                        "specs": []
                    },
                    {
                        "name": "r-ggplot2",
                        "specs": []
                    }
                ]
            },
            "description": null,
            "distribution_type": "conda",
            "download_url": "//api.anaconda.org/download/bioconda/bioconductor-bacon/1.8.0/osx-64/bioconductor-bacon-1.8.0-r341h470a237_0.tar.bz2",
            "full_name": "bioconda/bioconductor-bacon/1.8.0/osx-64/bioconductor-bacon-1.8.0-r341h470a237_0.tar.bz2",
            "labels": [
                "main",
                "cf201901"
            ],
            "md5": "cef446396c617d04d6127292f64db6aa",
            "ndownloads": 31,
            "owner": "bioconda",
            "size": 1979569,
            "type": "conda",
            "upload_time": "2018-10-17 07:48:48.509000+00:00",
            "version": "1.8.0"
        },
        {
            "attrs": {
                "arch": "x86_64",
                "build": "r341h470a237_0",
                "build_number": 0,
                "depends": [
                    "bioconductor-biocparallel >=1.14.2,<1.16.0",
                    "libgcc-ng >=4.9",
                    "r-base >=3.4.1,<3.4.2.0a0",
                    "r-ellipse",
                    "r-ggplot2"
                ],
                "has_prefix": false,
                "license": "GPL (>= 2)",
                "machine": "x86_64",
                "operatingsystem": "linux",
                "platform": "linux",
                "subdir": "linux-64",
                "target-triplet": "x86_64-any-linux",
                "timestamp": 1539818395595
            },
            "basename": "linux-64/bioconductor-bacon-1.8.0-r341h470a237_0.tar.bz2",
            "dependencies": {
                "depends": [
                    {
                        "name": "bioconductor-biocparallel",
                        "specs": [
                            [
                                ">=",
                                "1.14.2,<1.16.0"
                            ]
                        ]
                    },
                    {
                        "name": "libgcc-ng",
                        "specs": [
                            [
                                ">=",
                                "4.9"
                            ]
                        ]
                    },
                    {
                        "name": "r-base",
                        "specs": [
                            [
                                ">=",
                                "3.4.1,<3.4.2.0a0"
                            ]
                        ]
                    },
                    {
                        "name": "r-ellipse",
                        "specs": []
                    },
                    {
                        "name": "r-ggplot2",
                        "specs": []
                    }
                ]
            },
            "description": null,
            "distribution_type": "conda",
            "download_url": "//api.anaconda.org/download/bioconda/bioconductor-bacon/1.8.0/linux-64/bioconductor-bacon-1.8.0-r341h470a237_0.tar.bz2",
            "full_name": "bioconda/bioconductor-bacon/1.8.0/linux-64/bioconductor-bacon-1.8.0-r341h470a237_0.tar.bz2",
            "labels": [
                "main",
                "cf201901"
            ],
            "md5": "905cb74714ab15e2ca1de5d42229f6b1",
            "ndownloads": 165,
            "owner": "bioconda",
            "size": 1980806,
            "type": "conda",
            "upload_time": "2018-10-17 23:24:52.298000+00:00",
            "version": "1.8.0"
        },
        {
            "attrs": {
                "arch": "x86_64",
                "build": "r351h470a237_0",
                "build_number": 0,
                "depends": [
                    "bioconductor-biocparallel >=1.14.2,<1.16.0",
                    "libgcc-ng >=4.9",
                    "r-base >=3.5.1,<3.5.2.0a0",
                    "r-ellipse",
                    "r-ggplot2"
                ],
                "has_prefix": false,
                "license": "GPL (>= 2)",
                "machine": "x86_64",
                "operatingsystem": "linux",
                "platform": "linux",
                "subdir": "linux-64",
                "target-triplet": "x86_64-any-linux",
                "timestamp": 1539818306963
            },
            "basename": "linux-64/bioconductor-bacon-1.8.0-r351h470a237_0.tar.bz2",
            "dependencies": {
                "depends": [
                    {
                        "name": "bioconductor-biocparallel",
                        "specs": [
                            [
                                ">=",
                                "1.14.2,<1.16.0"
                            ]
                        ]
                    },
                    {
                        "name": "libgcc-ng",
                        "specs": [
                            [
                                ">=",
                                "4.9"
                            ]
                        ]
                    },
                    {
                        "name": "r-base",
                        "specs": [
                            [
                                ">=",
                                "3.5.1,<3.5.2.0a0"
                            ]
                        ]
                    },
                    {
                        "name": "r-ellipse",
                        "specs": []
                    },
                    {
                        "name": "r-ggplot2",
                        "specs": []
                    }
                ]
            },
            "description": null,
            "distribution_type": "conda",
            "download_url": "//api.anaconda.org/download/bioconda/bioconductor-bacon/1.8.0/linux-64/bioconductor-bacon-1.8.0-r351h470a237_0.tar.bz2",
            "full_name": "bioconda/bioconductor-bacon/1.8.0/linux-64/bioconductor-bacon-1.8.0-r351h470a237_0.tar.bz2",
            "labels": [
                "main",
                "cf201901"
            ],
            "md5": "e888fec3d8c1b07b4565875c040c204e",
            "ndownloads": 293,
            "owner": "bioconda",
            "size": 2029737,
            "type": "conda",
            "upload_time": "2018-10-17 23:24:55.610000+00:00",
            "version": "1.8.0"
        },
        {
            "attrs": {
                "arch": "x86_64",
                "build": "r351h1de35cc_0",
                "build_number": 0,
                "depends": [
                    "bioconductor-biocparallel >=1.16.0,<1.17.0",
                    "r-base >=3.5.1,<3.5.2.0a0",
                    "r-ellipse",
                    "r-ggplot2"
                ],
                "has_prefix": true,
                "license": "GPL (>= 2)",
                "machine": "x86_64",
                "operatingsystem": "darwin",
                "platform": "osx",
                "subdir": "osx-64",
                "target-triplet": "x86_64-any-darwin",
                "timestamp": 1544402174847
            },
            "basename": "osx-64/bioconductor-bacon-1.10.0-r351h1de35cc_0.tar.bz2",
            "dependencies": {
                "depends": [
                    {
                        "name": "bioconductor-biocparallel",
                        "specs": [
                            [
                                ">=",
                                "1.16.0,<1.17.0"
                            ]
                        ]
                    },
                    {
                        "name": "r-base",
                        "specs": [
                            [
                                ">=",
                                "3.5.1,<3.5.2.0a0"
                            ]
                        ]
                    },
                    {
                        "name": "r-ellipse",
                        "specs": []
                    },
                    {
                        "name": "r-ggplot2",
                        "specs": []
                    }
                ]
            },
            "description": null,
            "distribution_type": "conda",
            "download_url": "//api.anaconda.org/download/bioconda/bioconductor-bacon/1.10.0/osx-64/bioconductor-bacon-1.10.0-r351h1de35cc_0.tar.bz2",
            "full_name": "bioconda/bioconductor-bacon/1.10.0/osx-64/bioconductor-bacon-1.10.0-r351h1de35cc_0.tar.bz2",
            "labels": [
                "gcc7",
                "main"
            ],
            "md5": "fcdcf14baa3b928fe029638dc388e57a",
            "ndownloads": 1140,
            "owner": "bioconda",
            "size": 2060090,
            "type": "conda",
            "upload_time": "2018-12-10 00:37:22.741000+00:00",
            "version": "1.10.0"
        },
        {
            "attrs": {
                "arch": "x86_64",
                "build": "r351h14c3975_0",
                "build_number": 0,
                "depends": [
                    "bioconductor-biocparallel >=1.16.0,<1.17.0",
                    "libgcc-ng >=7.3.0",
                    "r-base >=3.5.1,<3.5.2.0a0",
                    "r-ellipse",
                    "r-ggplot2"
                ],
                "has_prefix": false,
                "license": "GPL (>= 2)",
                "machine": "x86_64",
                "operatingsystem": "linux",
                "platform": "linux",
                "subdir": "linux-64",
                "target-triplet": "x86_64-any-linux",
                "timestamp": 1545451406412
            },
            "basename": "linux-64/bioconductor-bacon-1.10.0-r351h14c3975_0.tar.bz2",
            "dependencies": {
                "depends": [
                    {
                        "name": "bioconductor-biocparallel",
                        "specs": [
                            [
                                ">=",
                                "1.16.0,<1.17.0"
                            ]
                        ]
                    },
                    {
                        "name": "libgcc-ng",
                        "specs": [
                            [
                                ">=",
                                "7.3.0"
                            ]
                        ]
                    },
                    {
                        "name": "r-base",
                        "specs": [
                            [
                                ">=",
                                "3.5.1,<3.5.2.0a0"
                            ]
                        ]
                    },
                    {
                        "name": "r-ellipse",
                        "specs": []
                    },
                    {
                        "name": "r-ggplot2",
                        "specs": []
                    }
                ]
            },
            "description": null,
            "distribution_type": "conda",
            "download_url": "//api.anaconda.org/download/bioconda/bioconductor-bacon/1.10.0/linux-64/bioconductor-bacon-1.10.0-r351h14c3975_0.tar.bz2",
            "full_name": "bioconda/bioconductor-bacon/1.10.0/linux-64/bioconductor-bacon-1.10.0-r351h14c3975_0.tar.bz2",
            "labels": [
                "gcc7",
                "main"
            ],
            "md5": "990f8bce3ec572af435d5b148ca3d0bf",
            "ndownloads": 103,
            "owner": "bioconda",
            "size": 2061268,
            "type": "conda",
            "upload_time": "2018-12-22 04:07:14.493000+00:00",
            "version": "1.10.0"
        },
        {
            "attrs": {
                "arch": "x86_64",
                "build": "r351h14c3975_0",
                "build_number": 0,
                "depends": [
                    "bioconductor-biocparallel >=1.16.0,<1.17.0",
                    "libgcc-ng >=7.3.0",
                    "r-base >=3.5.1,<3.5.2.0a0",
                    "r-ellipse",
                    "r-ggplot2"
                ],
                "has_prefix": false,
                "license": "GPL (>= 2)",
                "machine": "x86_64",
                "operatingsystem": "linux",
                "platform": "linux",
                "subdir": "linux-64",
                "target-triplet": "x86_64-any-linux",
                "timestamp": 1556344999463
            },
            "basename": "linux-64/bioconductor-bacon-1.10.1-r351h14c3975_0.tar.bz2",
            "dependencies": {
                "depends": [
                    {
                        "name": "bioconductor-biocparallel",
                        "specs": [
                            [
                                ">=",
                                "1.16.0,<1.17.0"
                            ]
                        ]
                    },
                    {
                        "name": "libgcc-ng",
                        "specs": [
                            [
                                ">=",
                                "7.3.0"
                            ]
                        ]
                    },
                    {
                        "name": "r-base",
                        "specs": [
                            [
                                ">=",
                                "3.5.1,<3.5.2.0a0"
                            ]
                        ]
                    },
                    {
                        "name": "r-ellipse",
                        "specs": []
                    },
                    {
                        "name": "r-ggplot2",
                        "specs": []
                    }
                ]
            },
            "description": null,
            "distribution_type": "conda",
            "download_url": "//api.anaconda.org/download/bioconda/bioconductor-bacon/1.10.1/linux-64/bioconductor-bacon-1.10.1-r351h14c3975_0.tar.bz2",
            "full_name": "bioconda/bioconductor-bacon/1.10.1/linux-64/bioconductor-bacon-1.10.1-r351h14c3975_0.tar.bz2",
            "labels": [
                "main"
            ],
            "md5": "c01af9db008b6da514e02f0487842f61",
            "ndownloads": 102,
            "owner": "bioconda",
            "size": 2050652,
            "type": "conda",
            "upload_time": "2019-04-27 06:07:29.419000+00:00",
            "version": "1.10.1"
        },
        {
            "attrs": {
                "arch": "x86_64",
                "build": "r351h1de35cc_0",
                "build_number": 0,
                "depends": [
                    "bioconductor-biocparallel >=1.16.0,<1.17.0",
                    "r-base >=3.5.1,<3.5.2.0a0",
                    "r-ellipse",
                    "r-ggplot2"
                ],
                "has_prefix": true,
                "license": "GPL (>= 2)",
                "machine": "x86_64",
                "operatingsystem": "darwin",
                "platform": "osx",
                "subdir": "osx-64",
                "target-triplet": "x86_64-any-darwin",
                "timestamp": 1556338752674
            },
            "basename": "osx-64/bioconductor-bacon-1.10.1-r351h1de35cc_0.tar.bz2",
            "dependencies": {
                "depends": [
                    {
                        "name": "bioconductor-biocparallel",
                        "specs": [
                            [
                                ">=",
                                "1.16.0,<1.17.0"
                            ]
                        ]
                    },
                    {
                        "name": "r-base",
                        "specs": [
                            [
                                ">=",
                                "3.5.1,<3.5.2.0a0"
                            ]
                        ]
                    },
                    {
                        "name": "r-ellipse",
                        "specs": []
                    },
                    {
                        "name": "r-ggplot2",
                        "specs": []
                    }
                ]
            },
            "description": null,
            "distribution_type": "conda",
            "download_url": "//api.anaconda.org/download/bioconda/bioconductor-bacon/1.10.1/osx-64/bioconductor-bacon-1.10.1-r351h1de35cc_0.tar.bz2",
            "full_name": "bioconda/bioconductor-bacon/1.10.1/osx-64/bioconductor-bacon-1.10.1-r351h1de35cc_0.tar.bz2",
            "labels": [
                "main"
            ],
            "md5": "3b55f96b3745c8fa23b97a38c77f3a00",
            "ndownloads": 976,
            "owner": "bioconda",
            "size": 2042540,
            "type": "conda",
            "upload_time": "2019-04-27 04:20:11.506000+00:00",
            "version": "1.10.1"
        },
        {
            "attrs": {
                "arch": "x86_64",
                "build": "r351h1de35cc_0",
                "build_number": 0,
                "depends": [
                    "bioconductor-biocparallel >=1.18.0,<1.19.0",
                    "r-base >=3.5.1,<3.5.2.0a0",
                    "r-ellipse",
                    "r-ggplot2"
                ],
                "has_prefix": true,
                "license": "GPL (>= 2)",
                "machine": "x86_64",
                "operatingsystem": "darwin",
                "platform": "osx",
                "subdir": "osx-64",
                "target-triplet": "x86_64-any-darwin",
                "timestamp": 1557286819959
            },
            "basename": "osx-64/bioconductor-bacon-1.12.0-r351h1de35cc_0.tar.bz2",
            "dependencies": {
                "depends": [
                    {
                        "name": "bioconductor-biocparallel",
                        "specs": [
                            [
                                ">=",
                                "1.18.0,<1.19.0"
                            ]
                        ]
                    },
                    {
                        "name": "r-base",
                        "specs": [
                            [
                                ">=",
                                "3.5.1,<3.5.2.0a0"
                            ]
                        ]
                    },
                    {
                        "name": "r-ellipse",
                        "specs": []
                    },
                    {
                        "name": "r-ggplot2",
                        "specs": []
                    }
                ]
            },
            "description": null,
            "distribution_type": "conda",
            "download_url": "//api.anaconda.org/download/bioconda/bioconductor-bacon/1.12.0/osx-64/bioconductor-bacon-1.12.0-r351h1de35cc_0.tar.bz2",
            "full_name": "bioconda/bioconductor-bacon/1.12.0/osx-64/bioconductor-bacon-1.12.0-r351h1de35cc_0.tar.bz2",
            "labels": [
                "main"
            ],
            "md5": "e527f0105a1a0a9a7946d49d0be3142d",
            "ndownloads": 173,
            "owner": "bioconda",
            "size": 2031339,
            "type": "conda",
            "upload_time": "2019-05-08 03:41:23.837000+00:00",
            "version": "1.12.0"
        },
        {
            "attrs": {
                "arch": "x86_64",
                "build": "r351h14c3975_0",
                "build_number": 0,
                "depends": [
                    "bioconductor-biocparallel >=1.18.0,<1.19.0",
                    "libgcc-ng >=7.3.0",
                    "r-base >=3.5.1,<3.5.2.0a0",
                    "r-ellipse",
                    "r-ggplot2"
                ],
                "has_prefix": false,
                "license": "GPL (>= 2)",
                "machine": "x86_64",
                "operatingsystem": "linux",
                "platform": "linux",
                "subdir": "linux-64",
                "target-triplet": "x86_64-any-linux",
                "timestamp": 1557438363172
            },
            "basename": "linux-64/bioconductor-bacon-1.12.0-r351h14c3975_0.tar.bz2",
            "dependencies": {
                "depends": [
                    {
                        "name": "bioconductor-biocparallel",
                        "specs": [
                            [
                                ">=",
                                "1.18.0,<1.19.0"
                            ]
                        ]
                    },
                    {
                        "name": "libgcc-ng",
                        "specs": [
                            [
                                ">=",
                                "7.3.0"
                            ]
                        ]
                    },
                    {
                        "name": "r-base",
                        "specs": [
                            [
                                ">=",
                                "3.5.1,<3.5.2.0a0"
                            ]
                        ]
                    },
                    {
                        "name": "r-ellipse",
                        "specs": []
                    },
                    {
                        "name": "r-ggplot2",
                        "specs": []
                    }
                ]
            },
            "description": null,
            "distribution_type": "conda",
            "download_url": "//api.anaconda.org/download/bioconda/bioconductor-bacon/1.12.0/linux-64/bioconductor-bacon-1.12.0-r351h14c3975_0.tar.bz2",
            "full_name": "bioconda/bioconductor-bacon/1.12.0/linux-64/bioconductor-bacon-1.12.0-r351h14c3975_0.tar.bz2",
            "labels": [
                "main"
            ],
            "md5": "43f1bbc4ba37379e6e90fb16763c1dea",
            "ndownloads": 102,
            "owner": "bioconda",
            "size": 2027976,
            "type": "conda",
            "upload_time": "2019-05-09 21:51:15.324000+00:00",
            "version": "1.12.0"
        },
        {
            "attrs": {
                "arch": "x86_64",
                "build": "r36h01d97ff_1",
                "build_number": 1,
                "depends": [
                    "bioconductor-biocparallel >=1.18.0,<1.19.0",
                    "r-base >=3.6,<3.7.0a0",
                    "r-ellipse",
                    "r-ggplot2"
                ],
                "has_prefix": true,
                "license": "GPL (>= 2)",
                "machine": "x86_64",
                "operatingsystem": "darwin",
                "platform": "osx",
                "subdir": "osx-64",
                "target-triplet": "x86_64-any-darwin",
                "timestamp": 1563499199597
            },
            "basename": "osx-64/bioconductor-bacon-1.12.0-r36h01d97ff_1.tar.bz2",
            "dependencies": {
                "depends": [
                    {
                        "name": "bioconductor-biocparallel",
                        "specs": [
                            [
                                ">=",
                                "1.18.0,<1.19.0"
                            ]
                        ]
                    },
                    {
                        "name": "r-base",
                        "specs": [
                            [
                                ">=",
                                "3.6,<3.7.0a0"
                            ]
                        ]
                    },
                    {
                        "name": "r-ellipse",
                        "specs": []
                    },
                    {
                        "name": "r-ggplot2",
                        "specs": []
                    }
                ]
            },
            "description": null,
            "distribution_type": "conda",
            "download_url": "//api.anaconda.org/download/bioconda/bioconductor-bacon/1.12.0/osx-64/bioconductor-bacon-1.12.0-r36h01d97ff_1.tar.bz2",
            "full_name": "bioconda/bioconductor-bacon/1.12.0/osx-64/bioconductor-bacon-1.12.0-r36h01d97ff_1.tar.bz2",
            "labels": [
                "main"
            ],
            "md5": "ee851e9db72045bf704b3ae3d191b4e6",
            "ndownloads": 784,
            "owner": "bioconda",
            "size": 2019375,
            "type": "conda",
            "upload_time": "2019-07-19 01:21:01.919000+00:00",
            "version": "1.12.0"
        },
        {
            "attrs": {
                "arch": "x86_64",
                "build": "r36h516909a_1",
                "build_number": 1,
                "depends": [
                    "bioconductor-biocparallel >=1.18.0,<1.19.0",
                    "libgcc-ng >=7.3.0",
                    "r-base >=3.6,<3.7.0a0",
                    "r-ellipse",
                    "r-ggplot2"
                ],
                "has_prefix": false,
                "license": "GPL (>= 2)",
                "machine": "x86_64",
                "operatingsystem": "linux",
                "platform": "linux",
                "subdir": "linux-64",
                "target-triplet": "x86_64-any-linux",
                "timestamp": 1563771809290
            },
            "basename": "linux-64/bioconductor-bacon-1.12.0-r36h516909a_1.tar.bz2",
            "dependencies": {
                "depends": [
                    {
                        "name": "bioconductor-biocparallel",
                        "specs": [
                            [
                                ">=",
                                "1.18.0,<1.19.0"
                            ]
                        ]
                    },
                    {
                        "name": "libgcc-ng",
                        "specs": [
                            [
                                ">=",
                                "7.3.0"
                            ]
                        ]
                    },
                    {
                        "name": "r-base",
                        "specs": [
                            [
                                ">=",
                                "3.6,<3.7.0a0"
                            ]
                        ]
                    },
                    {
                        "name": "r-ellipse",
                        "specs": []
                    },
                    {
                        "name": "r-ggplot2",
                        "specs": []
                    }
                ]
            },
            "description": null,
            "distribution_type": "conda",
            "download_url": "//api.anaconda.org/download/bioconda/bioconductor-bacon/1.12.0/linux-64/bioconductor-bacon-1.12.0-r36h516909a_1.tar.bz2",
            "full_name": "bioconda/bioconductor-bacon/1.12.0/linux-64/bioconductor-bacon-1.12.0-r36h516909a_1.tar.bz2",
            "labels": [
                "main"
            ],
            "md5": "b9d12a377ec5861a2f931e1d537ffb6d",
            "ndownloads": 63,
            "owner": "bioconda",
            "size": 2015570,
            "type": "conda",
            "upload_time": "2019-07-22 05:07:37.318000+00:00",
            "version": "1.12.0"
        },
        {
            "attrs": {
                "arch": "x86_64",
                "build": "r36h01d97ff_0",
                "build_number": 0,
                "depends": [
                    "bioconductor-biocparallel >=1.20.0,<1.21.0",
                    "r-base >=3.6,<3.7.0a0",
                    "r-ellipse",
                    "r-ggplot2"
                ],
                "has_prefix": true,
                "license": "GPL (>= 2)",
                "machine": "x86_64",
                "operatingsystem": "darwin",
                "platform": "osx",
                "subdir": "osx-64",
                "target-triplet": "x86_64-any-darwin",
                "timestamp": 1572612129565
            },
            "basename": "osx-64/bioconductor-bacon-1.14.0-r36h01d97ff_0.tar.bz2",
            "dependencies": {
                "depends": [
                    {
                        "name": "bioconductor-biocparallel",
                        "specs": [
                            [
                                ">=",
                                "1.20.0,<1.21.0"
                            ]
                        ]
                    },
                    {
                        "name": "r-base",
                        "specs": [
                            [
                                ">=",
                                "3.6,<3.7.0a0"
                            ]
                        ]
                    },
                    {
                        "name": "r-ellipse",
                        "specs": []
                    },
                    {
                        "name": "r-ggplot2",
                        "specs": []
                    }
                ]
            },
            "description": null,
            "distribution_type": "conda",
            "download_url": "//api.anaconda.org/download/bioconda/bioconductor-bacon/1.14.0/osx-64/bioconductor-bacon-1.14.0-r36h01d97ff_0.tar.bz2",
            "full_name": "bioconda/bioconductor-bacon/1.14.0/osx-64/bioconductor-bacon-1.14.0-r36h01d97ff_0.tar.bz2",
            "labels": [
                "main"
            ],
            "md5": "6e5132866fc68b3004b8c2859c1f6051",
            "ndownloads": 615,
            "owner": "bioconda",
            "size": 1992434,
            "type": "conda",
            "upload_time": "2019-11-01 12:43:15.198000+00:00",
            "version": "1.14.0"
        },
        {
            "attrs": {
                "arch": "x86_64",
                "build": "r36h516909a_0",
                "build_number": 0,
                "depends": [
                    "bioconductor-biocparallel >=1.20.0,<1.21.0",
                    "libgcc-ng >=7.3.0",
                    "r-base >=3.6,<3.7.0a0",
                    "r-ellipse",
                    "r-ggplot2"
                ],
                "has_prefix": false,
                "license": "GPL (>= 2)",
                "machine": "x86_64",
                "operatingsystem": "linux",
                "platform": "linux",
                "subdir": "linux-64",
                "target-triplet": "x86_64-any-linux",
                "timestamp": 1572652042638
            },
            "basename": "linux-64/bioconductor-bacon-1.14.0-r36h516909a_0.tar.bz2",
            "dependencies": {
                "depends": [
                    {
                        "name": "bioconductor-biocparallel",
                        "specs": [
                            [
                                ">=",
                                "1.20.0,<1.21.0"
                            ]
                        ]
                    },
                    {
                        "name": "libgcc-ng",
                        "specs": [
                            [
                                ">=",
                                "7.3.0"
                            ]
                        ]
                    },
                    {
                        "name": "r-base",
                        "specs": [
                            [
                                ">=",
                                "3.6,<3.7.0a0"
                            ]
                        ]
                    },
                    {
                        "name": "r-ellipse",
                        "specs": []
                    },
                    {
                        "name": "r-ggplot2",
                        "specs": []
                    }
                ]
            },
            "description": null,
            "distribution_type": "conda",
            "download_url": "//api.anaconda.org/download/bioconda/bioconductor-bacon/1.14.0/linux-64/bioconductor-bacon-1.14.0-r36h516909a_0.tar.bz2",
            "full_name": "bioconda/bioconductor-bacon/1.14.0/linux-64/bioconductor-bacon-1.14.0-r36h516909a_0.tar.bz2",
            "labels": [
                "main"
            ],
            "md5": "849287398dc4f17de94b175d3e5c49cf",
            "ndownloads": 52,
            "owner": "bioconda",
            "size": 2007498,
            "type": "conda",
            "upload_time": "2019-11-01 23:52:39.840000+00:00",
            "version": "1.14.0"
        },
        {
            "attrs": {
                "arch": "x86_64",
                "build": "r40h8909d69_0",
                "build_number": 0,
                "depends": [
                    "bioconductor-biocparallel >=1.22.0,<1.23.0",
                    "libblas >=3.8.0,<4.0a0",
                    "liblapack >=3.8.0,<3.9.0a0",
                    "r-base >=4.0,<4.1.0a0",
                    "r-ellipse",
                    "r-ggplot2"
                ],
                "has_prefix": true,
                "license": "GPL (>= 2)",
                "machine": "x86_64",
                "operatingsystem": "darwin",
                "platform": "osx",
                "subdir": "osx-64",
                "target-triplet": "x86_64-any-darwin",
                "timestamp": 1589010322474
            },
            "basename": "osx-64/bioconductor-bacon-1.16.0-r40h8909d69_0.tar.bz2",
            "dependencies": {
                "depends": [
                    {
                        "name": "bioconductor-biocparallel",
                        "specs": [
                            [
                                ">=",
                                "1.22.0,<1.23.0"
                            ]
                        ]
                    },
                    {
                        "name": "libblas",
                        "specs": [
                            [
                                ">=",
                                "3.8.0,<4.0a0"
                            ]
                        ]
                    },
                    {
                        "name": "liblapack",
                        "specs": [
                            [
                                ">=",
                                "3.8.0,<3.9.0a0"
                            ]
                        ]
                    },
                    {
                        "name": "r-base",
                        "specs": [
                            [
                                ">=",
                                "4.0,<4.1.0a0"
                            ]
                        ]
                    },
                    {
                        "name": "r-ellipse",
                        "specs": []
                    },
                    {
                        "name": "r-ggplot2",
                        "specs": []
                    }
                ]
            },
            "description": null,
            "distribution_type": "conda",
            "download_url": "//api.anaconda.org/download/bioconda/bioconductor-bacon/1.16.0/osx-64/bioconductor-bacon-1.16.0-r40h8909d69_0.tar.bz2",
            "full_name": "bioconda/bioconductor-bacon/1.16.0/osx-64/bioconductor-bacon-1.16.0-r40h8909d69_0.tar.bz2",
            "labels": [
                "main"
            ],
            "md5": "32daea0b3fbdca643f642f5cb4a77f66",
            "ndownloads": 185,
            "owner": "bioconda",
            "size": 2038645,
            "type": "conda",
            "upload_time": "2020-05-09 07:47:02.254000+00:00",
            "version": "1.16.0"
        },
        {
            "attrs": {
                "arch": "x86_64",
                "build": "r40h037d062_0",
                "build_number": 0,
                "depends": [
                    "bioconductor-biocparallel >=1.22.0,<1.23.0",
                    "libblas >=3.8.0,<4.0a0",
                    "libgcc-ng >=7.3.0",
                    "liblapack >=3.8.0,<3.9.0a0",
                    "r-base >=4.0,<4.1.0a0",
                    "r-ellipse",
                    "r-ggplot2"
                ],
                "has_prefix": false,
                "license": "GPL (>= 2)",
                "machine": "x86_64",
                "operatingsystem": "linux",
                "platform": "linux",
                "subdir": "linux-64",
                "target-triplet": "x86_64-any-linux",
                "timestamp": 1589094012297
            },
            "basename": "linux-64/bioconductor-bacon-1.16.0-r40h037d062_0.tar.bz2",
            "dependencies": {
                "depends": [
                    {
                        "name": "bioconductor-biocparallel",
                        "specs": [
                            [
                                ">=",
                                "1.22.0,<1.23.0"
                            ]
                        ]
                    },
                    {
                        "name": "libblas",
                        "specs": [
                            [
                                ">=",
                                "3.8.0,<4.0a0"
                            ]
                        ]
                    },
                    {
                        "name": "libgcc-ng",
                        "specs": [
                            [
                                ">=",
                                "7.3.0"
                            ]
                        ]
                    },
                    {
                        "name": "liblapack",
                        "specs": [
                            [
                                ">=",
                                "3.8.0,<3.9.0a0"
                            ]
                        ]
                    },
                    {
                        "name": "r-base",
                        "specs": [
                            [
                                ">=",
                                "4.0,<4.1.0a0"
                            ]
                        ]
                    },
                    {
                        "name": "r-ellipse",
                        "specs": []
                    },
                    {
                        "name": "r-ggplot2",
                        "specs": []
                    }
                ]
            },
            "description": null,
            "distribution_type": "conda",
            "download_url": "//api.anaconda.org/download/bioconda/bioconductor-bacon/1.16.0/linux-64/bioconductor-bacon-1.16.0-r40h037d062_0.tar.bz2",
            "full_name": "bioconda/bioconductor-bacon/1.16.0/linux-64/bioconductor-bacon-1.16.0-r40h037d062_0.tar.bz2",
            "labels": [
                "main"
            ],
            "md5": "19f2f109521560e556d68de9072996a4",
            "ndownloads": 20,
            "owner": "bioconda",
            "size": 2043132,
            "type": "conda",
            "upload_time": "2020-05-10 07:05:47.128000+00:00",
            "version": "1.16.0"
        }
    ],
    "full_name": "bioconda/bioconductor-bacon",
    "home": "http://bioconductor.org/packages/3.5/bioc/html/bacon.html",
    "html_url": "http://anaconda.org/bioconda/bioconductor-bacon",
    "id": "59a5741d1140991310c4693b",
    "latest_version": "1.16.0",
    "license": "GPL (>= 2)",
    "license_url": null,
    "modified_at": "2020-05-10 07:05:47.400000+00:00",
    "name": "bioconductor-bacon",
    "owner": {
        "company": "",
        "created_at": "2015-09-11 22:59:20.880000+00:00",
        "description": "Bioconda is a distribution of bioinformatics software realized as a channel for the versatile Conda package manager.",
        "location": "",
        "login": "bioconda",
        "name": "bioconda",
        "url": "",
        "user_type": "org"
    },
    "package_types": [
        "conda"
    ],
    "public": true,
    "releases": [
        {
            "distributions": [],
            "full_name": "bioconda/bioconductor-bacon/1.4.0",
            "version": "1.4.0"
        },
        {
            "distributions": [],
            "full_name": "bioconda/bioconductor-bacon/1.6.0",
            "version": "1.6.0"
        },
        {
            "distributions": [],
            "full_name": "bioconda/bioconductor-bacon/1.8.0",
            "version": "1.8.0"
        },
        {
            "distributions": [],
            "full_name": "bioconda/bioconductor-bacon/1.10.0",
            "version": "1.10.0"
        },
        {
            "distributions": [],
            "full_name": "bioconda/bioconductor-bacon/1.10.1",
            "version": "1.10.1"
        },
        {
            "distributions": [],
            "full_name": "bioconda/bioconductor-bacon/1.12.0",
            "version": "1.12.0"
        },
        {
            "distributions": [],
            "full_name": "bioconda/bioconductor-bacon/1.14.0",
            "version": "1.14.0"
        },
        {
            "distributions": [],
            "full_name": "bioconda/bioconductor-bacon/1.16.0",
            "version": "1.16.0"
        }
    ],
    "revision": 16,
    "source_git_tag": null,
    "source_git_url": null,
    "summary": "Controlling bias and inflation in association studies using the empirical null distribution",
    "upvoted": 0,
    "url": "http://api.anaconda.org/packages/bioconda/bioconductor-bacon",
    "versions": [
        "1.4.0",
        "1.6.0",
        "1.8.0",
        "1.10.0",
        "1.10.1",
        "1.12.0",
        "1.14.0",
        "1.16.0"
    ],
    "watchers": 1
}