{
    "app_entry": {},
    "app_summary": {},
    "app_type": {},
    "builds": [
        "r351_0",
        "r36_1",
        "r40_0",
        "r36_0"
    ],
    "conda_platforms": [
        "noarch"
    ],
    "created_at": "2019-05-13 22:19:41.197000+00:00",
    "description": "This package provides the output of running Salmon on a set of 24 RNA-seq samples from Alasoo, et al. \"Shared genetic effects on chromatin and gene expression indicate a role for enhancer priming in immune response\", published in Nature Genetics, January 2018. For details on version numbers and how the samples were processed see the package vignette.",
    "dev_url": null,
    "doc_url": null,
    "files": [
        {
            "attrs": {
                "arch": null,
                "build": "r351_0",
                "build_number": 0,
                "depends": [
                    "curl >=7.64.1,<8.0a0",
                    "r-base >=3.5.1,<3.5.2.0a0"
                ],
                "has_prefix": false,
                "license": "GPL (>= 2)",
                "machine": null,
                "noarch": "generic",
                "operatingsystem": null,
                "platform": null,
                "subdir": "noarch",
                "target-triplet": "None-any-None",
                "timestamp": 1557785657779
            },
            "basename": "noarch/bioconductor-macrophage-1.0.0-r351_0.tar.bz2",
            "dependencies": {
                "depends": [
                    {
                        "name": "curl",
                        "specs": [
                            [
                                ">=",
                                "7.64.1,<8.0a0"
                            ]
                        ]
                    },
                    {
                        "name": "r-base",
                        "specs": [
                            [
                                ">=",
                                "3.5.1,<3.5.2.0a0"
                            ]
                        ]
                    }
                ]
            },
            "description": null,
            "distribution_type": "conda",
            "download_url": "//api.anaconda.org/download/bioconda/bioconductor-macrophage/1.0.0/noarch/bioconductor-macrophage-1.0.0-r351_0.tar.bz2",
            "full_name": "bioconda/bioconductor-macrophage/1.0.0/noarch/bioconductor-macrophage-1.0.0-r351_0.tar.bz2",
            "labels": [
                "main"
            ],
            "md5": "02e07e6549f7875828c205eaefc7e7eb",
            "ndownloads": 76,
            "owner": "bioconda",
            "size": 6348,
            "type": "conda",
            "upload_time": "2019-05-13 22:19:41.883000+00:00",
            "version": "1.0.0"
        },
        {
            "attrs": {
                "arch": null,
                "build": "r36_1",
                "build_number": 1,
                "depends": [
                    "curl >=7.64.1,<8.0a0",
                    "r-base >=3.6,<3.7.0a0"
                ],
                "has_prefix": false,
                "license": "GPL (>= 2)",
                "machine": null,
                "noarch": "generic",
                "operatingsystem": null,
                "platform": null,
                "subdir": "noarch",
                "target-triplet": "None-any-None",
                "timestamp": 1563279327258
            },
            "basename": "noarch/bioconductor-macrophage-1.0.0-r36_1.tar.bz2",
            "dependencies": {
                "depends": [
                    {
                        "name": "curl",
                        "specs": [
                            [
                                ">=",
                                "7.64.1,<8.0a0"
                            ]
                        ]
                    },
                    {
                        "name": "r-base",
                        "specs": [
                            [
                                ">=",
                                "3.6,<3.7.0a0"
                            ]
                        ]
                    }
                ]
            },
            "description": null,
            "distribution_type": "conda",
            "download_url": "//api.anaconda.org/download/bioconda/bioconductor-macrophage/1.0.0/noarch/bioconductor-macrophage-1.0.0-r36_1.tar.bz2",
            "full_name": "bioconda/bioconductor-macrophage/1.0.0/noarch/bioconductor-macrophage-1.0.0-r36_1.tar.bz2",
            "labels": [
                "main"
            ],
            "md5": "bf92a70415c632d8c3ba7a14651f00d7",
            "ndownloads": 41,
            "owner": "bioconda",
            "size": 6667,
            "type": "conda",
            "upload_time": "2019-07-16 12:20:51.940000+00:00",
            "version": "1.0.0"
        },
        {
            "attrs": {
                "arch": null,
                "build": "r36_0",
                "build_number": 0,
                "depends": [
                    "curl >=7.65.3,<8.0a0",
                    "r-base >=3.6,<3.7.0a0"
                ],
                "has_prefix": false,
                "license": "GPL (>= 2)",
                "machine": null,
                "noarch": "generic",
                "operatingsystem": null,
                "platform": null,
                "subdir": "noarch",
                "target-triplet": "None-any-None",
                "timestamp": 1573076870339
            },
            "basename": "noarch/bioconductor-macrophage-1.2.0-r36_0.tar.bz2",
            "dependencies": {
                "depends": [
                    {
                        "name": "curl",
                        "specs": [
                            [
                                ">=",
                                "7.65.3,<8.0a0"
                            ]
                        ]
                    },
                    {
                        "name": "r-base",
                        "specs": [
                            [
                                ">=",
                                "3.6,<3.7.0a0"
                            ]
                        ]
                    }
                ]
            },
            "description": null,
            "distribution_type": "conda",
            "download_url": "//api.anaconda.org/download/bioconda/bioconductor-macrophage/1.2.0/noarch/bioconductor-macrophage-1.2.0-r36_0.tar.bz2",
            "full_name": "bioconda/bioconductor-macrophage/1.2.0/noarch/bioconductor-macrophage-1.2.0-r36_0.tar.bz2",
            "labels": [
                "main"
            ],
            "md5": "930397b5c1b1478276bf3e673bf41eb1",
            "ndownloads": 39,
            "owner": "bioconda",
            "size": 17721,
            "type": "conda",
            "upload_time": "2019-11-06 21:53:43.816000+00:00",
            "version": "1.2.0"
        },
        {
            "attrs": {
                "arch": null,
                "build": "r40_0",
                "build_number": 0,
                "depends": [
                    "curl >=7.69.1,<8.0a0",
                    "r-base >=4.0,<4.1.0a0"
                ],
                "has_prefix": false,
                "license": "GPL (>= 2)",
                "machine": null,
                "noarch": "generic",
                "operatingsystem": null,
                "platform": null,
                "subdir": "noarch",
                "target-triplet": "None-any-None",
                "timestamp": 1589041815232
            },
            "basename": "noarch/bioconductor-macrophage-1.4.0-r40_0.tar.bz2",
            "dependencies": {
                "depends": [
                    {
                        "name": "curl",
                        "specs": [
                            [
                                ">=",
                                "7.69.1,<8.0a0"
                            ]
                        ]
                    },
                    {
                        "name": "r-base",
                        "specs": [
                            [
                                ">=",
                                "4.0,<4.1.0a0"
                            ]
                        ]
                    }
                ]
            },
            "description": null,
            "distribution_type": "conda",
            "download_url": "//api.anaconda.org/download/bioconda/bioconductor-macrophage/1.4.0/noarch/bioconductor-macrophage-1.4.0-r40_0.tar.bz2",
            "full_name": "bioconda/bioconductor-macrophage/1.4.0/noarch/bioconductor-macrophage-1.4.0-r40_0.tar.bz2",
            "labels": [
                "main"
            ],
            "md5": "7277ff44d89a238a4c91740902f3fb81",
            "ndownloads": 13,
            "owner": "bioconda",
            "size": 18106,
            "type": "conda",
            "upload_time": "2020-05-09 16:36:09.543000+00:00",
            "version": "1.4.0"
        }
    ],
    "full_name": "bioconda/bioconductor-macrophage",
    "home": "https://bioconductor.org/packages/3.9/data/experiment/html/macrophage.html",
    "html_url": "http://anaconda.org/bioconda/bioconductor-macrophage",
    "id": "5cd9ed7da14fd5239a6d8127",
    "latest_version": "1.4.0",
    "license": "GPL (>= 2)",
    "license_url": null,
    "modified_at": "2020-05-09 16:36:09.826000+00:00",
    "name": "bioconductor-macrophage",
    "owner": {
        "company": "",
        "created_at": "2015-09-11 22:59:20.880000+00:00",
        "description": "Bioconda is a distribution of bioinformatics software realized as a channel for the versatile Conda package manager.",
        "location": "",
        "login": "bioconda",
        "name": "bioconda",
        "url": "",
        "user_type": "org"
    },
    "package_types": [
        "conda"
    ],
    "public": true,
    "releases": [
        {
            "distributions": [],
            "full_name": "bioconda/bioconductor-macrophage/1.0.0",
            "version": "1.0.0"
        },
        {
            "distributions": [],
            "full_name": "bioconda/bioconductor-macrophage/1.1.2",
            "version": "1.1.2"
        },
        {
            "distributions": [],
            "full_name": "bioconda/bioconductor-macrophage/1.2.0",
            "version": "1.2.0"
        },
        {
            "distributions": [],
            "full_name": "bioconda/bioconductor-macrophage/1.4.0",
            "version": "1.4.0"
        }
    ],
    "revision": 8,
    "source_git_tag": null,
    "source_git_url": null,
    "summary": "Human macrophage immune response",
    "upvoted": 0,
    "url": "http://api.anaconda.org/packages/bioconda/bioconductor-macrophage",
    "versions": [
        "1.0.0",
        "1.1.2",
        "1.2.0",
        "1.4.0"
    ],
    "watchers": 1
}