{
    "app_entry": {},
    "app_summary": {},
    "app_type": {},
    "builds": [
        "r40_0",
        "r36_1",
        "r36_0",
        "r341_0",
        "r351_0",
        "r3.4.1_0"
    ],
    "conda_platforms": [
        "linux-64",
        "noarch",
        "osx-64"
    ],
    "created_at": "2017-11-08 06:08:43.646000+00:00",
    "description": "IONiseR provides tools for the quality assessment of Oxford Nanopore MinION data. It extracts summary statistics from a set of fast5 files and can be used either before or after base calling.  In addition to standard summaries of the read-types produced, it provides a number of plots for visualising metrics relative to experiment run time or spatially over the surface of a flowcell.",
    "dev_url": null,
    "doc_url": null,
    "files": [
        {
            "attrs": {
                "arch": "x86_64",
                "build": "r3.4.1_0",
                "build_number": 0,
                "depends": [
                    "bioconductor-biocgenerics",
                    "bioconductor-biocparallel",
                    "bioconductor-biostrings",
                    "bioconductor-rhdf5",
                    "bioconductor-shortread",
                    "bioconductor-xvector",
                    "r-base 3.4.1*",
                    "r-bit64",
                    "r-dplyr",
                    "r-ggplot2",
                    "r-magrittr",
                    "r-stringr",
                    "r-tibble",
                    "r-tidyr"
                ],
                "has_prefix": false,
                "license": "MIT + file LICENSE",
                "machine": "x86_64",
                "operatingsystem": "darwin",
                "platform": "osx",
                "subdir": "osx-64",
                "target-triplet": "x86_64-any-darwin"
            },
            "basename": "osx-64/bioconductor-ioniser-2.2.0-r3.4.1_0.tar.bz2",
            "dependencies": {
                "depends": [
                    {
                        "name": "bioconductor-biocgenerics",
                        "specs": []
                    },
                    {
                        "name": "bioconductor-biocparallel",
                        "specs": []
                    },
                    {
                        "name": "bioconductor-biostrings",
                        "specs": []
                    },
                    {
                        "name": "bioconductor-rhdf5",
                        "specs": []
                    },
                    {
                        "name": "bioconductor-shortread",
                        "specs": []
                    },
                    {
                        "name": "bioconductor-xvector",
                        "specs": []
                    },
                    {
                        "name": "r-base",
                        "specs": [
                            [
                                "==",
                                "3.4.1"
                            ]
                        ]
                    },
                    {
                        "name": "r-bit64",
                        "specs": []
                    },
                    {
                        "name": "r-dplyr",
                        "specs": []
                    },
                    {
                        "name": "r-ggplot2",
                        "specs": []
                    },
                    {
                        "name": "r-magrittr",
                        "specs": []
                    },
                    {
                        "name": "r-stringr",
                        "specs": []
                    },
                    {
                        "name": "r-tibble",
                        "specs": []
                    },
                    {
                        "name": "r-tidyr",
                        "specs": []
                    }
                ]
            },
            "description": null,
            "distribution_type": "conda",
            "download_url": "//api.anaconda.org/download/bioconda/bioconductor-ioniser/2.2.0/osx-64/bioconductor-ioniser-2.2.0-r3.4.1_0.tar.bz2",
            "full_name": "bioconda/bioconductor-ioniser/2.2.0/osx-64/bioconductor-ioniser-2.2.0-r3.4.1_0.tar.bz2",
            "labels": [
                "main",
                "cf201901"
            ],
            "md5": "29f938fce5c538891a370b4e69406b7b",
            "ndownloads": 1239,
            "owner": "bioconda",
            "size": 3635812,
            "type": "conda",
            "upload_time": "2017-11-08 07:09:25.497000+00:00",
            "version": "2.2.0"
        },
        {
            "attrs": {
                "arch": "x86_64",
                "build": "r3.4.1_0",
                "build_number": 0,
                "depends": [
                    "bioconductor-biocgenerics",
                    "bioconductor-biocparallel",
                    "bioconductor-biostrings",
                    "bioconductor-rhdf5",
                    "bioconductor-shortread",
                    "bioconductor-xvector",
                    "r-base 3.4.1*",
                    "r-bit64",
                    "r-dplyr",
                    "r-ggplot2",
                    "r-magrittr",
                    "r-stringr",
                    "r-tibble",
                    "r-tidyr"
                ],
                "has_prefix": false,
                "license": "MIT + file LICENSE",
                "machine": "x86_64",
                "operatingsystem": "linux",
                "platform": "linux",
                "subdir": "linux-64",
                "target-triplet": "x86_64-any-linux"
            },
            "basename": "linux-64/bioconductor-ioniser-2.2.0-r3.4.1_0.tar.bz2",
            "dependencies": {
                "depends": [
                    {
                        "name": "bioconductor-biocgenerics",
                        "specs": []
                    },
                    {
                        "name": "bioconductor-biocparallel",
                        "specs": []
                    },
                    {
                        "name": "bioconductor-biostrings",
                        "specs": []
                    },
                    {
                        "name": "bioconductor-rhdf5",
                        "specs": []
                    },
                    {
                        "name": "bioconductor-shortread",
                        "specs": []
                    },
                    {
                        "name": "bioconductor-xvector",
                        "specs": []
                    },
                    {
                        "name": "r-base",
                        "specs": [
                            [
                                "==",
                                "3.4.1"
                            ]
                        ]
                    },
                    {
                        "name": "r-bit64",
                        "specs": []
                    },
                    {
                        "name": "r-dplyr",
                        "specs": []
                    },
                    {
                        "name": "r-ggplot2",
                        "specs": []
                    },
                    {
                        "name": "r-magrittr",
                        "specs": []
                    },
                    {
                        "name": "r-stringr",
                        "specs": []
                    },
                    {
                        "name": "r-tibble",
                        "specs": []
                    },
                    {
                        "name": "r-tidyr",
                        "specs": []
                    }
                ]
            },
            "description": null,
            "distribution_type": "conda",
            "download_url": "//api.anaconda.org/download/bioconda/bioconductor-ioniser/2.2.0/linux-64/bioconductor-ioniser-2.2.0-r3.4.1_0.tar.bz2",
            "full_name": "bioconda/bioconductor-ioniser/2.2.0/linux-64/bioconductor-ioniser-2.2.0-r3.4.1_0.tar.bz2",
            "labels": [
                "main",
                "cf201901"
            ],
            "md5": "4dd6b4eb9a49912d248390b9a4895ef1",
            "ndownloads": 572,
            "owner": "bioconda",
            "size": 3635418,
            "type": "conda",
            "upload_time": "2017-11-08 06:08:44.266000+00:00",
            "version": "2.2.0"
        },
        {
            "attrs": {
                "arch": "x86_64",
                "build": "r351_0",
                "build_number": 0,
                "depends": [
                    "bioconductor-biocgenerics >=0.26.0,<0.28.0",
                    "bioconductor-biocparallel >=1.14.2,<1.16.0",
                    "bioconductor-biostrings >=2.48.0,<2.50.0",
                    "bioconductor-rhdf5 >=2.24.0,<2.26.0",
                    "bioconductor-shortread >=1.38.0,<1.40.0",
                    "bioconductor-xvector >=0.20.0,<0.22.0",
                    "r-base >=3.5.1,<3.5.2.0a0",
                    "r-bit64",
                    "r-dplyr",
                    "r-ggplot2",
                    "r-magrittr",
                    "r-stringr",
                    "r-tibble",
                    "r-tidyr"
                ],
                "has_prefix": false,
                "license": "MIT + file LICENSE",
                "machine": "x86_64",
                "operatingsystem": "darwin",
                "platform": "osx",
                "subdir": "osx-64",
                "target-triplet": "x86_64-any-darwin",
                "timestamp": 1539743370863
            },
            "basename": "osx-64/bioconductor-ioniser-2.4.0-r351_0.tar.bz2",
            "dependencies": {
                "depends": [
                    {
                        "name": "bioconductor-biocgenerics",
                        "specs": [
                            [
                                ">=",
                                "0.26.0,<0.28.0"
                            ]
                        ]
                    },
                    {
                        "name": "bioconductor-biocparallel",
                        "specs": [
                            [
                                ">=",
                                "1.14.2,<1.16.0"
                            ]
                        ]
                    },
                    {
                        "name": "bioconductor-biostrings",
                        "specs": [
                            [
                                ">=",
                                "2.48.0,<2.50.0"
                            ]
                        ]
                    },
                    {
                        "name": "bioconductor-rhdf5",
                        "specs": [
                            [
                                ">=",
                                "2.24.0,<2.26.0"
                            ]
                        ]
                    },
                    {
                        "name": "bioconductor-shortread",
                        "specs": [
                            [
                                ">=",
                                "1.38.0,<1.40.0"
                            ]
                        ]
                    },
                    {
                        "name": "bioconductor-xvector",
                        "specs": [
                            [
                                ">=",
                                "0.20.0,<0.22.0"
                            ]
                        ]
                    },
                    {
                        "name": "r-base",
                        "specs": [
                            [
                                ">=",
                                "3.5.1,<3.5.2.0a0"
                            ]
                        ]
                    },
                    {
                        "name": "r-bit64",
                        "specs": []
                    },
                    {
                        "name": "r-dplyr",
                        "specs": []
                    },
                    {
                        "name": "r-ggplot2",
                        "specs": []
                    },
                    {
                        "name": "r-magrittr",
                        "specs": []
                    },
                    {
                        "name": "r-stringr",
                        "specs": []
                    },
                    {
                        "name": "r-tibble",
                        "specs": []
                    },
                    {
                        "name": "r-tidyr",
                        "specs": []
                    }
                ]
            },
            "description": null,
            "distribution_type": "conda",
            "download_url": "//api.anaconda.org/download/bioconda/bioconductor-ioniser/2.4.0/osx-64/bioconductor-ioniser-2.4.0-r351_0.tar.bz2",
            "full_name": "bioconda/bioconductor-ioniser/2.4.0/osx-64/bioconductor-ioniser-2.4.0-r351_0.tar.bz2",
            "labels": [
                "main",
                "cf201901"
            ],
            "md5": "a95fd2c056b7043137fea2a875c6f306",
            "ndownloads": 972,
            "owner": "bioconda",
            "size": 3793113,
            "type": "conda",
            "upload_time": "2018-10-17 02:33:51.965000+00:00",
            "version": "2.4.0"
        },
        {
            "attrs": {
                "arch": "x86_64",
                "build": "r351_0",
                "build_number": 0,
                "depends": [
                    "bioconductor-biocgenerics >=0.26.0,<0.28.0",
                    "bioconductor-biocparallel >=1.14.2,<1.16.0",
                    "bioconductor-biostrings >=2.48.0,<2.50.0",
                    "bioconductor-rhdf5 >=2.24.0,<2.26.0",
                    "bioconductor-shortread >=1.38.0,<1.40.0",
                    "bioconductor-xvector >=0.20.0,<0.22.0",
                    "r-base >=3.5.1,<3.5.2.0a0",
                    "r-bit64",
                    "r-dplyr",
                    "r-ggplot2",
                    "r-magrittr",
                    "r-stringr",
                    "r-tibble",
                    "r-tidyr"
                ],
                "has_prefix": false,
                "license": "MIT + file LICENSE",
                "machine": "x86_64",
                "operatingsystem": "linux",
                "platform": "linux",
                "subdir": "linux-64",
                "target-triplet": "x86_64-any-linux",
                "timestamp": 1539793931166
            },
            "basename": "linux-64/bioconductor-ioniser-2.4.0-r351_0.tar.bz2",
            "dependencies": {
                "depends": [
                    {
                        "name": "bioconductor-biocgenerics",
                        "specs": [
                            [
                                ">=",
                                "0.26.0,<0.28.0"
                            ]
                        ]
                    },
                    {
                        "name": "bioconductor-biocparallel",
                        "specs": [
                            [
                                ">=",
                                "1.14.2,<1.16.0"
                            ]
                        ]
                    },
                    {
                        "name": "bioconductor-biostrings",
                        "specs": [
                            [
                                ">=",
                                "2.48.0,<2.50.0"
                            ]
                        ]
                    },
                    {
                        "name": "bioconductor-rhdf5",
                        "specs": [
                            [
                                ">=",
                                "2.24.0,<2.26.0"
                            ]
                        ]
                    },
                    {
                        "name": "bioconductor-shortread",
                        "specs": [
                            [
                                ">=",
                                "1.38.0,<1.40.0"
                            ]
                        ]
                    },
                    {
                        "name": "bioconductor-xvector",
                        "specs": [
                            [
                                ">=",
                                "0.20.0,<0.22.0"
                            ]
                        ]
                    },
                    {
                        "name": "r-base",
                        "specs": [
                            [
                                ">=",
                                "3.5.1,<3.5.2.0a0"
                            ]
                        ]
                    },
                    {
                        "name": "r-bit64",
                        "specs": []
                    },
                    {
                        "name": "r-dplyr",
                        "specs": []
                    },
                    {
                        "name": "r-ggplot2",
                        "specs": []
                    },
                    {
                        "name": "r-magrittr",
                        "specs": []
                    },
                    {
                        "name": "r-stringr",
                        "specs": []
                    },
                    {
                        "name": "r-tibble",
                        "specs": []
                    },
                    {
                        "name": "r-tidyr",
                        "specs": []
                    }
                ]
            },
            "description": null,
            "distribution_type": "conda",
            "download_url": "//api.anaconda.org/download/bioconda/bioconductor-ioniser/2.4.0/linux-64/bioconductor-ioniser-2.4.0-r351_0.tar.bz2",
            "full_name": "bioconda/bioconductor-ioniser/2.4.0/linux-64/bioconductor-ioniser-2.4.0-r351_0.tar.bz2",
            "labels": [
                "main",
                "cf201901"
            ],
            "md5": "b4b5946928eae49f1264e34ea6671f11",
            "ndownloads": 259,
            "owner": "bioconda",
            "size": 3792094,
            "type": "conda",
            "upload_time": "2018-10-17 16:39:36.784000+00:00",
            "version": "2.4.0"
        },
        {
            "attrs": {
                "arch": "x86_64",
                "build": "r341_0",
                "build_number": 0,
                "depends": [
                    "bioconductor-biocgenerics >=0.26.0,<0.28.0",
                    "bioconductor-biocparallel >=1.14.2,<1.16.0",
                    "bioconductor-biostrings >=2.48.0,<2.50.0",
                    "bioconductor-rhdf5 >=2.24.0,<2.26.0",
                    "bioconductor-shortread >=1.38.0,<1.40.0",
                    "bioconductor-xvector >=0.20.0,<0.22.0",
                    "r-base >=3.4.1,<3.4.2.0a0",
                    "r-bit64",
                    "r-dplyr",
                    "r-ggplot2",
                    "r-magrittr",
                    "r-stringr",
                    "r-tibble",
                    "r-tidyr"
                ],
                "has_prefix": false,
                "license": "MIT + file LICENSE",
                "machine": "x86_64",
                "operatingsystem": "darwin",
                "platform": "osx",
                "subdir": "osx-64",
                "target-triplet": "x86_64-any-darwin",
                "timestamp": 1539743538300
            },
            "basename": "osx-64/bioconductor-ioniser-2.4.0-r341_0.tar.bz2",
            "dependencies": {
                "depends": [
                    {
                        "name": "bioconductor-biocgenerics",
                        "specs": [
                            [
                                ">=",
                                "0.26.0,<0.28.0"
                            ]
                        ]
                    },
                    {
                        "name": "bioconductor-biocparallel",
                        "specs": [
                            [
                                ">=",
                                "1.14.2,<1.16.0"
                            ]
                        ]
                    },
                    {
                        "name": "bioconductor-biostrings",
                        "specs": [
                            [
                                ">=",
                                "2.48.0,<2.50.0"
                            ]
                        ]
                    },
                    {
                        "name": "bioconductor-rhdf5",
                        "specs": [
                            [
                                ">=",
                                "2.24.0,<2.26.0"
                            ]
                        ]
                    },
                    {
                        "name": "bioconductor-shortread",
                        "specs": [
                            [
                                ">=",
                                "1.38.0,<1.40.0"
                            ]
                        ]
                    },
                    {
                        "name": "bioconductor-xvector",
                        "specs": [
                            [
                                ">=",
                                "0.20.0,<0.22.0"
                            ]
                        ]
                    },
                    {
                        "name": "r-base",
                        "specs": [
                            [
                                ">=",
                                "3.4.1,<3.4.2.0a0"
                            ]
                        ]
                    },
                    {
                        "name": "r-bit64",
                        "specs": []
                    },
                    {
                        "name": "r-dplyr",
                        "specs": []
                    },
                    {
                        "name": "r-ggplot2",
                        "specs": []
                    },
                    {
                        "name": "r-magrittr",
                        "specs": []
                    },
                    {
                        "name": "r-stringr",
                        "specs": []
                    },
                    {
                        "name": "r-tibble",
                        "specs": []
                    },
                    {
                        "name": "r-tidyr",
                        "specs": []
                    }
                ]
            },
            "description": null,
            "distribution_type": "conda",
            "download_url": "//api.anaconda.org/download/bioconda/bioconductor-ioniser/2.4.0/osx-64/bioconductor-ioniser-2.4.0-r341_0.tar.bz2",
            "full_name": "bioconda/bioconductor-ioniser/2.4.0/osx-64/bioconductor-ioniser-2.4.0-r341_0.tar.bz2",
            "labels": [
                "main",
                "cf201901"
            ],
            "md5": "8a51759e2e3e5abaa6c33374c399ab22",
            "ndownloads": 265,
            "owner": "bioconda",
            "size": 3630699,
            "type": "conda",
            "upload_time": "2018-10-17 02:33:40.053000+00:00",
            "version": "2.4.0"
        },
        {
            "attrs": {
                "arch": "x86_64",
                "build": "r341_0",
                "build_number": 0,
                "depends": [
                    "bioconductor-biocgenerics >=0.26.0,<0.28.0",
                    "bioconductor-biocparallel >=1.14.2,<1.16.0",
                    "bioconductor-biostrings >=2.48.0,<2.50.0",
                    "bioconductor-rhdf5 >=2.24.0,<2.26.0",
                    "bioconductor-shortread >=1.38.0,<1.40.0",
                    "bioconductor-xvector >=0.20.0,<0.22.0",
                    "r-base >=3.4.1,<3.4.2.0a0",
                    "r-bit64",
                    "r-dplyr",
                    "r-ggplot2",
                    "r-magrittr",
                    "r-stringr",
                    "r-tibble",
                    "r-tidyr"
                ],
                "has_prefix": false,
                "license": "MIT + file LICENSE",
                "machine": "x86_64",
                "operatingsystem": "linux",
                "platform": "linux",
                "subdir": "linux-64",
                "target-triplet": "x86_64-any-linux",
                "timestamp": 1539793744964
            },
            "basename": "linux-64/bioconductor-ioniser-2.4.0-r341_0.tar.bz2",
            "dependencies": {
                "depends": [
                    {
                        "name": "bioconductor-biocgenerics",
                        "specs": [
                            [
                                ">=",
                                "0.26.0,<0.28.0"
                            ]
                        ]
                    },
                    {
                        "name": "bioconductor-biocparallel",
                        "specs": [
                            [
                                ">=",
                                "1.14.2,<1.16.0"
                            ]
                        ]
                    },
                    {
                        "name": "bioconductor-biostrings",
                        "specs": [
                            [
                                ">=",
                                "2.48.0,<2.50.0"
                            ]
                        ]
                    },
                    {
                        "name": "bioconductor-rhdf5",
                        "specs": [
                            [
                                ">=",
                                "2.24.0,<2.26.0"
                            ]
                        ]
                    },
                    {
                        "name": "bioconductor-shortread",
                        "specs": [
                            [
                                ">=",
                                "1.38.0,<1.40.0"
                            ]
                        ]
                    },
                    {
                        "name": "bioconductor-xvector",
                        "specs": [
                            [
                                ">=",
                                "0.20.0,<0.22.0"
                            ]
                        ]
                    },
                    {
                        "name": "r-base",
                        "specs": [
                            [
                                ">=",
                                "3.4.1,<3.4.2.0a0"
                            ]
                        ]
                    },
                    {
                        "name": "r-bit64",
                        "specs": []
                    },
                    {
                        "name": "r-dplyr",
                        "specs": []
                    },
                    {
                        "name": "r-ggplot2",
                        "specs": []
                    },
                    {
                        "name": "r-magrittr",
                        "specs": []
                    },
                    {
                        "name": "r-stringr",
                        "specs": []
                    },
                    {
                        "name": "r-tibble",
                        "specs": []
                    },
                    {
                        "name": "r-tidyr",
                        "specs": []
                    }
                ]
            },
            "description": null,
            "distribution_type": "conda",
            "download_url": "//api.anaconda.org/download/bioconda/bioconductor-ioniser/2.4.0/linux-64/bioconductor-ioniser-2.4.0-r341_0.tar.bz2",
            "full_name": "bioconda/bioconductor-ioniser/2.4.0/linux-64/bioconductor-ioniser-2.4.0-r341_0.tar.bz2",
            "labels": [
                "main",
                "cf201901"
            ],
            "md5": "199e9e5a0c85236c4653b9b4c7f6f40a",
            "ndownloads": 143,
            "owner": "bioconda",
            "size": 3630396,
            "type": "conda",
            "upload_time": "2018-10-17 16:39:40.980000+00:00",
            "version": "2.4.0"
        },
        {
            "attrs": {
                "arch": null,
                "build": "r351_0",
                "build_number": 0,
                "depends": [
                    "bioconductor-biocgenerics >=0.28.0,<0.29.0",
                    "bioconductor-biocparallel >=1.16.0,<1.17.0",
                    "bioconductor-biostrings >=2.50.0,<2.51.0",
                    "bioconductor-rhdf5 >=2.26.0,<2.27.0",
                    "bioconductor-shortread >=1.40.0,<1.41.0",
                    "bioconductor-xvector >=0.22.0,<0.23.0",
                    "r-base >=3.5.1,<3.5.2.0a0",
                    "r-bit64",
                    "r-dplyr",
                    "r-ggplot2",
                    "r-magrittr",
                    "r-stringr",
                    "r-tibble",
                    "r-tidyr"
                ],
                "has_prefix": false,
                "license": "MIT + file LICENSE",
                "machine": null,
                "noarch": "generic",
                "operatingsystem": null,
                "platform": null,
                "subdir": "noarch",
                "target-triplet": "None-any-None",
                "timestamp": 1545252706814
            },
            "basename": "noarch/bioconductor-ioniser-2.6.0-r351_0.tar.bz2",
            "dependencies": {
                "depends": [
                    {
                        "name": "bioconductor-biocgenerics",
                        "specs": [
                            [
                                ">=",
                                "0.28.0,<0.29.0"
                            ]
                        ]
                    },
                    {
                        "name": "bioconductor-biocparallel",
                        "specs": [
                            [
                                ">=",
                                "1.16.0,<1.17.0"
                            ]
                        ]
                    },
                    {
                        "name": "bioconductor-biostrings",
                        "specs": [
                            [
                                ">=",
                                "2.50.0,<2.51.0"
                            ]
                        ]
                    },
                    {
                        "name": "bioconductor-rhdf5",
                        "specs": [
                            [
                                ">=",
                                "2.26.0,<2.27.0"
                            ]
                        ]
                    },
                    {
                        "name": "bioconductor-shortread",
                        "specs": [
                            [
                                ">=",
                                "1.40.0,<1.41.0"
                            ]
                        ]
                    },
                    {
                        "name": "bioconductor-xvector",
                        "specs": [
                            [
                                ">=",
                                "0.22.0,<0.23.0"
                            ]
                        ]
                    },
                    {
                        "name": "r-base",
                        "specs": [
                            [
                                ">=",
                                "3.5.1,<3.5.2.0a0"
                            ]
                        ]
                    },
                    {
                        "name": "r-bit64",
                        "specs": []
                    },
                    {
                        "name": "r-dplyr",
                        "specs": []
                    },
                    {
                        "name": "r-ggplot2",
                        "specs": []
                    },
                    {
                        "name": "r-magrittr",
                        "specs": []
                    },
                    {
                        "name": "r-stringr",
                        "specs": []
                    },
                    {
                        "name": "r-tibble",
                        "specs": []
                    },
                    {
                        "name": "r-tidyr",
                        "specs": []
                    }
                ]
            },
            "description": null,
            "distribution_type": "conda",
            "download_url": "//api.anaconda.org/download/bioconda/bioconductor-ioniser/2.6.0/noarch/bioconductor-ioniser-2.6.0-r351_0.tar.bz2",
            "full_name": "bioconda/bioconductor-ioniser/2.6.0/noarch/bioconductor-ioniser-2.6.0-r351_0.tar.bz2",
            "labels": [
                "gcc7",
                "main"
            ],
            "md5": "393c087fa2a77e8c8800f5e67f296c7d",
            "ndownloads": 103,
            "owner": "bioconda",
            "size": 3775857,
            "type": "conda",
            "upload_time": "2018-12-19 20:55:55.988000+00:00",
            "version": "2.6.0"
        },
        {
            "attrs": {
                "arch": null,
                "build": "r36_1",
                "build_number": 1,
                "depends": [
                    "bioconductor-biocgenerics >=0.30.0,<0.31.0",
                    "bioconductor-biocparallel >=1.18.0,<1.19.0",
                    "bioconductor-biostrings >=2.52.0,<2.53.0",
                    "bioconductor-rhdf5 >=2.28.0,<2.29.0",
                    "bioconductor-shortread >=1.42.0,<1.43.0",
                    "bioconductor-xvector >=0.24.0,<0.25.0",
                    "r-base >=3.6,<3.7.0a0",
                    "r-bit64",
                    "r-dplyr",
                    "r-ggplot2",
                    "r-magrittr",
                    "r-stringr",
                    "r-tibble",
                    "r-tidyr"
                ],
                "has_prefix": false,
                "license": "MIT + file LICENSE",
                "machine": null,
                "noarch": "generic",
                "operatingsystem": null,
                "platform": null,
                "subdir": "noarch",
                "target-triplet": "None-any-None",
                "timestamp": 1565240645992
            },
            "basename": "noarch/bioconductor-ioniser-2.8.0-r36_1.tar.bz2",
            "dependencies": {
                "depends": [
                    {
                        "name": "bioconductor-biocgenerics",
                        "specs": [
                            [
                                ">=",
                                "0.30.0,<0.31.0"
                            ]
                        ]
                    },
                    {
                        "name": "bioconductor-biocparallel",
                        "specs": [
                            [
                                ">=",
                                "1.18.0,<1.19.0"
                            ]
                        ]
                    },
                    {
                        "name": "bioconductor-biostrings",
                        "specs": [
                            [
                                ">=",
                                "2.52.0,<2.53.0"
                            ]
                        ]
                    },
                    {
                        "name": "bioconductor-rhdf5",
                        "specs": [
                            [
                                ">=",
                                "2.28.0,<2.29.0"
                            ]
                        ]
                    },
                    {
                        "name": "bioconductor-shortread",
                        "specs": [
                            [
                                ">=",
                                "1.42.0,<1.43.0"
                            ]
                        ]
                    },
                    {
                        "name": "bioconductor-xvector",
                        "specs": [
                            [
                                ">=",
                                "0.24.0,<0.25.0"
                            ]
                        ]
                    },
                    {
                        "name": "r-base",
                        "specs": [
                            [
                                ">=",
                                "3.6,<3.7.0a0"
                            ]
                        ]
                    },
                    {
                        "name": "r-bit64",
                        "specs": []
                    },
                    {
                        "name": "r-dplyr",
                        "specs": []
                    },
                    {
                        "name": "r-ggplot2",
                        "specs": []
                    },
                    {
                        "name": "r-magrittr",
                        "specs": []
                    },
                    {
                        "name": "r-stringr",
                        "specs": []
                    },
                    {
                        "name": "r-tibble",
                        "specs": []
                    },
                    {
                        "name": "r-tidyr",
                        "specs": []
                    }
                ]
            },
            "description": null,
            "distribution_type": "conda",
            "download_url": "//api.anaconda.org/download/bioconda/bioconductor-ioniser/2.8.0/noarch/bioconductor-ioniser-2.8.0-r36_1.tar.bz2",
            "full_name": "bioconda/bioconductor-ioniser/2.8.0/noarch/bioconductor-ioniser-2.8.0-r36_1.tar.bz2",
            "labels": [
                "main"
            ],
            "md5": "b5672d8b4c7789515e5db7f97b97b8e0",
            "ndownloads": 53,
            "owner": "bioconda",
            "size": 2954452,
            "type": "conda",
            "upload_time": "2019-08-08 05:09:37.755000+00:00",
            "version": "2.8.0"
        },
        {
            "attrs": {
                "arch": null,
                "build": "r36_0",
                "build_number": 0,
                "depends": [
                    "bioconductor-biocgenerics >=0.32.0,<0.33.0",
                    "bioconductor-biocparallel >=1.20.0,<1.21.0",
                    "bioconductor-biostrings >=2.54.0,<2.55.0",
                    "bioconductor-rhdf5 >=2.30.0,<2.31.0",
                    "bioconductor-shortread >=1.44.0,<1.45.0",
                    "bioconductor-xvector >=0.26.0,<0.27.0",
                    "r-base >=3.6,<3.7.0a0",
                    "r-bit64",
                    "r-dplyr",
                    "r-ggplot2",
                    "r-magrittr",
                    "r-stringr",
                    "r-tibble",
                    "r-tidyr"
                ],
                "has_prefix": false,
                "license": "MIT + file LICENSE",
                "machine": null,
                "noarch": "generic",
                "operatingsystem": null,
                "platform": null,
                "subdir": "noarch",
                "target-triplet": "None-any-None",
                "timestamp": 1572883063350
            },
            "basename": "noarch/bioconductor-ioniser-2.10.0-r36_0.tar.bz2",
            "dependencies": {
                "depends": [
                    {
                        "name": "bioconductor-biocgenerics",
                        "specs": [
                            [
                                ">=",
                                "0.32.0,<0.33.0"
                            ]
                        ]
                    },
                    {
                        "name": "bioconductor-biocparallel",
                        "specs": [
                            [
                                ">=",
                                "1.20.0,<1.21.0"
                            ]
                        ]
                    },
                    {
                        "name": "bioconductor-biostrings",
                        "specs": [
                            [
                                ">=",
                                "2.54.0,<2.55.0"
                            ]
                        ]
                    },
                    {
                        "name": "bioconductor-rhdf5",
                        "specs": [
                            [
                                ">=",
                                "2.30.0,<2.31.0"
                            ]
                        ]
                    },
                    {
                        "name": "bioconductor-shortread",
                        "specs": [
                            [
                                ">=",
                                "1.44.0,<1.45.0"
                            ]
                        ]
                    },
                    {
                        "name": "bioconductor-xvector",
                        "specs": [
                            [
                                ">=",
                                "0.26.0,<0.27.0"
                            ]
                        ]
                    },
                    {
                        "name": "r-base",
                        "specs": [
                            [
                                ">=",
                                "3.6,<3.7.0a0"
                            ]
                        ]
                    },
                    {
                        "name": "r-bit64",
                        "specs": []
                    },
                    {
                        "name": "r-dplyr",
                        "specs": []
                    },
                    {
                        "name": "r-ggplot2",
                        "specs": []
                    },
                    {
                        "name": "r-magrittr",
                        "specs": []
                    },
                    {
                        "name": "r-stringr",
                        "specs": []
                    },
                    {
                        "name": "r-tibble",
                        "specs": []
                    },
                    {
                        "name": "r-tidyr",
                        "specs": []
                    }
                ]
            },
            "description": null,
            "distribution_type": "conda",
            "download_url": "//api.anaconda.org/download/bioconda/bioconductor-ioniser/2.10.0/noarch/bioconductor-ioniser-2.10.0-r36_0.tar.bz2",
            "full_name": "bioconda/bioconductor-ioniser/2.10.0/noarch/bioconductor-ioniser-2.10.0-r36_0.tar.bz2",
            "labels": [
                "main"
            ],
            "md5": "08bbcaba6cff1cf2b6c41f24369d4bb1",
            "ndownloads": 51,
            "owner": "bioconda",
            "size": 2969416,
            "type": "conda",
            "upload_time": "2019-11-04 16:03:09.803000+00:00",
            "version": "2.10.0"
        },
        {
            "attrs": {
                "arch": null,
                "build": "r40_0",
                "build_number": 0,
                "depends": [
                    "bioconductor-biocgenerics >=0.34.0,<0.35.0",
                    "bioconductor-biocparallel >=1.22.0,<1.23.0",
                    "bioconductor-biostrings >=2.56.0,<2.57.0",
                    "bioconductor-rhdf5 >=2.32.0,<2.33.0",
                    "bioconductor-shortread >=1.46.0,<1.47.0",
                    "bioconductor-xvector >=0.28.0,<0.29.0",
                    "r-base >=4.0,<4.1.0a0",
                    "r-bit64",
                    "r-dplyr",
                    "r-ggplot2",
                    "r-magrittr",
                    "r-stringr",
                    "r-tibble",
                    "r-tidyr"
                ],
                "has_prefix": false,
                "license": "MIT + file LICENSE",
                "machine": null,
                "noarch": "generic",
                "operatingsystem": null,
                "platform": null,
                "subdir": "noarch",
                "target-triplet": "None-any-None",
                "timestamp": 1589149766734
            },
            "basename": "noarch/bioconductor-ioniser-2.12.0-r40_0.tar.bz2",
            "dependencies": {
                "depends": [
                    {
                        "name": "bioconductor-biocgenerics",
                        "specs": [
                            [
                                ">=",
                                "0.34.0,<0.35.0"
                            ]
                        ]
                    },
                    {
                        "name": "bioconductor-biocparallel",
                        "specs": [
                            [
                                ">=",
                                "1.22.0,<1.23.0"
                            ]
                        ]
                    },
                    {
                        "name": "bioconductor-biostrings",
                        "specs": [
                            [
                                ">=",
                                "2.56.0,<2.57.0"
                            ]
                        ]
                    },
                    {
                        "name": "bioconductor-rhdf5",
                        "specs": [
                            [
                                ">=",
                                "2.32.0,<2.33.0"
                            ]
                        ]
                    },
                    {
                        "name": "bioconductor-shortread",
                        "specs": [
                            [
                                ">=",
                                "1.46.0,<1.47.0"
                            ]
                        ]
                    },
                    {
                        "name": "bioconductor-xvector",
                        "specs": [
                            [
                                ">=",
                                "0.28.0,<0.29.0"
                            ]
                        ]
                    },
                    {
                        "name": "r-base",
                        "specs": [
                            [
                                ">=",
                                "4.0,<4.1.0a0"
                            ]
                        ]
                    },
                    {
                        "name": "r-bit64",
                        "specs": []
                    },
                    {
                        "name": "r-dplyr",
                        "specs": []
                    },
                    {
                        "name": "r-ggplot2",
                        "specs": []
                    },
                    {
                        "name": "r-magrittr",
                        "specs": []
                    },
                    {
                        "name": "r-stringr",
                        "specs": []
                    },
                    {
                        "name": "r-tibble",
                        "specs": []
                    },
                    {
                        "name": "r-tidyr",
                        "specs": []
                    }
                ]
            },
            "description": null,
            "distribution_type": "conda",
            "download_url": "//api.anaconda.org/download/bioconda/bioconductor-ioniser/2.12.0/noarch/bioconductor-ioniser-2.12.0-r40_0.tar.bz2",
            "full_name": "bioconda/bioconductor-ioniser/2.12.0/noarch/bioconductor-ioniser-2.12.0-r40_0.tar.bz2",
            "labels": [
                "main"
            ],
            "md5": "1b1458c4ab9da3143b2285178a5c816d",
            "ndownloads": 21,
            "owner": "bioconda",
            "size": 3182479,
            "type": "conda",
            "upload_time": "2020-05-10 22:36:08.674000+00:00",
            "version": "2.12.0"
        }
    ],
    "full_name": "bioconda/bioconductor-ioniser",
    "home": "http://bioconductor.org/packages/3.6/bioc/html/IONiseR.html",
    "html_url": "http://anaconda.org/bioconda/bioconductor-ioniser",
    "id": "5a029f6b91d28d1240cd938e",
    "latest_version": "2.12.0",
    "license": "MIT + file LICENSE",
    "license_url": null,
    "modified_at": "2020-05-10 22:36:08.966000+00:00",
    "name": "bioconductor-ioniser",
    "owner": {
        "company": "",
        "created_at": "2015-09-11 22:59:20.880000+00:00",
        "description": "Bioconda is a distribution of bioinformatics software realized as a channel for the versatile Conda package manager.",
        "location": "",
        "login": "bioconda",
        "name": "bioconda",
        "url": "",
        "user_type": "org"
    },
    "package_types": [
        "conda"
    ],
    "public": true,
    "releases": [
        {
            "distributions": [],
            "full_name": "bioconda/bioconductor-ioniser/2.2.0",
            "version": "2.2.0"
        },
        {
            "distributions": [],
            "full_name": "bioconda/bioconductor-ioniser/2.4.0",
            "version": "2.4.0"
        },
        {
            "distributions": [],
            "full_name": "bioconda/bioconductor-ioniser/2.6.0",
            "version": "2.6.0"
        },
        {
            "distributions": [],
            "full_name": "bioconda/bioconductor-ioniser/2.8.0",
            "version": "2.8.0"
        },
        {
            "distributions": [],
            "full_name": "bioconda/bioconductor-ioniser/2.10.0",
            "version": "2.10.0"
        },
        {
            "distributions": [],
            "full_name": "bioconda/bioconductor-ioniser/2.12.0",
            "version": "2.12.0"
        }
    ],
    "revision": 12,
    "source_git_tag": null,
    "source_git_url": null,
    "summary": "Quality Assessment Tools for Oxford Nanopore MinION data",
    "upvoted": 0,
    "url": "http://api.anaconda.org/packages/bioconda/bioconductor-ioniser",
    "versions": [
        "2.2.0",
        "2.4.0",
        "2.6.0",
        "2.8.0",
        "2.10.0",
        "2.12.0"
    ],
    "watchers": 1
}