{
    "app_entry": {},
    "app_summary": {},
    "app_type": {},
    "builds": [
        "r40h64ad5ed_0",
        "r36he1b5a44_1",
        "r36he1b5a44_0",
        "r40h5f743cb_0",
        "r36h6de7cb9_1",
        "r36h6de7cb9_0"
    ],
    "conda_platforms": [
        "linux-64",
        "osx-64"
    ],
    "created_at": "2019-07-23 01:52:41.695000+00:00",
    "description": "ADAM is a GSEA R package created to group a set of genes from comparative samples (control versus experiment) belonging to different species according to their respective functions (Gene Ontology and KEGG pathways as default) and show their significance by calculating p-values referring togene diversity and activity. Each group of genes is called GFAG (Group of Functionally Associated Genes).",
    "dev_url": null,
    "doc_url": null,
    "files": [
        {
            "attrs": {
                "arch": "x86_64",
                "build": "r36h6de7cb9_1",
                "build_number": 1,
                "depends": [
                    "bioconductor-go.db >=3.8.0,<3.9.0",
                    "bioconductor-keggrest >=1.24.0,<1.25.0",
                    "bioconductor-summarizedexperiment >=1.14.0,<1.15.0",
                    "libcxx >=4.0.1",
                    "r-base >=3.6,<3.7.0a0",
                    "r-dplyr >=0.7.6",
                    "r-dt >=0.4",
                    "r-knitr",
                    "r-pbapply >=1.3-4",
                    "r-rcpp >=0.12.18",
                    "r-stringr >=1.3.1"
                ],
                "has_prefix": true,
                "license": "GPL (>= 2)",
                "machine": "x86_64",
                "operatingsystem": "darwin",
                "platform": "osx",
                "subdir": "osx-64",
                "target-triplet": "x86_64-any-darwin",
                "timestamp": 1563846673099
            },
            "basename": "osx-64/bioconductor-adam-1.0.0-r36h6de7cb9_1.tar.bz2",
            "dependencies": {
                "depends": [
                    {
                        "name": "bioconductor-go.db",
                        "specs": [
                            [
                                ">=",
                                "3.8.0,<3.9.0"
                            ]
                        ]
                    },
                    {
                        "name": "bioconductor-keggrest",
                        "specs": [
                            [
                                ">=",
                                "1.24.0,<1.25.0"
                            ]
                        ]
                    },
                    {
                        "name": "bioconductor-summarizedexperiment",
                        "specs": [
                            [
                                ">=",
                                "1.14.0,<1.15.0"
                            ]
                        ]
                    },
                    {
                        "name": "libcxx",
                        "specs": [
                            [
                                ">=",
                                "4.0.1"
                            ]
                        ]
                    },
                    {
                        "name": "r-base",
                        "specs": [
                            [
                                ">=",
                                "3.6,<3.7.0a0"
                            ]
                        ]
                    },
                    {
                        "name": "r-dplyr",
                        "specs": [
                            [
                                ">=",
                                "0.7.6"
                            ]
                        ]
                    },
                    {
                        "name": "r-dt",
                        "specs": [
                            [
                                ">=",
                                "0.4"
                            ]
                        ]
                    },
                    {
                        "name": "r-knitr",
                        "specs": []
                    },
                    {
                        "name": "r-pbapply",
                        "specs": [
                            [
                                ">=",
                                "1.3-4"
                            ]
                        ]
                    },
                    {
                        "name": "r-rcpp",
                        "specs": [
                            [
                                ">=",
                                "0.12.18"
                            ]
                        ]
                    },
                    {
                        "name": "r-stringr",
                        "specs": [
                            [
                                ">=",
                                "1.3.1"
                            ]
                        ]
                    }
                ]
            },
            "description": null,
            "distribution_type": "conda",
            "download_url": "//api.anaconda.org/download/bioconda/bioconductor-adam/1.0.0/osx-64/bioconductor-adam-1.0.0-r36h6de7cb9_1.tar.bz2",
            "full_name": "bioconda/bioconductor-adam/1.0.0/osx-64/bioconductor-adam-1.0.0-r36h6de7cb9_1.tar.bz2",
            "labels": [
                "main"
            ],
            "md5": "c2f9d57608c0ae39a7a4ef9b6e503125",
            "ndownloads": 772,
            "owner": "bioconda",
            "size": 449242,
            "type": "conda",
            "upload_time": "2019-07-23 01:52:42.624000+00:00",
            "version": "1.0.0"
        },
        {
            "attrs": {
                "arch": "x86_64",
                "build": "r36he1b5a44_1",
                "build_number": 1,
                "depends": [
                    "bioconductor-go.db >=3.8.0,<3.9.0",
                    "bioconductor-keggrest >=1.24.0,<1.25.0",
                    "bioconductor-summarizedexperiment >=1.14.0,<1.15.0",
                    "libgcc-ng >=7.3.0",
                    "libstdcxx-ng >=7.3.0",
                    "r-base >=3.6,<3.7.0a0",
                    "r-dplyr >=0.7.6",
                    "r-dt >=0.4",
                    "r-knitr",
                    "r-pbapply >=1.3-4",
                    "r-rcpp >=0.12.18",
                    "r-stringr >=1.3.1"
                ],
                "has_prefix": false,
                "license": "GPL (>= 2)",
                "machine": "x86_64",
                "operatingsystem": "linux",
                "platform": "linux",
                "subdir": "linux-64",
                "target-triplet": "x86_64-any-linux",
                "timestamp": 1565193701949
            },
            "basename": "linux-64/bioconductor-adam-1.0.0-r36he1b5a44_1.tar.bz2",
            "dependencies": {
                "depends": [
                    {
                        "name": "bioconductor-go.db",
                        "specs": [
                            [
                                ">=",
                                "3.8.0,<3.9.0"
                            ]
                        ]
                    },
                    {
                        "name": "bioconductor-keggrest",
                        "specs": [
                            [
                                ">=",
                                "1.24.0,<1.25.0"
                            ]
                        ]
                    },
                    {
                        "name": "bioconductor-summarizedexperiment",
                        "specs": [
                            [
                                ">=",
                                "1.14.0,<1.15.0"
                            ]
                        ]
                    },
                    {
                        "name": "libgcc-ng",
                        "specs": [
                            [
                                ">=",
                                "7.3.0"
                            ]
                        ]
                    },
                    {
                        "name": "libstdcxx-ng",
                        "specs": [
                            [
                                ">=",
                                "7.3.0"
                            ]
                        ]
                    },
                    {
                        "name": "r-base",
                        "specs": [
                            [
                                ">=",
                                "3.6,<3.7.0a0"
                            ]
                        ]
                    },
                    {
                        "name": "r-dplyr",
                        "specs": [
                            [
                                ">=",
                                "0.7.6"
                            ]
                        ]
                    },
                    {
                        "name": "r-dt",
                        "specs": [
                            [
                                ">=",
                                "0.4"
                            ]
                        ]
                    },
                    {
                        "name": "r-knitr",
                        "specs": []
                    },
                    {
                        "name": "r-pbapply",
                        "specs": [
                            [
                                ">=",
                                "1.3-4"
                            ]
                        ]
                    },
                    {
                        "name": "r-rcpp",
                        "specs": [
                            [
                                ">=",
                                "0.12.18"
                            ]
                        ]
                    },
                    {
                        "name": "r-stringr",
                        "specs": [
                            [
                                ">=",
                                "1.3.1"
                            ]
                        ]
                    }
                ]
            },
            "description": null,
            "distribution_type": "conda",
            "download_url": "//api.anaconda.org/download/bioconda/bioconductor-adam/1.0.0/linux-64/bioconductor-adam-1.0.0-r36he1b5a44_1.tar.bz2",
            "full_name": "bioconda/bioconductor-adam/1.0.0/linux-64/bioconductor-adam-1.0.0-r36he1b5a44_1.tar.bz2",
            "labels": [
                "main"
            ],
            "md5": "f51d7e28a002c6bc61d2e0e67b24ad81",
            "ndownloads": 55,
            "owner": "bioconda",
            "size": 446975,
            "type": "conda",
            "upload_time": "2019-08-07 16:07:28.010000+00:00",
            "version": "1.0.0"
        },
        {
            "attrs": {
                "arch": "x86_64",
                "build": "r36h6de7cb9_0",
                "build_number": 0,
                "depends": [
                    "bioconductor-go.db >=3.10.0,<3.11.0",
                    "bioconductor-keggrest >=1.26.0,<1.27.0",
                    "bioconductor-summarizedexperiment >=1.16.0,<1.17.0",
                    "libcxx >=4.0.1",
                    "r-base >=3.6,<3.7.0a0",
                    "r-dplyr >=0.7.6",
                    "r-dt >=0.4",
                    "r-knitr",
                    "r-pbapply >=1.3-4",
                    "r-rcpp >=0.12.18",
                    "r-stringr >=1.3.1"
                ],
                "has_prefix": true,
                "license": "GPL (>= 2)",
                "machine": "x86_64",
                "operatingsystem": "darwin",
                "platform": "osx",
                "subdir": "osx-64",
                "target-triplet": "x86_64-any-darwin",
                "timestamp": 1572707450879
            },
            "basename": "osx-64/bioconductor-adam-1.2.0-r36h6de7cb9_0.tar.bz2",
            "dependencies": {
                "depends": [
                    {
                        "name": "bioconductor-go.db",
                        "specs": [
                            [
                                ">=",
                                "3.10.0,<3.11.0"
                            ]
                        ]
                    },
                    {
                        "name": "bioconductor-keggrest",
                        "specs": [
                            [
                                ">=",
                                "1.26.0,<1.27.0"
                            ]
                        ]
                    },
                    {
                        "name": "bioconductor-summarizedexperiment",
                        "specs": [
                            [
                                ">=",
                                "1.16.0,<1.17.0"
                            ]
                        ]
                    },
                    {
                        "name": "libcxx",
                        "specs": [
                            [
                                ">=",
                                "4.0.1"
                            ]
                        ]
                    },
                    {
                        "name": "r-base",
                        "specs": [
                            [
                                ">=",
                                "3.6,<3.7.0a0"
                            ]
                        ]
                    },
                    {
                        "name": "r-dplyr",
                        "specs": [
                            [
                                ">=",
                                "0.7.6"
                            ]
                        ]
                    },
                    {
                        "name": "r-dt",
                        "specs": [
                            [
                                ">=",
                                "0.4"
                            ]
                        ]
                    },
                    {
                        "name": "r-knitr",
                        "specs": []
                    },
                    {
                        "name": "r-pbapply",
                        "specs": [
                            [
                                ">=",
                                "1.3-4"
                            ]
                        ]
                    },
                    {
                        "name": "r-rcpp",
                        "specs": [
                            [
                                ">=",
                                "0.12.18"
                            ]
                        ]
                    },
                    {
                        "name": "r-stringr",
                        "specs": [
                            [
                                ">=",
                                "1.3.1"
                            ]
                        ]
                    }
                ]
            },
            "description": null,
            "distribution_type": "conda",
            "download_url": "//api.anaconda.org/download/bioconda/bioconductor-adam/1.2.0/osx-64/bioconductor-adam-1.2.0-r36h6de7cb9_0.tar.bz2",
            "full_name": "bioconda/bioconductor-adam/1.2.0/osx-64/bioconductor-adam-1.2.0-r36h6de7cb9_0.tar.bz2",
            "labels": [
                "main"
            ],
            "md5": "1964491835fd11303847c00edb9e43e8",
            "ndownloads": 608,
            "owner": "bioconda",
            "size": 458873,
            "type": "conda",
            "upload_time": "2019-11-02 15:12:25.201000+00:00",
            "version": "1.2.0"
        },
        {
            "attrs": {
                "arch": "x86_64",
                "build": "r36he1b5a44_0",
                "build_number": 0,
                "depends": [
                    "bioconductor-go.db >=3.10.0,<3.11.0",
                    "bioconductor-keggrest >=1.26.0,<1.27.0",
                    "bioconductor-summarizedexperiment >=1.16.0,<1.17.0",
                    "libgcc-ng >=7.3.0",
                    "libstdcxx-ng >=7.3.0",
                    "r-base >=3.6,<3.7.0a0",
                    "r-dplyr >=0.7.6",
                    "r-dt >=0.4",
                    "r-knitr",
                    "r-pbapply >=1.3-4",
                    "r-rcpp >=0.12.18",
                    "r-stringr >=1.3.1"
                ],
                "has_prefix": false,
                "license": "GPL (>= 2)",
                "machine": "x86_64",
                "operatingsystem": "linux",
                "platform": "linux",
                "subdir": "linux-64",
                "target-triplet": "x86_64-any-linux",
                "timestamp": 1572808558450
            },
            "basename": "linux-64/bioconductor-adam-1.2.0-r36he1b5a44_0.tar.bz2",
            "dependencies": {
                "depends": [
                    {
                        "name": "bioconductor-go.db",
                        "specs": [
                            [
                                ">=",
                                "3.10.0,<3.11.0"
                            ]
                        ]
                    },
                    {
                        "name": "bioconductor-keggrest",
                        "specs": [
                            [
                                ">=",
                                "1.26.0,<1.27.0"
                            ]
                        ]
                    },
                    {
                        "name": "bioconductor-summarizedexperiment",
                        "specs": [
                            [
                                ">=",
                                "1.16.0,<1.17.0"
                            ]
                        ]
                    },
                    {
                        "name": "libgcc-ng",
                        "specs": [
                            [
                                ">=",
                                "7.3.0"
                            ]
                        ]
                    },
                    {
                        "name": "libstdcxx-ng",
                        "specs": [
                            [
                                ">=",
                                "7.3.0"
                            ]
                        ]
                    },
                    {
                        "name": "r-base",
                        "specs": [
                            [
                                ">=",
                                "3.6,<3.7.0a0"
                            ]
                        ]
                    },
                    {
                        "name": "r-dplyr",
                        "specs": [
                            [
                                ">=",
                                "0.7.6"
                            ]
                        ]
                    },
                    {
                        "name": "r-dt",
                        "specs": [
                            [
                                ">=",
                                "0.4"
                            ]
                        ]
                    },
                    {
                        "name": "r-knitr",
                        "specs": []
                    },
                    {
                        "name": "r-pbapply",
                        "specs": [
                            [
                                ">=",
                                "1.3-4"
                            ]
                        ]
                    },
                    {
                        "name": "r-rcpp",
                        "specs": [
                            [
                                ">=",
                                "0.12.18"
                            ]
                        ]
                    },
                    {
                        "name": "r-stringr",
                        "specs": [
                            [
                                ">=",
                                "1.3.1"
                            ]
                        ]
                    }
                ]
            },
            "description": null,
            "distribution_type": "conda",
            "download_url": "//api.anaconda.org/download/bioconda/bioconductor-adam/1.2.0/linux-64/bioconductor-adam-1.2.0-r36he1b5a44_0.tar.bz2",
            "full_name": "bioconda/bioconductor-adam/1.2.0/linux-64/bioconductor-adam-1.2.0-r36he1b5a44_0.tar.bz2",
            "labels": [
                "main"
            ],
            "md5": "81b09479a6e84d393fc4de303329df8a",
            "ndownloads": 42,
            "owner": "bioconda",
            "size": 461715,
            "type": "conda",
            "upload_time": "2019-11-03 19:22:45.983000+00:00",
            "version": "1.2.0"
        },
        {
            "attrs": {
                "arch": "x86_64",
                "build": "r40h64ad5ed_0",
                "build_number": 0,
                "depends": [
                    "bioconductor-go.db >=3.11.0,<3.12.0",
                    "bioconductor-keggrest >=1.28.0,<1.29.0",
                    "bioconductor-summarizedexperiment >=1.18.0,<1.19.0",
                    "libblas >=3.8.0,<4.0a0",
                    "libcxx >=9.0.1",
                    "liblapack >=3.8.0,<3.9.0a0",
                    "r-base >=4.0,<4.1.0a0",
                    "r-dplyr >=0.7.6",
                    "r-dt >=0.4",
                    "r-knitr",
                    "r-pbapply >=1.3-4",
                    "r-rcpp >=0.12.18",
                    "r-stringr >=1.3.1"
                ],
                "has_prefix": true,
                "license": "GPL (>= 2)",
                "machine": "x86_64",
                "operatingsystem": "darwin",
                "platform": "osx",
                "subdir": "osx-64",
                "target-triplet": "x86_64-any-darwin",
                "timestamp": 1589098885969
            },
            "basename": "osx-64/bioconductor-adam-1.4.0-r40h64ad5ed_0.tar.bz2",
            "dependencies": {
                "depends": [
                    {
                        "name": "bioconductor-go.db",
                        "specs": [
                            [
                                ">=",
                                "3.11.0,<3.12.0"
                            ]
                        ]
                    },
                    {
                        "name": "bioconductor-keggrest",
                        "specs": [
                            [
                                ">=",
                                "1.28.0,<1.29.0"
                            ]
                        ]
                    },
                    {
                        "name": "bioconductor-summarizedexperiment",
                        "specs": [
                            [
                                ">=",
                                "1.18.0,<1.19.0"
                            ]
                        ]
                    },
                    {
                        "name": "libblas",
                        "specs": [
                            [
                                ">=",
                                "3.8.0,<4.0a0"
                            ]
                        ]
                    },
                    {
                        "name": "libcxx",
                        "specs": [
                            [
                                ">=",
                                "9.0.1"
                            ]
                        ]
                    },
                    {
                        "name": "liblapack",
                        "specs": [
                            [
                                ">=",
                                "3.8.0,<3.9.0a0"
                            ]
                        ]
                    },
                    {
                        "name": "r-base",
                        "specs": [
                            [
                                ">=",
                                "4.0,<4.1.0a0"
                            ]
                        ]
                    },
                    {
                        "name": "r-dplyr",
                        "specs": [
                            [
                                ">=",
                                "0.7.6"
                            ]
                        ]
                    },
                    {
                        "name": "r-dt",
                        "specs": [
                            [
                                ">=",
                                "0.4"
                            ]
                        ]
                    },
                    {
                        "name": "r-knitr",
                        "specs": []
                    },
                    {
                        "name": "r-pbapply",
                        "specs": [
                            [
                                ">=",
                                "1.3-4"
                            ]
                        ]
                    },
                    {
                        "name": "r-rcpp",
                        "specs": [
                            [
                                ">=",
                                "0.12.18"
                            ]
                        ]
                    },
                    {
                        "name": "r-stringr",
                        "specs": [
                            [
                                ">=",
                                "1.3.1"
                            ]
                        ]
                    }
                ]
            },
            "description": null,
            "distribution_type": "conda",
            "download_url": "//api.anaconda.org/download/bioconda/bioconductor-adam/1.4.0/osx-64/bioconductor-adam-1.4.0-r40h64ad5ed_0.tar.bz2",
            "full_name": "bioconda/bioconductor-adam/1.4.0/osx-64/bioconductor-adam-1.4.0-r40h64ad5ed_0.tar.bz2",
            "labels": [
                "main"
            ],
            "md5": "cfbb366925014659eb8a130b9e05de50",
            "ndownloads": 181,
            "owner": "bioconda",
            "size": 475288,
            "type": "conda",
            "upload_time": "2020-05-10 08:23:27.744000+00:00",
            "version": "1.4.0"
        },
        {
            "attrs": {
                "arch": "x86_64",
                "build": "r40h5f743cb_0",
                "build_number": 0,
                "depends": [
                    "bioconductor-go.db >=3.11.0,<3.12.0",
                    "bioconductor-keggrest >=1.28.0,<1.29.0",
                    "bioconductor-summarizedexperiment >=1.18.0,<1.19.0",
                    "libblas >=3.8.0,<4.0a0",
                    "libgcc-ng >=7.3.0",
                    "liblapack >=3.8.0,<3.9.0a0",
                    "libstdcxx-ng >=7.3.0",
                    "r-base >=4.0,<4.1.0a0",
                    "r-dplyr >=0.7.6",
                    "r-dt >=0.4",
                    "r-knitr",
                    "r-pbapply >=1.3-4",
                    "r-rcpp >=0.12.18",
                    "r-stringr >=1.3.1"
                ],
                "has_prefix": false,
                "license": "GPL (>= 2)",
                "machine": "x86_64",
                "operatingsystem": "linux",
                "platform": "linux",
                "subdir": "linux-64",
                "target-triplet": "x86_64-any-linux",
                "timestamp": 1589232121597
            },
            "basename": "linux-64/bioconductor-adam-1.4.0-r40h5f743cb_0.tar.bz2",
            "dependencies": {
                "depends": [
                    {
                        "name": "bioconductor-go.db",
                        "specs": [
                            [
                                ">=",
                                "3.11.0,<3.12.0"
                            ]
                        ]
                    },
                    {
                        "name": "bioconductor-keggrest",
                        "specs": [
                            [
                                ">=",
                                "1.28.0,<1.29.0"
                            ]
                        ]
                    },
                    {
                        "name": "bioconductor-summarizedexperiment",
                        "specs": [
                            [
                                ">=",
                                "1.18.0,<1.19.0"
                            ]
                        ]
                    },
                    {
                        "name": "libblas",
                        "specs": [
                            [
                                ">=",
                                "3.8.0,<4.0a0"
                            ]
                        ]
                    },
                    {
                        "name": "libgcc-ng",
                        "specs": [
                            [
                                ">=",
                                "7.3.0"
                            ]
                        ]
                    },
                    {
                        "name": "liblapack",
                        "specs": [
                            [
                                ">=",
                                "3.8.0,<3.9.0a0"
                            ]
                        ]
                    },
                    {
                        "name": "libstdcxx-ng",
                        "specs": [
                            [
                                ">=",
                                "7.3.0"
                            ]
                        ]
                    },
                    {
                        "name": "r-base",
                        "specs": [
                            [
                                ">=",
                                "4.0,<4.1.0a0"
                            ]
                        ]
                    },
                    {
                        "name": "r-dplyr",
                        "specs": [
                            [
                                ">=",
                                "0.7.6"
                            ]
                        ]
                    },
                    {
                        "name": "r-dt",
                        "specs": [
                            [
                                ">=",
                                "0.4"
                            ]
                        ]
                    },
                    {
                        "name": "r-knitr",
                        "specs": []
                    },
                    {
                        "name": "r-pbapply",
                        "specs": [
                            [
                                ">=",
                                "1.3-4"
                            ]
                        ]
                    },
                    {
                        "name": "r-rcpp",
                        "specs": [
                            [
                                ">=",
                                "0.12.18"
                            ]
                        ]
                    },
                    {
                        "name": "r-stringr",
                        "specs": [
                            [
                                ">=",
                                "1.3.1"
                            ]
                        ]
                    }
                ]
            },
            "description": null,
            "distribution_type": "conda",
            "download_url": "//api.anaconda.org/download/bioconda/bioconductor-adam/1.4.0/linux-64/bioconductor-adam-1.4.0-r40h5f743cb_0.tar.bz2",
            "full_name": "bioconda/bioconductor-adam/1.4.0/linux-64/bioconductor-adam-1.4.0-r40h5f743cb_0.tar.bz2",
            "labels": [
                "main"
            ],
            "md5": "9b2d0fed1218e8f058acbc0c854f6555",
            "ndownloads": 16,
            "owner": "bioconda",
            "size": 471339,
            "type": "conda",
            "upload_time": "2020-05-11 21:28:06.574000+00:00",
            "version": "1.4.0"
        }
    ],
    "full_name": "bioconda/bioconductor-adam",
    "home": "https://bioconductor.org/packages/3.9/bioc/html/ADAM.html",
    "html_url": "http://anaconda.org/bioconda/bioconductor-adam",
    "id": "5d366869c7424a23e6d1d4fe",
    "latest_version": "1.4.0",
    "license": "GPL (>= 2)",
    "license_url": null,
    "modified_at": "2020-05-11 21:28:06.881000+00:00",
    "name": "bioconductor-adam",
    "owner": {
        "company": "",
        "created_at": "2015-09-11 22:59:20.880000+00:00",
        "description": "Bioconda is a distribution of bioinformatics software realized as a channel for the versatile Conda package manager.",
        "location": "",
        "login": "bioconda",
        "name": "bioconda",
        "url": "",
        "user_type": "org"
    },
    "package_types": [
        "conda"
    ],
    "public": true,
    "releases": [
        {
            "distributions": [],
            "full_name": "bioconda/bioconductor-adam/1.0.0",
            "version": "1.0.0"
        },
        {
            "distributions": [],
            "full_name": "bioconda/bioconductor-adam/1.2.0",
            "version": "1.2.0"
        },
        {
            "distributions": [],
            "full_name": "bioconda/bioconductor-adam/1.4.0",
            "version": "1.4.0"
        }
    ],
    "revision": 6,
    "source_git_tag": null,
    "source_git_url": null,
    "summary": "ADAM: Activity and Diversity Analysis Module",
    "upvoted": 0,
    "url": "http://api.anaconda.org/packages/bioconda/bioconductor-adam",
    "versions": [
        "1.0.0",
        "1.2.0",
        "1.4.0"
    ],
    "watchers": 1
}