{
    "app_entry": {},
    "app_summary": {},
    "app_type": {},
    "builds": [
        "r351_0",
        "r36_1",
        "r40_0",
        "r36_0"
    ],
    "conda_platforms": [
        "noarch"
    ],
    "created_at": "2019-01-03 22:39:27.227000+00:00",
    "description": "This data package contains chimp and human brain data extracted from the ArrayExpress accession E-AFMX-2.  Both human and chimp RNAs were run on human hgu95av2 Affymetrix arrays. It is a useful dataset for tutorials.",
    "dev_url": null,
    "doc_url": null,
    "files": [
        {
            "attrs": {
                "arch": null,
                "build": "r351_0",
                "build_number": 0,
                "depends": [
                    "bioconductor-affy >=1.60.0,<1.61.0",
                    "bioconductor-limma >=3.38.0,<3.39.0",
                    "bioconductor-qvalue >=2.14.0,<2.15.0",
                    "r-base >=3.5.1,<3.5.2.0a0",
                    "r-hexbin",
                    "r-statmod",
                    "wget"
                ],
                "has_prefix": false,
                "license": "MIT",
                "machine": null,
                "noarch": "generic",
                "operatingsystem": null,
                "platform": null,
                "subdir": "noarch",
                "target-triplet": "None-any-None",
                "timestamp": 1546555000383
            },
            "basename": "noarch/bioconductor-chimphumanbraindata-1.20.0-r351_0.tar.bz2",
            "dependencies": {
                "depends": [
                    {
                        "name": "bioconductor-affy",
                        "specs": [
                            [
                                ">=",
                                "1.60.0,<1.61.0"
                            ]
                        ]
                    },
                    {
                        "name": "bioconductor-limma",
                        "specs": [
                            [
                                ">=",
                                "3.38.0,<3.39.0"
                            ]
                        ]
                    },
                    {
                        "name": "bioconductor-qvalue",
                        "specs": [
                            [
                                ">=",
                                "2.14.0,<2.15.0"
                            ]
                        ]
                    },
                    {
                        "name": "r-base",
                        "specs": [
                            [
                                ">=",
                                "3.5.1,<3.5.2.0a0"
                            ]
                        ]
                    },
                    {
                        "name": "r-hexbin",
                        "specs": []
                    },
                    {
                        "name": "r-statmod",
                        "specs": []
                    },
                    {
                        "name": "wget",
                        "specs": []
                    }
                ]
            },
            "description": null,
            "distribution_type": "conda",
            "download_url": "//api.anaconda.org/download/bioconda/bioconductor-chimphumanbraindata/1.20.0/noarch/bioconductor-chimphumanbraindata-1.20.0-r351_0.tar.bz2",
            "full_name": "bioconda/bioconductor-chimphumanbraindata/1.20.0/noarch/bioconductor-chimphumanbraindata-1.20.0-r351_0.tar.bz2",
            "labels": [
                "gcc7",
                "main"
            ],
            "md5": "48c66f019053bd4b8be7755b119e8252",
            "ndownloads": 79,
            "owner": "bioconda",
            "size": 6827,
            "type": "conda",
            "upload_time": "2019-01-03 22:39:29.012000+00:00",
            "version": "1.20.0"
        },
        {
            "attrs": {
                "arch": null,
                "build": "r36_1",
                "build_number": 1,
                "depends": [
                    "bioconductor-affy >=1.62.0,<1.63.0",
                    "bioconductor-limma >=3.40.0,<3.41.0",
                    "bioconductor-qvalue >=2.16.0,<2.17.0",
                    "curl >=7.65.3,<8.0a0",
                    "r-base >=3.6,<3.7.0a0",
                    "r-hexbin",
                    "r-statmod"
                ],
                "has_prefix": false,
                "license": "MIT",
                "machine": null,
                "noarch": "generic",
                "operatingsystem": null,
                "platform": null,
                "subdir": "noarch",
                "target-triplet": "None-any-None",
                "timestamp": 1564183115360
            },
            "basename": "noarch/bioconductor-chimphumanbraindata-1.22.0-r36_1.tar.bz2",
            "dependencies": {
                "depends": [
                    {
                        "name": "bioconductor-affy",
                        "specs": [
                            [
                                ">=",
                                "1.62.0,<1.63.0"
                            ]
                        ]
                    },
                    {
                        "name": "bioconductor-limma",
                        "specs": [
                            [
                                ">=",
                                "3.40.0,<3.41.0"
                            ]
                        ]
                    },
                    {
                        "name": "bioconductor-qvalue",
                        "specs": [
                            [
                                ">=",
                                "2.16.0,<2.17.0"
                            ]
                        ]
                    },
                    {
                        "name": "curl",
                        "specs": [
                            [
                                ">=",
                                "7.65.3,<8.0a0"
                            ]
                        ]
                    },
                    {
                        "name": "r-base",
                        "specs": [
                            [
                                ">=",
                                "3.6,<3.7.0a0"
                            ]
                        ]
                    },
                    {
                        "name": "r-hexbin",
                        "specs": []
                    },
                    {
                        "name": "r-statmod",
                        "specs": []
                    }
                ]
            },
            "description": null,
            "distribution_type": "conda",
            "download_url": "//api.anaconda.org/download/bioconda/bioconductor-chimphumanbraindata/1.22.0/noarch/bioconductor-chimphumanbraindata-1.22.0-r36_1.tar.bz2",
            "full_name": "bioconda/bioconductor-chimphumanbraindata/1.22.0/noarch/bioconductor-chimphumanbraindata-1.22.0-r36_1.tar.bz2",
            "labels": [
                "main"
            ],
            "md5": "85c86ccbc8d94fc3eafbe467c5d8705b",
            "ndownloads": 45,
            "owner": "bioconda",
            "size": 7142,
            "type": "conda",
            "upload_time": "2019-07-26 23:22:38.107000+00:00",
            "version": "1.22.0"
        },
        {
            "attrs": {
                "arch": null,
                "build": "r36_0",
                "build_number": 0,
                "depends": [
                    "bioconductor-affy >=1.64.0,<1.65.0",
                    "bioconductor-limma >=3.42.0,<3.43.0",
                    "bioconductor-qvalue >=2.18.0,<2.19.0",
                    "curl >=7.65.3,<8.0a0",
                    "r-base >=3.6,<3.7.0a0",
                    "r-hexbin",
                    "r-statmod"
                ],
                "has_prefix": false,
                "license": "MIT",
                "machine": null,
                "noarch": "generic",
                "operatingsystem": null,
                "platform": null,
                "subdir": "noarch",
                "target-triplet": "None-any-None",
                "timestamp": 1573071540466
            },
            "basename": "noarch/bioconductor-chimphumanbraindata-1.24.0-r36_0.tar.bz2",
            "dependencies": {
                "depends": [
                    {
                        "name": "bioconductor-affy",
                        "specs": [
                            [
                                ">=",
                                "1.64.0,<1.65.0"
                            ]
                        ]
                    },
                    {
                        "name": "bioconductor-limma",
                        "specs": [
                            [
                                ">=",
                                "3.42.0,<3.43.0"
                            ]
                        ]
                    },
                    {
                        "name": "bioconductor-qvalue",
                        "specs": [
                            [
                                ">=",
                                "2.18.0,<2.19.0"
                            ]
                        ]
                    },
                    {
                        "name": "curl",
                        "specs": [
                            [
                                ">=",
                                "7.65.3,<8.0a0"
                            ]
                        ]
                    },
                    {
                        "name": "r-base",
                        "specs": [
                            [
                                ">=",
                                "3.6,<3.7.0a0"
                            ]
                        ]
                    },
                    {
                        "name": "r-hexbin",
                        "specs": []
                    },
                    {
                        "name": "r-statmod",
                        "specs": []
                    }
                ]
            },
            "description": null,
            "distribution_type": "conda",
            "download_url": "//api.anaconda.org/download/bioconda/bioconductor-chimphumanbraindata/1.24.0/noarch/bioconductor-chimphumanbraindata-1.24.0-r36_0.tar.bz2",
            "full_name": "bioconda/bioconductor-chimphumanbraindata/1.24.0/noarch/bioconductor-chimphumanbraindata-1.24.0-r36_0.tar.bz2",
            "labels": [
                "main"
            ],
            "md5": "badd9dee924ccbd0215a0c596b63a7d4",
            "ndownloads": 35,
            "owner": "bioconda",
            "size": 7265,
            "type": "conda",
            "upload_time": "2019-11-06 20:23:13.343000+00:00",
            "version": "1.24.0"
        },
        {
            "attrs": {
                "arch": null,
                "build": "r40_0",
                "build_number": 0,
                "depends": [
                    "bioconductor-affy >=1.66.0,<1.67.0",
                    "bioconductor-limma >=3.44.0,<3.45.0",
                    "bioconductor-qvalue >=2.20.0,<2.21.0",
                    "curl >=7.69.1,<8.0a0",
                    "r-base >=4.0,<4.1.0a0",
                    "r-hexbin",
                    "r-statmod"
                ],
                "has_prefix": false,
                "license": "MIT",
                "machine": null,
                "noarch": "generic",
                "operatingsystem": null,
                "platform": null,
                "subdir": "noarch",
                "target-triplet": "None-any-None",
                "timestamp": 1589135515917
            },
            "basename": "noarch/bioconductor-chimphumanbraindata-1.26.0-r40_0.tar.bz2",
            "dependencies": {
                "depends": [
                    {
                        "name": "bioconductor-affy",
                        "specs": [
                            [
                                ">=",
                                "1.66.0,<1.67.0"
                            ]
                        ]
                    },
                    {
                        "name": "bioconductor-limma",
                        "specs": [
                            [
                                ">=",
                                "3.44.0,<3.45.0"
                            ]
                        ]
                    },
                    {
                        "name": "bioconductor-qvalue",
                        "specs": [
                            [
                                ">=",
                                "2.20.0,<2.21.0"
                            ]
                        ]
                    },
                    {
                        "name": "curl",
                        "specs": [
                            [
                                ">=",
                                "7.69.1,<8.0a0"
                            ]
                        ]
                    },
                    {
                        "name": "r-base",
                        "specs": [
                            [
                                ">=",
                                "4.0,<4.1.0a0"
                            ]
                        ]
                    },
                    {
                        "name": "r-hexbin",
                        "specs": []
                    },
                    {
                        "name": "r-statmod",
                        "specs": []
                    }
                ]
            },
            "description": null,
            "distribution_type": "conda",
            "download_url": "//api.anaconda.org/download/bioconda/bioconductor-chimphumanbraindata/1.26.0/noarch/bioconductor-chimphumanbraindata-1.26.0-r40_0.tar.bz2",
            "full_name": "bioconda/bioconductor-chimphumanbraindata/1.26.0/noarch/bioconductor-chimphumanbraindata-1.26.0-r40_0.tar.bz2",
            "labels": [
                "main"
            ],
            "md5": "ccffbb4c0625bfca975eaba784214c37",
            "ndownloads": 14,
            "owner": "bioconda",
            "size": 7769,
            "type": "conda",
            "upload_time": "2020-05-10 18:37:29.161000+00:00",
            "version": "1.26.0"
        }
    ],
    "full_name": "bioconda/bioconductor-chimphumanbraindata",
    "home": "https://bioconductor.org/packages/3.8/data/experiment/html/ChimpHumanBrainData.html",
    "html_url": "http://anaconda.org/bioconda/bioconductor-chimphumanbraindata",
    "id": "5c2e8f1fd9c2cf046f6b2586",
    "latest_version": "1.26.0",
    "license": "MIT",
    "license_url": null,
    "modified_at": "2020-05-10 18:37:29.348000+00:00",
    "name": "bioconductor-chimphumanbraindata",
    "owner": {
        "company": "",
        "created_at": "2015-09-11 22:59:20.880000+00:00",
        "description": "Bioconda is a distribution of bioinformatics software realized as a channel for the versatile Conda package manager.",
        "location": "",
        "login": "bioconda",
        "name": "bioconda",
        "url": "",
        "user_type": "org"
    },
    "package_types": [
        "conda"
    ],
    "public": true,
    "releases": [
        {
            "distributions": [],
            "full_name": "bioconda/bioconductor-chimphumanbraindata/1.20.0",
            "version": "1.20.0"
        },
        {
            "distributions": [],
            "full_name": "bioconda/bioconductor-chimphumanbraindata/1.22.0",
            "version": "1.22.0"
        },
        {
            "distributions": [],
            "full_name": "bioconda/bioconductor-chimphumanbraindata/1.23.0",
            "version": "1.23.0"
        },
        {
            "distributions": [],
            "full_name": "bioconda/bioconductor-chimphumanbraindata/1.24.0",
            "version": "1.24.0"
        },
        {
            "distributions": [],
            "full_name": "bioconda/bioconductor-chimphumanbraindata/1.26.0",
            "version": "1.26.0"
        }
    ],
    "revision": 10,
    "source_git_tag": null,
    "source_git_url": null,
    "summary": "Chimp and human brain data package",
    "upvoted": 0,
    "url": "http://api.anaconda.org/packages/bioconda/bioconductor-chimphumanbraindata",
    "versions": [
        "1.20.0",
        "1.22.0",
        "1.23.0",
        "1.24.0",
        "1.26.0"
    ],
    "watchers": 1
}