{
    "app_entry": {},
    "app_summary": {},
    "app_type": {},
    "builds": [
        "r40_0",
        "r36_1",
        "r36_0",
        "r341_0",
        "r3.3.2_0",
        "r351_0",
        "0",
        "r3.4.1_0"
    ],
    "conda_platforms": [
        "linux-64",
        "noarch",
        "osx-64"
    ],
    "created_at": "2017-08-23 13:56:45.093000+00:00",
    "description": "A supra-hexagonal map is a giant hexagon on a 2-dimensional grid seamlessly consisting of smaller hexagons. It is supposed to train, analyse and visualise a high-dimensional omics input data. The supraHex is able to carry out gene clustering/meta-clustering and sample correlation, plus intuitive visualisations to facilitate exploratory analysis. More importantly, it allows for overlaying additional data onto the trained map to explore relations between input and additional data. So with supraHex, it is also possible to carry out multilayer omics data comparisons. Newly added utilities are advanced heatmap visualisation and tree-based analysis of sample relationships. Uniquely to this package, users can ultrafastly understand any tabular omics data, both scientifically and artistically, especially in a sample-specific fashion but without loss of information on large genes.",
    "dev_url": null,
    "doc_url": null,
    "files": [
        {
            "attrs": {
                "arch": "x86_64",
                "build": "r3.3.2_0",
                "build_number": 0,
                "depends": [
                    "r-ape",
                    "r-base 3.3.2*",
                    "r-hexbin",
                    "r-mass"
                ],
                "has_prefix": false,
                "license": "GPL-2",
                "machine": "x86_64",
                "operatingsystem": "linux",
                "platform": "linux",
                "subdir": "linux-64",
                "target-triplet": "x86_64-any-linux"
            },
            "basename": "linux-64/bioconductor-suprahex-1.14.0-r3.3.2_0.tar.bz2",
            "dependencies": {
                "depends": [
                    {
                        "name": "r-ape",
                        "specs": []
                    },
                    {
                        "name": "r-base",
                        "specs": [
                            [
                                "==",
                                "3.3.2"
                            ]
                        ]
                    },
                    {
                        "name": "r-hexbin",
                        "specs": []
                    },
                    {
                        "name": "r-mass",
                        "specs": []
                    }
                ]
            },
            "description": null,
            "distribution_type": "conda",
            "download_url": "//api.anaconda.org/download/bioconda/bioconductor-suprahex/1.14.0/linux-64/bioconductor-suprahex-1.14.0-r3.3.2_0.tar.bz2",
            "full_name": "bioconda/bioconductor-suprahex/1.14.0/linux-64/bioconductor-suprahex-1.14.0-r3.3.2_0.tar.bz2",
            "labels": [
                "main",
                "cf201901"
            ],
            "md5": "b623dc449fe0ecac9a4c3b4445866f84",
            "ndownloads": 556,
            "owner": "bioconda",
            "size": 4412659,
            "type": "conda",
            "upload_time": "2017-08-23 13:56:45.600000+00:00",
            "version": "1.14.0"
        },
        {
            "attrs": {
                "arch": "x86_64",
                "build": "r3.3.2_0",
                "build_number": 0,
                "depends": [
                    "r-ape",
                    "r-base 3.3.2*",
                    "r-hexbin",
                    "r-mass"
                ],
                "has_prefix": false,
                "license": "GPL-2",
                "machine": "x86_64",
                "operatingsystem": "darwin",
                "platform": "osx",
                "subdir": "osx-64",
                "target-triplet": "x86_64-any-darwin"
            },
            "basename": "osx-64/bioconductor-suprahex-1.14.0-r3.3.2_0.tar.bz2",
            "dependencies": {
                "depends": [
                    {
                        "name": "r-ape",
                        "specs": []
                    },
                    {
                        "name": "r-base",
                        "specs": [
                            [
                                "==",
                                "3.3.2"
                            ]
                        ]
                    },
                    {
                        "name": "r-hexbin",
                        "specs": []
                    },
                    {
                        "name": "r-mass",
                        "specs": []
                    }
                ]
            },
            "description": null,
            "distribution_type": "conda",
            "download_url": "//api.anaconda.org/download/bioconda/bioconductor-suprahex/1.14.0/osx-64/bioconductor-suprahex-1.14.0-r3.3.2_0.tar.bz2",
            "full_name": "bioconda/bioconductor-suprahex/1.14.0/osx-64/bioconductor-suprahex-1.14.0-r3.3.2_0.tar.bz2",
            "labels": [
                "main",
                "cf201901"
            ],
            "md5": "5d0dad4b0af26fe705591115f12122aa",
            "ndownloads": 105,
            "owner": "bioconda",
            "size": 4412310,
            "type": "conda",
            "upload_time": "2017-08-23 18:21:40.283000+00:00",
            "version": "1.14.0"
        },
        {
            "attrs": {
                "arch": "x86_64",
                "build": "r3.4.1_0",
                "build_number": 0,
                "depends": [
                    "r-ape",
                    "r-base 3.4.1*",
                    "r-hexbin",
                    "r-mass"
                ],
                "has_prefix": false,
                "license": "GPL-2",
                "machine": "x86_64",
                "operatingsystem": "linux",
                "platform": "linux",
                "subdir": "linux-64",
                "target-triplet": "x86_64-any-linux"
            },
            "basename": "linux-64/bioconductor-suprahex-1.14.0-r3.4.1_0.tar.bz2",
            "dependencies": {
                "depends": [
                    {
                        "name": "r-ape",
                        "specs": []
                    },
                    {
                        "name": "r-base",
                        "specs": [
                            [
                                "==",
                                "3.4.1"
                            ]
                        ]
                    },
                    {
                        "name": "r-hexbin",
                        "specs": []
                    },
                    {
                        "name": "r-mass",
                        "specs": []
                    }
                ]
            },
            "description": null,
            "distribution_type": "conda",
            "download_url": "//api.anaconda.org/download/bioconda/bioconductor-suprahex/1.14.0/linux-64/bioconductor-suprahex-1.14.0-r3.4.1_0.tar.bz2",
            "full_name": "bioconda/bioconductor-suprahex/1.14.0/linux-64/bioconductor-suprahex-1.14.0-r3.4.1_0.tar.bz2",
            "labels": [
                "main",
                "cf201901"
            ],
            "md5": "e8c22c888ab90b32652415a580d9af8b",
            "ndownloads": 395,
            "owner": "bioconda",
            "size": 4412444,
            "type": "conda",
            "upload_time": "2017-09-18 05:23:34.628000+00:00",
            "version": "1.14.0"
        },
        {
            "attrs": {
                "arch": "x86_64",
                "build": "r3.4.1_0",
                "build_number": 0,
                "depends": [
                    "r-ape",
                    "r-base 3.4.1*",
                    "r-hexbin",
                    "r-mass"
                ],
                "has_prefix": false,
                "license": "GPL-2",
                "machine": "x86_64",
                "operatingsystem": "darwin",
                "platform": "osx",
                "subdir": "osx-64",
                "target-triplet": "x86_64-any-darwin"
            },
            "basename": "osx-64/bioconductor-suprahex-1.14.0-r3.4.1_0.tar.bz2",
            "dependencies": {
                "depends": [
                    {
                        "name": "r-ape",
                        "specs": []
                    },
                    {
                        "name": "r-base",
                        "specs": [
                            [
                                "==",
                                "3.4.1"
                            ]
                        ]
                    },
                    {
                        "name": "r-hexbin",
                        "specs": []
                    },
                    {
                        "name": "r-mass",
                        "specs": []
                    }
                ]
            },
            "description": null,
            "distribution_type": "conda",
            "download_url": "//api.anaconda.org/download/bioconda/bioconductor-suprahex/1.14.0/osx-64/bioconductor-suprahex-1.14.0-r3.4.1_0.tar.bz2",
            "full_name": "bioconda/bioconductor-suprahex/1.14.0/osx-64/bioconductor-suprahex-1.14.0-r3.4.1_0.tar.bz2",
            "labels": [
                "main",
                "cf201901"
            ],
            "md5": "b3ca737225e6c8f51042272fc23d6e86",
            "ndownloads": 983,
            "owner": "bioconda",
            "size": 4413079,
            "type": "conda",
            "upload_time": "2017-09-19 00:57:04.342000+00:00",
            "version": "1.14.0"
        },
        {
            "attrs": {
                "arch": "x86_64",
                "build": "0",
                "build_number": 0,
                "depends": [
                    "r-ape",
                    "r-base >=3.3",
                    "r-hexbin",
                    "r-mass"
                ],
                "has_prefix": false,
                "license": "GPL-2",
                "machine": "x86_64",
                "operatingsystem": "linux",
                "platform": "linux",
                "subdir": "linux-64",
                "target-triplet": "x86_64-any-linux"
            },
            "basename": "linux-64/bioconductor-suprahex-1.14.0-0.tar.bz2",
            "dependencies": {
                "depends": [
                    {
                        "name": "r-ape",
                        "specs": []
                    },
                    {
                        "name": "r-base",
                        "specs": [
                            [
                                ">=",
                                "3.3"
                            ]
                        ]
                    },
                    {
                        "name": "r-hexbin",
                        "specs": []
                    },
                    {
                        "name": "r-mass",
                        "specs": []
                    }
                ]
            },
            "description": null,
            "distribution_type": "conda",
            "download_url": "//api.anaconda.org/download/bioconda/bioconductor-suprahex/1.14.0/linux-64/bioconductor-suprahex-1.14.0-0.tar.bz2",
            "full_name": "bioconda/bioconductor-suprahex/1.14.0/linux-64/bioconductor-suprahex-1.14.0-0.tar.bz2",
            "labels": [
                "main",
                "cf201901"
            ],
            "md5": "55c133f5460ae80e971a2afbe5058a63",
            "ndownloads": 396,
            "owner": "bioconda",
            "size": 4411718,
            "type": "conda",
            "upload_time": "2017-10-13 16:47:29.292000+00:00",
            "version": "1.14.0"
        },
        {
            "attrs": {
                "arch": "x86_64",
                "build": "r3.4.1_0",
                "build_number": 0,
                "depends": [
                    "r-ape",
                    "r-base 3.4.1*",
                    "r-hexbin",
                    "r-mass"
                ],
                "has_prefix": false,
                "license": "GPL-2",
                "machine": "x86_64",
                "operatingsystem": "darwin",
                "platform": "osx",
                "subdir": "osx-64",
                "target-triplet": "x86_64-any-darwin"
            },
            "basename": "osx-64/bioconductor-suprahex-1.16.0-r3.4.1_0.tar.bz2",
            "dependencies": {
                "depends": [
                    {
                        "name": "r-ape",
                        "specs": []
                    },
                    {
                        "name": "r-base",
                        "specs": [
                            [
                                "==",
                                "3.4.1"
                            ]
                        ]
                    },
                    {
                        "name": "r-hexbin",
                        "specs": []
                    },
                    {
                        "name": "r-mass",
                        "specs": []
                    }
                ]
            },
            "description": null,
            "distribution_type": "conda",
            "download_url": "//api.anaconda.org/download/bioconda/bioconductor-suprahex/1.16.0/osx-64/bioconductor-suprahex-1.16.0-r3.4.1_0.tar.bz2",
            "full_name": "bioconda/bioconductor-suprahex/1.16.0/osx-64/bioconductor-suprahex-1.16.0-r3.4.1_0.tar.bz2",
            "labels": [
                "main",
                "cf201901"
            ],
            "md5": "eed315857f510f491fa12c83b7e2ac03",
            "ndownloads": 1208,
            "owner": "bioconda",
            "size": 4411977,
            "type": "conda",
            "upload_time": "2017-11-05 19:07:35.791000+00:00",
            "version": "1.16.0"
        },
        {
            "attrs": {
                "arch": "x86_64",
                "build": "r3.4.1_0",
                "build_number": 0,
                "depends": [
                    "r-ape",
                    "r-base 3.4.1*",
                    "r-hexbin",
                    "r-mass"
                ],
                "has_prefix": false,
                "license": "GPL-2",
                "machine": "x86_64",
                "operatingsystem": "linux",
                "platform": "linux",
                "subdir": "linux-64",
                "target-triplet": "x86_64-any-linux"
            },
            "basename": "linux-64/bioconductor-suprahex-1.16.0-r3.4.1_0.tar.bz2",
            "dependencies": {
                "depends": [
                    {
                        "name": "r-ape",
                        "specs": []
                    },
                    {
                        "name": "r-base",
                        "specs": [
                            [
                                "==",
                                "3.4.1"
                            ]
                        ]
                    },
                    {
                        "name": "r-hexbin",
                        "specs": []
                    },
                    {
                        "name": "r-mass",
                        "specs": []
                    }
                ]
            },
            "description": null,
            "distribution_type": "conda",
            "download_url": "//api.anaconda.org/download/bioconda/bioconductor-suprahex/1.16.0/linux-64/bioconductor-suprahex-1.16.0-r3.4.1_0.tar.bz2",
            "full_name": "bioconda/bioconductor-suprahex/1.16.0/linux-64/bioconductor-suprahex-1.16.0-r3.4.1_0.tar.bz2",
            "labels": [
                "main",
                "cf201901"
            ],
            "md5": "e395100ac9aa4b5011b4abe961f281ff",
            "ndownloads": 564,
            "owner": "bioconda",
            "size": 4412044,
            "type": "conda",
            "upload_time": "2017-11-06 13:48:50.311000+00:00",
            "version": "1.16.0"
        },
        {
            "attrs": {
                "arch": "x86_64",
                "build": "r341_0",
                "build_number": 0,
                "depends": [
                    "r-ape",
                    "r-base >=3.4.1,<3.4.2.0a0",
                    "r-hexbin",
                    "r-mass"
                ],
                "has_prefix": false,
                "license": "GPL-2",
                "machine": "x86_64",
                "operatingsystem": "darwin",
                "platform": "osx",
                "subdir": "osx-64",
                "target-triplet": "x86_64-any-darwin",
                "timestamp": 1540664748509
            },
            "basename": "osx-64/bioconductor-suprahex-1.18.0-r341_0.tar.bz2",
            "dependencies": {
                "depends": [
                    {
                        "name": "r-ape",
                        "specs": []
                    },
                    {
                        "name": "r-base",
                        "specs": [
                            [
                                ">=",
                                "3.4.1,<3.4.2.0a0"
                            ]
                        ]
                    },
                    {
                        "name": "r-hexbin",
                        "specs": []
                    },
                    {
                        "name": "r-mass",
                        "specs": []
                    }
                ]
            },
            "description": null,
            "distribution_type": "conda",
            "download_url": "//api.anaconda.org/download/bioconda/bioconductor-suprahex/1.18.0/osx-64/bioconductor-suprahex-1.18.0-r341_0.tar.bz2",
            "full_name": "bioconda/bioconductor-suprahex/1.18.0/osx-64/bioconductor-suprahex-1.18.0-r341_0.tar.bz2",
            "labels": [
                "main",
                "cf201901"
            ],
            "md5": "8a5fb6446382d10b107e210984e75ff9",
            "ndownloads": 219,
            "owner": "bioconda",
            "size": 4416811,
            "type": "conda",
            "upload_time": "2018-10-27 18:27:52.497000+00:00",
            "version": "1.18.0"
        },
        {
            "attrs": {
                "arch": "x86_64",
                "build": "r351_0",
                "build_number": 0,
                "depends": [
                    "r-ape",
                    "r-base >=3.5.1,<3.5.2.0a0",
                    "r-hexbin",
                    "r-mass"
                ],
                "has_prefix": false,
                "license": "GPL-2",
                "machine": "x86_64",
                "operatingsystem": "darwin",
                "platform": "osx",
                "subdir": "osx-64",
                "target-triplet": "x86_64-any-darwin",
                "timestamp": 1540664828307
            },
            "basename": "osx-64/bioconductor-suprahex-1.18.0-r351_0.tar.bz2",
            "dependencies": {
                "depends": [
                    {
                        "name": "r-ape",
                        "specs": []
                    },
                    {
                        "name": "r-base",
                        "specs": [
                            [
                                ">=",
                                "3.5.1,<3.5.2.0a0"
                            ]
                        ]
                    },
                    {
                        "name": "r-hexbin",
                        "specs": []
                    },
                    {
                        "name": "r-mass",
                        "specs": []
                    }
                ]
            },
            "description": null,
            "distribution_type": "conda",
            "download_url": "//api.anaconda.org/download/bioconda/bioconductor-suprahex/1.18.0/osx-64/bioconductor-suprahex-1.18.0-r351_0.tar.bz2",
            "full_name": "bioconda/bioconductor-suprahex/1.18.0/osx-64/bioconductor-suprahex-1.18.0-r351_0.tar.bz2",
            "labels": [
                "main",
                "cf201901"
            ],
            "md5": "b5a7e84474c8a5d82a301cd9cb16fe8e",
            "ndownloads": 994,
            "owner": "bioconda",
            "size": 4561875,
            "type": "conda",
            "upload_time": "2018-10-27 18:27:48.109000+00:00",
            "version": "1.18.0"
        },
        {
            "attrs": {
                "arch": "x86_64",
                "build": "r351_0",
                "build_number": 0,
                "depends": [
                    "r-ape",
                    "r-base >=3.5.1,<3.5.2.0a0",
                    "r-hexbin",
                    "r-mass"
                ],
                "has_prefix": false,
                "license": "GPL-2",
                "machine": "x86_64",
                "operatingsystem": "linux",
                "platform": "linux",
                "subdir": "linux-64",
                "target-triplet": "x86_64-any-linux",
                "timestamp": 1540891028641
            },
            "basename": "linux-64/bioconductor-suprahex-1.18.0-r351_0.tar.bz2",
            "dependencies": {
                "depends": [
                    {
                        "name": "r-ape",
                        "specs": []
                    },
                    {
                        "name": "r-base",
                        "specs": [
                            [
                                ">=",
                                "3.5.1,<3.5.2.0a0"
                            ]
                        ]
                    },
                    {
                        "name": "r-hexbin",
                        "specs": []
                    },
                    {
                        "name": "r-mass",
                        "specs": []
                    }
                ]
            },
            "description": null,
            "distribution_type": "conda",
            "download_url": "//api.anaconda.org/download/bioconda/bioconductor-suprahex/1.18.0/linux-64/bioconductor-suprahex-1.18.0-r351_0.tar.bz2",
            "full_name": "bioconda/bioconductor-suprahex/1.18.0/linux-64/bioconductor-suprahex-1.18.0-r351_0.tar.bz2",
            "labels": [
                "main",
                "cf201901"
            ],
            "md5": "d35363f8b1ed397dd885c75dd846754e",
            "ndownloads": 131,
            "owner": "bioconda",
            "size": 4559956,
            "type": "conda",
            "upload_time": "2018-10-30 09:22:00.668000+00:00",
            "version": "1.18.0"
        },
        {
            "attrs": {
                "arch": "x86_64",
                "build": "r341_0",
                "build_number": 0,
                "depends": [
                    "r-ape",
                    "r-base >=3.4.1,<3.4.2.0a0",
                    "r-hexbin",
                    "r-mass"
                ],
                "has_prefix": false,
                "license": "GPL-2",
                "machine": "x86_64",
                "operatingsystem": "linux",
                "platform": "linux",
                "subdir": "linux-64",
                "target-triplet": "x86_64-any-linux",
                "timestamp": 1540890959054
            },
            "basename": "linux-64/bioconductor-suprahex-1.18.0-r341_0.tar.bz2",
            "dependencies": {
                "depends": [
                    {
                        "name": "r-ape",
                        "specs": []
                    },
                    {
                        "name": "r-base",
                        "specs": [
                            [
                                ">=",
                                "3.4.1,<3.4.2.0a0"
                            ]
                        ]
                    },
                    {
                        "name": "r-hexbin",
                        "specs": []
                    },
                    {
                        "name": "r-mass",
                        "specs": []
                    }
                ]
            },
            "description": null,
            "distribution_type": "conda",
            "download_url": "//api.anaconda.org/download/bioconda/bioconductor-suprahex/1.18.0/linux-64/bioconductor-suprahex-1.18.0-r341_0.tar.bz2",
            "full_name": "bioconda/bioconductor-suprahex/1.18.0/linux-64/bioconductor-suprahex-1.18.0-r341_0.tar.bz2",
            "labels": [
                "main",
                "cf201901"
            ],
            "md5": "132c14d350027822bfaea4a080351c58",
            "ndownloads": 270,
            "owner": "bioconda",
            "size": 4414997,
            "type": "conda",
            "upload_time": "2018-10-30 09:21:57.503000+00:00",
            "version": "1.18.0"
        },
        {
            "attrs": {
                "arch": "x86_64",
                "build": "0",
                "build_number": 0,
                "depends": [
                    "r-ape",
                    "r-base >=3.3",
                    "r-hexbin",
                    "r-mass"
                ],
                "has_prefix": false,
                "license": "GPL-2",
                "machine": "x86_64",
                "operatingsystem": "darwin",
                "platform": "osx",
                "subdir": "osx-64",
                "target-triplet": "x86_64-any-darwin"
            },
            "basename": "osx-64/bioconductor-suprahex-1.14.0-0.tar.bz2",
            "dependencies": {
                "depends": [
                    {
                        "name": "r-ape",
                        "specs": []
                    },
                    {
                        "name": "r-base",
                        "specs": [
                            [
                                ">=",
                                "3.3"
                            ]
                        ]
                    },
                    {
                        "name": "r-hexbin",
                        "specs": []
                    },
                    {
                        "name": "r-mass",
                        "specs": []
                    }
                ]
            },
            "description": null,
            "distribution_type": "conda",
            "download_url": "//api.anaconda.org/download/bioconda/bioconductor-suprahex/1.14.0/osx-64/bioconductor-suprahex-1.14.0-0.tar.bz2",
            "full_name": "bioconda/bioconductor-suprahex/1.14.0/osx-64/bioconductor-suprahex-1.14.0-0.tar.bz2",
            "labels": [
                "main",
                "cf201901"
            ],
            "md5": "42ff9d88b125a7aef43876db6f07f272",
            "ndownloads": 186,
            "owner": "bioconda",
            "size": 4412892,
            "type": "conda",
            "upload_time": "2017-10-12 04:08:44.980000+00:00",
            "version": "1.14.0"
        },
        {
            "attrs": {
                "arch": null,
                "build": "r351_0",
                "build_number": 0,
                "depends": [
                    "r-ape",
                    "r-base >=3.5.1,<3.5.2.0a0",
                    "r-hexbin",
                    "r-mass"
                ],
                "has_prefix": false,
                "license": "GPL-2",
                "machine": null,
                "noarch": "generic",
                "operatingsystem": null,
                "platform": null,
                "subdir": "noarch",
                "target-triplet": "None-any-None",
                "timestamp": 1544333557874
            },
            "basename": "noarch/bioconductor-suprahex-1.20.0-r351_0.tar.bz2",
            "dependencies": {
                "depends": [
                    {
                        "name": "r-ape",
                        "specs": []
                    },
                    {
                        "name": "r-base",
                        "specs": [
                            [
                                ">=",
                                "3.5.1,<3.5.2.0a0"
                            ]
                        ]
                    },
                    {
                        "name": "r-hexbin",
                        "specs": []
                    },
                    {
                        "name": "r-mass",
                        "specs": []
                    }
                ]
            },
            "description": null,
            "distribution_type": "conda",
            "download_url": "//api.anaconda.org/download/bioconda/bioconductor-suprahex/1.20.0/noarch/bioconductor-suprahex-1.20.0-r351_0.tar.bz2",
            "full_name": "bioconda/bioconductor-suprahex/1.20.0/noarch/bioconductor-suprahex-1.20.0-r351_0.tar.bz2",
            "labels": [
                "gcc7",
                "main"
            ],
            "md5": "901ca2bfc7fec587ffb2c18480453f55",
            "ndownloads": 129,
            "owner": "bioconda",
            "size": 4560744,
            "type": "conda",
            "upload_time": "2018-12-09 05:35:20.125000+00:00",
            "version": "1.20.0"
        },
        {
            "attrs": {
                "arch": null,
                "build": "r351_0",
                "build_number": 0,
                "depends": [
                    "r-ape",
                    "r-base >=3.5.1,<3.5.2.0a0",
                    "r-hexbin",
                    "r-mass"
                ],
                "has_prefix": false,
                "license": "GPL-2",
                "machine": null,
                "noarch": "generic",
                "operatingsystem": null,
                "platform": null,
                "subdir": "noarch",
                "target-triplet": "None-any-None",
                "timestamp": 1557273047939
            },
            "basename": "noarch/bioconductor-suprahex-1.22.0-r351_0.tar.bz2",
            "dependencies": {
                "depends": [
                    {
                        "name": "r-ape",
                        "specs": []
                    },
                    {
                        "name": "r-base",
                        "specs": [
                            [
                                ">=",
                                "3.5.1,<3.5.2.0a0"
                            ]
                        ]
                    },
                    {
                        "name": "r-hexbin",
                        "specs": []
                    },
                    {
                        "name": "r-mass",
                        "specs": []
                    }
                ]
            },
            "description": null,
            "distribution_type": "conda",
            "download_url": "//api.anaconda.org/download/bioconda/bioconductor-suprahex/1.22.0/noarch/bioconductor-suprahex-1.22.0-r351_0.tar.bz2",
            "full_name": "bioconda/bioconductor-suprahex/1.22.0/noarch/bioconductor-suprahex-1.22.0-r351_0.tar.bz2",
            "labels": [
                "main"
            ],
            "md5": "9eb6311f88efda0e80fe155dd9481311",
            "ndownloads": 112,
            "owner": "bioconda",
            "size": 3653511,
            "type": "conda",
            "upload_time": "2019-05-07 23:54:54.168000+00:00",
            "version": "1.22.0"
        },
        {
            "attrs": {
                "arch": null,
                "build": "r36_1",
                "build_number": 1,
                "depends": [
                    "r-ape",
                    "r-base >=3.6,<3.7.0a0",
                    "r-hexbin",
                    "r-mass"
                ],
                "has_prefix": false,
                "license": "GPL-2",
                "machine": null,
                "noarch": "generic",
                "operatingsystem": null,
                "platform": null,
                "subdir": "noarch",
                "target-triplet": "None-any-None",
                "timestamp": 1563700459741
            },
            "basename": "noarch/bioconductor-suprahex-1.22.0-r36_1.tar.bz2",
            "dependencies": {
                "depends": [
                    {
                        "name": "r-ape",
                        "specs": []
                    },
                    {
                        "name": "r-base",
                        "specs": [
                            [
                                ">=",
                                "3.6,<3.7.0a0"
                            ]
                        ]
                    },
                    {
                        "name": "r-hexbin",
                        "specs": []
                    },
                    {
                        "name": "r-mass",
                        "specs": []
                    }
                ]
            },
            "description": null,
            "distribution_type": "conda",
            "download_url": "//api.anaconda.org/download/bioconda/bioconductor-suprahex/1.22.0/noarch/bioconductor-suprahex-1.22.0-r36_1.tar.bz2",
            "full_name": "bioconda/bioconductor-suprahex/1.22.0/noarch/bioconductor-suprahex-1.22.0-r36_1.tar.bz2",
            "labels": [
                "main"
            ],
            "md5": "f94754ca9f0d64418cacac29cdc8abdf",
            "ndownloads": 74,
            "owner": "bioconda",
            "size": 3699671,
            "type": "conda",
            "upload_time": "2019-07-21 09:18:19.272000+00:00",
            "version": "1.22.0"
        },
        {
            "attrs": {
                "arch": null,
                "build": "r36_0",
                "build_number": 0,
                "depends": [
                    "r-ape",
                    "r-base >=3.6,<3.7.0a0",
                    "r-hexbin",
                    "r-mass"
                ],
                "has_prefix": false,
                "license": "GPL-2",
                "machine": null,
                "noarch": "generic",
                "operatingsystem": null,
                "platform": null,
                "subdir": "noarch",
                "target-triplet": "None-any-None",
                "timestamp": 1572595913697
            },
            "basename": "noarch/bioconductor-suprahex-1.24.0-r36_0.tar.bz2",
            "dependencies": {
                "depends": [
                    {
                        "name": "r-ape",
                        "specs": []
                    },
                    {
                        "name": "r-base",
                        "specs": [
                            [
                                ">=",
                                "3.6,<3.7.0a0"
                            ]
                        ]
                    },
                    {
                        "name": "r-hexbin",
                        "specs": []
                    },
                    {
                        "name": "r-mass",
                        "specs": []
                    }
                ]
            },
            "description": null,
            "distribution_type": "conda",
            "download_url": "//api.anaconda.org/download/bioconda/bioconductor-suprahex/1.24.0/noarch/bioconductor-suprahex-1.24.0-r36_0.tar.bz2",
            "full_name": "bioconda/bioconductor-suprahex/1.24.0/noarch/bioconductor-suprahex-1.24.0-r36_0.tar.bz2",
            "labels": [
                "main"
            ],
            "md5": "05b2c595cdb3d5a2e1392df94c7e37e5",
            "ndownloads": 71,
            "owner": "bioconda",
            "size": 3711146,
            "type": "conda",
            "upload_time": "2019-11-01 08:15:55.329000+00:00",
            "version": "1.24.0"
        },
        {
            "attrs": {
                "arch": null,
                "build": "r40_0",
                "build_number": 0,
                "depends": [
                    "r-ape",
                    "r-base >=4.0,<4.1.0a0",
                    "r-hexbin",
                    "r-mass"
                ],
                "has_prefix": false,
                "license": "GPL-2",
                "machine": null,
                "noarch": "generic",
                "operatingsystem": null,
                "platform": null,
                "subdir": "noarch",
                "target-triplet": "None-any-None",
                "timestamp": 1589037741895
            },
            "basename": "noarch/bioconductor-suprahex-1.26.0-r40_0.tar.bz2",
            "dependencies": {
                "depends": [
                    {
                        "name": "r-ape",
                        "specs": []
                    },
                    {
                        "name": "r-base",
                        "specs": [
                            [
                                ">=",
                                "4.0,<4.1.0a0"
                            ]
                        ]
                    },
                    {
                        "name": "r-hexbin",
                        "specs": []
                    },
                    {
                        "name": "r-mass",
                        "specs": []
                    }
                ]
            },
            "description": null,
            "distribution_type": "conda",
            "download_url": "//api.anaconda.org/download/bioconda/bioconductor-suprahex/1.26.0/noarch/bioconductor-suprahex-1.26.0-r40_0.tar.bz2",
            "full_name": "bioconda/bioconductor-suprahex/1.26.0/noarch/bioconductor-suprahex-1.26.0-r40_0.tar.bz2",
            "labels": [
                "main"
            ],
            "md5": "81d0bbf81890cd8656263a63d2ac9ba8",
            "ndownloads": 29,
            "owner": "bioconda",
            "size": 3747354,
            "type": "conda",
            "upload_time": "2020-05-09 15:26:42.905000+00:00",
            "version": "1.26.0"
        }
    ],
    "full_name": "bioconda/bioconductor-suprahex",
    "home": "http://bioconductor.org/packages/3.5/bioc/html/supraHex.html",
    "html_url": "http://anaconda.org/bioconda/bioconductor-suprahex",
    "id": "599d899d07006a12ce6dbc7f",
    "latest_version": "1.26.0",
    "license": "GPL-2",
    "license_url": null,
    "modified_at": "2020-05-09 15:26:43.311000+00:00",
    "name": "bioconductor-suprahex",
    "owner": {
        "company": "",
        "created_at": "2015-09-11 22:59:20.880000+00:00",
        "description": "Bioconda is a distribution of bioinformatics software realized as a channel for the versatile Conda package manager.",
        "location": "",
        "login": "bioconda",
        "name": "bioconda",
        "url": "",
        "user_type": "org"
    },
    "package_types": [
        "conda"
    ],
    "public": true,
    "releases": [
        {
            "distributions": [],
            "full_name": "bioconda/bioconductor-suprahex/1.14.0",
            "version": "1.14.0"
        },
        {
            "distributions": [],
            "full_name": "bioconda/bioconductor-suprahex/1.16.0",
            "version": "1.16.0"
        },
        {
            "distributions": [],
            "full_name": "bioconda/bioconductor-suprahex/1.18.0",
            "version": "1.18.0"
        },
        {
            "distributions": [],
            "full_name": "bioconda/bioconductor-suprahex/1.20.0",
            "version": "1.20.0"
        },
        {
            "distributions": [],
            "full_name": "bioconda/bioconductor-suprahex/1.22.0",
            "version": "1.22.0"
        },
        {
            "distributions": [],
            "full_name": "bioconda/bioconductor-suprahex/1.24.0",
            "version": "1.24.0"
        },
        {
            "distributions": [],
            "full_name": "bioconda/bioconductor-suprahex/1.26.0",
            "version": "1.26.0"
        }
    ],
    "revision": 14,
    "source_git_tag": null,
    "source_git_url": null,
    "summary": "supraHex: a supra-hexagonal map for analysing tabular omics data",
    "upvoted": 0,
    "url": "http://api.anaconda.org/packages/bioconda/bioconductor-suprahex",
    "versions": [
        "1.14.0",
        "1.16.0",
        "1.18.0",
        "1.20.0",
        "1.22.0",
        "1.24.0",
        "1.26.0"
    ],
    "watchers": 1
}