{
    "app_entry": {},
    "app_summary": {},
    "app_type": {},
    "builds": [
        "r40_0",
        "r36_1",
        "r36_0",
        "r341_0",
        "r351_0",
        "r3.4.1_0"
    ],
    "conda_platforms": [
        "linux-64",
        "noarch",
        "osx-64"
    ],
    "created_at": "2018-02-18 17:22:49.828000+00:00",
    "description": "representation of public golub data with some covariate data of provenance unknown to the maintainer at present; now employs ExpressionSet format",
    "dev_url": null,
    "doc_url": null,
    "files": [
        {
            "attrs": {
                "arch": "x86_64",
                "build": "r3.4.1_0",
                "build_number": 0,
                "depends": [
                    "bioconductor-biobase >=2.5.5",
                    "r-base 3.4.1*",
                    "wget"
                ],
                "has_prefix": false,
                "license": "LGPL",
                "machine": "x86_64",
                "operatingsystem": "linux",
                "platform": "linux",
                "subdir": "linux-64",
                "target-triplet": "x86_64-any-linux"
            },
            "basename": "linux-64/bioconductor-golubesets-1.20.0-r3.4.1_0.tar.bz2",
            "dependencies": {
                "depends": [
                    {
                        "name": "bioconductor-biobase",
                        "specs": [
                            [
                                ">=",
                                "2.5.5"
                            ]
                        ]
                    },
                    {
                        "name": "r-base",
                        "specs": [
                            [
                                "==",
                                "3.4.1"
                            ]
                        ]
                    },
                    {
                        "name": "wget",
                        "specs": []
                    }
                ]
            },
            "description": null,
            "distribution_type": "conda",
            "download_url": "//api.anaconda.org/download/bioconda/bioconductor-golubesets/1.20.0/linux-64/bioconductor-golubesets-1.20.0-r3.4.1_0.tar.bz2",
            "full_name": "bioconda/bioconductor-golubesets/1.20.0/linux-64/bioconductor-golubesets-1.20.0-r3.4.1_0.tar.bz2",
            "labels": [
                "main",
                "cf201901"
            ],
            "md5": "3213173a121b5e766bb084ee0bdf398f",
            "ndownloads": 323,
            "owner": "bioconda",
            "size": 5038,
            "type": "conda",
            "upload_time": "2018-02-18 17:22:50.364000+00:00",
            "version": "1.20.0"
        },
        {
            "attrs": {
                "arch": "x86_64",
                "build": "r3.4.1_0",
                "build_number": 0,
                "depends": [
                    "bioconductor-biobase >=2.5.5",
                    "r-base 3.4.1*",
                    "wget"
                ],
                "has_prefix": false,
                "license": "LGPL",
                "machine": "x86_64",
                "operatingsystem": "darwin",
                "platform": "osx",
                "subdir": "osx-64",
                "target-triplet": "x86_64-any-darwin"
            },
            "basename": "osx-64/bioconductor-golubesets-1.20.0-r3.4.1_0.tar.bz2",
            "dependencies": {
                "depends": [
                    {
                        "name": "bioconductor-biobase",
                        "specs": [
                            [
                                ">=",
                                "2.5.5"
                            ]
                        ]
                    },
                    {
                        "name": "r-base",
                        "specs": [
                            [
                                "==",
                                "3.4.1"
                            ]
                        ]
                    },
                    {
                        "name": "wget",
                        "specs": []
                    }
                ]
            },
            "description": null,
            "distribution_type": "conda",
            "download_url": "//api.anaconda.org/download/bioconda/bioconductor-golubesets/1.20.0/osx-64/bioconductor-golubesets-1.20.0-r3.4.1_0.tar.bz2",
            "full_name": "bioconda/bioconductor-golubesets/1.20.0/osx-64/bioconductor-golubesets-1.20.0-r3.4.1_0.tar.bz2",
            "labels": [
                "main",
                "cf201901"
            ],
            "md5": "8933f3c38bfd9a6ce3ed264d14a632d1",
            "ndownloads": 1226,
            "owner": "bioconda",
            "size": 4816,
            "type": "conda",
            "upload_time": "2018-02-18 18:25:16.864000+00:00",
            "version": "1.20.0"
        },
        {
            "attrs": {
                "arch": "x86_64",
                "build": "r351_0",
                "build_number": 0,
                "depends": [
                    "bioconductor-biobase >=2.40.0,<2.42.0",
                    "r-base >=3.5.1,<3.5.2.0a0",
                    "wget"
                ],
                "has_prefix": false,
                "license": "LGPL",
                "machine": "x86_64",
                "operatingsystem": "darwin",
                "platform": "osx",
                "subdir": "osx-64",
                "target-triplet": "x86_64-any-darwin",
                "timestamp": 1539427018457
            },
            "basename": "osx-64/bioconductor-golubesets-1.22.0-r351_0.tar.bz2",
            "dependencies": {
                "depends": [
                    {
                        "name": "bioconductor-biobase",
                        "specs": [
                            [
                                ">=",
                                "2.40.0,<2.42.0"
                            ]
                        ]
                    },
                    {
                        "name": "r-base",
                        "specs": [
                            [
                                ">=",
                                "3.5.1,<3.5.2.0a0"
                            ]
                        ]
                    },
                    {
                        "name": "wget",
                        "specs": []
                    }
                ]
            },
            "description": null,
            "distribution_type": "conda",
            "download_url": "//api.anaconda.org/download/bioconda/bioconductor-golubesets/1.22.0/osx-64/bioconductor-golubesets-1.22.0-r351_0.tar.bz2",
            "full_name": "bioconda/bioconductor-golubesets/1.22.0/osx-64/bioconductor-golubesets-1.22.0-r351_0.tar.bz2",
            "labels": [
                "main",
                "cf201901"
            ],
            "md5": "55a39b609b7b2a5b666ea455d02dc980",
            "ndownloads": 985,
            "owner": "bioconda",
            "size": 5524,
            "type": "conda",
            "upload_time": "2018-10-13 10:38:35.304000+00:00",
            "version": "1.22.0"
        },
        {
            "attrs": {
                "arch": "x86_64",
                "build": "r341_0",
                "build_number": 0,
                "depends": [
                    "bioconductor-biobase >=2.40.0,<2.42.0",
                    "r-base >=3.4.1,<3.4.2.0a0",
                    "wget"
                ],
                "has_prefix": false,
                "license": "LGPL",
                "machine": "x86_64",
                "operatingsystem": "darwin",
                "platform": "osx",
                "subdir": "osx-64",
                "target-triplet": "x86_64-any-darwin",
                "timestamp": 1539427077832
            },
            "basename": "osx-64/bioconductor-golubesets-1.22.0-r341_0.tar.bz2",
            "dependencies": {
                "depends": [
                    {
                        "name": "bioconductor-biobase",
                        "specs": [
                            [
                                ">=",
                                "2.40.0,<2.42.0"
                            ]
                        ]
                    },
                    {
                        "name": "r-base",
                        "specs": [
                            [
                                ">=",
                                "3.4.1,<3.4.2.0a0"
                            ]
                        ]
                    },
                    {
                        "name": "wget",
                        "specs": []
                    }
                ]
            },
            "description": null,
            "distribution_type": "conda",
            "download_url": "//api.anaconda.org/download/bioconda/bioconductor-golubesets/1.22.0/osx-64/bioconductor-golubesets-1.22.0-r341_0.tar.bz2",
            "full_name": "bioconda/bioconductor-golubesets/1.22.0/osx-64/bioconductor-golubesets-1.22.0-r341_0.tar.bz2",
            "labels": [
                "main",
                "cf201901"
            ],
            "md5": "5baf26ce0331a329c4f8610cdd7cfd3f",
            "ndownloads": 268,
            "owner": "bioconda",
            "size": 5512,
            "type": "conda",
            "upload_time": "2018-10-13 10:38:40.566000+00:00",
            "version": "1.22.0"
        },
        {
            "attrs": {
                "arch": "x86_64",
                "build": "r341_0",
                "build_number": 0,
                "depends": [
                    "bioconductor-biobase >=2.40.0,<2.42.0",
                    "r-base >=3.4.1,<3.4.2.0a0",
                    "wget"
                ],
                "has_prefix": false,
                "license": "LGPL",
                "machine": "x86_64",
                "operatingsystem": "linux",
                "platform": "linux",
                "subdir": "linux-64",
                "target-triplet": "x86_64-any-linux",
                "timestamp": 1539493372413
            },
            "basename": "linux-64/bioconductor-golubesets-1.22.0-r341_0.tar.bz2",
            "dependencies": {
                "depends": [
                    {
                        "name": "bioconductor-biobase",
                        "specs": [
                            [
                                ">=",
                                "2.40.0,<2.42.0"
                            ]
                        ]
                    },
                    {
                        "name": "r-base",
                        "specs": [
                            [
                                ">=",
                                "3.4.1,<3.4.2.0a0"
                            ]
                        ]
                    },
                    {
                        "name": "wget",
                        "specs": []
                    }
                ]
            },
            "description": null,
            "distribution_type": "conda",
            "download_url": "//api.anaconda.org/download/bioconda/bioconductor-golubesets/1.22.0/linux-64/bioconductor-golubesets-1.22.0-r341_0.tar.bz2",
            "full_name": "bioconda/bioconductor-golubesets/1.22.0/linux-64/bioconductor-golubesets-1.22.0-r341_0.tar.bz2",
            "labels": [
                "main",
                "cf201901"
            ],
            "md5": "fce123b1e8206dede2de4199376bc615",
            "ndownloads": 267,
            "owner": "bioconda",
            "size": 5605,
            "type": "conda",
            "upload_time": "2018-10-14 05:07:39.172000+00:00",
            "version": "1.22.0"
        },
        {
            "attrs": {
                "arch": "x86_64",
                "build": "r351_0",
                "build_number": 0,
                "depends": [
                    "bioconductor-biobase >=2.40.0,<2.42.0",
                    "r-base >=3.5.1,<3.5.2.0a0",
                    "wget"
                ],
                "has_prefix": false,
                "license": "LGPL",
                "machine": "x86_64",
                "operatingsystem": "linux",
                "platform": "linux",
                "subdir": "linux-64",
                "target-triplet": "x86_64-any-linux",
                "timestamp": 1539493321536
            },
            "basename": "linux-64/bioconductor-golubesets-1.22.0-r351_0.tar.bz2",
            "dependencies": {
                "depends": [
                    {
                        "name": "bioconductor-biobase",
                        "specs": [
                            [
                                ">=",
                                "2.40.0,<2.42.0"
                            ]
                        ]
                    },
                    {
                        "name": "r-base",
                        "specs": [
                            [
                                ">=",
                                "3.5.1,<3.5.2.0a0"
                            ]
                        ]
                    },
                    {
                        "name": "wget",
                        "specs": []
                    }
                ]
            },
            "description": null,
            "distribution_type": "conda",
            "download_url": "//api.anaconda.org/download/bioconda/bioconductor-golubesets/1.22.0/linux-64/bioconductor-golubesets-1.22.0-r351_0.tar.bz2",
            "full_name": "bioconda/bioconductor-golubesets/1.22.0/linux-64/bioconductor-golubesets-1.22.0-r351_0.tar.bz2",
            "labels": [
                "main",
                "cf201901"
            ],
            "md5": "85f0a560796d9d032f81822cd2636adb",
            "ndownloads": 131,
            "owner": "bioconda",
            "size": 5604,
            "type": "conda",
            "upload_time": "2018-10-14 05:07:36.126000+00:00",
            "version": "1.22.0"
        },
        {
            "attrs": {
                "arch": null,
                "build": "r351_0",
                "build_number": 0,
                "depends": [
                    "bioconductor-biobase >=2.42.0,<2.43.0",
                    "r-base >=3.5.1,<3.5.2.0a0",
                    "wget"
                ],
                "has_prefix": false,
                "license": "LGPL",
                "machine": null,
                "noarch": "generic",
                "operatingsystem": null,
                "platform": null,
                "subdir": "noarch",
                "target-triplet": "None-any-None",
                "timestamp": 1544732925072
            },
            "basename": "noarch/bioconductor-golubesets-1.24.0-r351_0.tar.bz2",
            "dependencies": {
                "depends": [
                    {
                        "name": "bioconductor-biobase",
                        "specs": [
                            [
                                ">=",
                                "2.42.0,<2.43.0"
                            ]
                        ]
                    },
                    {
                        "name": "r-base",
                        "specs": [
                            [
                                ">=",
                                "3.5.1,<3.5.2.0a0"
                            ]
                        ]
                    },
                    {
                        "name": "wget",
                        "specs": []
                    }
                ]
            },
            "description": null,
            "distribution_type": "conda",
            "download_url": "//api.anaconda.org/download/bioconda/bioconductor-golubesets/1.24.0/noarch/bioconductor-golubesets-1.24.0-r351_0.tar.bz2",
            "full_name": "bioconda/bioconductor-golubesets/1.24.0/noarch/bioconductor-golubesets-1.24.0-r351_0.tar.bz2",
            "labels": [
                "gcc7",
                "main"
            ],
            "md5": "bb1cc84f25ba26e8f77181b9ccaf5463",
            "ndownloads": 101,
            "owner": "bioconda",
            "size": 6029,
            "type": "conda",
            "upload_time": "2018-12-13 20:31:22.706000+00:00",
            "version": "1.24.0"
        },
        {
            "attrs": {
                "arch": null,
                "build": "r36_1",
                "build_number": 1,
                "depends": [
                    "bioconductor-biobase >=2.44.0,<2.45.0",
                    "curl >=7.65.3,<8.0a0",
                    "r-base >=3.6,<3.7.0a0"
                ],
                "has_prefix": false,
                "license": "LGPL",
                "machine": null,
                "noarch": "generic",
                "operatingsystem": null,
                "platform": null,
                "subdir": "noarch",
                "target-triplet": "None-any-None",
                "timestamp": 1563968043368
            },
            "basename": "noarch/bioconductor-golubesets-1.26.0-r36_1.tar.bz2",
            "dependencies": {
                "depends": [
                    {
                        "name": "bioconductor-biobase",
                        "specs": [
                            [
                                ">=",
                                "2.44.0,<2.45.0"
                            ]
                        ]
                    },
                    {
                        "name": "curl",
                        "specs": [
                            [
                                ">=",
                                "7.65.3,<8.0a0"
                            ]
                        ]
                    },
                    {
                        "name": "r-base",
                        "specs": [
                            [
                                ">=",
                                "3.6,<3.7.0a0"
                            ]
                        ]
                    }
                ]
            },
            "description": null,
            "distribution_type": "conda",
            "download_url": "//api.anaconda.org/download/bioconda/bioconductor-golubesets/1.26.0/noarch/bioconductor-golubesets-1.26.0-r36_1.tar.bz2",
            "full_name": "bioconda/bioconductor-golubesets/1.26.0/noarch/bioconductor-golubesets-1.26.0-r36_1.tar.bz2",
            "labels": [
                "main"
            ],
            "md5": "0c0b8ca8b04a14a8e294e815d8b5f571",
            "ndownloads": 55,
            "owner": "bioconda",
            "size": 6555,
            "type": "conda",
            "upload_time": "2019-07-24 11:38:02.991000+00:00",
            "version": "1.26.0"
        },
        {
            "attrs": {
                "arch": null,
                "build": "r36_0",
                "build_number": 0,
                "depends": [
                    "bioconductor-biobase >=2.46.0,<2.47.0",
                    "curl >=7.65.3,<8.0a0",
                    "r-base >=3.6,<3.7.0a0"
                ],
                "has_prefix": false,
                "license": "LGPL",
                "machine": null,
                "noarch": "generic",
                "operatingsystem": null,
                "platform": null,
                "subdir": "noarch",
                "target-triplet": "None-any-None",
                "timestamp": 1573070123359
            },
            "basename": "noarch/bioconductor-golubesets-1.28.0-r36_0.tar.bz2",
            "dependencies": {
                "depends": [
                    {
                        "name": "bioconductor-biobase",
                        "specs": [
                            [
                                ">=",
                                "2.46.0,<2.47.0"
                            ]
                        ]
                    },
                    {
                        "name": "curl",
                        "specs": [
                            [
                                ">=",
                                "7.65.3,<8.0a0"
                            ]
                        ]
                    },
                    {
                        "name": "r-base",
                        "specs": [
                            [
                                ">=",
                                "3.6,<3.7.0a0"
                            ]
                        ]
                    }
                ]
            },
            "description": null,
            "distribution_type": "conda",
            "download_url": "//api.anaconda.org/download/bioconda/bioconductor-golubesets/1.28.0/noarch/bioconductor-golubesets-1.28.0-r36_0.tar.bz2",
            "full_name": "bioconda/bioconductor-golubesets/1.28.0/noarch/bioconductor-golubesets-1.28.0-r36_0.tar.bz2",
            "labels": [
                "main"
            ],
            "md5": "77d866a3d2b138baff8c78637c806946",
            "ndownloads": 51,
            "owner": "bioconda",
            "size": 9334,
            "type": "conda",
            "upload_time": "2019-11-06 19:59:26.464000+00:00",
            "version": "1.28.0"
        },
        {
            "attrs": {
                "arch": null,
                "build": "r40_0",
                "build_number": 0,
                "depends": [
                    "bioconductor-biobase >=2.48.0,<2.49.0",
                    "curl >=7.69.1,<8.0a0",
                    "r-base >=4.0,<4.1.0a0"
                ],
                "has_prefix": false,
                "license": "LGPL",
                "machine": null,
                "noarch": "generic",
                "operatingsystem": null,
                "platform": null,
                "subdir": "noarch",
                "target-triplet": "None-any-None",
                "timestamp": 1589057190477
            },
            "basename": "noarch/bioconductor-golubesets-1.30.0-r40_0.tar.bz2",
            "dependencies": {
                "depends": [
                    {
                        "name": "bioconductor-biobase",
                        "specs": [
                            [
                                ">=",
                                "2.48.0,<2.49.0"
                            ]
                        ]
                    },
                    {
                        "name": "curl",
                        "specs": [
                            [
                                ">=",
                                "7.69.1,<8.0a0"
                            ]
                        ]
                    },
                    {
                        "name": "r-base",
                        "specs": [
                            [
                                ">=",
                                "4.0,<4.1.0a0"
                            ]
                        ]
                    }
                ]
            },
            "description": null,
            "distribution_type": "conda",
            "download_url": "//api.anaconda.org/download/bioconda/bioconductor-golubesets/1.30.0/noarch/bioconductor-golubesets-1.30.0-r40_0.tar.bz2",
            "full_name": "bioconda/bioconductor-golubesets/1.30.0/noarch/bioconductor-golubesets-1.30.0-r40_0.tar.bz2",
            "labels": [
                "main"
            ],
            "md5": "0fca2ec49c1dd9591bd759917d784ba2",
            "ndownloads": 14,
            "owner": "bioconda",
            "size": 9681,
            "type": "conda",
            "upload_time": "2020-05-09 20:51:46.689000+00:00",
            "version": "1.30.0"
        }
    ],
    "full_name": "bioconda/bioconductor-golubesets",
    "home": "http://bioconductor.org/packages/3.6/data/experiment/html/golubEsets.html",
    "html_url": "http://anaconda.org/bioconda/bioconductor-golubesets",
    "id": "5a89b66982e5d2123f1ca7a5",
    "latest_version": "1.30.0",
    "license": "LGPL",
    "license_url": null,
    "modified_at": "2020-05-09 20:51:46.973000+00:00",
    "name": "bioconductor-golubesets",
    "owner": {
        "company": "",
        "created_at": "2015-09-11 22:59:20.880000+00:00",
        "description": "Bioconda is a distribution of bioinformatics software realized as a channel for the versatile Conda package manager.",
        "location": "",
        "login": "bioconda",
        "name": "bioconda",
        "url": "",
        "user_type": "org"
    },
    "package_types": [
        "conda"
    ],
    "public": true,
    "releases": [
        {
            "distributions": [],
            "full_name": "bioconda/bioconductor-golubesets/1.20.0",
            "version": "1.20.0"
        },
        {
            "distributions": [],
            "full_name": "bioconda/bioconductor-golubesets/1.22.0",
            "version": "1.22.0"
        },
        {
            "distributions": [],
            "full_name": "bioconda/bioconductor-golubesets/1.24.0",
            "version": "1.24.0"
        },
        {
            "distributions": [],
            "full_name": "bioconda/bioconductor-golubesets/1.26.0",
            "version": "1.26.0"
        },
        {
            "distributions": [],
            "full_name": "bioconda/bioconductor-golubesets/1.27.0",
            "version": "1.27.0"
        },
        {
            "distributions": [],
            "full_name": "bioconda/bioconductor-golubesets/1.28.0",
            "version": "1.28.0"
        },
        {
            "distributions": [],
            "full_name": "bioconda/bioconductor-golubesets/1.30.0",
            "version": "1.30.0"
        }
    ],
    "revision": 14,
    "source_git_tag": null,
    "source_git_url": null,
    "summary": "exprSets for golub leukemia data",
    "upvoted": 0,
    "url": "http://api.anaconda.org/packages/bioconda/bioconductor-golubesets",
    "versions": [
        "1.20.0",
        "1.22.0",
        "1.24.0",
        "1.26.0",
        "1.27.0",
        "1.28.0",
        "1.30.0"
    ],
    "watchers": 1
}