{
    "app_entry": {},
    "app_summary": {},
    "app_type": {},
    "builds": [
        "0"
    ],
    "conda_platforms": [
        "noarch"
    ],
    "created_at": "2018-06-16 04:52:11.231000+00:00",
    "description": "This tool breaks a reference or bed file into smaller scatter regions of equal size. This can be used for processing inside a pipeline.\n\nFor documentation and manuals visit our github.io page: https://biopet.github.io/scatterregions\n",
    "dev_url": null,
    "doc_url": null,
    "files": [
        {
            "attrs": {
                "arch": null,
                "build": "0",
                "build_number": 0,
                "depends": [
                    "openjdk >=8,<9",
                    "python"
                ],
                "has_prefix": false,
                "license": "MIT",
                "machine": null,
                "noarch": "generic",
                "operatingsystem": null,
                "platform": null,
                "subdir": "noarch",
                "target-triplet": "None-any-None",
                "timestamp": 1540479755483
            },
            "basename": "noarch/biopet-scatterregions-0.2-0.tar.bz2",
            "dependencies": {
                "depends": [
                    {
                        "name": "openjdk",
                        "specs": [
                            [
                                ">=",
                                "8,<9"
                            ]
                        ]
                    },
                    {
                        "name": "python",
                        "specs": []
                    }
                ]
            },
            "description": null,
            "distribution_type": "conda",
            "download_url": "//api.anaconda.org/download/bioconda/biopet-scatterregions/0.2/noarch/biopet-scatterregions-0.2-0.tar.bz2",
            "full_name": "bioconda/biopet-scatterregions/0.2/noarch/biopet-scatterregions-0.2-0.tar.bz2",
            "labels": [
                "main",
                "cf201901"
            ],
            "md5": "7538a09ad578fc90206d4320c4d047a2",
            "ndownloads": 415,
            "owner": "bioconda",
            "size": 31064122,
            "type": "conda",
            "upload_time": "2018-10-25 15:05:59.375000+00:00",
            "version": "0.2"
        },
        {
            "attrs": {
                "arch": null,
                "build": "0",
                "build_number": 0,
                "depends": [
                    "openjdk >=8,<9",
                    "python"
                ],
                "has_prefix": false,
                "license": "MIT",
                "machine": null,
                "noarch": "generic",
                "operatingsystem": null,
                "platform": null,
                "subdir": "noarch",
                "target-triplet": "None-any-None",
                "timestamp": 1529124547235
            },
            "basename": "noarch/biopet-scatterregions-0.1-0.tar.bz2",
            "dependencies": {
                "depends": [
                    {
                        "name": "openjdk",
                        "specs": [
                            [
                                ">=",
                                "8,<9"
                            ]
                        ]
                    },
                    {
                        "name": "python",
                        "specs": []
                    }
                ]
            },
            "description": null,
            "distribution_type": "conda",
            "download_url": "//api.anaconda.org/download/bioconda/biopet-scatterregions/0.1/noarch/biopet-scatterregions-0.1-0.tar.bz2",
            "full_name": "bioconda/biopet-scatterregions/0.1/noarch/biopet-scatterregions-0.1-0.tar.bz2",
            "labels": [
                "main",
                "cf201901"
            ],
            "md5": "5ecf6e4183af9f5c540c34e8b6f58513",
            "ndownloads": 221,
            "owner": "bioconda",
            "size": 18314419,
            "type": "conda",
            "upload_time": "2018-06-16 04:52:11.837000+00:00",
            "version": "0.1"
        }
    ],
    "full_name": "bioconda/biopet-scatterregions",
    "home": "https://github.com/biopet/scatterregions",
    "html_url": "http://anaconda.org/bioconda/biopet-scatterregions",
    "id": "5b24977b6de53511e646cc8f",
    "latest_version": "0.2",
    "license": "MIT",
    "license_url": null,
    "modified_at": "2018-10-25 15:06:00.477000+00:00",
    "name": "biopet-scatterregions",
    "owner": {
        "company": "",
        "created_at": "2015-09-11 22:59:20.880000+00:00",
        "description": "Bioconda is a distribution of bioinformatics software realized as a channel for the versatile Conda package manager.",
        "location": "",
        "login": "bioconda",
        "name": "bioconda",
        "url": "",
        "user_type": "org"
    },
    "package_types": [
        "conda"
    ],
    "public": true,
    "releases": [
        {
            "distributions": [],
            "full_name": "bioconda/biopet-scatterregions/0.1",
            "version": "0.1"
        },
        {
            "distributions": [],
            "full_name": "bioconda/biopet-scatterregions/0.2",
            "version": "0.2"
        }
    ],
    "revision": 4,
    "source_git_tag": null,
    "source_git_url": null,
    "summary": "This tool breaks a reference or bed file into smaller scatter regions of equal size.",
    "upvoted": 0,
    "url": "http://api.anaconda.org/packages/bioconda/biopet-scatterregions",
    "versions": [
        "0.1",
        "0.2"
    ],
    "watchers": 1
}