{
    "app_entry": {},
    "app_summary": {},
    "app_type": {},
    "builds": [
        "py_0",
        "py27_3",
        "py27_2",
        "py27_1",
        "py27_0"
    ],
    "conda_platforms": [
        "linux-64",
        "noarch"
    ],
    "created_at": "2018-05-04 02:32:40.201000+00:00",
    "description": "",
    "dev_url": null,
    "doc_url": null,
    "files": [
        {
            "attrs": {
                "arch": "x86_64",
                "build": "py27_1",
                "build_number": 1,
                "depends": [
                    "curl",
                    "docopt ==0.6.2",
                    "matplotlib ==2.0.2",
                    "openssl",
                    "python 2.7*",
                    "samtools ==1.5",
                    "ujson ==1.35"
                ],
                "has_prefix": true,
                "license": "GPLv3",
                "license_family": "GPL",
                "machine": "x86_64",
                "operatingsystem": "linux",
                "platform": "linux",
                "subdir": "linux-64",
                "target-triplet": "x86_64-any-linux"
            },
            "basename": "linux-64/blobtools-1.0.1-py27_1.tar.bz2",
            "dependencies": {
                "depends": [
                    {
                        "name": "curl",
                        "specs": []
                    },
                    {
                        "name": "docopt",
                        "specs": [
                            [
                                "==",
                                "0.6.2"
                            ]
                        ]
                    },
                    {
                        "name": "matplotlib",
                        "specs": [
                            [
                                "==",
                                "2.0.2"
                            ]
                        ]
                    },
                    {
                        "name": "openssl",
                        "specs": []
                    },
                    {
                        "name": "python",
                        "specs": [
                            [
                                "==",
                                "2.7"
                            ]
                        ]
                    },
                    {
                        "name": "samtools",
                        "specs": [
                            [
                                "==",
                                "1.5"
                            ]
                        ]
                    },
                    {
                        "name": "ujson",
                        "specs": [
                            [
                                "==",
                                "1.35"
                            ]
                        ]
                    }
                ]
            },
            "description": null,
            "distribution_type": "conda",
            "download_url": "//api.anaconda.org/download/bioconda/blobtools/1.0.1/linux-64/blobtools-1.0.1-py27_1.tar.bz2",
            "full_name": "bioconda/blobtools/1.0.1/linux-64/blobtools-1.0.1-py27_1.tar.bz2",
            "labels": [
                "main",
                "cf201901"
            ],
            "md5": "40b2c4f6ba125295ecc874155207fa98",
            "ndownloads": 514,
            "owner": "bioconda",
            "size": 9714596,
            "type": "conda",
            "upload_time": "2018-05-04 02:32:40.708000+00:00",
            "version": "1.0.1"
        },
        {
            "attrs": {
                "arch": "x86_64",
                "build": "py27_0",
                "build_number": 0,
                "depends": [
                    "curl",
                    "docopt",
                    "matplotlib",
                    "openssl",
                    "python 2.7*",
                    "samtools",
                    "ujson"
                ],
                "has_prefix": true,
                "license": "GPLv3",
                "license_family": "GPL",
                "machine": "x86_64",
                "operatingsystem": "linux",
                "platform": "linux",
                "subdir": "linux-64",
                "target-triplet": "x86_64-any-linux"
            },
            "basename": "linux-64/blobtools-1.0.1-py27_0.tar.bz2",
            "dependencies": {
                "depends": [
                    {
                        "name": "curl",
                        "specs": []
                    },
                    {
                        "name": "docopt",
                        "specs": []
                    },
                    {
                        "name": "matplotlib",
                        "specs": []
                    },
                    {
                        "name": "openssl",
                        "specs": []
                    },
                    {
                        "name": "python",
                        "specs": [
                            [
                                "==",
                                "2.7"
                            ]
                        ]
                    },
                    {
                        "name": "samtools",
                        "specs": []
                    },
                    {
                        "name": "ujson",
                        "specs": []
                    }
                ]
            },
            "description": null,
            "distribution_type": "conda",
            "download_url": "//api.anaconda.org/download/bioconda/blobtools/1.0.1/linux-64/blobtools-1.0.1-py27_0.tar.bz2",
            "full_name": "bioconda/blobtools/1.0.1/linux-64/blobtools-1.0.1-py27_0.tar.bz2",
            "labels": [
                "main",
                "cf201901"
            ],
            "md5": "76b28df91261a17843314a9091f9a4ae",
            "ndownloads": 142,
            "owner": "bioconda",
            "size": 9730149,
            "type": "conda",
            "upload_time": "2018-05-04 12:06:18.510000+00:00",
            "version": "1.0.1"
        },
        {
            "attrs": {
                "arch": "x86_64",
                "build": "py27_2",
                "build_number": 2,
                "depends": [
                    "curl",
                    "docopt",
                    "matplotlib",
                    "openssl",
                    "python 2.7*",
                    "samtools",
                    "ujson"
                ],
                "has_prefix": true,
                "license": "GPLv3",
                "license_family": "GPL",
                "machine": "x86_64",
                "operatingsystem": "linux",
                "platform": "linux",
                "subdir": "linux-64",
                "target-triplet": "x86_64-any-linux"
            },
            "basename": "linux-64/blobtools-1.0.1-py27_2.tar.bz2",
            "dependencies": {
                "depends": [
                    {
                        "name": "curl",
                        "specs": []
                    },
                    {
                        "name": "docopt",
                        "specs": []
                    },
                    {
                        "name": "matplotlib",
                        "specs": []
                    },
                    {
                        "name": "openssl",
                        "specs": []
                    },
                    {
                        "name": "python",
                        "specs": [
                            [
                                "==",
                                "2.7"
                            ]
                        ]
                    },
                    {
                        "name": "samtools",
                        "specs": []
                    },
                    {
                        "name": "ujson",
                        "specs": []
                    }
                ]
            },
            "description": null,
            "distribution_type": "conda",
            "download_url": "//api.anaconda.org/download/bioconda/blobtools/1.0.1/linux-64/blobtools-1.0.1-py27_2.tar.bz2",
            "full_name": "bioconda/blobtools/1.0.1/linux-64/blobtools-1.0.1-py27_2.tar.bz2",
            "labels": [
                "main",
                "cf201901"
            ],
            "md5": "4165b8e600f39e49d293d5a55967cca3",
            "ndownloads": 343,
            "owner": "bioconda",
            "size": 9729762,
            "type": "conda",
            "upload_time": "2018-05-21 10:54:43.913000+00:00",
            "version": "1.0.1"
        },
        {
            "attrs": {
                "arch": "x86_64",
                "build": "py27_3",
                "build_number": 3,
                "depends": [
                    "curl >=7.60.0,<8.0a0",
                    "docopt",
                    "matplotlib",
                    "openssl >=1.0.2o,<1.0.3a",
                    "python >=2.7,<2.8.0a0",
                    "samtools",
                    "ujson"
                ],
                "has_prefix": true,
                "license": "GPLv3",
                "license_family": "GPL",
                "machine": "x86_64",
                "operatingsystem": "linux",
                "platform": "linux",
                "subdir": "linux-64",
                "target-triplet": "x86_64-any-linux",
                "timestamp": 1529873299678
            },
            "basename": "linux-64/blobtools-1.0.1-py27_3.tar.bz2",
            "dependencies": {
                "depends": [
                    {
                        "name": "curl",
                        "specs": [
                            [
                                ">=",
                                "7.60.0,<8.0a0"
                            ]
                        ]
                    },
                    {
                        "name": "docopt",
                        "specs": []
                    },
                    {
                        "name": "matplotlib",
                        "specs": []
                    },
                    {
                        "name": "openssl",
                        "specs": [
                            [
                                ">=",
                                "1.0.2o,<1.0.3a"
                            ]
                        ]
                    },
                    {
                        "name": "python",
                        "specs": [
                            [
                                ">=",
                                "2.7,<2.8.0a0"
                            ]
                        ]
                    },
                    {
                        "name": "samtools",
                        "specs": []
                    },
                    {
                        "name": "ujson",
                        "specs": []
                    }
                ]
            },
            "description": null,
            "distribution_type": "conda",
            "download_url": "//api.anaconda.org/download/bioconda/blobtools/1.0.1/linux-64/blobtools-1.0.1-py27_3.tar.bz2",
            "full_name": "bioconda/blobtools/1.0.1/linux-64/blobtools-1.0.1-py27_3.tar.bz2",
            "labels": [
                "main",
                "cf201901"
            ],
            "md5": "91b0a6d96548a62d59e8f79268103315",
            "ndownloads": 804,
            "owner": "bioconda",
            "size": 9731883,
            "type": "conda",
            "upload_time": "2018-06-24 20:53:26.077000+00:00",
            "version": "1.0.1"
        },
        {
            "attrs": {
                "arch": null,
                "build": "py_0",
                "build_number": 0,
                "depends": [
                    "docopt",
                    "matplotlib",
                    "pysam",
                    "python >=3",
                    "pyyaml >=4.2b1",
                    "tqdm"
                ],
                "has_prefix": false,
                "license": "GPLv3",
                "license_family": "GPL",
                "machine": null,
                "noarch": "python",
                "operatingsystem": null,
                "platform": null,
                "subdir": "noarch",
                "target-triplet": "None-any-None",
                "timestamp": 1570438251648
            },
            "basename": "noarch/blobtools-1.1.1-py_0.tar.bz2",
            "dependencies": {
                "depends": [
                    {
                        "name": "docopt",
                        "specs": []
                    },
                    {
                        "name": "matplotlib",
                        "specs": []
                    },
                    {
                        "name": "pysam",
                        "specs": []
                    },
                    {
                        "name": "python",
                        "specs": [
                            [
                                ">=",
                                "3"
                            ]
                        ]
                    },
                    {
                        "name": "pyyaml",
                        "specs": [
                            [
                                ">=",
                                "4.2b1"
                            ]
                        ]
                    },
                    {
                        "name": "tqdm",
                        "specs": []
                    }
                ]
            },
            "description": null,
            "distribution_type": "conda",
            "download_url": "//api.anaconda.org/download/bioconda/blobtools/1.1.1/noarch/blobtools-1.1.1-py_0.tar.bz2",
            "full_name": "bioconda/blobtools/1.1.1/noarch/blobtools-1.1.1-py_0.tar.bz2",
            "labels": [
                "main"
            ],
            "md5": "af39a7976866596c542b43c9684ef143",
            "ndownloads": 39,
            "owner": "bioconda",
            "size": 56810,
            "type": "conda",
            "upload_time": "2019-10-07 08:55:02.659000+00:00",
            "version": "1.1.1"
        }
    ],
    "full_name": "bioconda/blobtools",
    "home": "https://blobtools.readme.io/docs/what-is-blobtools",
    "html_url": "http://anaconda.org/bioconda/blobtools",
    "id": "5aebc6488f21fa11f9f3eb91",
    "latest_version": "1.1.1",
    "license": "GPLv3",
    "license_url": null,
    "modified_at": "2019-10-07 08:55:02.959000+00:00",
    "name": "blobtools",
    "owner": {
        "company": "",
        "created_at": "2015-09-11 22:59:20.880000+00:00",
        "description": "Bioconda is a distribution of bioinformatics software realized as a channel for the versatile Conda package manager.",
        "location": "",
        "login": "bioconda",
        "name": "bioconda",
        "url": "",
        "user_type": "org"
    },
    "package_types": [
        "conda"
    ],
    "public": true,
    "releases": [
        {
            "distributions": [],
            "full_name": "bioconda/blobtools/1.0.1",
            "version": "1.0.1"
        },
        {
            "distributions": [],
            "full_name": "bioconda/blobtools/1.1.1",
            "version": "1.1.1"
        }
    ],
    "revision": 4,
    "source_git_tag": null,
    "source_git_url": null,
    "summary": "Modular command-line solution for visualisation, quality control and taxonomic partitioning of genome datasets",
    "upvoted": 0,
    "url": "http://api.anaconda.org/packages/bioconda/blobtools",
    "versions": [
        "1.0.1",
        "1.1.1"
    ],
    "watchers": 1
}