{
    "app_entry": {},
    "app_summary": {},
    "app_type": {},
    "builds": [
        "py37h516909a_5",
        "py36he651532_0",
        "py36h01d97ff_5",
        "py36h516909a_5",
        "py36h4c5857e_0",
        "py37hea0d0e9_0",
        "py37hf01694f_0",
        "py37h01d97ff_5",
        "py_0",
        "py_1",
        "py_2",
        "py_3",
        "py_4"
    ],
    "conda_platforms": [
        "linux-64",
        "osx-64",
        "noarch"
    ],
    "created_at": "2019-03-20 08:48:24.837000+00:00",
    "description": "",
    "dev_url": "https://github.com/zhangtaolab/Chorus2",
    "doc_url": "https://chorus2.readthedocs.io/en/dev/",
    "files": [
        {
            "attrs": {
                "arch": null,
                "build": "py_0",
                "build_number": 0,
                "depends": [
                    "bwa >=0.7.15",
                    "cython",
                    "jellyfish >=2.2.3",
                    "numpy",
                    "pandas",
                    "primer3-py >=0.4.2",
                    "pybigwig",
                    "pyfasta",
                    "python >=3"
                ],
                "has_prefix": false,
                "license": "MIT license",
                "machine": null,
                "noarch": "python",
                "operatingsystem": null,
                "platform": null,
                "subdir": "noarch",
                "target-triplet": "None-any-None",
                "timestamp": 1553071507267
            },
            "basename": "noarch/chorus2-2.0-py_0.tar.bz2",
            "dependencies": {
                "depends": [
                    {
                        "name": "bwa",
                        "specs": [
                            [
                                ">=",
                                "0.7.15"
                            ]
                        ]
                    },
                    {
                        "name": "cython",
                        "specs": []
                    },
                    {
                        "name": "jellyfish",
                        "specs": [
                            [
                                ">=",
                                "2.2.3"
                            ]
                        ]
                    },
                    {
                        "name": "numpy",
                        "specs": []
                    },
                    {
                        "name": "pandas",
                        "specs": []
                    },
                    {
                        "name": "primer3-py",
                        "specs": [
                            [
                                ">=",
                                "0.4.2"
                            ]
                        ]
                    },
                    {
                        "name": "pybigwig",
                        "specs": []
                    },
                    {
                        "name": "pyfasta",
                        "specs": []
                    },
                    {
                        "name": "python",
                        "specs": [
                            [
                                ">=",
                                "3"
                            ]
                        ]
                    }
                ]
            },
            "description": null,
            "distribution_type": "conda",
            "download_url": "//api.anaconda.org/download/bioconda/chorus2/2.0/noarch/chorus2-2.0-py_0.tar.bz2",
            "full_name": "bioconda/chorus2/2.0/noarch/chorus2-2.0-py_0.tar.bz2",
            "labels": [
                "main"
            ],
            "md5": "35cda1de9f7111be1beb508aacae67b7",
            "ndownloads": 99,
            "owner": "bioconda",
            "size": 41580,
            "type": "conda",
            "upload_time": "2019-03-20 08:48:25.528000+00:00",
            "version": "2.0"
        },
        {
            "attrs": {
                "arch": null,
                "build": "py_1",
                "build_number": 1,
                "depends": [
                    "bwa >=0.7.15",
                    "cython",
                    "jellyfish >=2.2.3",
                    "matplotlib",
                    "numpy",
                    "pandas",
                    "primer3-py >=0.4.2",
                    "pybigwig",
                    "pyfasta",
                    "pyqt <5.11",
                    "python >=3",
                    "sip >=4"
                ],
                "has_prefix": false,
                "license": "MIT license",
                "machine": null,
                "noarch": "python",
                "operatingsystem": null,
                "platform": null,
                "subdir": "noarch",
                "target-triplet": "None-any-None",
                "timestamp": 1553239713342
            },
            "basename": "noarch/chorus2-2.0-py_1.tar.bz2",
            "dependencies": {
                "depends": [
                    {
                        "name": "bwa",
                        "specs": [
                            [
                                ">=",
                                "0.7.15"
                            ]
                        ]
                    },
                    {
                        "name": "cython",
                        "specs": []
                    },
                    {
                        "name": "jellyfish",
                        "specs": [
                            [
                                ">=",
                                "2.2.3"
                            ]
                        ]
                    },
                    {
                        "name": "matplotlib",
                        "specs": []
                    },
                    {
                        "name": "numpy",
                        "specs": []
                    },
                    {
                        "name": "pandas",
                        "specs": []
                    },
                    {
                        "name": "primer3-py",
                        "specs": [
                            [
                                ">=",
                                "0.4.2"
                            ]
                        ]
                    },
                    {
                        "name": "pybigwig",
                        "specs": []
                    },
                    {
                        "name": "pyfasta",
                        "specs": []
                    },
                    {
                        "name": "pyqt",
                        "specs": [
                            [
                                "<",
                                "5.11"
                            ]
                        ]
                    },
                    {
                        "name": "python",
                        "specs": [
                            [
                                ">=",
                                "3"
                            ]
                        ]
                    },
                    {
                        "name": "sip",
                        "specs": [
                            [
                                ">=",
                                "4"
                            ]
                        ]
                    }
                ]
            },
            "description": null,
            "distribution_type": "conda",
            "download_url": "//api.anaconda.org/download/bioconda/chorus2/2.0/noarch/chorus2-2.0-py_1.tar.bz2",
            "full_name": "bioconda/chorus2/2.0/noarch/chorus2-2.0-py_1.tar.bz2",
            "labels": [
                "main"
            ],
            "md5": "5386b1f0c8ea8b9a859f8cd10f4b177e",
            "ndownloads": 98,
            "owner": "bioconda",
            "size": 41513,
            "type": "conda",
            "upload_time": "2019-03-22 07:33:26.260000+00:00",
            "version": "2.0"
        },
        {
            "attrs": {
                "arch": null,
                "build": "py_2",
                "build_number": 2,
                "depends": [
                    "bwa >=0.7.15",
                    "cython",
                    "jellyfish >=2.2.3",
                    "matplotlib >=3",
                    "numpy",
                    "pandas",
                    "primer3-py >=0.4.2",
                    "pybigwig",
                    "pyfasta",
                    "pyqt <5.11",
                    "python >=3",
                    "sip >=4"
                ],
                "has_prefix": false,
                "license": "MIT license",
                "machine": null,
                "noarch": "python",
                "operatingsystem": null,
                "platform": null,
                "subdir": "noarch",
                "target-triplet": "None-any-None",
                "timestamp": 1553259575339
            },
            "basename": "noarch/chorus2-2.0-py_2.tar.bz2",
            "dependencies": {
                "depends": [
                    {
                        "name": "bwa",
                        "specs": [
                            [
                                ">=",
                                "0.7.15"
                            ]
                        ]
                    },
                    {
                        "name": "cython",
                        "specs": []
                    },
                    {
                        "name": "jellyfish",
                        "specs": [
                            [
                                ">=",
                                "2.2.3"
                            ]
                        ]
                    },
                    {
                        "name": "matplotlib",
                        "specs": [
                            [
                                ">=",
                                "3"
                            ]
                        ]
                    },
                    {
                        "name": "numpy",
                        "specs": []
                    },
                    {
                        "name": "pandas",
                        "specs": []
                    },
                    {
                        "name": "primer3-py",
                        "specs": [
                            [
                                ">=",
                                "0.4.2"
                            ]
                        ]
                    },
                    {
                        "name": "pybigwig",
                        "specs": []
                    },
                    {
                        "name": "pyfasta",
                        "specs": []
                    },
                    {
                        "name": "pyqt",
                        "specs": [
                            [
                                "<",
                                "5.11"
                            ]
                        ]
                    },
                    {
                        "name": "python",
                        "specs": [
                            [
                                ">=",
                                "3"
                            ]
                        ]
                    },
                    {
                        "name": "sip",
                        "specs": [
                            [
                                ">=",
                                "4"
                            ]
                        ]
                    }
                ]
            },
            "description": null,
            "distribution_type": "conda",
            "download_url": "//api.anaconda.org/download/bioconda/chorus2/2.0/noarch/chorus2-2.0-py_2.tar.bz2",
            "full_name": "bioconda/chorus2/2.0/noarch/chorus2-2.0-py_2.tar.bz2",
            "labels": [
                "main"
            ],
            "md5": "b2e8edf3eb958d2d1cd00076cb88c9c8",
            "ndownloads": 98,
            "owner": "bioconda",
            "size": 54301,
            "type": "conda",
            "upload_time": "2019-03-22 13:04:32.114000+00:00",
            "version": "2.0"
        },
        {
            "attrs": {
                "arch": null,
                "build": "py_3",
                "build_number": 3,
                "depends": [
                    "bwa >=0.7.15",
                    "cython",
                    "jellyfish >=2.2.3",
                    "matplotlib >=3",
                    "numpy",
                    "pandas",
                    "primer3-py >=0.4.2",
                    "pybigwig",
                    "pyfasta",
                    "pyqt <5.11",
                    "python >=3",
                    "sip >=4"
                ],
                "has_prefix": false,
                "license": "MIT license",
                "machine": null,
                "noarch": "python",
                "operatingsystem": null,
                "platform": null,
                "subdir": "noarch",
                "target-triplet": "None-any-None",
                "timestamp": 1553340675917
            },
            "basename": "noarch/chorus2-2.0-py_3.tar.bz2",
            "dependencies": {
                "depends": [
                    {
                        "name": "bwa",
                        "specs": [
                            [
                                ">=",
                                "0.7.15"
                            ]
                        ]
                    },
                    {
                        "name": "cython",
                        "specs": []
                    },
                    {
                        "name": "jellyfish",
                        "specs": [
                            [
                                ">=",
                                "2.2.3"
                            ]
                        ]
                    },
                    {
                        "name": "matplotlib",
                        "specs": [
                            [
                                ">=",
                                "3"
                            ]
                        ]
                    },
                    {
                        "name": "numpy",
                        "specs": []
                    },
                    {
                        "name": "pandas",
                        "specs": []
                    },
                    {
                        "name": "primer3-py",
                        "specs": [
                            [
                                ">=",
                                "0.4.2"
                            ]
                        ]
                    },
                    {
                        "name": "pybigwig",
                        "specs": []
                    },
                    {
                        "name": "pyfasta",
                        "specs": []
                    },
                    {
                        "name": "pyqt",
                        "specs": [
                            [
                                "<",
                                "5.11"
                            ]
                        ]
                    },
                    {
                        "name": "python",
                        "specs": [
                            [
                                ">=",
                                "3"
                            ]
                        ]
                    },
                    {
                        "name": "sip",
                        "specs": [
                            [
                                ">=",
                                "4"
                            ]
                        ]
                    }
                ]
            },
            "description": null,
            "distribution_type": "conda",
            "download_url": "//api.anaconda.org/download/bioconda/chorus2/2.0/noarch/chorus2-2.0-py_3.tar.bz2",
            "full_name": "bioconda/chorus2/2.0/noarch/chorus2-2.0-py_3.tar.bz2",
            "labels": [
                "main"
            ],
            "md5": "1eb7010860c7566734a0f262a40215fa",
            "ndownloads": 99,
            "owner": "bioconda",
            "size": 54347,
            "type": "conda",
            "upload_time": "2019-03-23 11:36:10.830000+00:00",
            "version": "2.0"
        },
        {
            "attrs": {
                "arch": null,
                "build": "py_4",
                "build_number": 4,
                "depends": [
                    "bwa <=0.7.8",
                    "bwa >=0.7.3a",
                    "cython",
                    "jellyfish >=2.2.3",
                    "matplotlib >=3",
                    "numpy",
                    "pandas",
                    "primer3-py >=0.4.2",
                    "pybigwig",
                    "pyfasta",
                    "pyqt <5.11",
                    "python >=3",
                    "sip >=4"
                ],
                "has_prefix": false,
                "license": "MIT license",
                "machine": null,
                "noarch": "python",
                "operatingsystem": null,
                "platform": null,
                "subdir": "noarch",
                "target-triplet": "None-any-None",
                "timestamp": 1553570478120
            },
            "basename": "noarch/chorus2-2.0-py_4.tar.bz2",
            "dependencies": {
                "depends": [
                    {
                        "name": "bwa",
                        "specs": [
                            [
                                "<=",
                                "0.7.8"
                            ]
                        ]
                    },
                    {
                        "name": "bwa",
                        "specs": [
                            [
                                ">=",
                                "0.7.3a"
                            ]
                        ]
                    },
                    {
                        "name": "cython",
                        "specs": []
                    },
                    {
                        "name": "jellyfish",
                        "specs": [
                            [
                                ">=",
                                "2.2.3"
                            ]
                        ]
                    },
                    {
                        "name": "matplotlib",
                        "specs": [
                            [
                                ">=",
                                "3"
                            ]
                        ]
                    },
                    {
                        "name": "numpy",
                        "specs": []
                    },
                    {
                        "name": "pandas",
                        "specs": []
                    },
                    {
                        "name": "primer3-py",
                        "specs": [
                            [
                                ">=",
                                "0.4.2"
                            ]
                        ]
                    },
                    {
                        "name": "pybigwig",
                        "specs": []
                    },
                    {
                        "name": "pyfasta",
                        "specs": []
                    },
                    {
                        "name": "pyqt",
                        "specs": [
                            [
                                "<",
                                "5.11"
                            ]
                        ]
                    },
                    {
                        "name": "python",
                        "specs": [
                            [
                                ">=",
                                "3"
                            ]
                        ]
                    },
                    {
                        "name": "sip",
                        "specs": [
                            [
                                ">=",
                                "4"
                            ]
                        ]
                    }
                ]
            },
            "description": null,
            "distribution_type": "conda",
            "download_url": "//api.anaconda.org/download/bioconda/chorus2/2.0/noarch/chorus2-2.0-py_4.tar.bz2",
            "full_name": "bioconda/chorus2/2.0/noarch/chorus2-2.0-py_4.tar.bz2",
            "labels": [
                "main"
            ],
            "md5": "c999e8cacb08d8ad583671aab1f7d6f6",
            "ndownloads": 91,
            "owner": "bioconda",
            "size": 54400,
            "type": "conda",
            "upload_time": "2019-03-26 03:26:08.068000+00:00",
            "version": "2.0"
        },
        {
            "attrs": {
                "arch": "x86_64",
                "build": "py36h01d97ff_5",
                "build_number": 5,
                "depends": [
                    "bwa <=0.7.8",
                    "bwa >=0.7.3a",
                    "kmer-jellyfish 2.*",
                    "matplotlib >=3",
                    "numpy",
                    "pandas",
                    "primer3-py >=0.4.2",
                    "pybigwig",
                    "pyfasta",
                    "pyqt <5.11",
                    "python >=3.6,<3.7.0a0",
                    "sip >=4"
                ],
                "has_prefix": true,
                "license": "MIT license",
                "machine": "x86_64",
                "operatingsystem": "darwin",
                "platform": "osx",
                "subdir": "osx-64",
                "target-triplet": "x86_64-any-darwin",
                "timestamp": 1570858510105
            },
            "basename": "osx-64/chorus2-2.0-py36h01d97ff_5.tar.bz2",
            "dependencies": {
                "depends": [
                    {
                        "name": "bwa",
                        "specs": [
                            [
                                "<=",
                                "0.7.8"
                            ]
                        ]
                    },
                    {
                        "name": "bwa",
                        "specs": [
                            [
                                ">=",
                                "0.7.3a"
                            ]
                        ]
                    },
                    {
                        "name": "kmer-jellyfish",
                        "specs": [
                            [
                                "==",
                                "2."
                            ]
                        ]
                    },
                    {
                        "name": "matplotlib",
                        "specs": [
                            [
                                ">=",
                                "3"
                            ]
                        ]
                    },
                    {
                        "name": "numpy",
                        "specs": []
                    },
                    {
                        "name": "pandas",
                        "specs": []
                    },
                    {
                        "name": "primer3-py",
                        "specs": [
                            [
                                ">=",
                                "0.4.2"
                            ]
                        ]
                    },
                    {
                        "name": "pybigwig",
                        "specs": []
                    },
                    {
                        "name": "pyfasta",
                        "specs": []
                    },
                    {
                        "name": "pyqt",
                        "specs": [
                            [
                                "<",
                                "5.11"
                            ]
                        ]
                    },
                    {
                        "name": "python",
                        "specs": [
                            [
                                ">=",
                                "3.6,<3.7.0a0"
                            ]
                        ]
                    },
                    {
                        "name": "sip",
                        "specs": [
                            [
                                ">=",
                                "4"
                            ]
                        ]
                    }
                ]
            },
            "description": null,
            "distribution_type": "conda",
            "download_url": "//api.anaconda.org/download/bioconda/chorus2/2.0/osx-64/chorus2-2.0-py36h01d97ff_5.tar.bz2",
            "full_name": "bioconda/chorus2/2.0/osx-64/chorus2-2.0-py36h01d97ff_5.tar.bz2",
            "labels": [
                "main"
            ],
            "md5": "52a6cd86dd7c6592236253af0d0e0c13",
            "ndownloads": 16,
            "owner": "bioconda",
            "size": 102930,
            "type": "conda",
            "upload_time": "2019-10-12 05:36:20.128000+00:00",
            "version": "2.0"
        },
        {
            "attrs": {
                "arch": "x86_64",
                "build": "py36h516909a_5",
                "build_number": 5,
                "depends": [
                    "bwa <=0.7.8",
                    "bwa >=0.7.3a",
                    "kmer-jellyfish 2.*",
                    "libgcc-ng >=7.3.0",
                    "matplotlib >=3",
                    "numpy",
                    "pandas",
                    "primer3-py >=0.4.2",
                    "pybigwig",
                    "pyfasta",
                    "pyqt <5.11",
                    "python >=3.6,<3.7.0a0",
                    "sip >=4"
                ],
                "has_prefix": true,
                "license": "MIT license",
                "machine": "x86_64",
                "operatingsystem": "linux",
                "platform": "linux",
                "subdir": "linux-64",
                "target-triplet": "x86_64-any-linux",
                "timestamp": 1570858056241
            },
            "basename": "linux-64/chorus2-2.0-py36h516909a_5.tar.bz2",
            "dependencies": {
                "depends": [
                    {
                        "name": "bwa",
                        "specs": [
                            [
                                "<=",
                                "0.7.8"
                            ]
                        ]
                    },
                    {
                        "name": "bwa",
                        "specs": [
                            [
                                ">=",
                                "0.7.3a"
                            ]
                        ]
                    },
                    {
                        "name": "kmer-jellyfish",
                        "specs": [
                            [
                                "==",
                                "2."
                            ]
                        ]
                    },
                    {
                        "name": "libgcc-ng",
                        "specs": [
                            [
                                ">=",
                                "7.3.0"
                            ]
                        ]
                    },
                    {
                        "name": "matplotlib",
                        "specs": [
                            [
                                ">=",
                                "3"
                            ]
                        ]
                    },
                    {
                        "name": "numpy",
                        "specs": []
                    },
                    {
                        "name": "pandas",
                        "specs": []
                    },
                    {
                        "name": "primer3-py",
                        "specs": [
                            [
                                ">=",
                                "0.4.2"
                            ]
                        ]
                    },
                    {
                        "name": "pybigwig",
                        "specs": []
                    },
                    {
                        "name": "pyfasta",
                        "specs": []
                    },
                    {
                        "name": "pyqt",
                        "specs": [
                            [
                                "<",
                                "5.11"
                            ]
                        ]
                    },
                    {
                        "name": "python",
                        "specs": [
                            [
                                ">=",
                                "3.6,<3.7.0a0"
                            ]
                        ]
                    },
                    {
                        "name": "sip",
                        "specs": [
                            [
                                ">=",
                                "4"
                            ]
                        ]
                    }
                ]
            },
            "description": null,
            "distribution_type": "conda",
            "download_url": "//api.anaconda.org/download/bioconda/chorus2/2.0/linux-64/chorus2-2.0-py36h516909a_5.tar.bz2",
            "full_name": "bioconda/chorus2/2.0/linux-64/chorus2-2.0-py36h516909a_5.tar.bz2",
            "labels": [
                "main"
            ],
            "md5": "d83d9e35b03efc187daaba6084f4f7e9",
            "ndownloads": 50,
            "owner": "bioconda",
            "size": 103000,
            "type": "conda",
            "upload_time": "2019-10-12 05:37:34.472000+00:00",
            "version": "2.0"
        },
        {
            "attrs": {
                "arch": "x86_64",
                "build": "py37h516909a_5",
                "build_number": 5,
                "depends": [
                    "bwa <=0.7.8",
                    "bwa >=0.7.3a",
                    "kmer-jellyfish 2.*",
                    "libgcc-ng >=7.3.0",
                    "matplotlib >=3",
                    "numpy",
                    "pandas",
                    "primer3-py >=0.4.2",
                    "pybigwig",
                    "pyfasta",
                    "pyqt <5.11",
                    "python >=3.7,<3.8.0a0",
                    "sip >=4"
                ],
                "has_prefix": true,
                "license": "MIT license",
                "machine": "x86_64",
                "operatingsystem": "linux",
                "platform": "linux",
                "subdir": "linux-64",
                "target-triplet": "x86_64-any-linux",
                "timestamp": 1570858195445
            },
            "basename": "linux-64/chorus2-2.0-py37h516909a_5.tar.bz2",
            "dependencies": {
                "depends": [
                    {
                        "name": "bwa",
                        "specs": [
                            [
                                "<=",
                                "0.7.8"
                            ]
                        ]
                    },
                    {
                        "name": "bwa",
                        "specs": [
                            [
                                ">=",
                                "0.7.3a"
                            ]
                        ]
                    },
                    {
                        "name": "kmer-jellyfish",
                        "specs": [
                            [
                                "==",
                                "2."
                            ]
                        ]
                    },
                    {
                        "name": "libgcc-ng",
                        "specs": [
                            [
                                ">=",
                                "7.3.0"
                            ]
                        ]
                    },
                    {
                        "name": "matplotlib",
                        "specs": [
                            [
                                ">=",
                                "3"
                            ]
                        ]
                    },
                    {
                        "name": "numpy",
                        "specs": []
                    },
                    {
                        "name": "pandas",
                        "specs": []
                    },
                    {
                        "name": "primer3-py",
                        "specs": [
                            [
                                ">=",
                                "0.4.2"
                            ]
                        ]
                    },
                    {
                        "name": "pybigwig",
                        "specs": []
                    },
                    {
                        "name": "pyfasta",
                        "specs": []
                    },
                    {
                        "name": "pyqt",
                        "specs": [
                            [
                                "<",
                                "5.11"
                            ]
                        ]
                    },
                    {
                        "name": "python",
                        "specs": [
                            [
                                ">=",
                                "3.7,<3.8.0a0"
                            ]
                        ]
                    },
                    {
                        "name": "sip",
                        "specs": [
                            [
                                ">=",
                                "4"
                            ]
                        ]
                    }
                ]
            },
            "description": null,
            "distribution_type": "conda",
            "download_url": "//api.anaconda.org/download/bioconda/chorus2/2.0/linux-64/chorus2-2.0-py37h516909a_5.tar.bz2",
            "full_name": "bioconda/chorus2/2.0/linux-64/chorus2-2.0-py37h516909a_5.tar.bz2",
            "labels": [
                "main"
            ],
            "md5": "bee7c0037befad6ca6e6b59876a0a1c6",
            "ndownloads": 45,
            "owner": "bioconda",
            "size": 103477,
            "type": "conda",
            "upload_time": "2019-10-12 05:37:31.916000+00:00",
            "version": "2.0"
        },
        {
            "attrs": {
                "arch": "x86_64",
                "build": "py37h01d97ff_5",
                "build_number": 5,
                "depends": [
                    "bwa <=0.7.8",
                    "bwa >=0.7.3a",
                    "kmer-jellyfish 2.*",
                    "matplotlib >=3",
                    "numpy",
                    "pandas",
                    "primer3-py >=0.4.2",
                    "pybigwig",
                    "pyfasta",
                    "pyqt <5.11",
                    "python >=3.7,<3.8.0a0",
                    "sip >=4"
                ],
                "has_prefix": true,
                "license": "MIT license",
                "machine": "x86_64",
                "operatingsystem": "darwin",
                "platform": "osx",
                "subdir": "osx-64",
                "target-triplet": "x86_64-any-darwin",
                "timestamp": 1570858353691
            },
            "basename": "osx-64/chorus2-2.0-py37h01d97ff_5.tar.bz2",
            "dependencies": {
                "depends": [
                    {
                        "name": "bwa",
                        "specs": [
                            [
                                "<=",
                                "0.7.8"
                            ]
                        ]
                    },
                    {
                        "name": "bwa",
                        "specs": [
                            [
                                ">=",
                                "0.7.3a"
                            ]
                        ]
                    },
                    {
                        "name": "kmer-jellyfish",
                        "specs": [
                            [
                                "==",
                                "2."
                            ]
                        ]
                    },
                    {
                        "name": "matplotlib",
                        "specs": [
                            [
                                ">=",
                                "3"
                            ]
                        ]
                    },
                    {
                        "name": "numpy",
                        "specs": []
                    },
                    {
                        "name": "pandas",
                        "specs": []
                    },
                    {
                        "name": "primer3-py",
                        "specs": [
                            [
                                ">=",
                                "0.4.2"
                            ]
                        ]
                    },
                    {
                        "name": "pybigwig",
                        "specs": []
                    },
                    {
                        "name": "pyfasta",
                        "specs": []
                    },
                    {
                        "name": "pyqt",
                        "specs": [
                            [
                                "<",
                                "5.11"
                            ]
                        ]
                    },
                    {
                        "name": "python",
                        "specs": [
                            [
                                ">=",
                                "3.7,<3.8.0a0"
                            ]
                        ]
                    },
                    {
                        "name": "sip",
                        "specs": [
                            [
                                ">=",
                                "4"
                            ]
                        ]
                    }
                ]
            },
            "description": null,
            "distribution_type": "conda",
            "download_url": "//api.anaconda.org/download/bioconda/chorus2/2.0/osx-64/chorus2-2.0-py37h01d97ff_5.tar.bz2",
            "full_name": "bioconda/chorus2/2.0/osx-64/chorus2-2.0-py37h01d97ff_5.tar.bz2",
            "labels": [
                "main"
            ],
            "md5": "8961782ef9d0deda5a2fdef8e0d3ee41",
            "ndownloads": 654,
            "owner": "bioconda",
            "size": 103390,
            "type": "conda",
            "upload_time": "2019-10-12 05:36:16.500000+00:00",
            "version": "2.0"
        },
        {
            "attrs": {
                "arch": "x86_64",
                "build": "py37hea0d0e9_0",
                "build_number": 0,
                "depends": [
                    "bcftools",
                    "bwa <=0.7.8",
                    "bwa >=0.7.3a",
                    "kmer-jellyfish 2.*",
                    "matplotlib-base >=3",
                    "numpy",
                    "pandas",
                    "primer3-py >=0.4.2",
                    "pybedtools",
                    "pybigwig",
                    "pyfasta",
                    "pyqt <5.11",
                    "python >=3.7,<3.8.0a0",
                    "python_abi 3.7.* *_cp37m",
                    "samtools",
                    "sip >=4"
                ],
                "has_prefix": true,
                "license": "MIT license",
                "machine": "x86_64",
                "operatingsystem": "darwin",
                "platform": "osx",
                "subdir": "osx-64",
                "target-triplet": "x86_64-any-darwin",
                "timestamp": 1595172955453
            },
            "basename": "osx-64/chorus2-2.0.1-py37hea0d0e9_0.tar.bz2",
            "dependencies": {
                "depends": [
                    {
                        "name": "bcftools",
                        "specs": []
                    },
                    {
                        "name": "bwa",
                        "specs": [
                            [
                                "<=",
                                "0.7.8"
                            ]
                        ]
                    },
                    {
                        "name": "bwa",
                        "specs": [
                            [
                                ">=",
                                "0.7.3a"
                            ]
                        ]
                    },
                    {
                        "name": "kmer-jellyfish",
                        "specs": [
                            [
                                "==",
                                "2."
                            ]
                        ]
                    },
                    {
                        "name": "matplotlib-base",
                        "specs": [
                            [
                                ">=",
                                "3"
                            ]
                        ]
                    },
                    {
                        "name": "numpy",
                        "specs": []
                    },
                    {
                        "name": "pandas",
                        "specs": []
                    },
                    {
                        "name": "primer3-py",
                        "specs": [
                            [
                                ">=",
                                "0.4.2"
                            ]
                        ]
                    },
                    {
                        "name": "pybedtools",
                        "specs": []
                    },
                    {
                        "name": "pybigwig",
                        "specs": []
                    },
                    {
                        "name": "pyfasta",
                        "specs": []
                    },
                    {
                        "name": "pyqt",
                        "specs": [
                            [
                                "<",
                                "5.11"
                            ]
                        ]
                    },
                    {
                        "name": "python",
                        "specs": [
                            [
                                ">=",
                                "3.7,<3.8.0a0"
                            ]
                        ]
                    },
                    {
                        "name": "python_abi",
                        "specs": [
                            [
                                "==",
                                "3.7.* *_cp37m"
                            ]
                        ]
                    },
                    {
                        "name": "samtools",
                        "specs": []
                    },
                    {
                        "name": "sip",
                        "specs": [
                            [
                                ">=",
                                "4"
                            ]
                        ]
                    }
                ]
            },
            "description": null,
            "distribution_type": "conda",
            "download_url": "//api.anaconda.org/download/bioconda/chorus2/2.0.1/osx-64/chorus2-2.0.1-py37hea0d0e9_0.tar.bz2",
            "full_name": "bioconda/chorus2/2.0.1/osx-64/chorus2-2.0.1-py37hea0d0e9_0.tar.bz2",
            "labels": [
                "main"
            ],
            "md5": "2933ce41f373db5e9b2e5daf7780bf28",
            "ndownloads": 37,
            "owner": "bioconda",
            "size": 120825,
            "type": "conda",
            "upload_time": "2020-07-19 15:37:11.219000+00:00",
            "version": "2.0.1"
        },
        {
            "attrs": {
                "arch": "x86_64",
                "build": "py36he651532_0",
                "build_number": 0,
                "depends": [
                    "bcftools",
                    "bwa <=0.7.8",
                    "bwa >=0.7.3a",
                    "kmer-jellyfish 2.*",
                    "matplotlib-base >=3",
                    "numpy",
                    "pandas",
                    "primer3-py >=0.4.2",
                    "pybedtools",
                    "pybigwig",
                    "pyfasta",
                    "pyqt <5.11",
                    "python >=3.6,<3.7.0a0",
                    "python_abi 3.6.* *_cp36m",
                    "samtools",
                    "sip >=4"
                ],
                "has_prefix": true,
                "license": "MIT license",
                "machine": "x86_64",
                "operatingsystem": "darwin",
                "platform": "osx",
                "subdir": "osx-64",
                "target-triplet": "x86_64-any-darwin",
                "timestamp": 1595172765882
            },
            "basename": "osx-64/chorus2-2.0.1-py36he651532_0.tar.bz2",
            "dependencies": {
                "depends": [
                    {
                        "name": "bcftools",
                        "specs": []
                    },
                    {
                        "name": "bwa",
                        "specs": [
                            [
                                "<=",
                                "0.7.8"
                            ]
                        ]
                    },
                    {
                        "name": "bwa",
                        "specs": [
                            [
                                ">=",
                                "0.7.3a"
                            ]
                        ]
                    },
                    {
                        "name": "kmer-jellyfish",
                        "specs": [
                            [
                                "==",
                                "2."
                            ]
                        ]
                    },
                    {
                        "name": "matplotlib-base",
                        "specs": [
                            [
                                ">=",
                                "3"
                            ]
                        ]
                    },
                    {
                        "name": "numpy",
                        "specs": []
                    },
                    {
                        "name": "pandas",
                        "specs": []
                    },
                    {
                        "name": "primer3-py",
                        "specs": [
                            [
                                ">=",
                                "0.4.2"
                            ]
                        ]
                    },
                    {
                        "name": "pybedtools",
                        "specs": []
                    },
                    {
                        "name": "pybigwig",
                        "specs": []
                    },
                    {
                        "name": "pyfasta",
                        "specs": []
                    },
                    {
                        "name": "pyqt",
                        "specs": [
                            [
                                "<",
                                "5.11"
                            ]
                        ]
                    },
                    {
                        "name": "python",
                        "specs": [
                            [
                                ">=",
                                "3.6,<3.7.0a0"
                            ]
                        ]
                    },
                    {
                        "name": "python_abi",
                        "specs": [
                            [
                                "==",
                                "3.6.* *_cp36m"
                            ]
                        ]
                    },
                    {
                        "name": "samtools",
                        "specs": []
                    },
                    {
                        "name": "sip",
                        "specs": [
                            [
                                ">=",
                                "4"
                            ]
                        ]
                    }
                ]
            },
            "description": null,
            "distribution_type": "conda",
            "download_url": "//api.anaconda.org/download/bioconda/chorus2/2.0.1/osx-64/chorus2-2.0.1-py36he651532_0.tar.bz2",
            "full_name": "bioconda/chorus2/2.0.1/osx-64/chorus2-2.0.1-py36he651532_0.tar.bz2",
            "labels": [
                "main"
            ],
            "md5": "2c99348f4f3d8671b7537279fce433db",
            "ndownloads": 6,
            "owner": "bioconda",
            "size": 121242,
            "type": "conda",
            "upload_time": "2020-07-19 15:37:14.214000+00:00",
            "version": "2.0.1"
        },
        {
            "attrs": {
                "arch": "x86_64",
                "build": "py36h4c5857e_0",
                "build_number": 0,
                "depends": [
                    "bcftools",
                    "bwa <=0.7.8",
                    "bwa >=0.7.3a",
                    "kmer-jellyfish 2.*",
                    "libgcc-ng >=7.5.0",
                    "matplotlib-base >=3",
                    "numpy",
                    "pandas",
                    "primer3-py >=0.4.2",
                    "pybedtools",
                    "pybigwig",
                    "pyfasta",
                    "pyqt <5.11",
                    "python >=3.6,<3.7.0a0",
                    "python_abi 3.6.* *_cp36m",
                    "samtools",
                    "sip >=4"
                ],
                "has_prefix": true,
                "license": "MIT license",
                "machine": "x86_64",
                "operatingsystem": "linux",
                "platform": "linux",
                "subdir": "linux-64",
                "target-triplet": "x86_64-any-linux",
                "timestamp": 1595172743083
            },
            "basename": "linux-64/chorus2-2.0.1-py36h4c5857e_0.tar.bz2",
            "dependencies": {
                "depends": [
                    {
                        "name": "bcftools",
                        "specs": []
                    },
                    {
                        "name": "bwa",
                        "specs": [
                            [
                                "<=",
                                "0.7.8"
                            ]
                        ]
                    },
                    {
                        "name": "bwa",
                        "specs": [
                            [
                                ">=",
                                "0.7.3a"
                            ]
                        ]
                    },
                    {
                        "name": "kmer-jellyfish",
                        "specs": [
                            [
                                "==",
                                "2."
                            ]
                        ]
                    },
                    {
                        "name": "libgcc-ng",
                        "specs": [
                            [
                                ">=",
                                "7.5.0"
                            ]
                        ]
                    },
                    {
                        "name": "matplotlib-base",
                        "specs": [
                            [
                                ">=",
                                "3"
                            ]
                        ]
                    },
                    {
                        "name": "numpy",
                        "specs": []
                    },
                    {
                        "name": "pandas",
                        "specs": []
                    },
                    {
                        "name": "primer3-py",
                        "specs": [
                            [
                                ">=",
                                "0.4.2"
                            ]
                        ]
                    },
                    {
                        "name": "pybedtools",
                        "specs": []
                    },
                    {
                        "name": "pybigwig",
                        "specs": []
                    },
                    {
                        "name": "pyfasta",
                        "specs": []
                    },
                    {
                        "name": "pyqt",
                        "specs": [
                            [
                                "<",
                                "5.11"
                            ]
                        ]
                    },
                    {
                        "name": "python",
                        "specs": [
                            [
                                ">=",
                                "3.6,<3.7.0a0"
                            ]
                        ]
                    },
                    {
                        "name": "python_abi",
                        "specs": [
                            [
                                "==",
                                "3.6.* *_cp36m"
                            ]
                        ]
                    },
                    {
                        "name": "samtools",
                        "specs": []
                    },
                    {
                        "name": "sip",
                        "specs": [
                            [
                                ">=",
                                "4"
                            ]
                        ]
                    }
                ]
            },
            "description": null,
            "distribution_type": "conda",
            "download_url": "//api.anaconda.org/download/bioconda/chorus2/2.0.1/linux-64/chorus2-2.0.1-py36h4c5857e_0.tar.bz2",
            "full_name": "bioconda/chorus2/2.0.1/linux-64/chorus2-2.0.1-py36h4c5857e_0.tar.bz2",
            "labels": [
                "main"
            ],
            "md5": "8967302468774fe5d227bcac018404f4",
            "ndownloads": 6,
            "owner": "bioconda",
            "size": 121125,
            "type": "conda",
            "upload_time": "2020-07-19 15:43:48.525000+00:00",
            "version": "2.0.1"
        },
        {
            "attrs": {
                "arch": "x86_64",
                "build": "py37hf01694f_0",
                "build_number": 0,
                "depends": [
                    "bcftools",
                    "bwa <=0.7.8",
                    "bwa >=0.7.3a",
                    "kmer-jellyfish 2.*",
                    "libgcc-ng >=7.5.0",
                    "matplotlib-base >=3",
                    "numpy",
                    "pandas",
                    "primer3-py >=0.4.2",
                    "pybedtools",
                    "pybigwig",
                    "pyfasta",
                    "pyqt <5.11",
                    "python >=3.7,<3.8.0a0",
                    "python_abi 3.7.* *_cp37m",
                    "samtools",
                    "sip >=4"
                ],
                "has_prefix": true,
                "license": "MIT license",
                "machine": "x86_64",
                "operatingsystem": "linux",
                "platform": "linux",
                "subdir": "linux-64",
                "target-triplet": "x86_64-any-linux",
                "timestamp": 1595172920720
            },
            "basename": "linux-64/chorus2-2.0.1-py37hf01694f_0.tar.bz2",
            "dependencies": {
                "depends": [
                    {
                        "name": "bcftools",
                        "specs": []
                    },
                    {
                        "name": "bwa",
                        "specs": [
                            [
                                "<=",
                                "0.7.8"
                            ]
                        ]
                    },
                    {
                        "name": "bwa",
                        "specs": [
                            [
                                ">=",
                                "0.7.3a"
                            ]
                        ]
                    },
                    {
                        "name": "kmer-jellyfish",
                        "specs": [
                            [
                                "==",
                                "2."
                            ]
                        ]
                    },
                    {
                        "name": "libgcc-ng",
                        "specs": [
                            [
                                ">=",
                                "7.5.0"
                            ]
                        ]
                    },
                    {
                        "name": "matplotlib-base",
                        "specs": [
                            [
                                ">=",
                                "3"
                            ]
                        ]
                    },
                    {
                        "name": "numpy",
                        "specs": []
                    },
                    {
                        "name": "pandas",
                        "specs": []
                    },
                    {
                        "name": "primer3-py",
                        "specs": [
                            [
                                ">=",
                                "0.4.2"
                            ]
                        ]
                    },
                    {
                        "name": "pybedtools",
                        "specs": []
                    },
                    {
                        "name": "pybigwig",
                        "specs": []
                    },
                    {
                        "name": "pyfasta",
                        "specs": []
                    },
                    {
                        "name": "pyqt",
                        "specs": [
                            [
                                "<",
                                "5.11"
                            ]
                        ]
                    },
                    {
                        "name": "python",
                        "specs": [
                            [
                                ">=",
                                "3.7,<3.8.0a0"
                            ]
                        ]
                    },
                    {
                        "name": "python_abi",
                        "specs": [
                            [
                                "==",
                                "3.7.* *_cp37m"
                            ]
                        ]
                    },
                    {
                        "name": "samtools",
                        "specs": []
                    },
                    {
                        "name": "sip",
                        "specs": [
                            [
                                ">=",
                                "4"
                            ]
                        ]
                    }
                ]
            },
            "description": null,
            "distribution_type": "conda",
            "download_url": "//api.anaconda.org/download/bioconda/chorus2/2.0.1/linux-64/chorus2-2.0.1-py37hf01694f_0.tar.bz2",
            "full_name": "bioconda/chorus2/2.0.1/linux-64/chorus2-2.0.1-py37hf01694f_0.tar.bz2",
            "labels": [
                "main"
            ],
            "md5": "96c9ca0943232755ee652f351e3a2463",
            "ndownloads": 8,
            "owner": "bioconda",
            "size": 121242,
            "type": "conda",
            "upload_time": "2020-07-19 15:43:50.744000+00:00",
            "version": "2.0.1"
        }
    ],
    "full_name": "bioconda/chorus2",
    "home": "https://github.com/zhangtaolab/Chorus2",
    "html_url": "http://anaconda.org/bioconda/chorus2",
    "id": "5c91fe58036b86138bccb6a1",
    "latest_version": "2.0.1",
    "license": "MIT license",
    "license_url": null,
    "modified_at": "2020-07-19 15:43:51.135000+00:00",
    "name": "chorus2",
    "owner": {
        "company": "",
        "created_at": "2015-09-11 22:59:20.880000+00:00",
        "description": "Bioconda is a distribution of bioinformatics software realized as a channel for the versatile Conda package manager.",
        "location": "",
        "login": "bioconda",
        "name": "bioconda",
        "url": "",
        "user_type": "org"
    },
    "package_types": [
        "conda"
    ],
    "public": true,
    "releases": [
        {
            "distributions": [],
            "full_name": "bioconda/chorus2/2.0",
            "version": "2.0"
        },
        {
            "distributions": [],
            "full_name": "bioconda/chorus2/2.0.1",
            "version": "2.0.1"
        }
    ],
    "revision": 4,
    "source_git_tag": null,
    "source_git_url": null,
    "summary": "A pipeline to select oligonucleotides for fluorescence in situ hbridization (Oligo-FISH).",
    "upvoted": 0,
    "url": "http://api.anaconda.org/packages/bioconda/chorus2",
    "versions": [
        "2.0",
        "2.0.1"
    ],
    "watchers": 1
}