{
    "app_entry": {},
    "app_summary": {},
    "app_type": {},
    "builds": [
        "1",
        "h470a237_2"
    ],
    "conda_platforms": [
        "linux-64"
    ],
    "created_at": "2016-07-26 05:45:11.489000+00:00",
    "description": "None",
    "dev_url": {},
    "doc_url": {},
    "files": [
        {
            "attrs": {
                "arch": "x86_64",
                "build": "1",
                "build_number": 1,
                "depends": [
                    "libgcc"
                ],
                "license": "MIT-like",
                "machine": "x86_64",
                "operatingsystem": "linux",
                "platform": "linux",
                "subdir": "linux-64",
                "target-triplet": "x86_64-any-linux"
            },
            "basename": "linux-64/cofold-2.0.4-1.tar.bz2",
            "dependencies": {
                "depends": [
                    {
                        "name": "libgcc",
                        "specs": []
                    }
                ]
            },
            "description": null,
            "distribution_type": "conda",
            "download_url": "//api.anaconda.org/download/bioconda/cofold/2.0.4/linux-64/cofold-2.0.4-1.tar.bz2",
            "full_name": "bioconda/cofold/2.0.4/linux-64/cofold-2.0.4-1.tar.bz2",
            "labels": [
                "main",
                "cf201901"
            ],
            "md5": "a1720517e6490591b9afc2d69940f377",
            "ndownloads": 1621,
            "owner": "bioconda",
            "size": 13405835,
            "type": "conda",
            "upload_time": "2016-07-26 05:45:11.817000+00:00",
            "version": "2.0.4"
        },
        {
            "attrs": {
                "arch": "x86_64",
                "build": "h470a237_2",
                "build_number": 2,
                "depends": [
                    "libgcc-ng >=4.9"
                ],
                "has_prefix": true,
                "license": "MIT-like",
                "machine": "x86_64",
                "operatingsystem": "linux",
                "platform": "linux",
                "subdir": "linux-64",
                "target-triplet": "x86_64-any-linux",
                "timestamp": 1530740282055
            },
            "basename": "linux-64/cofold-2.0.4-h470a237_2.tar.bz2",
            "dependencies": {
                "depends": [
                    {
                        "name": "libgcc-ng",
                        "specs": [
                            [
                                ">=",
                                "4.9"
                            ]
                        ]
                    }
                ]
            },
            "description": null,
            "distribution_type": "conda",
            "download_url": "//api.anaconda.org/download/bioconda/cofold/2.0.4/linux-64/cofold-2.0.4-h470a237_2.tar.bz2",
            "full_name": "bioconda/cofold/2.0.4/linux-64/cofold-2.0.4-h470a237_2.tar.bz2",
            "labels": [
                "main",
                "cf201901"
            ],
            "md5": "c4b61c11a98a5b845478ce7c0850eb12",
            "ndownloads": 1125,
            "owner": "bioconda",
            "size": 5932211,
            "type": "conda",
            "upload_time": "2018-07-04 21:39:37.489000+00:00",
            "version": "2.0.4"
        }
    ],
    "full_name": "bioconda/cofold",
    "home": "None",
    "html_url": "http://anaconda.org/bioconda/cofold",
    "id": "5796f8e7836aeb6016e2b34d",
    "latest_version": "2.0.4",
    "license": "MIT-like",
    "license_url": {},
    "modified_at": "2018-07-04 21:39:38.287000+00:00",
    "name": "cofold",
    "owner": {
        "company": "",
        "created_at": "2015-09-11 22:59:20.880000+00:00",
        "description": "Bioconda is a distribution of bioinformatics software realized as a channel for the versatile Conda package manager.",
        "location": "",
        "login": "bioconda",
        "name": "bioconda",
        "url": "",
        "user_type": "org"
    },
    "package_types": [
        "conda"
    ],
    "public": true,
    "releases": [
        {
            "distributions": [],
            "full_name": "bioconda/cofold/2.0.4",
            "version": "2.0.4"
        }
    ],
    "revision": 1,
    "source_git_tag": {},
    "source_git_url": {},
    "summary": "An RNA secondary structure prediction method that takes co-transcriptional folding into account.",
    "upvoted": 0,
    "url": "http://api.anaconda.org/packages/bioconda/cofold",
    "versions": [
        "2.0.4"
    ],
    "watchers": 1
}