{
    "app_entry": {},
    "app_summary": {},
    "app_type": {},
    "builds": [
        "h470a237_1",
        "0"
    ],
    "conda_platforms": [
        "linux-64",
        "osx-64"
    ],
    "created_at": "2017-12-14 09:44:08.194000+00:00",
    "description": "",
    "dev_url": null,
    "doc_url": null,
    "files": [
        {
            "attrs": {
                "arch": "x86_64",
                "build": "h470a237_1",
                "build_number": 1,
                "depends": [],
                "has_prefix": false,
                "license": "Custom",
                "machine": "x86_64",
                "operatingsystem": "darwin",
                "platform": "osx",
                "subdir": "osx-64",
                "target-triplet": "x86_64-any-darwin",
                "timestamp": 1530472054108
            },
            "basename": "osx-64/damasker-1.0p1-h470a237_1.tar.bz2",
            "dependencies": {
                "depends": []
            },
            "description": null,
            "distribution_type": "conda",
            "download_url": "//api.anaconda.org/download/bioconda/damasker/1.0p1/osx-64/damasker-1.0p1-h470a237_1.tar.bz2",
            "full_name": "bioconda/damasker/1.0p1/osx-64/damasker-1.0p1-h470a237_1.tar.bz2",
            "labels": [
                "main",
                "cf201901"
            ],
            "md5": "f80b28a18cbfa2175a4c19d864fd26be",
            "ndownloads": 500,
            "owner": "bioconda",
            "size": 140613,
            "type": "conda",
            "upload_time": "2018-07-01 19:07:42.777000+00:00",
            "version": "1.0p1"
        },
        {
            "attrs": {
                "arch": "x86_64",
                "build": "h470a237_1",
                "build_number": 1,
                "depends": [
                    "libgcc-ng >=4.9"
                ],
                "has_prefix": false,
                "license": "Custom",
                "machine": "x86_64",
                "operatingsystem": "linux",
                "platform": "linux",
                "subdir": "linux-64",
                "target-triplet": "x86_64-any-linux",
                "timestamp": 1530755409503
            },
            "basename": "linux-64/damasker-1.0p1-h470a237_1.tar.bz2",
            "dependencies": {
                "depends": [
                    {
                        "name": "libgcc-ng",
                        "specs": [
                            [
                                ">=",
                                "4.9"
                            ]
                        ]
                    }
                ]
            },
            "description": null,
            "distribution_type": "conda",
            "download_url": "//api.anaconda.org/download/bioconda/damasker/1.0p1/linux-64/damasker-1.0p1-h470a237_1.tar.bz2",
            "full_name": "bioconda/damasker/1.0p1/linux-64/damasker-1.0p1-h470a237_1.tar.bz2",
            "labels": [
                "main",
                "cf201901"
            ],
            "md5": "8bbc6ef1719298f8a4b3bb7c70d90b30",
            "ndownloads": 243,
            "owner": "bioconda",
            "size": 160969,
            "type": "conda",
            "upload_time": "2018-07-05 01:51:23.137000+00:00",
            "version": "1.0p1"
        },
        {
            "attrs": {
                "arch": "x86_64",
                "build": "0",
                "build_number": 0,
                "depends": [
                    "libgcc"
                ],
                "has_prefix": true,
                "license": "Custom",
                "machine": "x86_64",
                "operatingsystem": "linux",
                "platform": "linux",
                "subdir": "linux-64",
                "target-triplet": "x86_64-any-linux"
            },
            "basename": "linux-64/damasker-1.0p1-0.tar.bz2",
            "dependencies": {
                "depends": [
                    {
                        "name": "libgcc",
                        "specs": []
                    }
                ]
            },
            "description": null,
            "distribution_type": "conda",
            "download_url": "//api.anaconda.org/download/bioconda/damasker/1.0p1/linux-64/damasker-1.0p1-0.tar.bz2",
            "full_name": "bioconda/damasker/1.0p1/linux-64/damasker-1.0p1-0.tar.bz2",
            "labels": [
                "main",
                "cf201901"
            ],
            "md5": "b4099d48116fc18e3a491ae55e3b3c00",
            "ndownloads": 404,
            "owner": "bioconda",
            "size": 161300,
            "type": "conda",
            "upload_time": "2017-12-14 09:44:08.755000+00:00",
            "version": "1.0p1"
        },
        {
            "attrs": {
                "arch": "x86_64",
                "build": "0",
                "build_number": 0,
                "depends": [],
                "has_prefix": false,
                "license": "Custom",
                "machine": "x86_64",
                "operatingsystem": "darwin",
                "platform": "osx",
                "subdir": "osx-64",
                "target-triplet": "x86_64-any-darwin"
            },
            "basename": "osx-64/damasker-1.0p1-0.tar.bz2",
            "dependencies": {
                "depends": []
            },
            "description": null,
            "distribution_type": "conda",
            "download_url": "//api.anaconda.org/download/bioconda/damasker/1.0p1/osx-64/damasker-1.0p1-0.tar.bz2",
            "full_name": "bioconda/damasker/1.0p1/osx-64/damasker-1.0p1-0.tar.bz2",
            "labels": [
                "main",
                "cf201901"
            ],
            "md5": "59fbfec079ceabf24994e304ee792e16",
            "ndownloads": 263,
            "owner": "bioconda",
            "size": 144936,
            "type": "conda",
            "upload_time": "2017-12-14 09:46:19.720000+00:00",
            "version": "1.0p1"
        }
    ],
    "full_name": "bioconda/damasker",
    "home": "https://github.com/thegenemyers/DAMASKER",
    "html_url": "http://anaconda.org/bioconda/damasker",
    "id": "5a3247e8ff2abd1210677367",
    "latest_version": "1.0p1",
    "license": "Custom",
    "license_url": null,
    "modified_at": "2018-07-05 01:51:23.612000+00:00",
    "name": "damasker",
    "owner": {
        "company": "",
        "created_at": "2015-09-11 22:59:20.880000+00:00",
        "description": "Bioconda is a distribution of bioinformatics software realized as a channel for the versatile Conda package manager.",
        "location": "",
        "login": "bioconda",
        "name": "bioconda",
        "url": "",
        "user_type": "org"
    },
    "package_types": [
        "conda"
    ],
    "public": true,
    "releases": [
        {
            "distributions": [],
            "full_name": "bioconda/damasker/1.0p1",
            "version": "1.0p1"
        }
    ],
    "revision": 2,
    "source_git_tag": null,
    "source_git_url": null,
    "summary": "DAMASKER: Module to determine where repeats are and make soft-masks of said",
    "upvoted": 0,
    "url": "http://api.anaconda.org/packages/bioconda/damasker",
    "versions": [
        "1.0p1"
    ],
    "watchers": 1
}