{
    "app_entry": {},
    "app_summary": {},
    "app_type": {},
    "builds": [
        "1",
        "0",
        "ha92aebf_2"
    ],
    "conda_platforms": [
        "linux-64",
        "osx-64"
    ],
    "created_at": "2016-07-12 17:42:43.478000+00:00",
    "description": "None",
    "dev_url": {},
    "doc_url": {},
    "files": [
        {
            "attrs": {
                "arch": "x86_64",
                "build": "0",
                "build_number": 0,
                "depends": [
                    "libgcc",
                    "zlib"
                ],
                "license": "Unknown",
                "machine": "x86_64",
                "operatingsystem": "linux",
                "platform": "linux",
                "subdir": "linux-64",
                "target-triplet": "x86_64-any-linux"
            },
            "basename": "linux-64/debwt-1.0.1-0.tar.bz2",
            "dependencies": {
                "depends": [
                    {
                        "name": "libgcc",
                        "specs": []
                    },
                    {
                        "name": "zlib",
                        "specs": []
                    }
                ]
            },
            "description": null,
            "distribution_type": "conda",
            "download_url": "//api.anaconda.org/download/bioconda/debwt/1.0.1/linux-64/debwt-1.0.1-0.tar.bz2",
            "full_name": "bioconda/debwt/1.0.1/linux-64/debwt-1.0.1-0.tar.bz2",
            "labels": [
                "main",
                "cf201901"
            ],
            "md5": "1efe8b4691dc2f858d1963081cd29271",
            "ndownloads": 415,
            "owner": "bioconda",
            "size": 82880,
            "type": "conda",
            "upload_time": "2016-07-12 17:42:43.821000+00:00",
            "version": "1.0.1"
        },
        {
            "attrs": {
                "arch": "x86_64",
                "build": "0",
                "build_number": 0,
                "depends": [
                    "libgcc",
                    "zlib"
                ],
                "license": "Unknown",
                "machine": "x86_64",
                "operatingsystem": "darwin",
                "platform": "osx",
                "subdir": "osx-64",
                "target-triplet": "x86_64-any-darwin"
            },
            "basename": "osx-64/debwt-1.0.1-0.tar.bz2",
            "dependencies": {
                "depends": [
                    {
                        "name": "libgcc",
                        "specs": []
                    },
                    {
                        "name": "zlib",
                        "specs": []
                    }
                ]
            },
            "description": null,
            "distribution_type": "conda",
            "download_url": "//api.anaconda.org/download/bioconda/debwt/1.0.1/osx-64/debwt-1.0.1-0.tar.bz2",
            "full_name": "bioconda/debwt/1.0.1/osx-64/debwt-1.0.1-0.tar.bz2",
            "labels": [
                "main",
                "cf201901"
            ],
            "md5": "ad9be71fe6f8a79e9eaf197c3024974b",
            "ndownloads": 35,
            "owner": "bioconda",
            "size": 30882,
            "type": "conda",
            "upload_time": "2016-07-12 18:04:01.386000+00:00",
            "version": "1.0.1"
        },
        {
            "attrs": {
                "arch": "x86_64",
                "build": "ha92aebf_2",
                "build_number": 2,
                "depends": [
                    "zlib >=1.2.11,<1.3.0a0"
                ],
                "has_prefix": false,
                "license": "Unknown",
                "machine": "x86_64",
                "operatingsystem": "darwin",
                "platform": "osx",
                "subdir": "osx-64",
                "target-triplet": "x86_64-any-darwin",
                "timestamp": 1530472956742
            },
            "basename": "osx-64/debwt-1.0.1-ha92aebf_2.tar.bz2",
            "dependencies": {
                "depends": [
                    {
                        "name": "zlib",
                        "specs": [
                            [
                                ">=",
                                "1.2.11,<1.3.0a0"
                            ]
                        ]
                    }
                ]
            },
            "description": null,
            "distribution_type": "conda",
            "download_url": "//api.anaconda.org/download/bioconda/debwt/1.0.1/osx-64/debwt-1.0.1-ha92aebf_2.tar.bz2",
            "full_name": "bioconda/debwt/1.0.1/osx-64/debwt-1.0.1-ha92aebf_2.tar.bz2",
            "labels": [
                "main",
                "cf201901"
            ],
            "md5": "b28a176f268a7459e7fd675988e90505",
            "ndownloads": 595,
            "owner": "bioconda",
            "size": 33976,
            "type": "conda",
            "upload_time": "2018-07-01 19:22:46.923000+00:00",
            "version": "1.0.1"
        },
        {
            "attrs": {
                "arch": "x86_64",
                "build": "ha92aebf_2",
                "build_number": 2,
                "depends": [
                    "libgcc-ng >=4.9",
                    "zlib >=1.2.11,<1.3.0a0"
                ],
                "has_prefix": true,
                "license": "Unknown",
                "machine": "x86_64",
                "operatingsystem": "linux",
                "platform": "linux",
                "subdir": "linux-64",
                "target-triplet": "x86_64-any-linux",
                "timestamp": 1530758792772
            },
            "basename": "linux-64/debwt-1.0.1-ha92aebf_2.tar.bz2",
            "dependencies": {
                "depends": [
                    {
                        "name": "libgcc-ng",
                        "specs": [
                            [
                                ">=",
                                "4.9"
                            ]
                        ]
                    },
                    {
                        "name": "zlib",
                        "specs": [
                            [
                                ">=",
                                "1.2.11,<1.3.0a0"
                            ]
                        ]
                    }
                ]
            },
            "description": null,
            "distribution_type": "conda",
            "download_url": "//api.anaconda.org/download/bioconda/debwt/1.0.1/linux-64/debwt-1.0.1-ha92aebf_2.tar.bz2",
            "full_name": "bioconda/debwt/1.0.1/linux-64/debwt-1.0.1-ha92aebf_2.tar.bz2",
            "labels": [
                "main",
                "cf201901"
            ],
            "md5": "e6d7e66353255fedb3f212bdabac5828",
            "ndownloads": 261,
            "owner": "bioconda",
            "size": 85908,
            "type": "conda",
            "upload_time": "2018-07-05 02:47:46.924000+00:00",
            "version": "1.0.1"
        },
        {
            "attrs": {
                "arch": "x86_64",
                "build": "1",
                "build_number": 1,
                "depends": [
                    "libgcc",
                    "zlib 1.2.11*"
                ],
                "has_prefix": false,
                "license": "Unknown",
                "machine": "x86_64",
                "operatingsystem": "darwin",
                "platform": "osx",
                "subdir": "osx-64",
                "target-triplet": "x86_64-any-darwin"
            },
            "basename": "osx-64/debwt-1.0.1-1.tar.bz2",
            "dependencies": {
                "depends": [
                    {
                        "name": "libgcc",
                        "specs": []
                    },
                    {
                        "name": "zlib",
                        "specs": [
                            [
                                "==",
                                "1.2.11"
                            ]
                        ]
                    }
                ]
            },
            "description": null,
            "distribution_type": "conda",
            "download_url": "//api.anaconda.org/download/bioconda/debwt/1.0.1/osx-64/debwt-1.0.1-1.tar.bz2",
            "full_name": "bioconda/debwt/1.0.1/osx-64/debwt-1.0.1-1.tar.bz2",
            "labels": [
                "main",
                "cf201901"
            ],
            "md5": "334a07f4d4edbc2b0180c257c83f4be4",
            "ndownloads": 182,
            "owner": "bioconda",
            "size": 33308,
            "type": "conda",
            "upload_time": "2018-02-04 14:11:30.870000+00:00",
            "version": "1.0.1"
        },
        {
            "attrs": {
                "arch": "x86_64",
                "build": "1",
                "build_number": 1,
                "depends": [
                    "libgcc",
                    "zlib 1.2.11*"
                ],
                "has_prefix": true,
                "license": "Unknown",
                "machine": "x86_64",
                "operatingsystem": "linux",
                "platform": "linux",
                "subdir": "linux-64",
                "target-triplet": "x86_64-any-linux"
            },
            "basename": "linux-64/debwt-1.0.1-1.tar.bz2",
            "dependencies": {
                "depends": [
                    {
                        "name": "libgcc",
                        "specs": []
                    },
                    {
                        "name": "zlib",
                        "specs": [
                            [
                                "==",
                                "1.2.11"
                            ]
                        ]
                    }
                ]
            },
            "description": null,
            "distribution_type": "conda",
            "download_url": "//api.anaconda.org/download/bioconda/debwt/1.0.1/linux-64/debwt-1.0.1-1.tar.bz2",
            "full_name": "bioconda/debwt/1.0.1/linux-64/debwt-1.0.1-1.tar.bz2",
            "labels": [
                "main",
                "cf201901"
            ],
            "md5": "07ccb52f4c318f37c013f0674005492b",
            "ndownloads": 138,
            "owner": "bioconda",
            "size": 85787,
            "type": "conda",
            "upload_time": "2018-02-13 10:30:54.758000+00:00",
            "version": "1.0.1"
        }
    ],
    "full_name": "bioconda/debwt",
    "home": "None",
    "html_url": "http://anaconda.org/bioconda/debwt",
    "id": "57852c13836aeb782ecff283",
    "latest_version": "1.0.1",
    "license": "Unknown",
    "license_url": {},
    "modified_at": "2018-07-05 02:47:47.372000+00:00",
    "name": "debwt",
    "owner": {
        "company": "",
        "created_at": "2015-09-11 22:59:20.880000+00:00",
        "description": "Bioconda is a distribution of bioinformatics software realized as a channel for the versatile Conda package manager.",
        "location": "",
        "login": "bioconda",
        "name": "bioconda",
        "url": "",
        "user_type": "org"
    },
    "package_types": [
        "conda"
    ],
    "public": true,
    "releases": [
        {
            "distributions": [],
            "full_name": "bioconda/debwt/1.0.1",
            "version": "1.0.1"
        }
    ],
    "revision": 1,
    "source_git_tag": {},
    "source_git_url": {},
    "summary": "A efficient method to construct BWT index of a given DNA sequence, especially\nuseful for gigantic and high similar genome.\nDeBWT has good scalability to construct BWT in parallel computing.\nIt is well-suited to run on multiple core servers or clusters to\nconstruct the BWT of large collections of genome sequences.\n",
    "upvoted": 0,
    "url": "http://api.anaconda.org/packages/bioconda/debwt",
    "versions": [
        "1.0.1"
    ],
    "watchers": 1
}