{
    "app_entry": {},
    "app_summary": {},
    "app_type": {},
    "builds": [
        "boost1.60_0",
        "0"
    ],
    "conda_platforms": [
        "linux-64"
    ],
    "created_at": "2016-03-09 21:13:00.128000+00:00",
    "description": "None",
    "dev_url": {},
    "doc_url": {},
    "files": [
        {
            "attrs": {
                "arch": "x86_64",
                "build": "0",
                "build_number": 0,
                "depends": [
                    "boost",
                    "eigen",
                    "htslib",
                    "libgcc",
                    "zlib"
                ],
                "license": "GPL3",
                "machine": "x86_64",
                "operatingsystem": "linux",
                "platform": "linux",
                "subdir": "linux-64",
                "target-triplet": "x86_64-any-linux"
            },
            "basename": "linux-64/denovogear-1.1.1-0.tar.bz2",
            "dependencies": {
                "depends": [
                    {
                        "name": "boost",
                        "specs": []
                    },
                    {
                        "name": "eigen",
                        "specs": []
                    },
                    {
                        "name": "htslib",
                        "specs": []
                    },
                    {
                        "name": "libgcc",
                        "specs": []
                    },
                    {
                        "name": "zlib",
                        "specs": []
                    }
                ]
            },
            "description": null,
            "distribution_type": "conda",
            "download_url": "//api.anaconda.org/download/bioconda/denovogear/1.1.1/linux-64/denovogear-1.1.1-0.tar.bz2",
            "full_name": "bioconda/denovogear/1.1.1/linux-64/denovogear-1.1.1-0.tar.bz2",
            "labels": [
                "main",
                "cf201901"
            ],
            "md5": "154a8eba196590012e7c565741bd5e75",
            "ndownloads": 682,
            "owner": "bioconda",
            "size": 4661093,
            "type": "conda",
            "upload_time": "2016-03-09 21:13:00.436000+00:00",
            "version": "1.1.1"
        },
        {
            "attrs": {
                "arch": "x86_64",
                "build": "boost1.60_0",
                "build_number": 0,
                "depends": [
                    "boost 1.60*",
                    "eigen",
                    "htslib",
                    "libgcc",
                    "zlib"
                ],
                "license": "GPL3",
                "machine": "x86_64",
                "operatingsystem": "linux",
                "platform": "linux",
                "subdir": "linux-64",
                "target-triplet": "x86_64-any-linux"
            },
            "basename": "linux-64/denovogear-1.1.1-boost1.60_0.tar.bz2",
            "dependencies": {
                "depends": [
                    {
                        "name": "boost",
                        "specs": [
                            [
                                "==",
                                "1.60"
                            ]
                        ]
                    },
                    {
                        "name": "eigen",
                        "specs": []
                    },
                    {
                        "name": "htslib",
                        "specs": []
                    },
                    {
                        "name": "libgcc",
                        "specs": []
                    },
                    {
                        "name": "zlib",
                        "specs": []
                    }
                ]
            },
            "description": null,
            "distribution_type": "conda",
            "download_url": "//api.anaconda.org/download/bioconda/denovogear/1.1.1/linux-64/denovogear-1.1.1-boost1.60_0.tar.bz2",
            "full_name": "bioconda/denovogear/1.1.1/linux-64/denovogear-1.1.1-boost1.60_0.tar.bz2",
            "labels": [
                "main",
                "cf201901"
            ],
            "md5": "b3285fb15cfbcb5b09ebff7f0a534b42",
            "ndownloads": 1342,
            "owner": "bioconda",
            "size": 4640155,
            "type": "conda",
            "upload_time": "2016-04-23 16:01:06.713000+00:00",
            "version": "1.1.1"
        }
    ],
    "full_name": "bioconda/denovogear",
    "home": "None",
    "html_url": "http://anaconda.org/bioconda/denovogear",
    "id": "56e091dc89fc20064c14a99f",
    "latest_version": "1.1.1",
    "license": "GPL3",
    "license_url": {},
    "modified_at": "2016-12-01 01:30:13.392000+00:00",
    "name": "denovogear",
    "owner": {
        "company": "",
        "created_at": "2015-09-11 22:59:20.880000+00:00",
        "description": "Bioconda is a distribution of bioinformatics software realized as a channel for the versatile Conda package manager.",
        "location": "",
        "login": "bioconda",
        "name": "bioconda",
        "url": "",
        "user_type": "org"
    },
    "package_types": [
        "conda"
    ],
    "public": true,
    "releases": [
        {
            "distributions": [
                "linux-64/denovogear-1.1.1-0.tar.bz2",
                "linux-64/denovogear-1.1.1-boost1.60_0.tar.bz2"
            ],
            "full_name": "bioconda/denovogear/1.1.1",
            "version": "1.1.1"
        }
    ],
    "revision": 3,
    "source_git_tag": {},
    "source_git_url": {},
    "summary": "A program to detect denovo-variants using next-generation sequencing data.",
    "upvoted": 0,
    "url": "http://api.anaconda.org/packages/bioconda/denovogear",
    "versions": [
        "1.1.1"
    ],
    "watchers": 1
}