{
    "app_entry": {},
    "app_summary": {},
    "app_type": {},
    "builds": [
        "py27_1",
        "py34_0",
        "py36_1",
        "py27_0",
        "py_2",
        "py35_0",
        "py35_1"
    ],
    "conda_platforms": [
        "linux-64",
        "noarch",
        "osx-64"
    ],
    "created_at": "2017-01-17 08:32:02.182000+00:00",
    "description": "None",
    "dev_url": {},
    "doc_url": {},
    "files": [
        {
            "attrs": {
                "arch": "x86_64",
                "build": "py27_0",
                "build_number": 0,
                "depends": [
                    "python 2.7*"
                ],
                "has_prefix": false,
                "license": "Apache Licence Version 2.0",
                "machine": "x86_64",
                "operatingsystem": "linux",
                "platform": "linux",
                "subdir": "linux-64",
                "target-triplet": "x86_64-any-linux"
            },
            "basename": "linux-64/ecmwfapi-1.4.1-py27_0.tar.bz2",
            "dependencies": {
                "depends": [
                    {
                        "name": "python",
                        "specs": [
                            [
                                "==",
                                "2.7"
                            ]
                        ]
                    }
                ]
            },
            "description": null,
            "distribution_type": "conda",
            "download_url": "//api.anaconda.org/download/bioconda/ecmwfapi/1.4.1/linux-64/ecmwfapi-1.4.1-py27_0.tar.bz2",
            "full_name": "bioconda/ecmwfapi/1.4.1/linux-64/ecmwfapi-1.4.1-py27_0.tar.bz2",
            "labels": [
                "main",
                "cf201901"
            ],
            "md5": "cfc152e656823921f449769a27924bc2",
            "ndownloads": 415,
            "owner": "bioconda",
            "size": 12492,
            "type": "conda",
            "upload_time": "2017-01-17 08:32:02.517000+00:00",
            "version": "1.4.1"
        },
        {
            "attrs": {
                "arch": "x86_64",
                "build": "py34_0",
                "build_number": 0,
                "depends": [
                    "python 3.4*"
                ],
                "has_prefix": false,
                "license": "Apache Licence Version 2.0",
                "machine": "x86_64",
                "operatingsystem": "linux",
                "platform": "linux",
                "subdir": "linux-64",
                "target-triplet": "x86_64-any-linux"
            },
            "basename": "linux-64/ecmwfapi-1.4.1-py34_0.tar.bz2",
            "dependencies": {
                "depends": [
                    {
                        "name": "python",
                        "specs": [
                            [
                                "==",
                                "3.4"
                            ]
                        ]
                    }
                ]
            },
            "description": null,
            "distribution_type": "conda",
            "download_url": "//api.anaconda.org/download/bioconda/ecmwfapi/1.4.1/linux-64/ecmwfapi-1.4.1-py34_0.tar.bz2",
            "full_name": "bioconda/ecmwfapi/1.4.1/linux-64/ecmwfapi-1.4.1-py34_0.tar.bz2",
            "labels": [
                "main",
                "cf201901"
            ],
            "md5": "a76df05f490a3de815802c9f162cc3e6",
            "ndownloads": 372,
            "owner": "bioconda",
            "size": 12823,
            "type": "conda",
            "upload_time": "2017-01-17 08:32:04.184000+00:00",
            "version": "1.4.1"
        },
        {
            "attrs": {
                "arch": "x86_64",
                "build": "py35_0",
                "build_number": 0,
                "depends": [
                    "python 3.5*"
                ],
                "has_prefix": false,
                "license": "Apache Licence Version 2.0",
                "machine": "x86_64",
                "operatingsystem": "linux",
                "platform": "linux",
                "subdir": "linux-64",
                "target-triplet": "x86_64-any-linux"
            },
            "basename": "linux-64/ecmwfapi-1.4.1-py35_0.tar.bz2",
            "dependencies": {
                "depends": [
                    {
                        "name": "python",
                        "specs": [
                            [
                                "==",
                                "3.5"
                            ]
                        ]
                    }
                ]
            },
            "description": null,
            "distribution_type": "conda",
            "download_url": "//api.anaconda.org/download/bioconda/ecmwfapi/1.4.1/linux-64/ecmwfapi-1.4.1-py35_0.tar.bz2",
            "full_name": "bioconda/ecmwfapi/1.4.1/linux-64/ecmwfapi-1.4.1-py35_0.tar.bz2",
            "labels": [
                "main",
                "cf201901"
            ],
            "md5": "9dc0ec4698b6bc195041fe2586dbf08b",
            "ndownloads": 371,
            "owner": "bioconda",
            "size": 12758,
            "type": "conda",
            "upload_time": "2017-01-17 08:32:05.729000+00:00",
            "version": "1.4.1"
        },
        {
            "attrs": {
                "arch": "x86_64",
                "build": "py27_0",
                "build_number": 0,
                "depends": [
                    "python 2.7*"
                ],
                "has_prefix": false,
                "license": "Apache Licence Version 2.0",
                "machine": "x86_64",
                "operatingsystem": "darwin",
                "platform": "osx",
                "subdir": "osx-64",
                "target-triplet": "x86_64-any-darwin"
            },
            "basename": "osx-64/ecmwfapi-1.4.1-py27_0.tar.bz2",
            "dependencies": {
                "depends": [
                    {
                        "name": "python",
                        "specs": [
                            [
                                "==",
                                "2.7"
                            ]
                        ]
                    }
                ]
            },
            "description": null,
            "distribution_type": "conda",
            "download_url": "//api.anaconda.org/download/bioconda/ecmwfapi/1.4.1/osx-64/ecmwfapi-1.4.1-py27_0.tar.bz2",
            "full_name": "bioconda/ecmwfapi/1.4.1/osx-64/ecmwfapi-1.4.1-py27_0.tar.bz2",
            "labels": [
                "main",
                "cf201901"
            ],
            "md5": "64a7559227091c96cd52bf6c16cce2ba",
            "ndownloads": 27,
            "owner": "bioconda",
            "size": 12243,
            "type": "conda",
            "upload_time": "2017-01-17 08:43:53.775000+00:00",
            "version": "1.4.1"
        },
        {
            "attrs": {
                "arch": "x86_64",
                "build": "py35_0",
                "build_number": 0,
                "depends": [
                    "python 3.5*"
                ],
                "has_prefix": false,
                "license": "Apache Licence Version 2.0",
                "machine": "x86_64",
                "operatingsystem": "darwin",
                "platform": "osx",
                "subdir": "osx-64",
                "target-triplet": "x86_64-any-darwin"
            },
            "basename": "osx-64/ecmwfapi-1.4.1-py35_0.tar.bz2",
            "dependencies": {
                "depends": [
                    {
                        "name": "python",
                        "specs": [
                            [
                                "==",
                                "3.5"
                            ]
                        ]
                    }
                ]
            },
            "description": null,
            "distribution_type": "conda",
            "download_url": "//api.anaconda.org/download/bioconda/ecmwfapi/1.4.1/osx-64/ecmwfapi-1.4.1-py35_0.tar.bz2",
            "full_name": "bioconda/ecmwfapi/1.4.1/osx-64/ecmwfapi-1.4.1-py35_0.tar.bz2",
            "labels": [
                "main",
                "cf201901"
            ],
            "md5": "5f57cf3c5d1ac23a855e6da9ab832c17",
            "ndownloads": 121,
            "owner": "bioconda",
            "size": 12506,
            "type": "conda",
            "upload_time": "2017-01-17 08:43:55.927000+00:00",
            "version": "1.4.1"
        },
        {
            "attrs": {
                "arch": "x86_64",
                "build": "py34_0",
                "build_number": 0,
                "depends": [
                    "python 3.4*"
                ],
                "has_prefix": false,
                "license": "Apache Licence Version 2.0",
                "machine": "x86_64",
                "operatingsystem": "darwin",
                "platform": "osx",
                "subdir": "osx-64",
                "target-triplet": "x86_64-any-darwin"
            },
            "basename": "osx-64/ecmwfapi-1.4.1-py34_0.tar.bz2",
            "dependencies": {
                "depends": [
                    {
                        "name": "python",
                        "specs": [
                            [
                                "==",
                                "3.4"
                            ]
                        ]
                    }
                ]
            },
            "description": null,
            "distribution_type": "conda",
            "download_url": "//api.anaconda.org/download/bioconda/ecmwfapi/1.4.1/osx-64/ecmwfapi-1.4.1-py34_0.tar.bz2",
            "full_name": "bioconda/ecmwfapi/1.4.1/osx-64/ecmwfapi-1.4.1-py34_0.tar.bz2",
            "labels": [
                "main",
                "cf201901"
            ],
            "md5": "ae89edcff6ff105ce02ce10581397c75",
            "ndownloads": 25,
            "owner": "bioconda",
            "size": 12553,
            "type": "conda",
            "upload_time": "2017-01-17 08:43:57.657000+00:00",
            "version": "1.4.1"
        },
        {
            "attrs": {
                "arch": null,
                "build": "py_2",
                "build_number": 2,
                "depends": [
                    "python"
                ],
                "has_prefix": false,
                "license": "Apache Licence Version 2.0",
                "machine": null,
                "noarch": "python",
                "operatingsystem": null,
                "platform": null,
                "subdir": "noarch",
                "target-triplet": "None-any-None",
                "timestamp": 1531312079206
            },
            "basename": "noarch/ecmwfapi-1.4.1-py_2.tar.bz2",
            "dependencies": {
                "depends": [
                    {
                        "name": "python",
                        "specs": []
                    }
                ]
            },
            "description": null,
            "distribution_type": "conda",
            "download_url": "//api.anaconda.org/download/bioconda/ecmwfapi/1.4.1/noarch/ecmwfapi-1.4.1-py_2.tar.bz2",
            "full_name": "bioconda/ecmwfapi/1.4.1/noarch/ecmwfapi-1.4.1-py_2.tar.bz2",
            "labels": [
                "main",
                "cf201901"
            ],
            "md5": "5a8401b47de3627af4ab53fcc4734757",
            "ndownloads": 402,
            "owner": "bioconda",
            "size": 9110,
            "type": "conda",
            "upload_time": "2018-07-11 12:29:27.005000+00:00",
            "version": "1.4.1"
        },
        {
            "attrs": {
                "arch": "x86_64",
                "build": "py35_1",
                "build_number": 1,
                "depends": [
                    "python 3.5*"
                ],
                "has_prefix": false,
                "license": "Apache Licence Version 2.0",
                "machine": "x86_64",
                "operatingsystem": "darwin",
                "platform": "osx",
                "subdir": "osx-64",
                "target-triplet": "x86_64-any-darwin"
            },
            "basename": "osx-64/ecmwfapi-1.4.1-py35_1.tar.bz2",
            "dependencies": {
                "depends": [
                    {
                        "name": "python",
                        "specs": [
                            [
                                "==",
                                "3.5"
                            ]
                        ]
                    }
                ]
            },
            "description": null,
            "distribution_type": "conda",
            "download_url": "//api.anaconda.org/download/bioconda/ecmwfapi/1.4.1/osx-64/ecmwfapi-1.4.1-py35_1.tar.bz2",
            "full_name": "bioconda/ecmwfapi/1.4.1/osx-64/ecmwfapi-1.4.1-py35_1.tar.bz2",
            "labels": [
                "main",
                "cf201901"
            ],
            "md5": "4acdb5bec7b81f30a761433f2ac3b3a1",
            "ndownloads": 194,
            "owner": "bioconda",
            "size": 12591,
            "type": "conda",
            "upload_time": "2017-05-08 07:56:05.688000+00:00",
            "version": "1.4.1"
        },
        {
            "attrs": {
                "arch": "x86_64",
                "build": "py36_1",
                "build_number": 1,
                "depends": [
                    "python 3.6*"
                ],
                "has_prefix": false,
                "license": "Apache Licence Version 2.0",
                "machine": "x86_64",
                "operatingsystem": "darwin",
                "platform": "osx",
                "subdir": "osx-64",
                "target-triplet": "x86_64-any-darwin"
            },
            "basename": "osx-64/ecmwfapi-1.4.1-py36_1.tar.bz2",
            "dependencies": {
                "depends": [
                    {
                        "name": "python",
                        "specs": [
                            [
                                "==",
                                "3.6"
                            ]
                        ]
                    }
                ]
            },
            "description": null,
            "distribution_type": "conda",
            "download_url": "//api.anaconda.org/download/bioconda/ecmwfapi/1.4.1/osx-64/ecmwfapi-1.4.1-py36_1.tar.bz2",
            "full_name": "bioconda/ecmwfapi/1.4.1/osx-64/ecmwfapi-1.4.1-py36_1.tar.bz2",
            "labels": [
                "main",
                "cf201901"
            ],
            "md5": "46573c1dbe8da72de6fefde6d7117c65",
            "ndownloads": 537,
            "owner": "bioconda",
            "size": 12527,
            "type": "conda",
            "upload_time": "2017-05-08 07:57:12.961000+00:00",
            "version": "1.4.1"
        },
        {
            "attrs": {
                "arch": "x86_64",
                "build": "py27_1",
                "build_number": 1,
                "depends": [
                    "python 2.7*"
                ],
                "has_prefix": false,
                "license": "Apache Licence Version 2.0",
                "machine": "x86_64",
                "operatingsystem": "darwin",
                "platform": "osx",
                "subdir": "osx-64",
                "target-triplet": "x86_64-any-darwin"
            },
            "basename": "osx-64/ecmwfapi-1.4.1-py27_1.tar.bz2",
            "dependencies": {
                "depends": [
                    {
                        "name": "python",
                        "specs": [
                            [
                                "==",
                                "2.7"
                            ]
                        ]
                    }
                ]
            },
            "description": null,
            "distribution_type": "conda",
            "download_url": "//api.anaconda.org/download/bioconda/ecmwfapi/1.4.1/osx-64/ecmwfapi-1.4.1-py27_1.tar.bz2",
            "full_name": "bioconda/ecmwfapi/1.4.1/osx-64/ecmwfapi-1.4.1-py27_1.tar.bz2",
            "labels": [
                "main",
                "cf201901"
            ],
            "md5": "18ffe4960e3f974e4c661d9a624b06cd",
            "ndownloads": 28,
            "owner": "bioconda",
            "size": 12357,
            "type": "conda",
            "upload_time": "2017-05-08 07:58:19.434000+00:00",
            "version": "1.4.1"
        },
        {
            "attrs": {
                "arch": "x86_64",
                "build": "py36_1",
                "build_number": 1,
                "depends": [
                    "python 3.6*"
                ],
                "has_prefix": false,
                "license": "Apache Licence Version 2.0",
                "machine": "x86_64",
                "operatingsystem": "linux",
                "platform": "linux",
                "subdir": "linux-64",
                "target-triplet": "x86_64-any-linux"
            },
            "basename": "linux-64/ecmwfapi-1.4.1-py36_1.tar.bz2",
            "dependencies": {
                "depends": [
                    {
                        "name": "python",
                        "specs": [
                            [
                                "==",
                                "3.6"
                            ]
                        ]
                    }
                ]
            },
            "description": null,
            "distribution_type": "conda",
            "download_url": "//api.anaconda.org/download/bioconda/ecmwfapi/1.4.1/linux-64/ecmwfapi-1.4.1-py36_1.tar.bz2",
            "full_name": "bioconda/ecmwfapi/1.4.1/linux-64/ecmwfapi-1.4.1-py36_1.tar.bz2",
            "labels": [
                "main",
                "cf201901"
            ],
            "md5": "63f4cf6f98301079f9aedca976f6e53a",
            "ndownloads": 424,
            "owner": "bioconda",
            "size": 13116,
            "type": "conda",
            "upload_time": "2017-05-08 08:31:47.873000+00:00",
            "version": "1.4.1"
        },
        {
            "attrs": {
                "arch": "x86_64",
                "build": "py35_1",
                "build_number": 1,
                "depends": [
                    "python 3.5*"
                ],
                "has_prefix": false,
                "license": "Apache Licence Version 2.0",
                "machine": "x86_64",
                "operatingsystem": "linux",
                "platform": "linux",
                "subdir": "linux-64",
                "target-triplet": "x86_64-any-linux"
            },
            "basename": "linux-64/ecmwfapi-1.4.1-py35_1.tar.bz2",
            "dependencies": {
                "depends": [
                    {
                        "name": "python",
                        "specs": [
                            [
                                "==",
                                "3.5"
                            ]
                        ]
                    }
                ]
            },
            "description": null,
            "distribution_type": "conda",
            "download_url": "//api.anaconda.org/download/bioconda/ecmwfapi/1.4.1/linux-64/ecmwfapi-1.4.1-py35_1.tar.bz2",
            "full_name": "bioconda/ecmwfapi/1.4.1/linux-64/ecmwfapi-1.4.1-py35_1.tar.bz2",
            "labels": [
                "main",
                "cf201901"
            ],
            "md5": "7d2206c9eb2b729c5d08d2b29ce2116b",
            "ndownloads": 433,
            "owner": "bioconda",
            "size": 13197,
            "type": "conda",
            "upload_time": "2017-05-08 08:34:06.965000+00:00",
            "version": "1.4.1"
        },
        {
            "attrs": {
                "arch": "x86_64",
                "build": "py27_1",
                "build_number": 1,
                "depends": [
                    "python 2.7*"
                ],
                "has_prefix": false,
                "license": "Apache Licence Version 2.0",
                "machine": "x86_64",
                "operatingsystem": "linux",
                "platform": "linux",
                "subdir": "linux-64",
                "target-triplet": "x86_64-any-linux"
            },
            "basename": "linux-64/ecmwfapi-1.4.1-py27_1.tar.bz2",
            "dependencies": {
                "depends": [
                    {
                        "name": "python",
                        "specs": [
                            [
                                "==",
                                "2.7"
                            ]
                        ]
                    }
                ]
            },
            "description": null,
            "distribution_type": "conda",
            "download_url": "//api.anaconda.org/download/bioconda/ecmwfapi/1.4.1/linux-64/ecmwfapi-1.4.1-py27_1.tar.bz2",
            "full_name": "bioconda/ecmwfapi/1.4.1/linux-64/ecmwfapi-1.4.1-py27_1.tar.bz2",
            "labels": [
                "main",
                "cf201901"
            ],
            "md5": "214d38505e7b1877eb97ae8aa6bbd01f",
            "ndownloads": 465,
            "owner": "bioconda",
            "size": 12920,
            "type": "conda",
            "upload_time": "2017-05-08 08:36:19.374000+00:00",
            "version": "1.4.1"
        }
    ],
    "full_name": "bioconda/ecmwfapi",
    "home": "None",
    "html_url": "http://anaconda.org/bioconda/ecmwfapi",
    "id": "587dd6828e911420a30af288",
    "latest_version": "1.4.1",
    "license": {},
    "license_url": {},
    "modified_at": "2018-07-11 12:29:28.049000+00:00",
    "name": "ecmwfapi",
    "owner": {
        "company": "",
        "created_at": "2015-09-11 22:59:20.880000+00:00",
        "description": "Bioconda is a distribution of bioinformatics software realized as a channel for the versatile Conda package manager.",
        "location": "",
        "login": "bioconda",
        "name": "bioconda",
        "url": "",
        "user_type": "org"
    },
    "package_types": [
        "conda"
    ],
    "public": true,
    "releases": [
        {
            "distributions": [],
            "full_name": "bioconda/ecmwfapi/1.4.1",
            "version": "1.4.1"
        }
    ],
    "revision": 1,
    "source_git_tag": {},
    "source_git_url": {},
    "summary": "",
    "upvoted": 0,
    "url": "http://api.anaconda.org/packages/bioconda/ecmwfapi",
    "versions": [
        "1.4.1"
    ],
    "watchers": 1
}