{
    "app_entry": {},
    "app_summary": {},
    "app_type": {},
    "builds": [
        "py27_2",
        "py27_1",
        "py27_0",
        "py_0",
        "py_1",
        "py_3"
    ],
    "conda_platforms": [
        "linux-64",
        "noarch",
        "osx-64"
    ],
    "created_at": "2017-10-21 10:21:24.291000+00:00",
    "description": "",
    "dev_url": null,
    "doc_url": "https://github.com/eggnogdb/eggnog-mapper/wiki",
    "files": [
        {
            "attrs": {
                "arch": "x86_64",
                "build": "py27_0",
                "build_number": 0,
                "depends": [
                    "biopython",
                    "python 2.7*"
                ],
                "has_prefix": true,
                "license": "GPL",
                "machine": "x86_64",
                "operatingsystem": "linux",
                "platform": "linux",
                "subdir": "linux-64",
                "target-triplet": "x86_64-any-linux"
            },
            "basename": "linux-64/eggnog-mapper-1.0.0-py27_0.tar.bz2",
            "dependencies": {
                "depends": [
                    {
                        "name": "biopython",
                        "specs": []
                    },
                    {
                        "name": "python",
                        "specs": [
                            [
                                "==",
                                "2.7"
                            ]
                        ]
                    }
                ]
            },
            "description": null,
            "distribution_type": "conda",
            "download_url": "//api.anaconda.org/download/bioconda/eggnog-mapper/1.0.0/linux-64/eggnog-mapper-1.0.0-py27_0.tar.bz2",
            "full_name": "bioconda/eggnog-mapper/1.0.0/linux-64/eggnog-mapper-1.0.0-py27_0.tar.bz2",
            "labels": [
                "main",
                "cf201901"
            ],
            "md5": "8fad8f1eedc3d73cf64428e358230fde",
            "ndownloads": 669,
            "owner": "bioconda",
            "size": 48670,
            "type": "conda",
            "upload_time": "2017-10-21 10:21:24.798000+00:00",
            "version": "1.0.0"
        },
        {
            "attrs": {
                "arch": "x86_64",
                "build": "py27_0",
                "build_number": 0,
                "depends": [
                    "biopython",
                    "python 2.7*"
                ],
                "has_prefix": true,
                "license": "GPL",
                "machine": "x86_64",
                "operatingsystem": "darwin",
                "platform": "osx",
                "subdir": "osx-64",
                "target-triplet": "x86_64-any-darwin"
            },
            "basename": "osx-64/eggnog-mapper-1.0.0-py27_0.tar.bz2",
            "dependencies": {
                "depends": [
                    {
                        "name": "biopython",
                        "specs": []
                    },
                    {
                        "name": "python",
                        "specs": [
                            [
                                "==",
                                "2.7"
                            ]
                        ]
                    }
                ]
            },
            "description": null,
            "distribution_type": "conda",
            "download_url": "//api.anaconda.org/download/bioconda/eggnog-mapper/1.0.0/osx-64/eggnog-mapper-1.0.0-py27_0.tar.bz2",
            "full_name": "bioconda/eggnog-mapper/1.0.0/osx-64/eggnog-mapper-1.0.0-py27_0.tar.bz2",
            "labels": [
                "main",
                "cf201901"
            ],
            "md5": "7d04508031d55aa747e7237312f2e3d5",
            "ndownloads": 761,
            "owner": "bioconda",
            "size": 48559,
            "type": "conda",
            "upload_time": "2017-10-21 10:29:23.989000+00:00",
            "version": "1.0.0"
        },
        {
            "attrs": {
                "arch": "x86_64",
                "build": "py27_0",
                "build_number": 0,
                "depends": [
                    "biopython",
                    "diamond 0.8.22",
                    "hmmer 3.1b2",
                    "python 2.7*"
                ],
                "has_prefix": true,
                "license": "GPL",
                "machine": "x86_64",
                "operatingsystem": "linux",
                "platform": "linux",
                "subdir": "linux-64",
                "target-triplet": "x86_64-any-linux"
            },
            "basename": "linux-64/eggnog-mapper-1.0.1-py27_0.tar.bz2",
            "dependencies": {
                "depends": [
                    {
                        "name": "biopython",
                        "specs": []
                    },
                    {
                        "name": "diamond",
                        "specs": [
                            [
                                "==",
                                "0.8.22"
                            ]
                        ]
                    },
                    {
                        "name": "hmmer",
                        "specs": [
                            [
                                "==",
                                "3.1b2"
                            ]
                        ]
                    },
                    {
                        "name": "python",
                        "specs": [
                            [
                                "==",
                                "2.7"
                            ]
                        ]
                    }
                ]
            },
            "description": null,
            "distribution_type": "conda",
            "download_url": "//api.anaconda.org/download/bioconda/eggnog-mapper/1.0.1/linux-64/eggnog-mapper-1.0.1-py27_0.tar.bz2",
            "full_name": "bioconda/eggnog-mapper/1.0.1/linux-64/eggnog-mapper-1.0.1-py27_0.tar.bz2",
            "labels": [
                "main",
                "cf201901"
            ],
            "md5": "64fcc80b1a3a8ca171322dc6bfe4ef29",
            "ndownloads": 565,
            "owner": "bioconda",
            "size": 48911,
            "type": "conda",
            "upload_time": "2017-10-28 01:00:50.356000+00:00",
            "version": "1.0.1"
        },
        {
            "attrs": {
                "arch": "x86_64",
                "build": "py27_0",
                "build_number": 0,
                "depends": [
                    "biopython",
                    "diamond 0.8.22",
                    "hmmer 3.1b2",
                    "python 2.7*"
                ],
                "has_prefix": true,
                "license": "GPL",
                "machine": "x86_64",
                "operatingsystem": "darwin",
                "platform": "osx",
                "subdir": "osx-64",
                "target-triplet": "x86_64-any-darwin"
            },
            "basename": "osx-64/eggnog-mapper-1.0.1-py27_0.tar.bz2",
            "dependencies": {
                "depends": [
                    {
                        "name": "biopython",
                        "specs": []
                    },
                    {
                        "name": "diamond",
                        "specs": [
                            [
                                "==",
                                "0.8.22"
                            ]
                        ]
                    },
                    {
                        "name": "hmmer",
                        "specs": [
                            [
                                "==",
                                "3.1b2"
                            ]
                        ]
                    },
                    {
                        "name": "python",
                        "specs": [
                            [
                                "==",
                                "2.7"
                            ]
                        ]
                    }
                ]
            },
            "description": null,
            "distribution_type": "conda",
            "download_url": "//api.anaconda.org/download/bioconda/eggnog-mapper/1.0.1/osx-64/eggnog-mapper-1.0.1-py27_0.tar.bz2",
            "full_name": "bioconda/eggnog-mapper/1.0.1/osx-64/eggnog-mapper-1.0.1-py27_0.tar.bz2",
            "labels": [
                "main",
                "cf201901"
            ],
            "md5": "9c8f68303735d01e661b5a2d7aca8b85",
            "ndownloads": 754,
            "owner": "bioconda",
            "size": 48630,
            "type": "conda",
            "upload_time": "2017-10-28 02:52:59.578000+00:00",
            "version": "1.0.1"
        },
        {
            "attrs": {
                "arch": "x86_64",
                "build": "py27_0",
                "build_number": 0,
                "depends": [
                    "biopython",
                    "diamond 0.8.22",
                    "hmmer 3.1b2",
                    "python 2.7*"
                ],
                "has_prefix": true,
                "license": "GPL",
                "machine": "x86_64",
                "operatingsystem": "linux",
                "platform": "linux",
                "subdir": "linux-64",
                "target-triplet": "x86_64-any-linux"
            },
            "basename": "linux-64/eggnog-mapper-1.0.2-py27_0.tar.bz2",
            "dependencies": {
                "depends": [
                    {
                        "name": "biopython",
                        "specs": []
                    },
                    {
                        "name": "diamond",
                        "specs": [
                            [
                                "==",
                                "0.8.22"
                            ]
                        ]
                    },
                    {
                        "name": "hmmer",
                        "specs": [
                            [
                                "==",
                                "3.1b2"
                            ]
                        ]
                    },
                    {
                        "name": "python",
                        "specs": [
                            [
                                "==",
                                "2.7"
                            ]
                        ]
                    }
                ]
            },
            "description": null,
            "distribution_type": "conda",
            "download_url": "//api.anaconda.org/download/bioconda/eggnog-mapper/1.0.2/linux-64/eggnog-mapper-1.0.2-py27_0.tar.bz2",
            "full_name": "bioconda/eggnog-mapper/1.0.2/linux-64/eggnog-mapper-1.0.2-py27_0.tar.bz2",
            "labels": [
                "main",
                "cf201901"
            ],
            "md5": "e86b59384e072db30ac7a48a7c5551ca",
            "ndownloads": 557,
            "owner": "bioconda",
            "size": 48974,
            "type": "conda",
            "upload_time": "2017-11-03 16:11:54.295000+00:00",
            "version": "1.0.2"
        },
        {
            "attrs": {
                "arch": "x86_64",
                "build": "py27_0",
                "build_number": 0,
                "depends": [
                    "biopython",
                    "diamond 0.8.22",
                    "hmmer 3.1b2",
                    "python 2.7*"
                ],
                "has_prefix": true,
                "license": "GPL",
                "machine": "x86_64",
                "operatingsystem": "darwin",
                "platform": "osx",
                "subdir": "osx-64",
                "target-triplet": "x86_64-any-darwin"
            },
            "basename": "osx-64/eggnog-mapper-1.0.2-py27_0.tar.bz2",
            "dependencies": {
                "depends": [
                    {
                        "name": "biopython",
                        "specs": []
                    },
                    {
                        "name": "diamond",
                        "specs": [
                            [
                                "==",
                                "0.8.22"
                            ]
                        ]
                    },
                    {
                        "name": "hmmer",
                        "specs": [
                            [
                                "==",
                                "3.1b2"
                            ]
                        ]
                    },
                    {
                        "name": "python",
                        "specs": [
                            [
                                "==",
                                "2.7"
                            ]
                        ]
                    }
                ]
            },
            "description": null,
            "distribution_type": "conda",
            "download_url": "//api.anaconda.org/download/bioconda/eggnog-mapper/1.0.2/osx-64/eggnog-mapper-1.0.2-py27_0.tar.bz2",
            "full_name": "bioconda/eggnog-mapper/1.0.2/osx-64/eggnog-mapper-1.0.2-py27_0.tar.bz2",
            "labels": [
                "main",
                "cf201901"
            ],
            "md5": "4b6e3b915807d19f5585a95442f8aeff",
            "ndownloads": 760,
            "owner": "bioconda",
            "size": 48690,
            "type": "conda",
            "upload_time": "2017-11-03 16:45:17.299000+00:00",
            "version": "1.0.2"
        },
        {
            "attrs": {
                "arch": "x86_64",
                "build": "py27_0",
                "build_number": 0,
                "depends": [
                    "biopython",
                    "diamond 0.8.22",
                    "hmmer 3.1b2",
                    "python 2.7*"
                ],
                "has_prefix": true,
                "license": "GPL",
                "machine": "x86_64",
                "operatingsystem": "darwin",
                "platform": "osx",
                "subdir": "osx-64",
                "target-triplet": "x86_64-any-darwin"
            },
            "basename": "osx-64/eggnog-mapper-1.0.3-py27_0.tar.bz2",
            "dependencies": {
                "depends": [
                    {
                        "name": "biopython",
                        "specs": []
                    },
                    {
                        "name": "diamond",
                        "specs": [
                            [
                                "==",
                                "0.8.22"
                            ]
                        ]
                    },
                    {
                        "name": "hmmer",
                        "specs": [
                            [
                                "==",
                                "3.1b2"
                            ]
                        ]
                    },
                    {
                        "name": "python",
                        "specs": [
                            [
                                "==",
                                "2.7"
                            ]
                        ]
                    }
                ]
            },
            "description": null,
            "distribution_type": "conda",
            "download_url": "//api.anaconda.org/download/bioconda/eggnog-mapper/1.0.3/osx-64/eggnog-mapper-1.0.3-py27_0.tar.bz2",
            "full_name": "bioconda/eggnog-mapper/1.0.3/osx-64/eggnog-mapper-1.0.3-py27_0.tar.bz2",
            "labels": [
                "main",
                "cf201901"
            ],
            "md5": "08ec950adc94c305b88fcdeec0027682",
            "ndownloads": 36,
            "owner": "bioconda",
            "size": 48755,
            "type": "conda",
            "upload_time": "2017-11-21 08:05:17.376000+00:00",
            "version": "1.0.3"
        },
        {
            "attrs": {
                "arch": "x86_64",
                "build": "py27_0",
                "build_number": 0,
                "depends": [
                    "biopython",
                    "diamond 0.8.22",
                    "hmmer 3.1b2",
                    "python 2.7*"
                ],
                "has_prefix": true,
                "license": "GPL",
                "machine": "x86_64",
                "operatingsystem": "linux",
                "platform": "linux",
                "subdir": "linux-64",
                "target-triplet": "x86_64-any-linux"
            },
            "basename": "linux-64/eggnog-mapper-1.0.3-py27_0.tar.bz2",
            "dependencies": {
                "depends": [
                    {
                        "name": "biopython",
                        "specs": []
                    },
                    {
                        "name": "diamond",
                        "specs": [
                            [
                                "==",
                                "0.8.22"
                            ]
                        ]
                    },
                    {
                        "name": "hmmer",
                        "specs": [
                            [
                                "==",
                                "3.1b2"
                            ]
                        ]
                    },
                    {
                        "name": "python",
                        "specs": [
                            [
                                "==",
                                "2.7"
                            ]
                        ]
                    }
                ]
            },
            "description": null,
            "distribution_type": "conda",
            "download_url": "//api.anaconda.org/download/bioconda/eggnog-mapper/1.0.3/linux-64/eggnog-mapper-1.0.3-py27_0.tar.bz2",
            "full_name": "bioconda/eggnog-mapper/1.0.3/linux-64/eggnog-mapper-1.0.3-py27_0.tar.bz2",
            "labels": [
                "main",
                "cf201901"
            ],
            "md5": "240f067a8148beb336c49b9c7fc263d2",
            "ndownloads": 653,
            "owner": "bioconda",
            "size": 48956,
            "type": "conda",
            "upload_time": "2017-11-21 08:05:19.376000+00:00",
            "version": "1.0.3"
        },
        {
            "attrs": {
                "arch": "x86_64",
                "build": "py27_1",
                "build_number": 1,
                "depends": [
                    "biopython",
                    "diamond 0.8.22.*",
                    "hmmer 3.1b2.*",
                    "python >=2.7,<2.8.0a0"
                ],
                "has_prefix": true,
                "license": "GPL",
                "machine": "x86_64",
                "operatingsystem": "darwin",
                "platform": "osx",
                "subdir": "osx-64",
                "target-triplet": "x86_64-any-darwin",
                "timestamp": 1530482801301
            },
            "basename": "osx-64/eggnog-mapper-1.0.3-py27_1.tar.bz2",
            "dependencies": {
                "depends": [
                    {
                        "name": "biopython",
                        "specs": []
                    },
                    {
                        "name": "diamond",
                        "specs": [
                            [
                                "==",
                                "0.8.22."
                            ]
                        ]
                    },
                    {
                        "name": "hmmer",
                        "specs": [
                            [
                                "==",
                                "3.1b2."
                            ]
                        ]
                    },
                    {
                        "name": "python",
                        "specs": [
                            [
                                ">=",
                                "2.7,<2.8.0a0"
                            ]
                        ]
                    }
                ]
            },
            "description": null,
            "distribution_type": "conda",
            "download_url": "//api.anaconda.org/download/bioconda/eggnog-mapper/1.0.3/osx-64/eggnog-mapper-1.0.3-py27_1.tar.bz2",
            "full_name": "bioconda/eggnog-mapper/1.0.3/osx-64/eggnog-mapper-1.0.3-py27_1.tar.bz2",
            "labels": [
                "main",
                "cf201901"
            ],
            "md5": "1af4a805164d1df6c967e9770998e8ae",
            "ndownloads": 120,
            "owner": "bioconda",
            "size": 49512,
            "type": "conda",
            "upload_time": "2018-07-01 22:07:21.428000+00:00",
            "version": "1.0.3"
        },
        {
            "attrs": {
                "arch": "x86_64",
                "build": "py27_1",
                "build_number": 1,
                "depends": [
                    "biopython",
                    "diamond 0.8.22.*",
                    "hmmer 3.1b2.*",
                    "python >=2.7,<2.8.0a0"
                ],
                "has_prefix": true,
                "license": "GPL",
                "machine": "x86_64",
                "operatingsystem": "linux",
                "platform": "linux",
                "subdir": "linux-64",
                "target-triplet": "x86_64-any-linux",
                "timestamp": 1530927970369
            },
            "basename": "linux-64/eggnog-mapper-1.0.3-py27_1.tar.bz2",
            "dependencies": {
                "depends": [
                    {
                        "name": "biopython",
                        "specs": []
                    },
                    {
                        "name": "diamond",
                        "specs": [
                            [
                                "==",
                                "0.8.22."
                            ]
                        ]
                    },
                    {
                        "name": "hmmer",
                        "specs": [
                            [
                                "==",
                                "3.1b2."
                            ]
                        ]
                    },
                    {
                        "name": "python",
                        "specs": [
                            [
                                ">=",
                                "2.7,<2.8.0a0"
                            ]
                        ]
                    }
                ]
            },
            "description": null,
            "distribution_type": "conda",
            "download_url": "//api.anaconda.org/download/bioconda/eggnog-mapper/1.0.3/linux-64/eggnog-mapper-1.0.3-py27_1.tar.bz2",
            "full_name": "bioconda/eggnog-mapper/1.0.3/linux-64/eggnog-mapper-1.0.3-py27_1.tar.bz2",
            "labels": [
                "main",
                "cf201901"
            ],
            "md5": "c10e0c1ccfbe95e85a2b93563c4d2022",
            "ndownloads": 563,
            "owner": "bioconda",
            "size": 49259,
            "type": "conda",
            "upload_time": "2018-07-07 01:49:52.317000+00:00",
            "version": "1.0.3"
        },
        {
            "attrs": {
                "arch": "x86_64",
                "build": "py27_2",
                "build_number": 2,
                "depends": [
                    "biopython",
                    "diamond 0.8.22.*",
                    "hmmer 3.1b2.*",
                    "python >=2.7,<2.8.0a0"
                ],
                "has_prefix": true,
                "license": "GPL",
                "machine": "x86_64",
                "operatingsystem": "darwin",
                "platform": "osx",
                "subdir": "osx-64",
                "target-triplet": "x86_64-any-darwin",
                "timestamp": 1542911891366
            },
            "basename": "osx-64/eggnog-mapper-1.0.3-py27_2.tar.bz2",
            "dependencies": {
                "depends": [
                    {
                        "name": "biopython",
                        "specs": []
                    },
                    {
                        "name": "diamond",
                        "specs": [
                            [
                                "==",
                                "0.8.22."
                            ]
                        ]
                    },
                    {
                        "name": "hmmer",
                        "specs": [
                            [
                                "==",
                                "3.1b2."
                            ]
                        ]
                    },
                    {
                        "name": "python",
                        "specs": [
                            [
                                ">=",
                                "2.7,<2.8.0a0"
                            ]
                        ]
                    }
                ]
            },
            "description": null,
            "distribution_type": "conda",
            "download_url": "//api.anaconda.org/download/bioconda/eggnog-mapper/1.0.3/osx-64/eggnog-mapper-1.0.3-py27_2.tar.bz2",
            "full_name": "bioconda/eggnog-mapper/1.0.3/osx-64/eggnog-mapper-1.0.3-py27_2.tar.bz2",
            "labels": [
                "main",
                "cf201901"
            ],
            "md5": "99fb63f0e4162c175da7e8e15f1de3f6",
            "ndownloads": 668,
            "owner": "bioconda",
            "size": 49916,
            "type": "conda",
            "upload_time": "2018-11-22 18:39:20.720000+00:00",
            "version": "1.0.3"
        },
        {
            "attrs": {
                "arch": "x86_64",
                "build": "py27_2",
                "build_number": 2,
                "depends": [
                    "biopython",
                    "diamond 0.8.22.*",
                    "hmmer 3.1b2.*",
                    "python >=2.7,<2.8.0a0"
                ],
                "has_prefix": true,
                "license": "GPL",
                "machine": "x86_64",
                "operatingsystem": "linux",
                "platform": "linux",
                "subdir": "linux-64",
                "target-triplet": "x86_64-any-linux",
                "timestamp": 1542913616945
            },
            "basename": "linux-64/eggnog-mapper-1.0.3-py27_2.tar.bz2",
            "dependencies": {
                "depends": [
                    {
                        "name": "biopython",
                        "specs": []
                    },
                    {
                        "name": "diamond",
                        "specs": [
                            [
                                "==",
                                "0.8.22."
                            ]
                        ]
                    },
                    {
                        "name": "hmmer",
                        "specs": [
                            [
                                "==",
                                "3.1b2."
                            ]
                        ]
                    },
                    {
                        "name": "python",
                        "specs": [
                            [
                                ">=",
                                "2.7,<2.8.0a0"
                            ]
                        ]
                    }
                ]
            },
            "description": null,
            "distribution_type": "conda",
            "download_url": "//api.anaconda.org/download/bioconda/eggnog-mapper/1.0.3/linux-64/eggnog-mapper-1.0.3-py27_2.tar.bz2",
            "full_name": "bioconda/eggnog-mapper/1.0.3/linux-64/eggnog-mapper-1.0.3-py27_2.tar.bz2",
            "labels": [
                "main",
                "cf201901"
            ],
            "md5": "d821655702a3b6d355af61c5416a0e10",
            "ndownloads": 324,
            "owner": "bioconda",
            "size": 49891,
            "type": "conda",
            "upload_time": "2018-11-22 19:12:06.459000+00:00",
            "version": "1.0.3"
        },
        {
            "attrs": {
                "arch": null,
                "build": "py_3",
                "build_number": 3,
                "depends": [
                    "biopython",
                    "diamond 0.8.22.*",
                    "hmmer 3.1b2.*",
                    "python <3",
                    "wget"
                ],
                "has_prefix": false,
                "license": "GPL-2.0",
                "license_family": "GPL",
                "machine": null,
                "noarch": "python",
                "operatingsystem": null,
                "platform": null,
                "subdir": "noarch",
                "target-triplet": "None-any-None",
                "timestamp": 1552785955423
            },
            "basename": "noarch/eggnog-mapper-1.0.3-py_3.tar.bz2",
            "dependencies": {
                "depends": [
                    {
                        "name": "biopython",
                        "specs": []
                    },
                    {
                        "name": "diamond",
                        "specs": [
                            [
                                "==",
                                "0.8.22."
                            ]
                        ]
                    },
                    {
                        "name": "hmmer",
                        "specs": [
                            [
                                "==",
                                "3.1b2."
                            ]
                        ]
                    },
                    {
                        "name": "python",
                        "specs": [
                            [
                                "<",
                                "3"
                            ]
                        ]
                    },
                    {
                        "name": "wget",
                        "specs": []
                    }
                ]
            },
            "description": null,
            "distribution_type": "conda",
            "download_url": "//api.anaconda.org/download/bioconda/eggnog-mapper/1.0.3/noarch/eggnog-mapper-1.0.3-py_3.tar.bz2",
            "full_name": "bioconda/eggnog-mapper/1.0.3/noarch/eggnog-mapper-1.0.3-py_3.tar.bz2",
            "labels": [
                "main"
            ],
            "md5": "779a18795ab75846c5ec99cf9c8cf140",
            "ndownloads": 368,
            "owner": "bioconda",
            "size": 38359,
            "type": "conda",
            "upload_time": "2019-03-17 01:28:52.514000+00:00",
            "version": "1.0.3"
        },
        {
            "attrs": {
                "arch": null,
                "build": "py_0",
                "build_number": 0,
                "depends": [
                    "biopython",
                    "diamond 0.8.22.*",
                    "python <3",
                    "wget"
                ],
                "has_prefix": false,
                "license": "GPL-2.0",
                "license_family": "GPL",
                "machine": null,
                "noarch": "python",
                "operatingsystem": null,
                "platform": null,
                "subdir": "noarch",
                "target-triplet": "None-any-None",
                "timestamp": 1572853217439
            },
            "basename": "noarch/eggnog-mapper-2.0.0-py_0.tar.bz2",
            "dependencies": {
                "depends": [
                    {
                        "name": "biopython",
                        "specs": []
                    },
                    {
                        "name": "diamond",
                        "specs": [
                            [
                                "==",
                                "0.8.22."
                            ]
                        ]
                    },
                    {
                        "name": "python",
                        "specs": [
                            [
                                "<",
                                "3"
                            ]
                        ]
                    },
                    {
                        "name": "wget",
                        "specs": []
                    }
                ]
            },
            "description": null,
            "distribution_type": "conda",
            "download_url": "//api.anaconda.org/download/bioconda/eggnog-mapper/2.0.0/noarch/eggnog-mapper-2.0.0-py_0.tar.bz2",
            "full_name": "bioconda/eggnog-mapper/2.0.0/noarch/eggnog-mapper-2.0.0-py_0.tar.bz2",
            "labels": [
                "main"
            ],
            "md5": "f1a7545a5c2620971fb6a7c24b473f31",
            "ndownloads": 34,
            "owner": "bioconda",
            "size": 59923,
            "type": "conda",
            "upload_time": "2019-11-04 07:43:22.136000+00:00",
            "version": "2.0.0"
        },
        {
            "attrs": {
                "arch": null,
                "build": "py_0",
                "build_number": 0,
                "depends": [
                    "biopython",
                    "diamond 0.9.24.*",
                    "python <3",
                    "wget"
                ],
                "has_prefix": false,
                "license": "GPL-2.0",
                "license_family": "GPL",
                "machine": null,
                "noarch": "python",
                "operatingsystem": null,
                "platform": null,
                "subdir": "noarch",
                "target-triplet": "None-any-None",
                "timestamp": 1573909837038
            },
            "basename": "noarch/eggnog-mapper-2.0.1-py_0.tar.bz2",
            "dependencies": {
                "depends": [
                    {
                        "name": "biopython",
                        "specs": []
                    },
                    {
                        "name": "diamond",
                        "specs": [
                            [
                                "==",
                                "0.9.24."
                            ]
                        ]
                    },
                    {
                        "name": "python",
                        "specs": [
                            [
                                "<",
                                "3"
                            ]
                        ]
                    },
                    {
                        "name": "wget",
                        "specs": []
                    }
                ]
            },
            "description": null,
            "distribution_type": "conda",
            "download_url": "//api.anaconda.org/download/bioconda/eggnog-mapper/2.0.1/noarch/eggnog-mapper-2.0.1-py_0.tar.bz2",
            "full_name": "bioconda/eggnog-mapper/2.0.1/noarch/eggnog-mapper-2.0.1-py_0.tar.bz2",
            "labels": [
                "main"
            ],
            "md5": "97836616c234a5c2d74bd6c8eecb9d4f",
            "ndownloads": 15,
            "owner": "bioconda",
            "size": 59900,
            "type": "conda",
            "upload_time": "2019-11-16 13:15:00.965000+00:00",
            "version": "2.0.1"
        },
        {
            "attrs": {
                "arch": null,
                "build": "py_1",
                "build_number": 1,
                "depends": [
                    "biopython",
                    "diamond >0.9",
                    "python <3",
                    "wget"
                ],
                "has_prefix": false,
                "license": "GPL-2.0",
                "license_family": "GPL",
                "machine": null,
                "noarch": "python",
                "operatingsystem": null,
                "platform": null,
                "subdir": "noarch",
                "target-triplet": "None-any-None",
                "timestamp": 1574240547579
            },
            "basename": "noarch/eggnog-mapper-2.0.1-py_1.tar.bz2",
            "dependencies": {
                "depends": [
                    {
                        "name": "biopython",
                        "specs": []
                    },
                    {
                        "name": "diamond",
                        "specs": [
                            [
                                ">",
                                "0.9"
                            ]
                        ]
                    },
                    {
                        "name": "python",
                        "specs": [
                            [
                                "<",
                                "3"
                            ]
                        ]
                    },
                    {
                        "name": "wget",
                        "specs": []
                    }
                ]
            },
            "description": null,
            "distribution_type": "conda",
            "download_url": "//api.anaconda.org/download/bioconda/eggnog-mapper/2.0.1/noarch/eggnog-mapper-2.0.1-py_1.tar.bz2",
            "full_name": "bioconda/eggnog-mapper/2.0.1/noarch/eggnog-mapper-2.0.1-py_1.tar.bz2",
            "labels": [
                "main"
            ],
            "md5": "8d91b11156b8c6a437273d713dd4ab78",
            "ndownloads": 46,
            "owner": "bioconda",
            "size": 59880,
            "type": "conda",
            "upload_time": "2019-11-20 09:06:49.985000+00:00",
            "version": "2.0.1"
        }
    ],
    "full_name": "bioconda/eggnog-mapper",
    "home": "https://github.com/jhcepas/eggnog-mapper",
    "html_url": "http://anaconda.org/bioconda/eggnog-mapper",
    "id": "59eb1fa4ab08c2122986c7a4",
    "latest_version": "2.0.1",
    "license": "GPL-2.0",
    "license_url": null,
    "modified_at": "2019-11-20 09:06:50.540000+00:00",
    "name": "eggnog-mapper",
    "owner": {
        "company": "",
        "created_at": "2015-09-11 22:59:20.880000+00:00",
        "description": "Bioconda is a distribution of bioinformatics software realized as a channel for the versatile Conda package manager.",
        "location": "",
        "login": "bioconda",
        "name": "bioconda",
        "url": "",
        "user_type": "org"
    },
    "package_types": [
        "conda"
    ],
    "public": true,
    "releases": [
        {
            "distributions": [],
            "full_name": "bioconda/eggnog-mapper/1.0.0",
            "version": "1.0.0"
        },
        {
            "distributions": [],
            "full_name": "bioconda/eggnog-mapper/1.0.1",
            "version": "1.0.1"
        },
        {
            "distributions": [],
            "full_name": "bioconda/eggnog-mapper/1.0.2",
            "version": "1.0.2"
        },
        {
            "distributions": [],
            "full_name": "bioconda/eggnog-mapper/1.0.3",
            "version": "1.0.3"
        },
        {
            "distributions": [],
            "full_name": "bioconda/eggnog-mapper/2.0.0",
            "version": "2.0.0"
        },
        {
            "distributions": [],
            "full_name": "bioconda/eggnog-mapper/2.0.1",
            "version": "2.0.1"
        }
    ],
    "revision": 12,
    "source_git_tag": null,
    "source_git_url": null,
    "summary": "Fast genome-wide functional annotation through orthology assignment.",
    "upvoted": 0,
    "url": "http://api.anaconda.org/packages/bioconda/eggnog-mapper",
    "versions": [
        "1.0.0",
        "1.0.1",
        "1.0.2",
        "1.0.3",
        "2.0.0",
        "2.0.1"
    ],
    "watchers": 1
}