{
    "app_entry": {},
    "app_summary": {},
    "app_type": {},
    "builds": [
        "py27_1",
        "py27_0"
    ],
    "conda_platforms": [
        "linux-64",
        "osx-64"
    ],
    "created_at": "2016-01-07 21:47:35.641000+00:00",
    "description": "None",
    "dev_url": {},
    "doc_url": {},
    "files": [
        {
            "attrs": {
                "arch": "x86_64",
                "build": "py27_0",
                "build_number": 0,
                "depends": [
                    "numpy >=1.7",
                    "python 2.7*",
                    "qcli",
                    "scikit-bio >=0.2.1,<0.3.0"
                ],
                "license": "BSD License",
                "machine": "x86_64",
                "operatingsystem": "linux",
                "platform": "linux",
                "subdir": "linux-64",
                "target-triplet": "x86_64-any-linux"
            },
            "basename": "linux-64/emperor-0.9.51-py27_0.tar.bz2",
            "dependencies": {
                "depends": [
                    {
                        "name": "numpy",
                        "specs": [
                            [
                                ">=",
                                "1.7"
                            ]
                        ]
                    },
                    {
                        "name": "python",
                        "specs": [
                            [
                                "==",
                                "2.7"
                            ]
                        ]
                    },
                    {
                        "name": "qcli",
                        "specs": []
                    },
                    {
                        "name": "scikit-bio",
                        "specs": [
                            [
                                ">=",
                                "0.2.1,<0.3.0"
                            ]
                        ]
                    }
                ]
            },
            "description": null,
            "distribution_type": "conda",
            "download_url": "//api.anaconda.org/download/bioconda/emperor/0.9.51/linux-64/emperor-0.9.51-py27_0.tar.bz2",
            "full_name": "bioconda/emperor/0.9.51/linux-64/emperor-0.9.51-py27_0.tar.bz2",
            "labels": [
                "main",
                "cf201901"
            ],
            "md5": "3b83d8db4fba20d2dd225665d5aaf894",
            "ndownloads": 24797,
            "owner": "bioconda",
            "size": 410558,
            "type": "conda",
            "upload_time": "2016-01-07 21:47:35.869000+00:00",
            "version": "0.9.51"
        },
        {
            "attrs": {
                "arch": "x86_64",
                "build": "py27_0",
                "build_number": 0,
                "depends": [
                    "numpy >=1.7",
                    "python 2.7*",
                    "qcli",
                    "scikit-bio >=0.2.1,<0.3.0"
                ],
                "license": "BSD License",
                "machine": "x86_64",
                "operatingsystem": "darwin",
                "platform": "osx",
                "subdir": "osx-64",
                "target-triplet": "x86_64-any-darwin"
            },
            "basename": "osx-64/emperor-0.9.51-py27_0.tar.bz2",
            "dependencies": {
                "depends": [
                    {
                        "name": "numpy",
                        "specs": [
                            [
                                ">=",
                                "1.7"
                            ]
                        ]
                    },
                    {
                        "name": "python",
                        "specs": [
                            [
                                "==",
                                "2.7"
                            ]
                        ]
                    },
                    {
                        "name": "qcli",
                        "specs": []
                    },
                    {
                        "name": "scikit-bio",
                        "specs": [
                            [
                                ">=",
                                "0.2.1,<0.3.0"
                            ]
                        ]
                    }
                ]
            },
            "description": null,
            "distribution_type": "conda",
            "download_url": "//api.anaconda.org/download/bioconda/emperor/0.9.51/osx-64/emperor-0.9.51-py27_0.tar.bz2",
            "full_name": "bioconda/emperor/0.9.51/osx-64/emperor-0.9.51-py27_0.tar.bz2",
            "labels": [
                "main",
                "cf201901"
            ],
            "md5": "5293f42046928583573b46fa2eceac96",
            "ndownloads": 5592,
            "owner": "bioconda",
            "size": 410435,
            "type": "conda",
            "upload_time": "2016-03-05 17:18:55.164000+00:00",
            "version": "0.9.51"
        },
        {
            "attrs": {
                "arch": "x86_64",
                "build": "py27_1",
                "build_number": 1,
                "depends": [
                    "numpy >=1.5.1,<=1.7.1",
                    "python >=2.7,<2.8.0a0",
                    "qcli"
                ],
                "has_prefix": true,
                "license": "BSD License",
                "machine": "x86_64",
                "operatingsystem": "linux",
                "platform": "linux",
                "subdir": "linux-64",
                "target-triplet": "x86_64-any-linux",
                "timestamp": 1529907443772
            },
            "basename": "linux-64/emperor-0.9.3-py27_1.tar.bz2",
            "dependencies": {
                "depends": [
                    {
                        "name": "numpy",
                        "specs": [
                            [
                                ">=",
                                "1.5.1,<=1.7.1"
                            ]
                        ]
                    },
                    {
                        "name": "python",
                        "specs": [
                            [
                                ">=",
                                "2.7,<2.8.0a0"
                            ]
                        ]
                    },
                    {
                        "name": "qcli",
                        "specs": []
                    }
                ]
            },
            "description": null,
            "distribution_type": "conda",
            "download_url": "//api.anaconda.org/download/bioconda/emperor/0.9.3/linux-64/emperor-0.9.3-py27_1.tar.bz2",
            "full_name": "bioconda/emperor/0.9.3/linux-64/emperor-0.9.3-py27_1.tar.bz2",
            "labels": [
                "main",
                "cf201901"
            ],
            "md5": "00cccf10af50bb79b8e5747c78a96f26",
            "ndownloads": 1190,
            "owner": "bioconda",
            "size": 480378,
            "type": "conda",
            "upload_time": "2018-06-25 06:18:47.760000+00:00",
            "version": "0.9.3"
        },
        {
            "attrs": {
                "arch": "x86_64",
                "build": "py27_0",
                "build_number": 0,
                "depends": [
                    "numpy >=1.5.1,<=1.7.1",
                    "python 2.7*",
                    "qcli"
                ],
                "has_prefix": true,
                "license": "BSD License",
                "machine": "x86_64",
                "operatingsystem": "linux",
                "platform": "linux",
                "subdir": "linux-64",
                "target-triplet": "x86_64-any-linux"
            },
            "basename": "linux-64/emperor-0.9.3-py27_0.tar.bz2",
            "dependencies": {
                "depends": [
                    {
                        "name": "numpy",
                        "specs": [
                            [
                                ">=",
                                "1.5.1,<=1.7.1"
                            ]
                        ]
                    },
                    {
                        "name": "python",
                        "specs": [
                            [
                                "==",
                                "2.7"
                            ]
                        ]
                    },
                    {
                        "name": "qcli",
                        "specs": []
                    }
                ]
            },
            "description": null,
            "distribution_type": "conda",
            "download_url": "//api.anaconda.org/download/bioconda/emperor/0.9.3/linux-64/emperor-0.9.3-py27_0.tar.bz2",
            "full_name": "bioconda/emperor/0.9.3/linux-64/emperor-0.9.3-py27_0.tar.bz2",
            "labels": [
                "main",
                "cf201901"
            ],
            "md5": "d8758ae423937c90b397c0d9bc968de6",
            "ndownloads": 137,
            "owner": "bioconda",
            "size": 479531,
            "type": "conda",
            "upload_time": "2018-05-24 14:54:36.401000+00:00",
            "version": "0.9.3"
        }
    ],
    "full_name": "bioconda/emperor",
    "home": "None",
    "html_url": "http://anaconda.org/bioconda/emperor",
    "id": "568edcf74e42ed7190c1c431",
    "latest_version": "0.9.51",
    "license": "BSD License",
    "license_url": {},
    "modified_at": "2018-06-25 06:18:48.205000+00:00",
    "name": "emperor",
    "owner": {
        "company": "",
        "created_at": "2015-09-11 22:59:20.880000+00:00",
        "description": "Bioconda is a distribution of bioinformatics software realized as a channel for the versatile Conda package manager.",
        "location": "",
        "login": "bioconda",
        "name": "bioconda",
        "url": "",
        "user_type": "org"
    },
    "package_types": [
        "conda"
    ],
    "public": true,
    "releases": [
        {
            "distributions": [
                "linux-64/emperor-0.9.51-py27_0.tar.bz2",
                "osx-64/emperor-0.9.51-py27_0.tar.bz2"
            ],
            "full_name": "bioconda/emperor/0.9.51",
            "version": "0.9.51"
        },
        {
            "distributions": [],
            "full_name": "bioconda/emperor/0.9.3",
            "version": "0.9.3"
        }
    ],
    "revision": 4,
    "source_git_tag": {},
    "source_git_url": {},
    "summary": "Emperor a tool for the analysis and visualization of large microbial ecology datasets",
    "upvoted": 0,
    "url": "http://api.anaconda.org/packages/bioconda/emperor",
    "versions": [
        "0.9.51",
        "0.9.3"
    ],
    "watchers": 1
}