{
    "app_entry": {},
    "app_summary": {},
    "app_type": {},
    "builds": [
        "py36_1",
        "py36_0",
        "py_1",
        "py35_0",
        "py35_1"
    ],
    "conda_platforms": [
        "linux-64",
        "noarch",
        "osx-64"
    ],
    "created_at": "2018-04-21 09:16:52.070000+00:00",
    "description": "",
    "dev_url": null,
    "doc_url": null,
    "files": [
        {
            "attrs": {
                "arch": "x86_64",
                "build": "py36_0",
                "build_number": 0,
                "depends": [
                    "ont-fast5-api",
                    "pysam",
                    "python 3.6*"
                ],
                "has_prefix": true,
                "license": "MIT License",
                "license_family": "MIT",
                "machine": "x86_64",
                "operatingsystem": "darwin",
                "platform": "osx",
                "subdir": "osx-64",
                "target-triplet": "x86_64-any-darwin"
            },
            "basename": "osx-64/fast5seek-0.1.0-py36_0.tar.bz2",
            "dependencies": {
                "depends": [
                    {
                        "name": "ont-fast5-api",
                        "specs": []
                    },
                    {
                        "name": "pysam",
                        "specs": []
                    },
                    {
                        "name": "python",
                        "specs": [
                            [
                                "==",
                                "3.6"
                            ]
                        ]
                    }
                ]
            },
            "description": null,
            "distribution_type": "conda",
            "download_url": "//api.anaconda.org/download/bioconda/fast5seek/0.1.0/osx-64/fast5seek-0.1.0-py36_0.tar.bz2",
            "full_name": "bioconda/fast5seek/0.1.0/osx-64/fast5seek-0.1.0-py36_0.tar.bz2",
            "labels": [
                "main",
                "cf201901"
            ],
            "md5": "ba3238db3d4e0b65023a3fe7755d80a2",
            "ndownloads": 20,
            "owner": "bioconda",
            "size": 25643,
            "type": "conda",
            "upload_time": "2018-04-21 09:16:52.606000+00:00",
            "version": "0.1.0"
        },
        {
            "attrs": {
                "arch": "x86_64",
                "build": "py35_0",
                "build_number": 0,
                "depends": [
                    "ont-fast5-api",
                    "pysam",
                    "python 3.5*"
                ],
                "has_prefix": true,
                "license": "MIT License",
                "license_family": "MIT",
                "machine": "x86_64",
                "operatingsystem": "darwin",
                "platform": "osx",
                "subdir": "osx-64",
                "target-triplet": "x86_64-any-darwin"
            },
            "basename": "osx-64/fast5seek-0.1.0-py35_0.tar.bz2",
            "dependencies": {
                "depends": [
                    {
                        "name": "ont-fast5-api",
                        "specs": []
                    },
                    {
                        "name": "pysam",
                        "specs": []
                    },
                    {
                        "name": "python",
                        "specs": [
                            [
                                "==",
                                "3.5"
                            ]
                        ]
                    }
                ]
            },
            "description": null,
            "distribution_type": "conda",
            "download_url": "//api.anaconda.org/download/bioconda/fast5seek/0.1.0/osx-64/fast5seek-0.1.0-py35_0.tar.bz2",
            "full_name": "bioconda/fast5seek/0.1.0/osx-64/fast5seek-0.1.0-py35_0.tar.bz2",
            "labels": [
                "main",
                "cf201901"
            ],
            "md5": "1d36fc5751d2a128618d3a258823ff0d",
            "ndownloads": 132,
            "owner": "bioconda",
            "size": 25729,
            "type": "conda",
            "upload_time": "2018-04-21 09:17:56.541000+00:00",
            "version": "0.1.0"
        },
        {
            "attrs": {
                "arch": "x86_64",
                "build": "py35_1",
                "build_number": 1,
                "depends": [
                    "ont-fast5-api",
                    "pysam",
                    "python >=3.5,<3.6.0a0"
                ],
                "has_prefix": true,
                "license": "MIT License",
                "license_family": "MIT",
                "machine": "x86_64",
                "operatingsystem": "darwin",
                "platform": "osx",
                "subdir": "osx-64",
                "target-triplet": "x86_64-any-darwin",
                "timestamp": 1530484908406
            },
            "basename": "osx-64/fast5seek-0.1.0-py35_1.tar.bz2",
            "dependencies": {
                "depends": [
                    {
                        "name": "ont-fast5-api",
                        "specs": []
                    },
                    {
                        "name": "pysam",
                        "specs": []
                    },
                    {
                        "name": "python",
                        "specs": [
                            [
                                ">=",
                                "3.5,<3.6.0a0"
                            ]
                        ]
                    }
                ]
            },
            "description": null,
            "distribution_type": "conda",
            "download_url": "//api.anaconda.org/download/bioconda/fast5seek/0.1.0/osx-64/fast5seek-0.1.0-py35_1.tar.bz2",
            "full_name": "bioconda/fast5seek/0.1.0/osx-64/fast5seek-0.1.0-py35_1.tar.bz2",
            "labels": [
                "main",
                "cf201901"
            ],
            "md5": "c58c1e52ad3f4368232f79651b6206ad",
            "ndownloads": 22,
            "owner": "bioconda",
            "size": 26357,
            "type": "conda",
            "upload_time": "2018-07-01 22:43:18.542000+00:00",
            "version": "0.1.0"
        },
        {
            "attrs": {
                "arch": "x86_64",
                "build": "py36_1",
                "build_number": 1,
                "depends": [
                    "ont-fast5-api",
                    "pysam",
                    "python >=3.6,<3.7.0a0"
                ],
                "has_prefix": true,
                "license": "MIT License",
                "license_family": "MIT",
                "machine": "x86_64",
                "operatingsystem": "darwin",
                "platform": "osx",
                "subdir": "osx-64",
                "target-triplet": "x86_64-any-darwin",
                "timestamp": 1530484959657
            },
            "basename": "osx-64/fast5seek-0.1.0-py36_1.tar.bz2",
            "dependencies": {
                "depends": [
                    {
                        "name": "ont-fast5-api",
                        "specs": []
                    },
                    {
                        "name": "pysam",
                        "specs": []
                    },
                    {
                        "name": "python",
                        "specs": [
                            [
                                ">=",
                                "3.6,<3.7.0a0"
                            ]
                        ]
                    }
                ]
            },
            "description": null,
            "distribution_type": "conda",
            "download_url": "//api.anaconda.org/download/bioconda/fast5seek/0.1.0/osx-64/fast5seek-0.1.0-py36_1.tar.bz2",
            "full_name": "bioconda/fast5seek/0.1.0/osx-64/fast5seek-0.1.0-py36_1.tar.bz2",
            "labels": [
                "main",
                "cf201901"
            ],
            "md5": "e804b7a76df81b0d30a0ba8460218ee2",
            "ndownloads": 623,
            "owner": "bioconda",
            "size": 26267,
            "type": "conda",
            "upload_time": "2018-07-01 22:43:14.224000+00:00",
            "version": "0.1.0"
        },
        {
            "attrs": {
                "arch": "x86_64",
                "build": "py36_1",
                "build_number": 1,
                "depends": [
                    "ont-fast5-api",
                    "pysam",
                    "python >=3.6,<3.7.0a0"
                ],
                "has_prefix": true,
                "license": "MIT License",
                "license_family": "MIT",
                "machine": "x86_64",
                "operatingsystem": "linux",
                "platform": "linux",
                "subdir": "linux-64",
                "target-triplet": "x86_64-any-linux",
                "timestamp": 1531020267072
            },
            "basename": "linux-64/fast5seek-0.1.0-py36_1.tar.bz2",
            "dependencies": {
                "depends": [
                    {
                        "name": "ont-fast5-api",
                        "specs": []
                    },
                    {
                        "name": "pysam",
                        "specs": []
                    },
                    {
                        "name": "python",
                        "specs": [
                            [
                                ">=",
                                "3.6,<3.7.0a0"
                            ]
                        ]
                    }
                ]
            },
            "description": null,
            "distribution_type": "conda",
            "download_url": "//api.anaconda.org/download/bioconda/fast5seek/0.1.0/linux-64/fast5seek-0.1.0-py36_1.tar.bz2",
            "full_name": "bioconda/fast5seek/0.1.0/linux-64/fast5seek-0.1.0-py36_1.tar.bz2",
            "labels": [
                "main",
                "cf201901"
            ],
            "md5": "0d75419eaff275415cc0ac916477dc65",
            "ndownloads": 128,
            "owner": "bioconda",
            "size": 26064,
            "type": "conda",
            "upload_time": "2018-07-08 03:32:24.371000+00:00",
            "version": "0.1.0"
        },
        {
            "attrs": {
                "arch": "x86_64",
                "build": "py35_1",
                "build_number": 1,
                "depends": [
                    "ont-fast5-api",
                    "pysam",
                    "python >=3.5,<3.6.0a0"
                ],
                "has_prefix": true,
                "license": "MIT License",
                "license_family": "MIT",
                "machine": "x86_64",
                "operatingsystem": "linux",
                "platform": "linux",
                "subdir": "linux-64",
                "target-triplet": "x86_64-any-linux",
                "timestamp": 1531020327269
            },
            "basename": "linux-64/fast5seek-0.1.0-py35_1.tar.bz2",
            "dependencies": {
                "depends": [
                    {
                        "name": "ont-fast5-api",
                        "specs": []
                    },
                    {
                        "name": "pysam",
                        "specs": []
                    },
                    {
                        "name": "python",
                        "specs": [
                            [
                                ">=",
                                "3.5,<3.6.0a0"
                            ]
                        ]
                    }
                ]
            },
            "description": null,
            "distribution_type": "conda",
            "download_url": "//api.anaconda.org/download/bioconda/fast5seek/0.1.0/linux-64/fast5seek-0.1.0-py35_1.tar.bz2",
            "full_name": "bioconda/fast5seek/0.1.0/linux-64/fast5seek-0.1.0-py35_1.tar.bz2",
            "labels": [
                "main",
                "cf201901"
            ],
            "md5": "717bae2bc3d1eeae472caeb8ee7a451c",
            "ndownloads": 229,
            "owner": "bioconda",
            "size": 26164,
            "type": "conda",
            "upload_time": "2018-07-08 03:32:26.944000+00:00",
            "version": "0.1.0"
        },
        {
            "attrs": {
                "arch": "x86_64",
                "build": "py35_0",
                "build_number": 0,
                "depends": [
                    "ont-fast5-api",
                    "pysam",
                    "python >=3.5,<3.6.0a0"
                ],
                "has_prefix": true,
                "license": "MIT License",
                "license_family": "MIT",
                "machine": "x86_64",
                "operatingsystem": "linux",
                "platform": "linux",
                "subdir": "linux-64",
                "target-triplet": "x86_64-any-linux",
                "timestamp": 1540342328776
            },
            "basename": "linux-64/fast5seek-0.1.1-py35_0.tar.bz2",
            "dependencies": {
                "depends": [
                    {
                        "name": "ont-fast5-api",
                        "specs": []
                    },
                    {
                        "name": "pysam",
                        "specs": []
                    },
                    {
                        "name": "python",
                        "specs": [
                            [
                                ">=",
                                "3.5,<3.6.0a0"
                            ]
                        ]
                    }
                ]
            },
            "description": null,
            "distribution_type": "conda",
            "download_url": "//api.anaconda.org/download/bioconda/fast5seek/0.1.1/linux-64/fast5seek-0.1.1-py35_0.tar.bz2",
            "full_name": "bioconda/fast5seek/0.1.1/linux-64/fast5seek-0.1.1-py35_0.tar.bz2",
            "labels": [
                "main",
                "cf201901"
            ],
            "md5": "cb52dcb20917e7ecf90daf4b187cbf33",
            "ndownloads": 106,
            "owner": "bioconda",
            "size": 27457,
            "type": "conda",
            "upload_time": "2018-10-24 00:59:03.914000+00:00",
            "version": "0.1.1"
        },
        {
            "attrs": {
                "arch": "x86_64",
                "build": "py36_0",
                "build_number": 0,
                "depends": [
                    "ont-fast5-api",
                    "pysam",
                    "python >=3.6,<3.7.0a0"
                ],
                "has_prefix": true,
                "license": "MIT License",
                "license_family": "MIT",
                "machine": "x86_64",
                "operatingsystem": "linux",
                "platform": "linux",
                "subdir": "linux-64",
                "target-triplet": "x86_64-any-linux",
                "timestamp": 1540342263929
            },
            "basename": "linux-64/fast5seek-0.1.1-py36_0.tar.bz2",
            "dependencies": {
                "depends": [
                    {
                        "name": "ont-fast5-api",
                        "specs": []
                    },
                    {
                        "name": "pysam",
                        "specs": []
                    },
                    {
                        "name": "python",
                        "specs": [
                            [
                                ">=",
                                "3.6,<3.7.0a0"
                            ]
                        ]
                    }
                ]
            },
            "description": null,
            "distribution_type": "conda",
            "download_url": "//api.anaconda.org/download/bioconda/fast5seek/0.1.1/linux-64/fast5seek-0.1.1-py36_0.tar.bz2",
            "full_name": "bioconda/fast5seek/0.1.1/linux-64/fast5seek-0.1.1-py36_0.tar.bz2",
            "labels": [
                "main",
                "cf201901"
            ],
            "md5": "fe6aba7a5dd653f3781a3982f038989f",
            "ndownloads": 217,
            "owner": "bioconda",
            "size": 27359,
            "type": "conda",
            "upload_time": "2018-10-24 00:59:06.825000+00:00",
            "version": "0.1.1"
        },
        {
            "attrs": {
                "arch": "x86_64",
                "build": "py35_0",
                "build_number": 0,
                "depends": [
                    "ont-fast5-api",
                    "pysam",
                    "python >=3.5,<3.6.0a0"
                ],
                "has_prefix": true,
                "license": "MIT License",
                "license_family": "MIT",
                "machine": "x86_64",
                "operatingsystem": "darwin",
                "platform": "osx",
                "subdir": "osx-64",
                "target-triplet": "x86_64-any-darwin",
                "timestamp": 1540355469733
            },
            "basename": "osx-64/fast5seek-0.1.1-py35_0.tar.bz2",
            "dependencies": {
                "depends": [
                    {
                        "name": "ont-fast5-api",
                        "specs": []
                    },
                    {
                        "name": "pysam",
                        "specs": []
                    },
                    {
                        "name": "python",
                        "specs": [
                            [
                                ">=",
                                "3.5,<3.6.0a0"
                            ]
                        ]
                    }
                ]
            },
            "description": null,
            "distribution_type": "conda",
            "download_url": "//api.anaconda.org/download/bioconda/fast5seek/0.1.1/osx-64/fast5seek-0.1.1-py35_0.tar.bz2",
            "full_name": "bioconda/fast5seek/0.1.1/osx-64/fast5seek-0.1.1-py35_0.tar.bz2",
            "labels": [
                "main",
                "cf201901"
            ],
            "md5": "0b850eac15577adc404ad7652b8b9695",
            "ndownloads": 254,
            "owner": "bioconda",
            "size": 27498,
            "type": "conda",
            "upload_time": "2018-10-24 04:33:18.365000+00:00",
            "version": "0.1.1"
        },
        {
            "attrs": {
                "arch": "x86_64",
                "build": "py36_0",
                "build_number": 0,
                "depends": [
                    "ont-fast5-api",
                    "pysam",
                    "python >=3.6,<3.7.0a0"
                ],
                "has_prefix": true,
                "license": "MIT License",
                "license_family": "MIT",
                "machine": "x86_64",
                "operatingsystem": "darwin",
                "platform": "osx",
                "subdir": "osx-64",
                "target-triplet": "x86_64-any-darwin",
                "timestamp": 1540355558180
            },
            "basename": "osx-64/fast5seek-0.1.1-py36_0.tar.bz2",
            "dependencies": {
                "depends": [
                    {
                        "name": "ont-fast5-api",
                        "specs": []
                    },
                    {
                        "name": "pysam",
                        "specs": []
                    },
                    {
                        "name": "python",
                        "specs": [
                            [
                                ">=",
                                "3.6,<3.7.0a0"
                            ]
                        ]
                    }
                ]
            },
            "description": null,
            "distribution_type": "conda",
            "download_url": "//api.anaconda.org/download/bioconda/fast5seek/0.1.1/osx-64/fast5seek-0.1.1-py36_0.tar.bz2",
            "full_name": "bioconda/fast5seek/0.1.1/osx-64/fast5seek-0.1.1-py36_0.tar.bz2",
            "labels": [
                "main",
                "cf201901"
            ],
            "md5": "9848f3667813feeaa49e3d834b21387a",
            "ndownloads": 497,
            "owner": "bioconda",
            "size": 27403,
            "type": "conda",
            "upload_time": "2018-10-24 04:33:22.393000+00:00",
            "version": "0.1.1"
        },
        {
            "attrs": {
                "arch": "x86_64",
                "build": "py35_0",
                "build_number": 0,
                "depends": [
                    "ont-fast5-api",
                    "pysam",
                    "python 3.5*"
                ],
                "has_prefix": true,
                "license": "MIT License",
                "license_family": "MIT",
                "machine": "x86_64",
                "operatingsystem": "linux",
                "platform": "linux",
                "subdir": "linux-64",
                "target-triplet": "x86_64-any-linux"
            },
            "basename": "linux-64/fast5seek-0.1.0-py35_0.tar.bz2",
            "dependencies": {
                "depends": [
                    {
                        "name": "ont-fast5-api",
                        "specs": []
                    },
                    {
                        "name": "pysam",
                        "specs": []
                    },
                    {
                        "name": "python",
                        "specs": [
                            [
                                "==",
                                "3.5"
                            ]
                        ]
                    }
                ]
            },
            "description": null,
            "distribution_type": "conda",
            "download_url": "//api.anaconda.org/download/bioconda/fast5seek/0.1.0/linux-64/fast5seek-0.1.0-py35_0.tar.bz2",
            "full_name": "bioconda/fast5seek/0.1.0/linux-64/fast5seek-0.1.0-py35_0.tar.bz2",
            "labels": [
                "main",
                "cf201901"
            ],
            "md5": "286275624f16bc783ee625d4befa17f0",
            "ndownloads": 112,
            "owner": "bioconda",
            "size": 25907,
            "type": "conda",
            "upload_time": "2018-04-21 09:32:31.989000+00:00",
            "version": "0.1.0"
        },
        {
            "attrs": {
                "arch": "x86_64",
                "build": "py36_0",
                "build_number": 0,
                "depends": [
                    "ont-fast5-api",
                    "pysam",
                    "python 3.6*"
                ],
                "has_prefix": true,
                "license": "MIT License",
                "license_family": "MIT",
                "machine": "x86_64",
                "operatingsystem": "linux",
                "platform": "linux",
                "subdir": "linux-64",
                "target-triplet": "x86_64-any-linux"
            },
            "basename": "linux-64/fast5seek-0.1.0-py36_0.tar.bz2",
            "dependencies": {
                "depends": [
                    {
                        "name": "ont-fast5-api",
                        "specs": []
                    },
                    {
                        "name": "pysam",
                        "specs": []
                    },
                    {
                        "name": "python",
                        "specs": [
                            [
                                "==",
                                "3.6"
                            ]
                        ]
                    }
                ]
            },
            "description": null,
            "distribution_type": "conda",
            "download_url": "//api.anaconda.org/download/bioconda/fast5seek/0.1.0/linux-64/fast5seek-0.1.0-py36_0.tar.bz2",
            "full_name": "bioconda/fast5seek/0.1.0/linux-64/fast5seek-0.1.0-py36_0.tar.bz2",
            "labels": [
                "main",
                "cf201901"
            ],
            "md5": "56aa3a906cbd2edcfd81bb68bdefdcee",
            "ndownloads": 238,
            "owner": "bioconda",
            "size": 25849,
            "type": "conda",
            "upload_time": "2018-04-21 09:23:23.099000+00:00",
            "version": "0.1.0"
        },
        {
            "attrs": {
                "arch": null,
                "build": "py_1",
                "build_number": 1,
                "depends": [
                    "ont-fast5-api",
                    "pysam",
                    "python >=3"
                ],
                "has_prefix": false,
                "license": "MIT License",
                "license_family": "MIT",
                "machine": null,
                "noarch": "python",
                "operatingsystem": null,
                "platform": null,
                "subdir": "noarch",
                "target-triplet": "None-any-None",
                "timestamp": 1572105925228
            },
            "basename": "noarch/fast5seek-0.1.1-py_1.tar.bz2",
            "dependencies": {
                "depends": [
                    {
                        "name": "ont-fast5-api",
                        "specs": []
                    },
                    {
                        "name": "pysam",
                        "specs": []
                    },
                    {
                        "name": "python",
                        "specs": [
                            [
                                ">=",
                                "3"
                            ]
                        ]
                    }
                ]
            },
            "description": null,
            "distribution_type": "conda",
            "download_url": "//api.anaconda.org/download/bioconda/fast5seek/0.1.1/noarch/fast5seek-0.1.1-py_1.tar.bz2",
            "full_name": "bioconda/fast5seek/0.1.1/noarch/fast5seek-0.1.1-py_1.tar.bz2",
            "labels": [
                "main"
            ],
            "md5": "6883041c5b1b554edf35fce5268de4a2",
            "ndownloads": 18,
            "owner": "bioconda",
            "size": 18312,
            "type": "conda",
            "upload_time": "2019-10-26 16:09:42.421000+00:00",
            "version": "0.1.1"
        }
    ],
    "full_name": "bioconda/fast5seek",
    "home": "https://github.com/mbhall88/fast5seek",
    "html_url": "http://anaconda.org/bioconda/fast5seek",
    "id": "5adb01845bbb4911c20bb67d",
    "latest_version": "0.1.1",
    "license": "MIT License",
    "license_url": null,
    "modified_at": "2019-10-26 16:09:42.690000+00:00",
    "name": "fast5seek",
    "owner": {
        "company": "",
        "created_at": "2015-09-11 22:59:20.880000+00:00",
        "description": "Bioconda is a distribution of bioinformatics software realized as a channel for the versatile Conda package manager.",
        "location": "",
        "login": "bioconda",
        "name": "bioconda",
        "url": "",
        "user_type": "org"
    },
    "package_types": [
        "conda"
    ],
    "public": true,
    "releases": [
        {
            "distributions": [],
            "full_name": "bioconda/fast5seek/0.1.0",
            "version": "0.1.0"
        },
        {
            "distributions": [],
            "full_name": "bioconda/fast5seek/0.1.1",
            "version": "0.1.1"
        }
    ],
    "revision": 4,
    "source_git_tag": null,
    "source_git_url": null,
    "summary": "Get paths for fast5 files contained in BAM, SAM, or fastq.",
    "upvoted": 0,
    "url": "http://api.anaconda.org/packages/bioconda/fast5seek",
    "versions": [
        "0.1.0",
        "0.1.1"
    ],
    "watchers": 1
}