{
    "app_entry": {},
    "app_summary": {},
    "app_type": {},
    "builds": [
        "1",
        "0",
        "ha92aebf_3",
        "pl5.22.0_2"
    ],
    "conda_platforms": [
        "linux-64",
        "osx-64"
    ],
    "created_at": "2016-02-07 20:30:46.495000+00:00",
    "description": "None",
    "dev_url": {},
    "doc_url": {},
    "files": [
        {
            "attrs": {
                "arch": "x86_64",
                "build": "0",
                "build_number": 0,
                "depends": [
                    "libgcc"
                ],
                "license": "Unknown",
                "machine": "x86_64",
                "operatingsystem": "linux",
                "platform": "linux",
                "subdir": "linux-64",
                "target-triplet": "x86_64-any-linux"
            },
            "basename": "linux-64/fermi-1.1_r751_beta-0.tar.bz2",
            "dependencies": {
                "depends": [
                    {
                        "name": "libgcc",
                        "specs": []
                    }
                ]
            },
            "description": null,
            "distribution_type": "conda",
            "download_url": "//api.anaconda.org/download/bioconda/fermi/1.1_r751_beta/linux-64/fermi-1.1_r751_beta-0.tar.bz2",
            "full_name": "bioconda/fermi/1.1_r751_beta/linux-64/fermi-1.1_r751_beta-0.tar.bz2",
            "labels": [
                "main",
                "cf201901"
            ],
            "md5": "282fe1ad53c8687aeb3803851a3cc331",
            "ndownloads": 517,
            "owner": "bioconda",
            "size": 352584,
            "type": "conda",
            "upload_time": "2016-02-07 20:30:46.791000+00:00",
            "version": "1.1_r751_beta"
        },
        {
            "attrs": {
                "arch": "x86_64",
                "build": "1",
                "build_number": 1,
                "depends": [
                    "libgcc",
                    "perl-threaded",
                    "zlib"
                ],
                "license": "Unknown",
                "machine": "x86_64",
                "operatingsystem": "linux",
                "platform": "linux",
                "subdir": "linux-64",
                "target-triplet": "x86_64-any-linux"
            },
            "basename": "linux-64/fermi-1.1_r751_beta-1.tar.bz2",
            "dependencies": {
                "depends": [
                    {
                        "name": "libgcc",
                        "specs": []
                    },
                    {
                        "name": "perl-threaded",
                        "specs": []
                    },
                    {
                        "name": "zlib",
                        "specs": []
                    }
                ]
            },
            "description": null,
            "distribution_type": "conda",
            "download_url": "//api.anaconda.org/download/bioconda/fermi/1.1_r751_beta/linux-64/fermi-1.1_r751_beta-1.tar.bz2",
            "full_name": "bioconda/fermi/1.1_r751_beta/linux-64/fermi-1.1_r751_beta-1.tar.bz2",
            "labels": [
                "main",
                "cf201901"
            ],
            "md5": "cff196c8196c8eba3da7db4ed3016202",
            "ndownloads": 758,
            "owner": "bioconda",
            "size": 353081,
            "type": "conda",
            "upload_time": "2016-07-10 21:50:08.418000+00:00",
            "version": "1.1_r751_beta"
        },
        {
            "attrs": {
                "arch": "x86_64",
                "build": "1",
                "build_number": 1,
                "depends": [
                    "perl-threaded",
                    "zlib"
                ],
                "license": "Unknown",
                "machine": "x86_64",
                "operatingsystem": "darwin",
                "platform": "osx",
                "subdir": "osx-64",
                "target-triplet": "x86_64-any-darwin"
            },
            "basename": "osx-64/fermi-1.1_r751_beta-1.tar.bz2",
            "dependencies": {
                "depends": [
                    {
                        "name": "perl-threaded",
                        "specs": []
                    },
                    {
                        "name": "zlib",
                        "specs": []
                    }
                ]
            },
            "description": null,
            "distribution_type": "conda",
            "download_url": "//api.anaconda.org/download/bioconda/fermi/1.1_r751_beta/osx-64/fermi-1.1_r751_beta-1.tar.bz2",
            "full_name": "bioconda/fermi/1.1_r751_beta/osx-64/fermi-1.1_r751_beta-1.tar.bz2",
            "labels": [
                "main",
                "cf201901"
            ],
            "md5": "422bb61aa478b51ca7661ce14d08f10b",
            "ndownloads": 519,
            "owner": "bioconda",
            "size": 116576,
            "type": "conda",
            "upload_time": "2016-07-10 21:52:34.251000+00:00",
            "version": "1.1_r751_beta"
        },
        {
            "attrs": {
                "arch": "x86_64",
                "build": "ha92aebf_3",
                "build_number": 3,
                "depends": [
                    "perl",
                    "zlib >=1.2.11,<1.3.0a0"
                ],
                "has_prefix": false,
                "license": "Unknown",
                "machine": "x86_64",
                "operatingsystem": "darwin",
                "platform": "osx",
                "subdir": "osx-64",
                "target-triplet": "x86_64-any-darwin",
                "timestamp": 1532963155510
            },
            "basename": "osx-64/fermi-1.1_r751_beta-ha92aebf_3.tar.bz2",
            "dependencies": {
                "depends": [
                    {
                        "name": "perl",
                        "specs": []
                    },
                    {
                        "name": "zlib",
                        "specs": [
                            [
                                ">=",
                                "1.2.11,<1.3.0a0"
                            ]
                        ]
                    }
                ]
            },
            "description": null,
            "distribution_type": "conda",
            "download_url": "//api.anaconda.org/download/bioconda/fermi/1.1_r751_beta/osx-64/fermi-1.1_r751_beta-ha92aebf_3.tar.bz2",
            "full_name": "bioconda/fermi/1.1_r751_beta/osx-64/fermi-1.1_r751_beta-ha92aebf_3.tar.bz2",
            "labels": [
                "main",
                "cf201901"
            ],
            "md5": "1afb3bd4c383d3919432d97ee7335b62",
            "ndownloads": 21,
            "owner": "bioconda",
            "size": 121705,
            "type": "conda",
            "upload_time": "2018-07-30 15:06:12.619000+00:00",
            "version": "1.1_r751_beta"
        },
        {
            "attrs": {
                "arch": "x86_64",
                "build": "pl5.22.0_2",
                "build_number": 2,
                "depends": [
                    "libgcc",
                    "perl 5.22.0*",
                    "zlib 1.2.11*"
                ],
                "has_prefix": true,
                "license": "Unknown",
                "machine": "x86_64",
                "operatingsystem": "darwin",
                "platform": "osx",
                "subdir": "osx-64",
                "target-triplet": "x86_64-any-darwin"
            },
            "basename": "osx-64/fermi-1.1_r751_beta-pl5.22.0_2.tar.bz2",
            "dependencies": {
                "depends": [
                    {
                        "name": "libgcc",
                        "specs": []
                    },
                    {
                        "name": "perl",
                        "specs": [
                            [
                                "==",
                                "5.22.0"
                            ]
                        ]
                    },
                    {
                        "name": "zlib",
                        "specs": [
                            [
                                "==",
                                "1.2.11"
                            ]
                        ]
                    }
                ]
            },
            "description": null,
            "distribution_type": "conda",
            "download_url": "//api.anaconda.org/download/bioconda/fermi/1.1_r751_beta/osx-64/fermi-1.1_r751_beta-pl5.22.0_2.tar.bz2",
            "full_name": "bioconda/fermi/1.1_r751_beta/osx-64/fermi-1.1_r751_beta-pl5.22.0_2.tar.bz2",
            "labels": [
                "main",
                "cf201901"
            ],
            "md5": "1c0d27731dd9e82fc7ac7f67cce8249a",
            "ndownloads": 526,
            "owner": "bioconda",
            "size": 123364,
            "type": "conda",
            "upload_time": "2018-02-11 13:18:32.626000+00:00",
            "version": "1.1_r751_beta"
        },
        {
            "attrs": {
                "arch": "x86_64",
                "build": "ha92aebf_3",
                "build_number": 3,
                "depends": [
                    "libgcc-ng >=4.9",
                    "perl",
                    "zlib >=1.2.11,<1.3.0a0"
                ],
                "has_prefix": true,
                "license": "Unknown",
                "machine": "x86_64",
                "operatingsystem": "linux",
                "platform": "linux",
                "subdir": "linux-64",
                "target-triplet": "x86_64-any-linux",
                "timestamp": 1532963641922
            },
            "basename": "linux-64/fermi-1.1_r751_beta-ha92aebf_3.tar.bz2",
            "dependencies": {
                "depends": [
                    {
                        "name": "libgcc-ng",
                        "specs": [
                            [
                                ">=",
                                "4.9"
                            ]
                        ]
                    },
                    {
                        "name": "perl",
                        "specs": []
                    },
                    {
                        "name": "zlib",
                        "specs": [
                            [
                                ">=",
                                "1.2.11,<1.3.0a0"
                            ]
                        ]
                    }
                ]
            },
            "description": null,
            "distribution_type": "conda",
            "download_url": "//api.anaconda.org/download/bioconda/fermi/1.1_r751_beta/linux-64/fermi-1.1_r751_beta-ha92aebf_3.tar.bz2",
            "full_name": "bioconda/fermi/1.1_r751_beta/linux-64/fermi-1.1_r751_beta-ha92aebf_3.tar.bz2",
            "labels": [
                "main",
                "cf201901"
            ],
            "md5": "75410dfc025c781bb15eafde5fd9dda9",
            "ndownloads": 126,
            "owner": "bioconda",
            "size": 353269,
            "type": "conda",
            "upload_time": "2018-07-30 15:15:25.001000+00:00",
            "version": "1.1_r751_beta"
        },
        {
            "attrs": {
                "arch": "x86_64",
                "build": "pl5.22.0_2",
                "build_number": 2,
                "depends": [
                    "libgcc",
                    "perl 5.22.0*",
                    "zlib 1.2.11*"
                ],
                "has_prefix": true,
                "license": "Unknown",
                "machine": "x86_64",
                "operatingsystem": "linux",
                "platform": "linux",
                "subdir": "linux-64",
                "target-triplet": "x86_64-any-linux"
            },
            "basename": "linux-64/fermi-1.1_r751_beta-pl5.22.0_2.tar.bz2",
            "dependencies": {
                "depends": [
                    {
                        "name": "libgcc",
                        "specs": []
                    },
                    {
                        "name": "perl",
                        "specs": [
                            [
                                "==",
                                "5.22.0"
                            ]
                        ]
                    },
                    {
                        "name": "zlib",
                        "specs": [
                            [
                                "==",
                                "1.2.11"
                            ]
                        ]
                    }
                ]
            },
            "description": null,
            "distribution_type": "conda",
            "download_url": "//api.anaconda.org/download/bioconda/fermi/1.1_r751_beta/linux-64/fermi-1.1_r751_beta-pl5.22.0_2.tar.bz2",
            "full_name": "bioconda/fermi/1.1_r751_beta/linux-64/fermi-1.1_r751_beta-pl5.22.0_2.tar.bz2",
            "labels": [
                "main",
                "cf201901"
            ],
            "md5": "a3ffcbe685d06a8a7383257914a1ec34",
            "ndownloads": 140,
            "owner": "bioconda",
            "size": 354596,
            "type": "conda",
            "upload_time": "2018-02-13 01:21:01.411000+00:00",
            "version": "1.1_r751_beta"
        }
    ],
    "full_name": "bioconda/fermi",
    "home": "None",
    "html_url": "http://anaconda.org/bioconda/fermi",
    "id": "56b7a9765b48920a4bc99eb4",
    "latest_version": "1.1_r751_beta",
    "license": "Unknown",
    "license_url": {},
    "modified_at": "2018-07-30 15:15:25.525000+00:00",
    "name": "fermi",
    "owner": {
        "company": "",
        "created_at": "2015-09-11 22:59:20.880000+00:00",
        "description": "Bioconda is a distribution of bioinformatics software realized as a channel for the versatile Conda package manager.",
        "location": "",
        "login": "bioconda",
        "name": "bioconda",
        "url": "",
        "user_type": "org"
    },
    "package_types": [
        "conda"
    ],
    "public": true,
    "releases": [
        {
            "distributions": [
                "linux-64/fermi-1.1_r751_beta-0.tar.bz2"
            ],
            "full_name": "bioconda/fermi/1.1_r751_beta",
            "version": "1.1_r751_beta"
        }
    ],
    "revision": 2,
    "source_git_tag": {},
    "source_git_url": {},
    "summary": "A WGS de novo assembler based on the FMD-index for large genomes",
    "upvoted": 0,
    "url": "http://api.anaconda.org/packages/bioconda/fermi",
    "versions": [
        "1.1_r751_beta"
    ],
    "watchers": 1
}