{
    "app_entry": {},
    "app_summary": {},
    "app_type": {},
    "builds": [
        "0"
    ],
    "conda_platforms": [
        "noarch"
    ],
    "created_at": "2019-07-10 22:12:34.744000+00:00",
    "description": "",
    "dev_url": null,
    "doc_url": null,
    "files": [
        {
            "attrs": {
                "arch": null,
                "build": "0",
                "build_number": 0,
                "depends": [
                    "openjdk >=5",
                    "python",
                    "xorg-libxtst"
                ],
                "has_prefix": false,
                "license": "GPLv2",
                "license_family": "GPL",
                "machine": null,
                "noarch": "generic",
                "operatingsystem": null,
                "platform": null,
                "subdir": "noarch",
                "target-triplet": "None-any-None",
                "timestamp": 1562796468701
            },
            "basename": "noarch/figtree-1.4.4-0.tar.bz2",
            "dependencies": {
                "depends": [
                    {
                        "name": "openjdk",
                        "specs": [
                            [
                                ">=",
                                "5"
                            ]
                        ]
                    },
                    {
                        "name": "python",
                        "specs": []
                    },
                    {
                        "name": "xorg-libxtst",
                        "specs": []
                    }
                ]
            },
            "description": null,
            "distribution_type": "conda",
            "download_url": "//api.anaconda.org/download/bioconda/figtree/1.4.4/noarch/figtree-1.4.4-0.tar.bz2",
            "full_name": "bioconda/figtree/1.4.4/noarch/figtree-1.4.4-0.tar.bz2",
            "labels": [
                "main"
            ],
            "md5": "03c6cb057782138f4592b4905f9b7679",
            "ndownloads": 198,
            "owner": "bioconda",
            "size": 3460250,
            "type": "conda",
            "upload_time": "2019-07-10 22:12:35.456000+00:00",
            "version": "1.4.4"
        }
    ],
    "full_name": "bioconda/figtree",
    "home": "https://github.com/rambaut/figtree",
    "html_url": "http://anaconda.org/bioconda/figtree",
    "id": "5d2662d207555461e9df8042",
    "latest_version": "1.4.4",
    "license": "GPLv2",
    "license_url": null,
    "modified_at": "2019-07-10 22:12:36.339000+00:00",
    "name": "figtree",
    "owner": {
        "company": "",
        "created_at": "2015-09-11 22:59:20.880000+00:00",
        "description": "Bioconda is a distribution of bioinformatics software realized as a channel for the versatile Conda package manager.",
        "location": "",
        "login": "bioconda",
        "name": "bioconda",
        "url": "",
        "user_type": "org"
    },
    "package_types": [
        "conda"
    ],
    "public": true,
    "releases": [
        {
            "distributions": [],
            "full_name": "bioconda/figtree/1.4.4",
            "version": "1.4.4"
        }
    ],
    "revision": 2,
    "source_git_tag": null,
    "source_git_url": null,
    "summary": "FigTree is designed as a graphical viewer of phylogenetic trees and as a program for producing publication-ready figures.",
    "upvoted": 0,
    "url": "http://api.anaconda.org/packages/bioconda/figtree",
    "versions": [
        "1.4.4"
    ],
    "watchers": 1
}