{
    "app_entry": {},
    "app_summary": {},
    "app_type": {},
    "builds": [
        "py_0"
    ],
    "conda_platforms": [
        "noarch"
    ],
    "created_at": "2020-04-29 17:39:01.223000+00:00",
    "description": "",
    "dev_url": "https://github.com/broadinstitute/gatk",
    "doc_url": null,
    "files": [
        {
            "attrs": {
                "arch": null,
                "build": "py_0",
                "build_number": 0,
                "depends": [
                    "mkl",
                    "numpy",
                    "pymc3 3.1.*",
                    "python 3.*",
                    "scipy <1.3.0",
                    "theano",
                    "tqdm"
                ],
                "has_prefix": false,
                "license": "BSD-3-Clause",
                "license_family": "BSD",
                "machine": null,
                "noarch": "python",
                "operatingsystem": null,
                "platform": null,
                "subdir": "noarch",
                "target-triplet": "None-any-None",
                "timestamp": 1588138387119
            },
            "basename": "noarch/gcnvkernel-0.7-py_0.tar.bz2",
            "dependencies": {
                "depends": [
                    {
                        "name": "mkl",
                        "specs": []
                    },
                    {
                        "name": "numpy",
                        "specs": []
                    },
                    {
                        "name": "pymc3",
                        "specs": [
                            [
                                "==",
                                "3.1."
                            ]
                        ]
                    },
                    {
                        "name": "python",
                        "specs": [
                            [
                                "==",
                                "3."
                            ]
                        ]
                    },
                    {
                        "name": "scipy",
                        "specs": [
                            [
                                "<",
                                "1.3.0"
                            ]
                        ]
                    },
                    {
                        "name": "theano",
                        "specs": []
                    },
                    {
                        "name": "tqdm",
                        "specs": []
                    }
                ]
            },
            "description": null,
            "distribution_type": "conda",
            "download_url": "//api.anaconda.org/download/bioconda/gcnvkernel/0.7/noarch/gcnvkernel-0.7-py_0.tar.bz2",
            "full_name": "bioconda/gcnvkernel/0.7/noarch/gcnvkernel-0.7-py_0.tar.bz2",
            "labels": [
                "main"
            ],
            "md5": "2962de12d9ed88833306e0ea82e4d238",
            "ndownloads": 17,
            "owner": "bioconda",
            "size": 63767,
            "type": "conda",
            "upload_time": "2020-04-29 17:39:02.048000+00:00",
            "version": "0.7"
        }
    ],
    "full_name": "bioconda/gcnvkernel",
    "home": "https://www.broadinstitute.org/gatk/",
    "html_url": "http://anaconda.org/bioconda/gcnvkernel",
    "id": "5ea9bbb5778a87708c37c487",
    "latest_version": "0.7",
    "license": "BSD-3-Clause",
    "license_url": null,
    "modified_at": "2020-04-29 17:39:02.349000+00:00",
    "name": "gcnvkernel",
    "owner": {
        "company": "",
        "created_at": "2015-09-11 22:59:20.880000+00:00",
        "description": "Bioconda is a distribution of bioinformatics software realized as a channel for the versatile Conda package manager.",
        "location": "",
        "login": "bioconda",
        "name": "bioconda",
        "url": "",
        "user_type": "org"
    },
    "package_types": [
        "conda"
    ],
    "public": true,
    "releases": [
        {
            "distributions": [],
            "full_name": "bioconda/gcnvkernel/0.7",
            "version": "0.7"
        }
    ],
    "revision": 2,
    "source_git_tag": null,
    "source_git_url": null,
    "summary": "Python package to support GATK gCNV calling.",
    "upvoted": 0,
    "url": "http://api.anaconda.org/packages/bioconda/gcnvkernel",
    "versions": [
        "0.7"
    ],
    "watchers": 1
}