{
    "app_entry": {},
    "app_summary": {},
    "app_type": {},
    "builds": [
        "0",
        "h04f5b5a_0",
        "h2d50403_0",
        "h6bb024c_0"
    ],
    "conda_platforms": [
        "linux-64",
        "osx-64"
    ],
    "created_at": "2017-04-07 13:15:26.780000+00:00",
    "description": "",
    "dev_url": null,
    "doc_url": null,
    "files": [
        {
            "attrs": {
                "arch": "x86_64",
                "build": "0",
                "build_number": 0,
                "depends": [
                    "gclib"
                ],
                "has_prefix": true,
                "license": "Artistic License 2.0",
                "machine": "x86_64",
                "operatingsystem": "darwin",
                "platform": "osx",
                "subdir": "osx-64",
                "target-triplet": "x86_64-any-darwin"
            },
            "basename": "osx-64/gffcompare-0.10.1-0.tar.bz2",
            "dependencies": {
                "depends": [
                    {
                        "name": "gclib",
                        "specs": []
                    }
                ]
            },
            "description": null,
            "distribution_type": "conda",
            "download_url": "//api.anaconda.org/download/bioconda/gffcompare/0.10.1/osx-64/gffcompare-0.10.1-0.tar.bz2",
            "full_name": "bioconda/gffcompare/0.10.1/osx-64/gffcompare-0.10.1-0.tar.bz2",
            "labels": [
                "broken"
            ],
            "md5": "1597bedec0e9c853b1e20d71bd6d725f",
            "ndownloads": 172,
            "owner": "bioconda",
            "size": 81588,
            "type": "conda",
            "upload_time": "2017-10-06 14:45:05.433000+00:00",
            "version": "0.10.1"
        },
        {
            "attrs": {
                "arch": "x86_64",
                "build": "0",
                "build_number": 0,
                "depends": [
                    "gclib",
                    "libgcc"
                ],
                "has_prefix": true,
                "license": "Artistic License 2.0",
                "machine": "x86_64",
                "operatingsystem": "linux",
                "platform": "linux",
                "subdir": "linux-64",
                "target-triplet": "x86_64-any-linux"
            },
            "basename": "linux-64/gffcompare-0.10.1-0.tar.bz2",
            "dependencies": {
                "depends": [
                    {
                        "name": "gclib",
                        "specs": []
                    },
                    {
                        "name": "libgcc",
                        "specs": []
                    }
                ]
            },
            "description": null,
            "distribution_type": "conda",
            "download_url": "//api.anaconda.org/download/bioconda/gffcompare/0.10.1/linux-64/gffcompare-0.10.1-0.tar.bz2",
            "full_name": "bioconda/gffcompare/0.10.1/linux-64/gffcompare-0.10.1-0.tar.bz2",
            "labels": [
                "broken"
            ],
            "md5": "289c1d80ec445d84aaa2aca14719d96c",
            "ndownloads": 3702,
            "owner": "bioconda",
            "size": 205449,
            "type": "conda",
            "upload_time": "2017-10-06 14:35:07.368000+00:00",
            "version": "0.10.1"
        },
        {
            "attrs": {
                "arch": "x86_64",
                "build": "0",
                "build_number": 0,
                "depends": [
                    "gclib",
                    "libgcc"
                ],
                "has_prefix": true,
                "license": "Artistic License 2.0",
                "machine": "x86_64",
                "operatingsystem": "linux",
                "platform": "linux",
                "subdir": "linux-64",
                "target-triplet": "x86_64-any-linux"
            },
            "basename": "linux-64/gffcompare-0.9.8-0.tar.bz2",
            "dependencies": {
                "depends": [
                    {
                        "name": "gclib",
                        "specs": []
                    },
                    {
                        "name": "libgcc",
                        "specs": []
                    }
                ]
            },
            "description": null,
            "distribution_type": "conda",
            "download_url": "//api.anaconda.org/download/bioconda/gffcompare/0.9.8/linux-64/gffcompare-0.9.8-0.tar.bz2",
            "full_name": "bioconda/gffcompare/0.9.8/linux-64/gffcompare-0.9.8-0.tar.bz2",
            "labels": [
                "main",
                "cf201901"
            ],
            "md5": "fc3df2c75b9390f0af4e3280f108f25e",
            "ndownloads": 1117,
            "owner": "bioconda",
            "size": 199059,
            "type": "conda",
            "upload_time": "2017-04-07 13:15:27.236000+00:00",
            "version": "0.9.8"
        },
        {
            "attrs": {
                "arch": "x86_64",
                "build": "0",
                "build_number": 0,
                "depends": [
                    "gclib"
                ],
                "has_prefix": true,
                "license": "Artistic License 2.0",
                "machine": "x86_64",
                "operatingsystem": "darwin",
                "platform": "osx",
                "subdir": "osx-64",
                "target-triplet": "x86_64-any-darwin"
            },
            "basename": "osx-64/gffcompare-0.9.8-0.tar.bz2",
            "dependencies": {
                "depends": [
                    {
                        "name": "gclib",
                        "specs": []
                    }
                ]
            },
            "description": null,
            "distribution_type": "conda",
            "download_url": "//api.anaconda.org/download/bioconda/gffcompare/0.9.8/osx-64/gffcompare-0.9.8-0.tar.bz2",
            "full_name": "bioconda/gffcompare/0.9.8/osx-64/gffcompare-0.9.8-0.tar.bz2",
            "labels": [
                "main",
                "cf201901"
            ],
            "md5": "91c9126abdd3acddb91db92fdd46d4e0",
            "ndownloads": 800,
            "owner": "bioconda",
            "size": 85258,
            "type": "conda",
            "upload_time": "2017-04-07 13:20:17.918000+00:00",
            "version": "0.9.8"
        },
        {
            "attrs": {
                "arch": "x86_64",
                "build": "h2d50403_0",
                "build_number": 0,
                "depends": [
                    "libstdcxx-ng >=4.9"
                ],
                "has_prefix": false,
                "license": "Artistic License 2.0",
                "machine": "x86_64",
                "operatingsystem": "linux",
                "platform": "linux",
                "subdir": "linux-64",
                "target-triplet": "x86_64-any-linux",
                "timestamp": 1548796924788
            },
            "basename": "linux-64/gffcompare-0.10.6-h2d50403_0.tar.bz2",
            "dependencies": {
                "depends": [
                    {
                        "name": "libstdcxx-ng",
                        "specs": [
                            [
                                ">=",
                                "4.9"
                            ]
                        ]
                    }
                ]
            },
            "description": null,
            "distribution_type": "conda",
            "download_url": "//api.anaconda.org/download/bioconda/gffcompare/0.10.6/linux-64/gffcompare-0.10.6-h2d50403_0.tar.bz2",
            "full_name": "bioconda/gffcompare/0.10.6/linux-64/gffcompare-0.10.6-h2d50403_0.tar.bz2",
            "labels": [
                "main"
            ],
            "md5": "3f18c3dfb9df8477526c26179a9ade5b",
            "ndownloads": 2290,
            "owner": "bioconda",
            "size": 195437,
            "type": "conda",
            "upload_time": "2019-01-29 21:23:27.205000+00:00",
            "version": "0.10.6"
        },
        {
            "attrs": {
                "arch": "x86_64",
                "build": "h2d50403_0",
                "build_number": 0,
                "depends": [],
                "has_prefix": true,
                "license": "Artistic License 2.0",
                "machine": "x86_64",
                "operatingsystem": "darwin",
                "platform": "osx",
                "subdir": "osx-64",
                "target-triplet": "x86_64-any-darwin",
                "timestamp": 1548796742493
            },
            "basename": "osx-64/gffcompare-0.10.6-h2d50403_0.tar.bz2",
            "dependencies": {
                "depends": []
            },
            "description": null,
            "distribution_type": "conda",
            "download_url": "//api.anaconda.org/download/bioconda/gffcompare/0.10.6/osx-64/gffcompare-0.10.6-h2d50403_0.tar.bz2",
            "full_name": "bioconda/gffcompare/0.10.6/osx-64/gffcompare-0.10.6-h2d50403_0.tar.bz2",
            "labels": [
                "main"
            ],
            "md5": "0fdad4acaa52d0e725ea1d3df4af2b9a",
            "ndownloads": 714,
            "owner": "bioconda",
            "size": 172919,
            "type": "conda",
            "upload_time": "2019-01-29 21:19:14.370000+00:00",
            "version": "0.10.6"
        },
        {
            "attrs": {
                "arch": "x86_64",
                "build": "h04f5b5a_0",
                "build_number": 0,
                "depends": [
                    "libcxx >=4.0.1"
                ],
                "has_prefix": true,
                "license": "Artistic License 2.0",
                "machine": "x86_64",
                "operatingsystem": "darwin",
                "platform": "osx",
                "subdir": "osx-64",
                "target-triplet": "x86_64-any-darwin",
                "timestamp": 1555387957035
            },
            "basename": "osx-64/gffcompare-0.11.2-h04f5b5a_0.tar.bz2",
            "dependencies": {
                "depends": [
                    {
                        "name": "libcxx",
                        "specs": [
                            [
                                ">=",
                                "4.0.1"
                            ]
                        ]
                    }
                ]
            },
            "description": null,
            "distribution_type": "conda",
            "download_url": "//api.anaconda.org/download/bioconda/gffcompare/0.11.2/osx-64/gffcompare-0.11.2-h04f5b5a_0.tar.bz2",
            "full_name": "bioconda/gffcompare/0.11.2/osx-64/gffcompare-0.11.2-h04f5b5a_0.tar.bz2",
            "labels": [
                "main"
            ],
            "md5": "da79ed7a2904de57003e7030f9eace65",
            "ndownloads": 598,
            "owner": "bioconda",
            "size": 186154,
            "type": "conda",
            "upload_time": "2019-04-16 04:12:56.471000+00:00",
            "version": "0.11.2"
        },
        {
            "attrs": {
                "arch": "x86_64",
                "build": "h6bb024c_0",
                "build_number": 0,
                "depends": [
                    "libgcc-ng >=7.3.0",
                    "libstdcxx-ng >=7.3.0"
                ],
                "has_prefix": false,
                "license": "Artistic License 2.0",
                "machine": "x86_64",
                "operatingsystem": "linux",
                "platform": "linux",
                "subdir": "linux-64",
                "target-triplet": "x86_64-any-linux",
                "timestamp": 1555388026590
            },
            "basename": "linux-64/gffcompare-0.11.2-h6bb024c_0.tar.bz2",
            "dependencies": {
                "depends": [
                    {
                        "name": "libgcc-ng",
                        "specs": [
                            [
                                ">=",
                                "7.3.0"
                            ]
                        ]
                    },
                    {
                        "name": "libstdcxx-ng",
                        "specs": [
                            [
                                ">=",
                                "7.3.0"
                            ]
                        ]
                    }
                ]
            },
            "description": null,
            "distribution_type": "conda",
            "download_url": "//api.anaconda.org/download/bioconda/gffcompare/0.11.2/linux-64/gffcompare-0.11.2-h6bb024c_0.tar.bz2",
            "full_name": "bioconda/gffcompare/0.11.2/linux-64/gffcompare-0.11.2-h6bb024c_0.tar.bz2",
            "labels": [
                "main"
            ],
            "md5": "4a7c5591c51cb0800f5ebd7a4137b98c",
            "ndownloads": 1650,
            "owner": "bioconda",
            "size": 208939,
            "type": "conda",
            "upload_time": "2019-04-16 04:15:38.080000+00:00",
            "version": "0.11.2"
        }
    ],
    "full_name": "bioconda/gffcompare",
    "home": "None",
    "html_url": "http://anaconda.org/bioconda/gffcompare",
    "id": "58e790ee716f8912442a4a1b",
    "latest_version": "0.11.2",
    "license": "Artistic License 2.0",
    "license_url": null,
    "modified_at": "2019-04-16 04:15:38.380000+00:00",
    "name": "gffcompare",
    "owner": {
        "company": "",
        "created_at": "2015-09-11 22:59:20.880000+00:00",
        "description": "Bioconda is a distribution of bioinformatics software realized as a channel for the versatile Conda package manager.",
        "location": "",
        "login": "bioconda",
        "name": "bioconda",
        "url": "",
        "user_type": "org"
    },
    "package_types": [
        "conda"
    ],
    "public": true,
    "releases": [
        {
            "distributions": [],
            "full_name": "bioconda/gffcompare/0.9.8",
            "version": "0.9.8"
        },
        {
            "distributions": [],
            "full_name": "bioconda/gffcompare/0.10.1",
            "version": "0.10.1"
        },
        {
            "distributions": [],
            "full_name": "bioconda/gffcompare/0.10.6",
            "version": "0.10.6"
        },
        {
            "distributions": [],
            "full_name": "bioconda/gffcompare/0.11.2",
            "version": "0.11.2"
        }
    ],
    "revision": 8,
    "source_git_tag": null,
    "source_git_url": null,
    "summary": "GffCompare by Geo Pertea",
    "upvoted": 0,
    "url": "http://api.anaconda.org/packages/bioconda/gffcompare",
    "versions": [
        "0.9.8",
        "0.10.1",
        "0.10.6",
        "0.11.2"
    ],
    "watchers": 1
}