{
    "app_entry": {},
    "app_summary": {},
    "app_type": {},
    "builds": [
        "1",
        "0",
        "hc0beb16_0",
        "h853b6e3_0"
    ],
    "conda_platforms": [
        "linux-64",
        "osx-64"
    ],
    "created_at": "2018-02-14 14:43:09.333000+00:00",
    "description": "",
    "dev_url": null,
    "doc_url": null,
    "files": [
        {
            "attrs": {
                "arch": "x86_64",
                "build": "0",
                "build_number": 0,
                "depends": [],
                "has_prefix": true,
                "license": "MIT",
                "machine": "x86_64",
                "operatingsystem": "linux",
                "platform": "linux",
                "subdir": "linux-64",
                "target-triplet": "x86_64-any-linux"
            },
            "basename": "linux-64/groot-0.2-0.tar.bz2",
            "dependencies": {
                "depends": []
            },
            "description": null,
            "distribution_type": "conda",
            "download_url": "//api.anaconda.org/download/bioconda/groot/0.2/linux-64/groot-0.2-0.tar.bz2",
            "full_name": "bioconda/groot/0.2/linux-64/groot-0.2-0.tar.bz2",
            "labels": [
                "main",
                "cf201901"
            ],
            "md5": "606a2cb09d21aea8f807f87a748f3124",
            "ndownloads": 334,
            "owner": "bioconda",
            "size": 6921788,
            "type": "conda",
            "upload_time": "2018-02-26 17:52:35.877000+00:00",
            "version": "0.2"
        },
        {
            "attrs": {
                "arch": "x86_64",
                "build": "0",
                "build_number": 0,
                "depends": [],
                "has_prefix": true,
                "license": "MIT",
                "machine": "x86_64",
                "operatingsystem": "darwin",
                "platform": "osx",
                "subdir": "osx-64",
                "target-triplet": "x86_64-any-darwin"
            },
            "basename": "osx-64/groot-0.4-0.tar.bz2",
            "dependencies": {
                "depends": []
            },
            "description": null,
            "distribution_type": "conda",
            "download_url": "//api.anaconda.org/download/bioconda/groot/0.4/osx-64/groot-0.4-0.tar.bz2",
            "full_name": "bioconda/groot/0.4/osx-64/groot-0.4-0.tar.bz2",
            "labels": [
                "main",
                "cf201901"
            ],
            "md5": "9cfc8e18601ebfc2bd33be588253a459",
            "ndownloads": 1240,
            "owner": "bioconda",
            "size": 6978740,
            "type": "conda",
            "upload_time": "2018-03-22 17:11:04.029000+00:00",
            "version": "0.4"
        },
        {
            "attrs": {
                "arch": "x86_64",
                "build": "1",
                "build_number": 1,
                "depends": [],
                "has_prefix": true,
                "license": "MIT",
                "machine": "x86_64",
                "operatingsystem": "darwin",
                "platform": "osx",
                "subdir": "osx-64",
                "target-triplet": "x86_64-any-darwin",
                "timestamp": 1539335285158
            },
            "basename": "osx-64/groot-0.8.1-1.tar.bz2",
            "dependencies": {
                "depends": []
            },
            "description": null,
            "distribution_type": "conda",
            "download_url": "//api.anaconda.org/download/bioconda/groot/0.8.1/osx-64/groot-0.8.1-1.tar.bz2",
            "full_name": "bioconda/groot/0.8.1/osx-64/groot-0.8.1-1.tar.bz2",
            "labels": [
                "main",
                "cf201901"
            ],
            "md5": "ee125303191175500cf8ad79d3b0dc86",
            "ndownloads": 1220,
            "owner": "bioconda",
            "size": 7280127,
            "type": "conda",
            "upload_time": "2018-10-12 09:08:31.307000+00:00",
            "version": "0.8.1"
        },
        {
            "attrs": {
                "arch": "x86_64",
                "build": "1",
                "build_number": 1,
                "depends": [],
                "has_prefix": true,
                "license": "MIT",
                "machine": "x86_64",
                "operatingsystem": "darwin",
                "platform": "osx",
                "subdir": "osx-64",
                "target-triplet": "x86_64-any-darwin",
                "timestamp": 1532948037758
            },
            "basename": "osx-64/groot-0.7.1-1.tar.bz2",
            "dependencies": {
                "depends": []
            },
            "description": null,
            "distribution_type": "conda",
            "download_url": "//api.anaconda.org/download/bioconda/groot/0.7.1/osx-64/groot-0.7.1-1.tar.bz2",
            "full_name": "bioconda/groot/0.7.1/osx-64/groot-0.7.1-1.tar.bz2",
            "labels": [
                "main",
                "cf201901"
            ],
            "md5": "afe3ad3d95e547fdbbf10074bbe9994d",
            "ndownloads": 1224,
            "owner": "bioconda",
            "size": 7247243,
            "type": "conda",
            "upload_time": "2018-07-30 10:54:21.787000+00:00",
            "version": "0.7.1"
        },
        {
            "attrs": {
                "arch": "x86_64",
                "build": "1",
                "build_number": 1,
                "depends": [],
                "has_prefix": true,
                "license": "MIT",
                "machine": "x86_64",
                "operatingsystem": "darwin",
                "platform": "osx",
                "subdir": "osx-64",
                "target-triplet": "x86_64-any-darwin",
                "timestamp": 1539696582528
            },
            "basename": "osx-64/groot-0.8.2-1.tar.bz2",
            "dependencies": {
                "depends": []
            },
            "description": null,
            "distribution_type": "conda",
            "download_url": "//api.anaconda.org/download/bioconda/groot/0.8.2/osx-64/groot-0.8.2-1.tar.bz2",
            "full_name": "bioconda/groot/0.8.2/osx-64/groot-0.8.2-1.tar.bz2",
            "labels": [
                "main",
                "cf201901"
            ],
            "md5": "fa77161580c3a13da40f6d38d7f7b61c",
            "ndownloads": 1223,
            "owner": "bioconda",
            "size": 7310680,
            "type": "conda",
            "upload_time": "2018-10-16 13:30:03.265000+00:00",
            "version": "0.8.2"
        },
        {
            "attrs": {
                "arch": "x86_64",
                "build": "0",
                "build_number": 0,
                "depends": [],
                "has_prefix": true,
                "license": "MIT",
                "machine": "x86_64",
                "operatingsystem": "darwin",
                "platform": "osx",
                "subdir": "osx-64",
                "target-triplet": "x86_64-any-darwin"
            },
            "basename": "osx-64/groot-0.7-0.tar.bz2",
            "dependencies": {
                "depends": []
            },
            "description": null,
            "distribution_type": "conda",
            "download_url": "//api.anaconda.org/download/bioconda/groot/0.7/osx-64/groot-0.7-0.tar.bz2",
            "full_name": "bioconda/groot/0.7/osx-64/groot-0.7-0.tar.bz2",
            "labels": [
                "main",
                "cf201901"
            ],
            "md5": "acb608104add163cad3a33d3ff8d0164",
            "ndownloads": 276,
            "owner": "bioconda",
            "size": 6987972,
            "type": "conda",
            "upload_time": "2018-04-13 10:57:14.715000+00:00",
            "version": "0.7"
        },
        {
            "attrs": {
                "arch": "x86_64",
                "build": "0",
                "build_number": 0,
                "depends": [],
                "has_prefix": true,
                "license": "MIT",
                "machine": "x86_64",
                "operatingsystem": "linux",
                "platform": "linux",
                "subdir": "linux-64",
                "target-triplet": "x86_64-any-linux"
            },
            "basename": "linux-64/groot-0.1-0.tar.bz2",
            "dependencies": {
                "depends": []
            },
            "description": null,
            "distribution_type": "conda",
            "download_url": "//api.anaconda.org/download/bioconda/groot/0.1/linux-64/groot-0.1-0.tar.bz2",
            "full_name": "bioconda/groot/0.1/linux-64/groot-0.1-0.tar.bz2",
            "labels": [
                "main",
                "cf201901"
            ],
            "md5": "ad4712586276e5981e223629f01d163e",
            "ndownloads": 319,
            "owner": "bioconda",
            "size": 1732758,
            "type": "conda",
            "upload_time": "2018-02-14 14:43:10.304000+00:00",
            "version": "0.1"
        },
        {
            "attrs": {
                "arch": "x86_64",
                "build": "0",
                "build_number": 0,
                "depends": [],
                "has_prefix": true,
                "license": "MIT",
                "machine": "x86_64",
                "operatingsystem": "linux",
                "platform": "linux",
                "subdir": "linux-64",
                "target-triplet": "x86_64-any-linux"
            },
            "basename": "linux-64/groot-0.3-0.tar.bz2",
            "dependencies": {
                "depends": []
            },
            "description": null,
            "distribution_type": "conda",
            "download_url": "//api.anaconda.org/download/bioconda/groot/0.3/linux-64/groot-0.3-0.tar.bz2",
            "full_name": "bioconda/groot/0.3/linux-64/groot-0.3-0.tar.bz2",
            "labels": [
                "main",
                "cf201901"
            ],
            "md5": "8bc126f1d0e0bde9e7a770973df6afa5",
            "ndownloads": 401,
            "owner": "bioconda",
            "size": 6917298,
            "type": "conda",
            "upload_time": "2018-02-28 14:29:44.354000+00:00",
            "version": "0.3"
        },
        {
            "attrs": {
                "arch": "x86_64",
                "build": "0",
                "build_number": 0,
                "depends": [],
                "has_prefix": true,
                "license": "MIT",
                "machine": "x86_64",
                "operatingsystem": "darwin",
                "platform": "osx",
                "subdir": "osx-64",
                "target-triplet": "x86_64-any-darwin"
            },
            "basename": "osx-64/groot-0.6-0.tar.bz2",
            "dependencies": {
                "depends": []
            },
            "description": null,
            "distribution_type": "conda",
            "download_url": "//api.anaconda.org/download/bioconda/groot/0.6/osx-64/groot-0.6-0.tar.bz2",
            "full_name": "bioconda/groot/0.6/osx-64/groot-0.6-0.tar.bz2",
            "labels": [
                "main",
                "cf201901"
            ],
            "md5": "45df757616e0d3e6946003b342d3c631",
            "ndownloads": 1233,
            "owner": "bioconda",
            "size": 6990781,
            "type": "conda",
            "upload_time": "2018-04-09 16:44:47.674000+00:00",
            "version": "0.6"
        },
        {
            "attrs": {
                "arch": "x86_64",
                "build": "1",
                "build_number": 1,
                "depends": [],
                "has_prefix": true,
                "license": "MIT",
                "machine": "x86_64",
                "operatingsystem": "darwin",
                "platform": "osx",
                "subdir": "osx-64",
                "target-triplet": "x86_64-any-darwin",
                "timestamp": 1530560684001
            },
            "basename": "osx-64/groot-0.7-1.tar.bz2",
            "dependencies": {
                "depends": []
            },
            "description": null,
            "distribution_type": "conda",
            "download_url": "//api.anaconda.org/download/bioconda/groot/0.7/osx-64/groot-0.7-1.tar.bz2",
            "full_name": "bioconda/groot/0.7/osx-64/groot-0.7-1.tar.bz2",
            "labels": [
                "main",
                "cf201901"
            ],
            "md5": "82a0b2b34493cb9a16a2ce452bda901d",
            "ndownloads": 1002,
            "owner": "bioconda",
            "size": 7249365,
            "type": "conda",
            "upload_time": "2018-07-02 19:45:04.959000+00:00",
            "version": "0.7"
        },
        {
            "attrs": {
                "arch": "x86_64",
                "build": "1",
                "build_number": 1,
                "depends": [],
                "has_prefix": true,
                "license": "MIT",
                "machine": "x86_64",
                "operatingsystem": "linux",
                "platform": "linux",
                "subdir": "linux-64",
                "target-triplet": "x86_64-any-linux",
                "timestamp": 1532948122025
            },
            "basename": "linux-64/groot-0.7.1-1.tar.bz2",
            "dependencies": {
                "depends": []
            },
            "description": null,
            "distribution_type": "conda",
            "download_url": "//api.anaconda.org/download/bioconda/groot/0.7.1/linux-64/groot-0.7.1-1.tar.bz2",
            "full_name": "bioconda/groot/0.7.1/linux-64/groot-0.7.1-1.tar.bz2",
            "labels": [
                "main",
                "cf201901"
            ],
            "md5": "79c611d26cafed3ff99bf43959070dfa",
            "ndownloads": 297,
            "owner": "bioconda",
            "size": 7252335,
            "type": "conda",
            "upload_time": "2018-07-30 10:56:50.902000+00:00",
            "version": "0.7.1"
        },
        {
            "attrs": {
                "arch": "x86_64",
                "build": "1",
                "build_number": 1,
                "depends": [],
                "has_prefix": true,
                "license": "MIT",
                "machine": "x86_64",
                "operatingsystem": "linux",
                "platform": "linux",
                "subdir": "linux-64",
                "target-triplet": "x86_64-any-linux",
                "timestamp": 1539696723700
            },
            "basename": "linux-64/groot-0.8.2-1.tar.bz2",
            "dependencies": {
                "depends": []
            },
            "description": null,
            "distribution_type": "conda",
            "download_url": "//api.anaconda.org/download/bioconda/groot/0.8.2/linux-64/groot-0.8.2-1.tar.bz2",
            "full_name": "bioconda/groot/0.8.2/linux-64/groot-0.8.2-1.tar.bz2",
            "labels": [
                "main",
                "cf201901"
            ],
            "md5": "a055cb8bec6d4d39a9367b71a4db6660",
            "ndownloads": 289,
            "owner": "bioconda",
            "size": 7337535,
            "type": "conda",
            "upload_time": "2018-10-16 13:33:32.941000+00:00",
            "version": "0.8.2"
        },
        {
            "attrs": {
                "arch": "x86_64",
                "build": "1",
                "build_number": 1,
                "depends": [],
                "has_prefix": true,
                "license": "MIT",
                "machine": "x86_64",
                "operatingsystem": "linux",
                "platform": "linux",
                "subdir": "linux-64",
                "target-triplet": "x86_64-any-linux",
                "timestamp": 1539335338581
            },
            "basename": "linux-64/groot-0.8.1-1.tar.bz2",
            "dependencies": {
                "depends": []
            },
            "description": null,
            "distribution_type": "conda",
            "download_url": "//api.anaconda.org/download/bioconda/groot/0.8.1/linux-64/groot-0.8.1-1.tar.bz2",
            "full_name": "bioconda/groot/0.8.1/linux-64/groot-0.8.1-1.tar.bz2",
            "labels": [
                "main",
                "cf201901"
            ],
            "md5": "9ce12cf8b5844387bff67b69efce7bf6",
            "ndownloads": 285,
            "owner": "bioconda",
            "size": 7282590,
            "type": "conda",
            "upload_time": "2018-10-12 09:10:34.153000+00:00",
            "version": "0.8.1"
        },
        {
            "attrs": {
                "arch": "x86_64",
                "build": "1",
                "build_number": 1,
                "depends": [],
                "has_prefix": true,
                "license": "MIT",
                "machine": "x86_64",
                "operatingsystem": "linux",
                "platform": "linux",
                "subdir": "linux-64",
                "target-triplet": "x86_64-any-linux",
                "timestamp": 1540475240144
            },
            "basename": "linux-64/groot-0.8.3-1.tar.bz2",
            "dependencies": {
                "depends": []
            },
            "description": null,
            "distribution_type": "conda",
            "download_url": "//api.anaconda.org/download/bioconda/groot/0.8.3/linux-64/groot-0.8.3-1.tar.bz2",
            "full_name": "bioconda/groot/0.8.3/linux-64/groot-0.8.3-1.tar.bz2",
            "labels": [
                "main",
                "cf201901"
            ],
            "md5": "c605f6cb8cc15b334ddea26ac5b6b751",
            "ndownloads": 377,
            "owner": "bioconda",
            "size": 7339082,
            "type": "conda",
            "upload_time": "2018-10-25 13:49:06.891000+00:00",
            "version": "0.8.3"
        },
        {
            "attrs": {
                "arch": "x86_64",
                "build": "1",
                "build_number": 1,
                "depends": [],
                "has_prefix": true,
                "license": "MIT",
                "machine": "x86_64",
                "operatingsystem": "darwin",
                "platform": "osx",
                "subdir": "osx-64",
                "target-triplet": "x86_64-any-darwin",
                "timestamp": 1540475064070
            },
            "basename": "osx-64/groot-0.8.3-1.tar.bz2",
            "dependencies": {
                "depends": []
            },
            "description": null,
            "distribution_type": "conda",
            "download_url": "//api.anaconda.org/download/bioconda/groot/0.8.3/osx-64/groot-0.8.3-1.tar.bz2",
            "full_name": "bioconda/groot/0.8.3/osx-64/groot-0.8.3-1.tar.bz2",
            "labels": [
                "main",
                "cf201901"
            ],
            "md5": "e28a6872998eb3faff5fd1e73f6a27d6",
            "ndownloads": 1217,
            "owner": "bioconda",
            "size": 7308407,
            "type": "conda",
            "upload_time": "2018-10-25 13:44:44.600000+00:00",
            "version": "0.8.3"
        },
        {
            "attrs": {
                "arch": "x86_64",
                "build": "0",
                "build_number": 0,
                "depends": [],
                "has_prefix": true,
                "license": "MIT",
                "machine": "x86_64",
                "operatingsystem": "linux",
                "platform": "linux",
                "subdir": "linux-64",
                "target-triplet": "x86_64-any-linux"
            },
            "basename": "linux-64/groot-0.7-0.tar.bz2",
            "dependencies": {
                "depends": []
            },
            "description": null,
            "distribution_type": "conda",
            "download_url": "//api.anaconda.org/download/bioconda/groot/0.7/linux-64/groot-0.7-0.tar.bz2",
            "full_name": "bioconda/groot/0.7/linux-64/groot-0.7-0.tar.bz2",
            "labels": [
                "main",
                "cf201901"
            ],
            "md5": "b5c782b820dd7031ad99374e850208fd",
            "ndownloads": 206,
            "owner": "bioconda",
            "size": 6998301,
            "type": "conda",
            "upload_time": "2018-04-13 10:59:05.031000+00:00",
            "version": "0.7"
        },
        {
            "attrs": {
                "arch": "x86_64",
                "build": "0",
                "build_number": 0,
                "depends": [],
                "has_prefix": true,
                "license": "MIT",
                "machine": "x86_64",
                "operatingsystem": "linux",
                "platform": "linux",
                "subdir": "linux-64",
                "target-triplet": "x86_64-any-linux"
            },
            "basename": "linux-64/groot-0.6-0.tar.bz2",
            "dependencies": {
                "depends": []
            },
            "description": null,
            "distribution_type": "conda",
            "download_url": "//api.anaconda.org/download/bioconda/groot/0.6/linux-64/groot-0.6-0.tar.bz2",
            "full_name": "bioconda/groot/0.6/linux-64/groot-0.6-0.tar.bz2",
            "labels": [
                "main",
                "cf201901"
            ],
            "md5": "dfb32624f2f82387447f0a8e54664068",
            "ndownloads": 319,
            "owner": "bioconda",
            "size": 6994708,
            "type": "conda",
            "upload_time": "2018-04-09 16:48:24.333000+00:00",
            "version": "0.6"
        },
        {
            "attrs": {
                "arch": "x86_64",
                "build": "1",
                "build_number": 1,
                "depends": [],
                "has_prefix": true,
                "license": "MIT",
                "machine": "x86_64",
                "operatingsystem": "linux",
                "platform": "linux",
                "subdir": "linux-64",
                "target-triplet": "x86_64-any-linux",
                "timestamp": 1530901165698
            },
            "basename": "linux-64/groot-0.7-1.tar.bz2",
            "dependencies": {
                "depends": []
            },
            "description": null,
            "distribution_type": "conda",
            "download_url": "//api.anaconda.org/download/bioconda/groot/0.7/linux-64/groot-0.7-1.tar.bz2",
            "full_name": "bioconda/groot/0.7/linux-64/groot-0.7-1.tar.bz2",
            "labels": [
                "main",
                "cf201901"
            ],
            "md5": "444ff55e877f5e6619567b62bc68eff5",
            "ndownloads": 313,
            "owner": "bioconda",
            "size": 7254490,
            "type": "conda",
            "upload_time": "2018-07-06 18:20:51.925000+00:00",
            "version": "0.7"
        },
        {
            "attrs": {
                "arch": "x86_64",
                "build": "0",
                "build_number": 0,
                "depends": [],
                "has_prefix": true,
                "license": "MIT",
                "machine": "x86_64",
                "operatingsystem": "darwin",
                "platform": "osx",
                "subdir": "osx-64",
                "target-triplet": "x86_64-any-darwin"
            },
            "basename": "osx-64/groot-0.1-0.tar.bz2",
            "dependencies": {
                "depends": []
            },
            "description": null,
            "distribution_type": "conda",
            "download_url": "//api.anaconda.org/download/bioconda/groot/0.1/osx-64/groot-0.1-0.tar.bz2",
            "full_name": "bioconda/groot/0.1/osx-64/groot-0.1-0.tar.bz2",
            "labels": [
                "main",
                "cf201901"
            ],
            "md5": "6214ff7c4b41020a357f34286e5a5073",
            "ndownloads": 1234,
            "owner": "bioconda",
            "size": 1726772,
            "type": "conda",
            "upload_time": "2018-02-14 16:04:15.639000+00:00",
            "version": "0.1"
        },
        {
            "attrs": {
                "arch": "x86_64",
                "build": "0",
                "build_number": 0,
                "depends": [],
                "has_prefix": true,
                "license": "MIT",
                "machine": "x86_64",
                "operatingsystem": "darwin",
                "platform": "osx",
                "subdir": "osx-64",
                "target-triplet": "x86_64-any-darwin"
            },
            "basename": "osx-64/groot-0.2-0.tar.bz2",
            "dependencies": {
                "depends": []
            },
            "description": null,
            "distribution_type": "conda",
            "download_url": "//api.anaconda.org/download/bioconda/groot/0.2/osx-64/groot-0.2-0.tar.bz2",
            "full_name": "bioconda/groot/0.2/osx-64/groot-0.2-0.tar.bz2",
            "labels": [
                "main",
                "cf201901"
            ],
            "md5": "3207785ea74cf047f7f706d459b45410",
            "ndownloads": 1237,
            "owner": "bioconda",
            "size": 6900122,
            "type": "conda",
            "upload_time": "2018-02-26 17:49:24.717000+00:00",
            "version": "0.2"
        },
        {
            "attrs": {
                "arch": "x86_64",
                "build": "0",
                "build_number": 0,
                "depends": [],
                "has_prefix": true,
                "license": "MIT",
                "machine": "x86_64",
                "operatingsystem": "darwin",
                "platform": "osx",
                "subdir": "osx-64",
                "target-triplet": "x86_64-any-darwin"
            },
            "basename": "osx-64/groot-0.3-0.tar.bz2",
            "dependencies": {
                "depends": []
            },
            "description": null,
            "distribution_type": "conda",
            "download_url": "//api.anaconda.org/download/bioconda/groot/0.3/osx-64/groot-0.3-0.tar.bz2",
            "full_name": "bioconda/groot/0.3/osx-64/groot-0.3-0.tar.bz2",
            "labels": [
                "main",
                "cf201901"
            ],
            "md5": "12340fe69f82d5e4a56a5b7ade7b4436",
            "ndownloads": 1234,
            "owner": "bioconda",
            "size": 6899566,
            "type": "conda",
            "upload_time": "2018-02-28 14:27:45.737000+00:00",
            "version": "0.3"
        },
        {
            "attrs": {
                "arch": "x86_64",
                "build": "0",
                "build_number": 0,
                "depends": [],
                "has_prefix": true,
                "license": "MIT",
                "machine": "x86_64",
                "operatingsystem": "linux",
                "platform": "linux",
                "subdir": "linux-64",
                "target-triplet": "x86_64-any-linux"
            },
            "basename": "linux-64/groot-0.4-0.tar.bz2",
            "dependencies": {
                "depends": []
            },
            "description": null,
            "distribution_type": "conda",
            "download_url": "//api.anaconda.org/download/bioconda/groot/0.4/linux-64/groot-0.4-0.tar.bz2",
            "full_name": "bioconda/groot/0.4/linux-64/groot-0.4-0.tar.bz2",
            "labels": [
                "main",
                "cf201901"
            ],
            "md5": "17dfd1967280e1058c088e7198f4d1fb",
            "ndownloads": 323,
            "owner": "bioconda",
            "size": 6985066,
            "type": "conda",
            "upload_time": "2018-03-22 17:22:59.429000+00:00",
            "version": "0.4"
        },
        {
            "attrs": {
                "arch": "x86_64",
                "build": "0",
                "build_number": 0,
                "depends": [],
                "has_prefix": true,
                "license": "MIT",
                "machine": "x86_64",
                "operatingsystem": "darwin",
                "platform": "osx",
                "subdir": "osx-64",
                "target-triplet": "x86_64-any-darwin"
            },
            "basename": "osx-64/groot-0.5-0.tar.bz2",
            "dependencies": {
                "depends": []
            },
            "description": null,
            "distribution_type": "conda",
            "download_url": "//api.anaconda.org/download/bioconda/groot/0.5/osx-64/groot-0.5-0.tar.bz2",
            "full_name": "bioconda/groot/0.5/osx-64/groot-0.5-0.tar.bz2",
            "labels": [
                "main",
                "cf201901"
            ],
            "md5": "6493b9dea0785559ba6b64af78fac489",
            "ndownloads": 1244,
            "owner": "bioconda",
            "size": 6977103,
            "type": "conda",
            "upload_time": "2018-03-27 10:41:00.615000+00:00",
            "version": "0.5"
        },
        {
            "attrs": {
                "arch": "x86_64",
                "build": "0",
                "build_number": 0,
                "depends": [],
                "has_prefix": true,
                "license": "MIT",
                "machine": "x86_64",
                "operatingsystem": "linux",
                "platform": "linux",
                "subdir": "linux-64",
                "target-triplet": "x86_64-any-linux"
            },
            "basename": "linux-64/groot-0.5-0.tar.bz2",
            "dependencies": {
                "depends": []
            },
            "description": null,
            "distribution_type": "conda",
            "download_url": "//api.anaconda.org/download/bioconda/groot/0.5/linux-64/groot-0.5-0.tar.bz2",
            "full_name": "bioconda/groot/0.5/linux-64/groot-0.5-0.tar.bz2",
            "labels": [
                "main",
                "cf201901"
            ],
            "md5": "6753e718bd27bcf756414c534f4f2f76",
            "ndownloads": 426,
            "owner": "bioconda",
            "size": 6986416,
            "type": "conda",
            "upload_time": "2018-03-27 10:43:17.973000+00:00",
            "version": "0.5"
        },
        {
            "attrs": {
                "arch": "x86_64",
                "build": "1",
                "build_number": 1,
                "depends": [],
                "has_prefix": true,
                "license": "MIT",
                "machine": "x86_64",
                "operatingsystem": "darwin",
                "platform": "osx",
                "subdir": "osx-64",
                "target-triplet": "x86_64-any-darwin",
                "timestamp": 1553595984055
            },
            "basename": "osx-64/groot-0.8.4-1.tar.bz2",
            "dependencies": {
                "depends": []
            },
            "description": null,
            "distribution_type": "conda",
            "download_url": "//api.anaconda.org/download/bioconda/groot/0.8.4/osx-64/groot-0.8.4-1.tar.bz2",
            "full_name": "bioconda/groot/0.8.4/osx-64/groot-0.8.4-1.tar.bz2",
            "labels": [
                "main"
            ],
            "md5": "9eb2ffaa15bbac213e15d04b2884018b",
            "ndownloads": 1062,
            "owner": "bioconda",
            "size": 9875531,
            "type": "conda",
            "upload_time": "2019-03-26 10:26:44.629000+00:00",
            "version": "0.8.4"
        },
        {
            "attrs": {
                "arch": "x86_64",
                "build": "1",
                "build_number": 1,
                "depends": [],
                "has_prefix": true,
                "license": "MIT",
                "machine": "x86_64",
                "operatingsystem": "linux",
                "platform": "linux",
                "subdir": "linux-64",
                "target-triplet": "x86_64-any-linux",
                "timestamp": 1553596185198
            },
            "basename": "linux-64/groot-0.8.4-1.tar.bz2",
            "dependencies": {
                "depends": []
            },
            "description": null,
            "distribution_type": "conda",
            "download_url": "//api.anaconda.org/download/bioconda/groot/0.8.4/linux-64/groot-0.8.4-1.tar.bz2",
            "full_name": "bioconda/groot/0.8.4/linux-64/groot-0.8.4-1.tar.bz2",
            "labels": [
                "main"
            ],
            "md5": "53b59e4a181ce97830d8927d8d838060",
            "ndownloads": 256,
            "owner": "bioconda",
            "size": 9933263,
            "type": "conda",
            "upload_time": "2019-03-26 10:31:23.751000+00:00",
            "version": "0.8.4"
        },
        {
            "attrs": {
                "arch": "x86_64",
                "build": "1",
                "build_number": 1,
                "depends": [],
                "has_prefix": true,
                "license": "MIT",
                "machine": "x86_64",
                "operatingsystem": "linux",
                "platform": "linux",
                "subdir": "linux-64",
                "target-triplet": "x86_64-any-linux",
                "timestamp": 1555796233899
            },
            "basename": "linux-64/groot-0.8.5-1.tar.bz2",
            "dependencies": {
                "depends": []
            },
            "description": null,
            "distribution_type": "conda",
            "download_url": "//api.anaconda.org/download/bioconda/groot/0.8.5/linux-64/groot-0.8.5-1.tar.bz2",
            "full_name": "bioconda/groot/0.8.5/linux-64/groot-0.8.5-1.tar.bz2",
            "labels": [
                "main"
            ],
            "md5": "99208cf053e133fa448d74813aed5697",
            "ndownloads": 257,
            "owner": "bioconda",
            "size": 9906680,
            "type": "conda",
            "upload_time": "2019-04-20 21:39:16.813000+00:00",
            "version": "0.8.5"
        },
        {
            "attrs": {
                "arch": "x86_64",
                "build": "1",
                "build_number": 1,
                "depends": [],
                "has_prefix": true,
                "license": "MIT",
                "machine": "x86_64",
                "operatingsystem": "darwin",
                "platform": "osx",
                "subdir": "osx-64",
                "target-triplet": "x86_64-any-darwin",
                "timestamp": 1555794244360
            },
            "basename": "osx-64/groot-0.8.5-1.tar.bz2",
            "dependencies": {
                "depends": []
            },
            "description": null,
            "distribution_type": "conda",
            "download_url": "//api.anaconda.org/download/bioconda/groot/0.8.5/osx-64/groot-0.8.5-1.tar.bz2",
            "full_name": "bioconda/groot/0.8.5/osx-64/groot-0.8.5-1.tar.bz2",
            "labels": [
                "main"
            ],
            "md5": "f1df8ece6fb889c67d239a3370b6c484",
            "ndownloads": 1028,
            "owner": "bioconda",
            "size": 9856062,
            "type": "conda",
            "upload_time": "2019-04-20 21:04:32.638000+00:00",
            "version": "0.8.5"
        },
        {
            "attrs": {
                "arch": "x86_64",
                "build": "hc0beb16_0",
                "build_number": 0,
                "depends": [
                    "libgcc-ng >=7.3.0"
                ],
                "has_prefix": false,
                "license": "MIT",
                "machine": "x86_64",
                "operatingsystem": "linux",
                "platform": "linux",
                "subdir": "linux-64",
                "target-triplet": "x86_64-any-linux",
                "timestamp": 1587739369736
            },
            "basename": "linux-64/groot-1.0.2-hc0beb16_0.tar.bz2",
            "dependencies": {
                "depends": [
                    {
                        "name": "libgcc-ng",
                        "specs": [
                            [
                                ">=",
                                "7.3.0"
                            ]
                        ]
                    }
                ]
            },
            "description": null,
            "distribution_type": "conda",
            "download_url": "//api.anaconda.org/download/bioconda/groot/1.0.2/linux-64/groot-1.0.2-hc0beb16_0.tar.bz2",
            "full_name": "bioconda/groot/1.0.2/linux-64/groot-1.0.2-hc0beb16_0.tar.bz2",
            "labels": [
                "main"
            ],
            "md5": "6675adb9e0eda9d012f9a01a7167508c",
            "ndownloads": 33,
            "owner": "bioconda",
            "size": 6980444,
            "type": "conda",
            "upload_time": "2020-04-25 08:29:54.184000+00:00",
            "version": "1.0.2"
        },
        {
            "attrs": {
                "arch": "x86_64",
                "build": "h853b6e3_0",
                "build_number": 0,
                "depends": [],
                "has_prefix": false,
                "license": "MIT",
                "machine": "x86_64",
                "operatingsystem": "darwin",
                "platform": "osx",
                "subdir": "osx-64",
                "target-triplet": "x86_64-any-darwin",
                "timestamp": 1587739941652
            },
            "basename": "osx-64/groot-1.0.2-h853b6e3_0.tar.bz2",
            "dependencies": {
                "depends": []
            },
            "description": null,
            "distribution_type": "conda",
            "download_url": "//api.anaconda.org/download/bioconda/groot/1.0.2/osx-64/groot-1.0.2-h853b6e3_0.tar.bz2",
            "full_name": "bioconda/groot/1.0.2/osx-64/groot-1.0.2-h853b6e3_0.tar.bz2",
            "labels": [
                "main"
            ],
            "md5": "638e6c56f7ba7deb04d5ef5ac03660b9",
            "ndownloads": 216,
            "owner": "bioconda",
            "size": 6964026,
            "type": "conda",
            "upload_time": "2020-04-25 08:29:57.010000+00:00",
            "version": "1.0.2"
        },
        {
            "attrs": {
                "arch": "x86_64",
                "build": "hc0beb16_0",
                "build_number": 0,
                "depends": [
                    "libgcc-ng >=7.3.0"
                ],
                "has_prefix": false,
                "license": "MIT",
                "machine": "x86_64",
                "operatingsystem": "linux",
                "platform": "linux",
                "subdir": "linux-64",
                "target-triplet": "x86_64-any-linux",
                "timestamp": 1588684498432
            },
            "basename": "linux-64/groot-1.1.0-hc0beb16_0.tar.bz2",
            "dependencies": {
                "depends": [
                    {
                        "name": "libgcc-ng",
                        "specs": [
                            [
                                ">=",
                                "7.3.0"
                            ]
                        ]
                    }
                ]
            },
            "description": null,
            "distribution_type": "conda",
            "download_url": "//api.anaconda.org/download/bioconda/groot/1.1.0/linux-64/groot-1.1.0-hc0beb16_0.tar.bz2",
            "full_name": "bioconda/groot/1.1.0/linux-64/groot-1.1.0-hc0beb16_0.tar.bz2",
            "labels": [
                "main"
            ],
            "md5": "50c2b5b577b97bade3a182d138299551",
            "ndownloads": 26,
            "owner": "bioconda",
            "size": 6991256,
            "type": "conda",
            "upload_time": "2020-05-06 16:20:47.843000+00:00",
            "version": "1.1.0"
        },
        {
            "attrs": {
                "arch": "x86_64",
                "build": "h853b6e3_0",
                "build_number": 0,
                "depends": [],
                "has_prefix": false,
                "license": "MIT",
                "machine": "x86_64",
                "operatingsystem": "darwin",
                "platform": "osx",
                "subdir": "osx-64",
                "target-triplet": "x86_64-any-darwin",
                "timestamp": 1588685123504
            },
            "basename": "osx-64/groot-1.1.0-h853b6e3_0.tar.bz2",
            "dependencies": {
                "depends": []
            },
            "description": null,
            "distribution_type": "conda",
            "download_url": "//api.anaconda.org/download/bioconda/groot/1.1.0/osx-64/groot-1.1.0-h853b6e3_0.tar.bz2",
            "full_name": "bioconda/groot/1.1.0/osx-64/groot-1.1.0-h853b6e3_0.tar.bz2",
            "labels": [
                "main"
            ],
            "md5": "958940eb42f23ab55c5161b1b261ce20",
            "ndownloads": 191,
            "owner": "bioconda",
            "size": 6975878,
            "type": "conda",
            "upload_time": "2020-05-06 16:20:50.269000+00:00",
            "version": "1.1.0"
        },
        {
            "attrs": {
                "arch": "x86_64",
                "build": "h853b6e3_0",
                "build_number": 0,
                "depends": [],
                "has_prefix": false,
                "license": "MIT",
                "machine": "x86_64",
                "operatingsystem": "darwin",
                "platform": "osx",
                "subdir": "osx-64",
                "target-triplet": "x86_64-any-darwin",
                "timestamp": 1589362929428
            },
            "basename": "osx-64/groot-1.1.2-h853b6e3_0.tar.bz2",
            "dependencies": {
                "depends": []
            },
            "description": null,
            "distribution_type": "conda",
            "download_url": "//api.anaconda.org/download/bioconda/groot/1.1.2/osx-64/groot-1.1.2-h853b6e3_0.tar.bz2",
            "full_name": "bioconda/groot/1.1.2/osx-64/groot-1.1.2-h853b6e3_0.tar.bz2",
            "labels": [
                "main"
            ],
            "md5": "3889eda94936d8bada5e761fde542156",
            "ndownloads": 182,
            "owner": "bioconda",
            "size": 5879163,
            "type": "conda",
            "upload_time": "2020-05-13 09:42:35.991000+00:00",
            "version": "1.1.2"
        },
        {
            "attrs": {
                "arch": "x86_64",
                "build": "hc0beb16_0",
                "build_number": 0,
                "depends": [
                    "libgcc-ng >=7.3.0"
                ],
                "has_prefix": false,
                "license": "MIT",
                "machine": "x86_64",
                "operatingsystem": "linux",
                "platform": "linux",
                "subdir": "linux-64",
                "target-triplet": "x86_64-any-linux",
                "timestamp": 1589362916941
            },
            "basename": "linux-64/groot-1.1.2-hc0beb16_0.tar.bz2",
            "dependencies": {
                "depends": [
                    {
                        "name": "libgcc-ng",
                        "specs": [
                            [
                                ">=",
                                "7.3.0"
                            ]
                        ]
                    }
                ]
            },
            "description": null,
            "distribution_type": "conda",
            "download_url": "//api.anaconda.org/download/bioconda/groot/1.1.2/linux-64/groot-1.1.2-hc0beb16_0.tar.bz2",
            "full_name": "bioconda/groot/1.1.2/linux-64/groot-1.1.2-hc0beb16_0.tar.bz2",
            "labels": [
                "main"
            ],
            "md5": "01135d424aea404109f553424166673f",
            "ndownloads": 89,
            "owner": "bioconda",
            "size": 5841326,
            "type": "conda",
            "upload_time": "2020-05-13 09:43:59.716000+00:00",
            "version": "1.1.2"
        }
    ],
    "full_name": "bioconda/groot",
    "home": "https://github.com/will-rowe/groot",
    "html_url": "http://anaconda.org/bioconda/groot",
    "id": "5a844afdbaec3611fb00ee7b",
    "latest_version": "1.1.2",
    "license": "MIT",
    "license_url": null,
    "modified_at": "2020-05-13 09:44:00.380000+00:00",
    "name": "groot",
    "owner": {
        "company": "",
        "created_at": "2015-09-11 22:59:20.880000+00:00",
        "description": "Bioconda is a distribution of bioinformatics software realized as a channel for the versatile Conda package manager.",
        "location": "",
        "login": "bioconda",
        "name": "bioconda",
        "url": "",
        "user_type": "org"
    },
    "package_types": [
        "conda"
    ],
    "public": true,
    "releases": [
        {
            "distributions": [],
            "full_name": "bioconda/groot/0.1",
            "version": "0.1"
        },
        {
            "distributions": [],
            "full_name": "bioconda/groot/0.2",
            "version": "0.2"
        },
        {
            "distributions": [],
            "full_name": "bioconda/groot/0.3",
            "version": "0.3"
        },
        {
            "distributions": [],
            "full_name": "bioconda/groot/0.4",
            "version": "0.4"
        },
        {
            "distributions": [],
            "full_name": "bioconda/groot/0.5",
            "version": "0.5"
        },
        {
            "distributions": [],
            "full_name": "bioconda/groot/0.6",
            "version": "0.6"
        },
        {
            "distributions": [],
            "full_name": "bioconda/groot/0.7",
            "version": "0.7"
        },
        {
            "distributions": [],
            "full_name": "bioconda/groot/0.7.1",
            "version": "0.7.1"
        },
        {
            "distributions": [],
            "full_name": "bioconda/groot/0.8.1",
            "version": "0.8.1"
        },
        {
            "distributions": [],
            "full_name": "bioconda/groot/0.8.2",
            "version": "0.8.2"
        },
        {
            "distributions": [],
            "full_name": "bioconda/groot/0.8.3",
            "version": "0.8.3"
        },
        {
            "distributions": [],
            "full_name": "bioconda/groot/0.8.4",
            "version": "0.8.4"
        },
        {
            "distributions": [],
            "full_name": "bioconda/groot/0.8.5",
            "version": "0.8.5"
        },
        {
            "distributions": [],
            "full_name": "bioconda/groot/1.0.2",
            "version": "1.0.2"
        },
        {
            "distributions": [],
            "full_name": "bioconda/groot/1.1.0",
            "version": "1.1.0"
        },
        {
            "distributions": [],
            "full_name": "bioconda/groot/1.1.2",
            "version": "1.1.2"
        }
    ],
    "revision": 32,
    "source_git_tag": null,
    "source_git_url": null,
    "summary": "A tool for resistome profiling of metagenomic samples.",
    "upvoted": 0,
    "url": "http://api.anaconda.org/packages/bioconda/groot",
    "versions": [
        "0.1",
        "0.2",
        "0.3",
        "0.4",
        "0.5",
        "0.6",
        "0.7",
        "0.7.1",
        "0.8.1",
        "0.8.2",
        "0.8.3",
        "0.8.4",
        "0.8.5",
        "1.0.2",
        "1.1.0",
        "1.1.2"
    ],
    "watchers": 1
}