{
    "app_entry": {},
    "app_summary": {},
    "app_type": {},
    "builds": [
        "1",
        "0",
        "2"
    ],
    "conda_platforms": [
        "noarch"
    ],
    "created_at": "2019-08-07 07:45:49.841000+00:00",
    "description": "",
    "dev_url": null,
    "doc_url": null,
    "files": [
        {
            "attrs": {
                "arch": null,
                "build": "0",
                "build_number": 0,
                "depends": [
                    "malt",
                    "openjdk 8.0.144.*",
                    "python",
                    "r-base >=3.5",
                    "r-doparallel",
                    "r-getopt",
                    "r-gridbase",
                    "r-gridextra"
                ],
                "has_prefix": false,
                "license": "GPL >=3",
                "machine": null,
                "noarch": "generic",
                "operatingsystem": null,
                "platform": null,
                "subdir": "noarch",
                "target-triplet": "None-any-None",
                "timestamp": 1565163523611
            },
            "basename": "noarch/hops-0.31-0.tar.bz2",
            "dependencies": {
                "depends": [
                    {
                        "name": "malt",
                        "specs": []
                    },
                    {
                        "name": "openjdk",
                        "specs": [
                            [
                                "==",
                                "8.0.144."
                            ]
                        ]
                    },
                    {
                        "name": "python",
                        "specs": []
                    },
                    {
                        "name": "r-base",
                        "specs": [
                            [
                                ">=",
                                "3.5"
                            ]
                        ]
                    },
                    {
                        "name": "r-doparallel",
                        "specs": []
                    },
                    {
                        "name": "r-getopt",
                        "specs": []
                    },
                    {
                        "name": "r-gridbase",
                        "specs": []
                    },
                    {
                        "name": "r-gridextra",
                        "specs": []
                    }
                ]
            },
            "description": null,
            "distribution_type": "conda",
            "download_url": "//api.anaconda.org/download/bioconda/hops/0.31/noarch/hops-0.31-0.tar.bz2",
            "full_name": "bioconda/hops/0.31/noarch/hops-0.31-0.tar.bz2",
            "labels": [
                "main"
            ],
            "md5": "7da24d655420934c698aac04d6ef66d4",
            "ndownloads": 58,
            "owner": "bioconda",
            "size": 69880792,
            "type": "conda",
            "upload_time": "2019-08-07 07:45:50.637000+00:00",
            "version": "0.31"
        },
        {
            "attrs": {
                "arch": null,
                "build": "1",
                "build_number": 1,
                "depends": [
                    "malt",
                    "openjdk 8.0.144.*",
                    "python",
                    "r-base >=3.5",
                    "r-doparallel",
                    "r-getopt",
                    "r-gridbase",
                    "r-gridextra"
                ],
                "has_prefix": false,
                "license": "GPL >=3",
                "machine": null,
                "noarch": "generic",
                "operatingsystem": null,
                "platform": null,
                "subdir": "noarch",
                "target-triplet": "None-any-None",
                "timestamp": 1565298381933
            },
            "basename": "noarch/hops-0.31-1.tar.bz2",
            "dependencies": {
                "depends": [
                    {
                        "name": "malt",
                        "specs": []
                    },
                    {
                        "name": "openjdk",
                        "specs": [
                            [
                                "==",
                                "8.0.144."
                            ]
                        ]
                    },
                    {
                        "name": "python",
                        "specs": []
                    },
                    {
                        "name": "r-base",
                        "specs": [
                            [
                                ">=",
                                "3.5"
                            ]
                        ]
                    },
                    {
                        "name": "r-doparallel",
                        "specs": []
                    },
                    {
                        "name": "r-getopt",
                        "specs": []
                    },
                    {
                        "name": "r-gridbase",
                        "specs": []
                    },
                    {
                        "name": "r-gridextra",
                        "specs": []
                    }
                ]
            },
            "description": null,
            "distribution_type": "conda",
            "download_url": "//api.anaconda.org/download/bioconda/hops/0.31/noarch/hops-0.31-1.tar.bz2",
            "full_name": "bioconda/hops/0.31/noarch/hops-0.31-1.tar.bz2",
            "labels": [
                "main"
            ],
            "md5": "e77517584a44c1d798bad44878ae9347",
            "ndownloads": 78,
            "owner": "bioconda",
            "size": 69894831,
            "type": "conda",
            "upload_time": "2019-08-08 21:13:28.954000+00:00",
            "version": "0.31"
        },
        {
            "attrs": {
                "arch": null,
                "build": "0",
                "build_number": 0,
                "depends": [
                    "malt",
                    "openjdk 8.0.144.*",
                    "python",
                    "r-base >=3.5",
                    "r-doparallel",
                    "r-getopt",
                    "r-gridbase",
                    "r-gridextra"
                ],
                "has_prefix": false,
                "license": "GPL >=3",
                "machine": null,
                "noarch": "generic",
                "operatingsystem": null,
                "platform": null,
                "subdir": "noarch",
                "target-triplet": "None-any-None",
                "timestamp": 1571819013742
            },
            "basename": "noarch/hops-0.33-0.tar.bz2",
            "dependencies": {
                "depends": [
                    {
                        "name": "malt",
                        "specs": []
                    },
                    {
                        "name": "openjdk",
                        "specs": [
                            [
                                "==",
                                "8.0.144."
                            ]
                        ]
                    },
                    {
                        "name": "python",
                        "specs": []
                    },
                    {
                        "name": "r-base",
                        "specs": [
                            [
                                ">=",
                                "3.5"
                            ]
                        ]
                    },
                    {
                        "name": "r-doparallel",
                        "specs": []
                    },
                    {
                        "name": "r-getopt",
                        "specs": []
                    },
                    {
                        "name": "r-gridbase",
                        "specs": []
                    },
                    {
                        "name": "r-gridextra",
                        "specs": []
                    }
                ]
            },
            "description": null,
            "distribution_type": "conda",
            "download_url": "//api.anaconda.org/download/bioconda/hops/0.33/noarch/hops-0.33-0.tar.bz2",
            "full_name": "bioconda/hops/0.33/noarch/hops-0.33-0.tar.bz2",
            "labels": [
                "main"
            ],
            "md5": "f9d74fd6cca1c60f88690b98a0a6fd2f",
            "ndownloads": 52,
            "owner": "bioconda",
            "size": 69897183,
            "type": "conda",
            "upload_time": "2019-10-23 08:31:05.784000+00:00",
            "version": "0.33"
        },
        {
            "attrs": {
                "arch": null,
                "build": "1",
                "build_number": 1,
                "depends": [
                    "malt",
                    "openjdk 8.0.144.*",
                    "python",
                    "r-base >=3.5",
                    "r-doparallel",
                    "r-getopt",
                    "r-gridbase",
                    "r-gridextra"
                ],
                "has_prefix": false,
                "license": "GPL >=3",
                "machine": null,
                "noarch": "generic",
                "operatingsystem": null,
                "platform": null,
                "subdir": "noarch",
                "target-triplet": "None-any-None",
                "timestamp": 1573026814513
            },
            "basename": "noarch/hops-0.33-1.tar.bz2",
            "dependencies": {
                "depends": [
                    {
                        "name": "malt",
                        "specs": []
                    },
                    {
                        "name": "openjdk",
                        "specs": [
                            [
                                "==",
                                "8.0.144."
                            ]
                        ]
                    },
                    {
                        "name": "python",
                        "specs": []
                    },
                    {
                        "name": "r-base",
                        "specs": [
                            [
                                ">=",
                                "3.5"
                            ]
                        ]
                    },
                    {
                        "name": "r-doparallel",
                        "specs": []
                    },
                    {
                        "name": "r-getopt",
                        "specs": []
                    },
                    {
                        "name": "r-gridbase",
                        "specs": []
                    },
                    {
                        "name": "r-gridextra",
                        "specs": []
                    }
                ]
            },
            "description": null,
            "distribution_type": "conda",
            "download_url": "//api.anaconda.org/download/bioconda/hops/0.33/noarch/hops-0.33-1.tar.bz2",
            "full_name": "bioconda/hops/0.33/noarch/hops-0.33-1.tar.bz2",
            "labels": [
                "main"
            ],
            "md5": "0f6ad37147e59f173a54dabcc5e9ddc3",
            "ndownloads": 124,
            "owner": "bioconda",
            "size": 69898005,
            "type": "conda",
            "upload_time": "2019-11-06 08:01:12.210000+00:00",
            "version": "0.33"
        },
        {
            "attrs": {
                "arch": null,
                "build": "2",
                "build_number": 2,
                "depends": [
                    "malt",
                    "openjdk 8.0.144.*",
                    "python",
                    "r-base >=3.5",
                    "r-doparallel",
                    "r-getopt",
                    "r-gridbase",
                    "r-gridextra"
                ],
                "has_prefix": false,
                "license": "GPL >=3",
                "machine": null,
                "noarch": "generic",
                "operatingsystem": null,
                "platform": null,
                "subdir": "noarch",
                "target-triplet": "None-any-None",
                "timestamp": 1574763581834
            },
            "basename": "noarch/hops-0.33-2.tar.bz2",
            "dependencies": {
                "depends": [
                    {
                        "name": "malt",
                        "specs": []
                    },
                    {
                        "name": "openjdk",
                        "specs": [
                            [
                                "==",
                                "8.0.144."
                            ]
                        ]
                    },
                    {
                        "name": "python",
                        "specs": []
                    },
                    {
                        "name": "r-base",
                        "specs": [
                            [
                                ">=",
                                "3.5"
                            ]
                        ]
                    },
                    {
                        "name": "r-doparallel",
                        "specs": []
                    },
                    {
                        "name": "r-getopt",
                        "specs": []
                    },
                    {
                        "name": "r-gridbase",
                        "specs": []
                    },
                    {
                        "name": "r-gridextra",
                        "specs": []
                    }
                ]
            },
            "description": null,
            "distribution_type": "conda",
            "download_url": "//api.anaconda.org/download/bioconda/hops/0.33/noarch/hops-0.33-2.tar.bz2",
            "full_name": "bioconda/hops/0.33/noarch/hops-0.33-2.tar.bz2",
            "labels": [
                "main"
            ],
            "md5": "fb211a634f34fa219e0f7975ef3d0c9d",
            "ndownloads": 973,
            "owner": "bioconda",
            "size": 69899698,
            "type": "conda",
            "upload_time": "2019-11-26 10:55:33.840000+00:00",
            "version": "0.33"
        },
        {
            "attrs": {
                "arch": null,
                "build": "0",
                "build_number": 0,
                "depends": [
                    "malt",
                    "openjdk 8.0.144.*",
                    "python",
                    "r-base >=3.5",
                    "r-doparallel",
                    "r-getopt",
                    "r-gridbase",
                    "r-gridextra",
                    "r-jsonlite"
                ],
                "has_prefix": false,
                "license": "GPL >=3",
                "machine": null,
                "noarch": "generic",
                "operatingsystem": null,
                "platform": null,
                "subdir": "noarch",
                "target-triplet": "None-any-None",
                "timestamp": 1590608865362
            },
            "basename": "noarch/hops-0.34-0.tar.bz2",
            "dependencies": {
                "depends": [
                    {
                        "name": "malt",
                        "specs": []
                    },
                    {
                        "name": "openjdk",
                        "specs": [
                            [
                                "==",
                                "8.0.144."
                            ]
                        ]
                    },
                    {
                        "name": "python",
                        "specs": []
                    },
                    {
                        "name": "r-base",
                        "specs": [
                            [
                                ">=",
                                "3.5"
                            ]
                        ]
                    },
                    {
                        "name": "r-doparallel",
                        "specs": []
                    },
                    {
                        "name": "r-getopt",
                        "specs": []
                    },
                    {
                        "name": "r-gridbase",
                        "specs": []
                    },
                    {
                        "name": "r-gridextra",
                        "specs": []
                    },
                    {
                        "name": "r-jsonlite",
                        "specs": []
                    }
                ]
            },
            "description": null,
            "distribution_type": "conda",
            "download_url": "//api.anaconda.org/download/bioconda/hops/0.34/noarch/hops-0.34-0.tar.bz2",
            "full_name": "bioconda/hops/0.34/noarch/hops-0.34-0.tar.bz2",
            "labels": [
                "main"
            ],
            "md5": "c69ec3af4146934d24b6c2fcd642da43",
            "ndownloads": 1194,
            "owner": "bioconda",
            "size": 73000935,
            "type": "conda",
            "upload_time": "2020-05-28 20:48:21.991000+00:00",
            "version": "0.34"
        }
    ],
    "full_name": "bioconda/hops",
    "home": "https://github.com/rhuebler/HOPS/",
    "html_url": "http://anaconda.org/bioconda/hops",
    "id": "5d4a81ad778a870c42c66cfc",
    "latest_version": "0.34",
    "license": "GPL >=3",
    "license_url": null,
    "modified_at": "2020-05-28 20:48:23.388000+00:00",
    "name": "hops",
    "owner": {
        "company": "",
        "created_at": "2015-09-11 22:59:20.880000+00:00",
        "description": "Bioconda is a distribution of bioinformatics software realized as a channel for the versatile Conda package manager.",
        "location": "",
        "login": "bioconda",
        "name": "bioconda",
        "url": "",
        "user_type": "org"
    },
    "package_types": [
        "conda"
    ],
    "public": true,
    "releases": [
        {
            "distributions": [],
            "full_name": "bioconda/hops/0.31",
            "version": "0.31"
        },
        {
            "distributions": [],
            "full_name": "bioconda/hops/0.33",
            "version": "0.33"
        },
        {
            "distributions": [],
            "full_name": "bioconda/hops/0.34",
            "version": "0.34"
        }
    ],
    "revision": 6,
    "source_git_tag": null,
    "source_git_url": null,
    "summary": "Java tool to work with ancient metagenomics",
    "upvoted": 0,
    "url": "http://api.anaconda.org/packages/bioconda/hops",
    "versions": [
        "0.31",
        "0.33",
        "0.34"
    ],
    "watchers": 1
}