{
    "app_entry": {},
    "app_summary": {},
    "app_type": {},
    "builds": [
        "1",
        "0",
        "2"
    ],
    "conda_platforms": [
        "linux-64",
        "osx-64"
    ],
    "created_at": "2016-07-01 20:56:39.594000+00:00",
    "description": "None",
    "dev_url": {},
    "doc_url": {},
    "files": [
        {
            "attrs": {
                "arch": "x86_64",
                "build": "1",
                "build_number": 1,
                "depends": [
                    "libgcc"
                ],
                "has_prefix": true,
                "license": "GPL2",
                "machine": "x86_64",
                "operatingsystem": "linux",
                "platform": "linux",
                "subdir": "linux-64",
                "target-triplet": "x86_64-any-linux"
            },
            "basename": "linux-64/idba-1.1.3-1.tar.bz2",
            "dependencies": {
                "depends": [
                    {
                        "name": "libgcc",
                        "specs": []
                    }
                ]
            },
            "description": null,
            "distribution_type": "conda",
            "download_url": "//api.anaconda.org/download/bioconda/idba/1.1.3/linux-64/idba-1.1.3-1.tar.bz2",
            "full_name": "bioconda/idba/1.1.3/linux-64/idba-1.1.3-1.tar.bz2",
            "labels": [
                "main",
                "cf201901"
            ],
            "md5": "a5ff6231d2ee1690bf994ddbb415aa99",
            "ndownloads": 4333,
            "owner": "bioconda",
            "size": 37245793,
            "type": "conda",
            "upload_time": "2018-05-02 17:58:49.845000+00:00",
            "version": "1.1.3"
        },
        {
            "attrs": {
                "arch": "x86_64",
                "build": "1",
                "build_number": 1,
                "depends": [
                    "libgcc"
                ],
                "has_prefix": true,
                "license": "GPL2",
                "machine": "x86_64",
                "operatingsystem": "darwin",
                "platform": "osx",
                "subdir": "osx-64",
                "target-triplet": "x86_64-any-darwin"
            },
            "basename": "osx-64/idba-1.1.3-1.tar.bz2",
            "dependencies": {
                "depends": [
                    {
                        "name": "libgcc",
                        "specs": []
                    }
                ]
            },
            "description": null,
            "distribution_type": "conda",
            "download_url": "//api.anaconda.org/download/bioconda/idba/1.1.3/osx-64/idba-1.1.3-1.tar.bz2",
            "full_name": "bioconda/idba/1.1.3/osx-64/idba-1.1.3-1.tar.bz2",
            "labels": [
                "main",
                "cf201901"
            ],
            "md5": "94443d749ab185b8e739e5c06fe57491",
            "ndownloads": 838,
            "owner": "bioconda",
            "size": 3586111,
            "type": "conda",
            "upload_time": "2018-05-02 17:56:21.776000+00:00",
            "version": "1.1.3"
        },
        {
            "attrs": {
                "arch": "x86_64",
                "build": "1",
                "build_number": 1,
                "depends": [
                    "libgcc"
                ],
                "machine": "x86_64",
                "operatingsystem": "linux",
                "platform": "linux",
                "subdir": "linux-64",
                "target-triplet": "x86_64-any-linux"
            },
            "basename": "linux-64/idba-1.1.1-1.tar.bz2",
            "dependencies": {
                "depends": [
                    {
                        "name": "libgcc",
                        "specs": []
                    }
                ]
            },
            "description": null,
            "distribution_type": "conda",
            "download_url": "//api.anaconda.org/download/bioconda/idba/1.1.1/linux-64/idba-1.1.1-1.tar.bz2",
            "full_name": "bioconda/idba/1.1.1/linux-64/idba-1.1.1-1.tar.bz2",
            "labels": [
                "main",
                "cf201901"
            ],
            "md5": "4b7599b5bc81a550a9b31de3a070bb69",
            "ndownloads": 511,
            "owner": "bioconda",
            "size": 36980985,
            "type": "conda",
            "upload_time": "2016-07-01 20:56:39.997000+00:00",
            "version": "1.1.1"
        },
        {
            "attrs": {
                "arch": "x86_64",
                "build": "2",
                "build_number": 2,
                "depends": [
                    "libgcc"
                ],
                "has_prefix": true,
                "machine": "x86_64",
                "operatingsystem": "linux",
                "platform": "linux",
                "subdir": "linux-64",
                "target-triplet": "x86_64-any-linux"
            },
            "basename": "linux-64/idba-1.1.1-2.tar.bz2",
            "dependencies": {
                "depends": [
                    {
                        "name": "libgcc",
                        "specs": []
                    }
                ]
            },
            "description": null,
            "distribution_type": "conda",
            "download_url": "//api.anaconda.org/download/bioconda/idba/1.1.1/linux-64/idba-1.1.1-2.tar.bz2",
            "full_name": "bioconda/idba/1.1.1/linux-64/idba-1.1.1-2.tar.bz2",
            "labels": [
                "main",
                "cf201901"
            ],
            "md5": "a574932bb930e6bb48ec8b6ca4521f43",
            "ndownloads": 1689,
            "owner": "bioconda",
            "size": 37086312,
            "type": "conda",
            "upload_time": "2016-11-12 22:17:48.181000+00:00",
            "version": "1.1.1"
        },
        {
            "attrs": {
                "arch": "x86_64",
                "build": "0",
                "build_number": 0,
                "depends": [
                    "libgcc"
                ],
                "has_prefix": true,
                "machine": "x86_64",
                "operatingsystem": "linux",
                "platform": "linux",
                "subdir": "linux-64",
                "target-triplet": "x86_64-any-linux"
            },
            "basename": "linux-64/idba-1.1.3-0.tar.bz2",
            "dependencies": {
                "depends": [
                    {
                        "name": "libgcc",
                        "specs": []
                    }
                ]
            },
            "description": null,
            "distribution_type": "conda",
            "download_url": "//api.anaconda.org/download/bioconda/idba/1.1.3/linux-64/idba-1.1.3-0.tar.bz2",
            "full_name": "bioconda/idba/1.1.3/linux-64/idba-1.1.3-0.tar.bz2",
            "labels": [
                "main",
                "cf201901"
            ],
            "md5": "2f614ec7df61e3a320b09c13516a914a",
            "ndownloads": 1191,
            "owner": "bioconda",
            "size": 37270052,
            "type": "conda",
            "upload_time": "2016-12-22 20:32:21.756000+00:00",
            "version": "1.1.3"
        },
        {
            "attrs": {
                "arch": "x86_64",
                "build": "0",
                "build_number": 0,
                "depends": [
                    "libgcc"
                ],
                "has_prefix": true,
                "machine": "x86_64",
                "operatingsystem": "darwin",
                "platform": "osx",
                "subdir": "osx-64",
                "target-triplet": "x86_64-any-darwin"
            },
            "basename": "osx-64/idba-1.1.3-0.tar.bz2",
            "dependencies": {
                "depends": [
                    {
                        "name": "libgcc",
                        "specs": []
                    }
                ]
            },
            "description": null,
            "distribution_type": "conda",
            "download_url": "//api.anaconda.org/download/bioconda/idba/1.1.3/osx-64/idba-1.1.3-0.tar.bz2",
            "full_name": "bioconda/idba/1.1.3/osx-64/idba-1.1.3-0.tar.bz2",
            "labels": [
                "main",
                "cf201901"
            ],
            "md5": "e3dedfebc757570d833e2d19b3916fa8",
            "ndownloads": 199,
            "owner": "bioconda",
            "size": 3444475,
            "type": "conda",
            "upload_time": "2016-12-22 21:11:49.064000+00:00",
            "version": "1.1.3"
        }
    ],
    "full_name": "bioconda/idba",
    "home": "None",
    "html_url": "http://anaconda.org/bioconda/idba",
    "id": "5776d9078b572a7b16f922f4",
    "latest_version": "1.1.3",
    "license": {},
    "license_url": {},
    "modified_at": "2018-05-02 17:58:50.989000+00:00",
    "name": "idba",
    "owner": {
        "company": "",
        "created_at": "2015-09-11 22:59:20.880000+00:00",
        "description": "Bioconda is a distribution of bioinformatics software realized as a channel for the versatile Conda package manager.",
        "location": "",
        "login": "bioconda",
        "name": "bioconda",
        "url": "",
        "user_type": "org"
    },
    "package_types": [
        "conda"
    ],
    "public": true,
    "releases": [
        {
            "distributions": [
                "linux-64/idba-1.1.1-1.tar.bz2"
            ],
            "full_name": "bioconda/idba/1.1.1",
            "version": "1.1.1"
        },
        {
            "distributions": [],
            "full_name": "bioconda/idba/1.1.3",
            "version": "1.1.3"
        }
    ],
    "revision": 3,
    "source_git_tag": {},
    "source_git_url": {},
    "summary": "IDBA-UD is a iterative De Bruijn Graph De Novo Assembler for Short Reads Sequencing data with Highly Uneven Sequencing Depth.",
    "upvoted": 0,
    "url": "http://api.anaconda.org/packages/bioconda/idba",
    "versions": [
        "1.1.1",
        "1.1.3"
    ],
    "watchers": 1
}