{
    "app_entry": {},
    "app_summary": {},
    "app_type": {},
    "builds": [
        "py_0"
    ],
    "conda_platforms": [
        "noarch"
    ],
    "created_at": "2019-01-30 22:31:31.833000+00:00",
    "description": "",
    "dev_url": "https://github.com/BodenmillerGroup/imctools",
    "doc_url": "https://github.com/BodenmillerGroup/imctools/blob/master/README.md",
    "files": [
        {
            "attrs": {
                "arch": null,
                "build": "py_0",
                "build_number": 0,
                "depends": [
                    "numpy",
                    "pandas",
                    "python",
                    "scikit-image",
                    "scipy",
                    "tifffile >=0.13.5"
                ],
                "has_prefix": false,
                "license": "MIT",
                "machine": null,
                "noarch": "python",
                "operatingsystem": null,
                "platform": null,
                "subdir": "noarch",
                "target-triplet": "None-any-None",
                "timestamp": 1548886769969
            },
            "basename": "noarch/imctools-0.2-py_0.tar.bz2",
            "dependencies": {
                "depends": [
                    {
                        "name": "numpy",
                        "specs": []
                    },
                    {
                        "name": "pandas",
                        "specs": []
                    },
                    {
                        "name": "python",
                        "specs": []
                    },
                    {
                        "name": "scikit-image",
                        "specs": []
                    },
                    {
                        "name": "scipy",
                        "specs": []
                    },
                    {
                        "name": "tifffile",
                        "specs": [
                            [
                                ">=",
                                "0.13.5"
                            ]
                        ]
                    }
                ]
            },
            "description": null,
            "distribution_type": "conda",
            "download_url": "//api.anaconda.org/download/bioconda/imctools/0.2/noarch/imctools-0.2-py_0.tar.bz2",
            "full_name": "bioconda/imctools/0.2/noarch/imctools-0.2-py_0.tar.bz2",
            "labels": [
                "main"
            ],
            "md5": "0eeaf2b5292bd0b4d634e74bd0a7b469",
            "ndownloads": 127,
            "owner": "bioconda",
            "size": 49811,
            "type": "conda",
            "upload_time": "2019-01-30 22:31:33.985000+00:00",
            "version": "0.2"
        },
        {
            "attrs": {
                "arch": null,
                "build": "py_0",
                "build_number": 0,
                "depends": [
                    "numpy",
                    "pandas",
                    "python",
                    "scikit-image",
                    "scipy",
                    "tifffile >=0.13.5"
                ],
                "has_prefix": false,
                "license": "MIT",
                "machine": null,
                "noarch": "python",
                "operatingsystem": null,
                "platform": null,
                "subdir": "noarch",
                "target-triplet": "None-any-None",
                "timestamp": 1561927532405
            },
            "basename": "noarch/imctools-1.0.1-py_0.tar.bz2",
            "dependencies": {
                "depends": [
                    {
                        "name": "numpy",
                        "specs": []
                    },
                    {
                        "name": "pandas",
                        "specs": []
                    },
                    {
                        "name": "python",
                        "specs": []
                    },
                    {
                        "name": "scikit-image",
                        "specs": []
                    },
                    {
                        "name": "scipy",
                        "specs": []
                    },
                    {
                        "name": "tifffile",
                        "specs": [
                            [
                                ">=",
                                "0.13.5"
                            ]
                        ]
                    }
                ]
            },
            "description": null,
            "distribution_type": "conda",
            "download_url": "//api.anaconda.org/download/bioconda/imctools/1.0.1/noarch/imctools-1.0.1-py_0.tar.bz2",
            "full_name": "bioconda/imctools/1.0.1/noarch/imctools-1.0.1-py_0.tar.bz2",
            "labels": [
                "main"
            ],
            "md5": "f32b90eacdeb12112c119eab369098f5",
            "ndownloads": 47,
            "owner": "bioconda",
            "size": 48627,
            "type": "conda",
            "upload_time": "2019-07-01 05:30:10.598000+00:00",
            "version": "1.0.1"
        },
        {
            "attrs": {
                "arch": null,
                "build": "py_0",
                "build_number": 0,
                "depends": [
                    "numpy",
                    "pandas",
                    "python",
                    "scikit-image",
                    "scipy",
                    "tifffile >=0.13.5"
                ],
                "has_prefix": false,
                "license": "MIT",
                "machine": null,
                "noarch": "python",
                "operatingsystem": null,
                "platform": null,
                "subdir": "noarch",
                "target-triplet": "None-any-None",
                "timestamp": 1562965778682
            },
            "basename": "noarch/imctools-1.0.3-py_0.tar.bz2",
            "dependencies": {
                "depends": [
                    {
                        "name": "numpy",
                        "specs": []
                    },
                    {
                        "name": "pandas",
                        "specs": []
                    },
                    {
                        "name": "python",
                        "specs": []
                    },
                    {
                        "name": "scikit-image",
                        "specs": []
                    },
                    {
                        "name": "scipy",
                        "specs": []
                    },
                    {
                        "name": "tifffile",
                        "specs": [
                            [
                                ">=",
                                "0.13.5"
                            ]
                        ]
                    }
                ]
            },
            "description": null,
            "distribution_type": "conda",
            "download_url": "//api.anaconda.org/download/bioconda/imctools/1.0.3/noarch/imctools-1.0.3-py_0.tar.bz2",
            "full_name": "bioconda/imctools/1.0.3/noarch/imctools-1.0.3-py_0.tar.bz2",
            "labels": [
                "main"
            ],
            "md5": "c1d7f2d7f0583cceda609fa1b817cb74",
            "ndownloads": 37,
            "owner": "bioconda",
            "size": 48738,
            "type": "conda",
            "upload_time": "2019-07-12 21:14:48.163000+00:00",
            "version": "1.0.3"
        },
        {
            "attrs": {
                "arch": null,
                "build": "py_0",
                "build_number": 0,
                "depends": [
                    "numpy",
                    "pandas",
                    "python",
                    "scikit-image",
                    "scipy",
                    "tifffile >=0.13.5"
                ],
                "has_prefix": false,
                "license": "MIT",
                "machine": null,
                "noarch": "python",
                "operatingsystem": null,
                "platform": null,
                "subdir": "noarch",
                "target-triplet": "None-any-None",
                "timestamp": 1574357775141
            },
            "basename": "noarch/imctools-1.0.4-py_0.tar.bz2",
            "dependencies": {
                "depends": [
                    {
                        "name": "numpy",
                        "specs": []
                    },
                    {
                        "name": "pandas",
                        "specs": []
                    },
                    {
                        "name": "python",
                        "specs": []
                    },
                    {
                        "name": "scikit-image",
                        "specs": []
                    },
                    {
                        "name": "scipy",
                        "specs": []
                    },
                    {
                        "name": "tifffile",
                        "specs": [
                            [
                                ">=",
                                "0.13.5"
                            ]
                        ]
                    }
                ]
            },
            "description": null,
            "distribution_type": "conda",
            "download_url": "//api.anaconda.org/download/bioconda/imctools/1.0.4/noarch/imctools-1.0.4-py_0.tar.bz2",
            "full_name": "bioconda/imctools/1.0.4/noarch/imctools-1.0.4-py_0.tar.bz2",
            "labels": [
                "main"
            ],
            "md5": "15b32adaa1e7b2a68588a51ae085698d",
            "ndownloads": 23,
            "owner": "bioconda",
            "size": 49101,
            "type": "conda",
            "upload_time": "2019-11-21 17:41:39.252000+00:00",
            "version": "1.0.4"
        },
        {
            "attrs": {
                "arch": null,
                "build": "py_0",
                "build_number": 0,
                "depends": [
                    "numpy",
                    "pandas",
                    "python",
                    "scikit-image",
                    "scipy",
                    "tifffile >=0.13.5"
                ],
                "has_prefix": false,
                "license": "MIT",
                "machine": null,
                "noarch": "python",
                "operatingsystem": null,
                "platform": null,
                "subdir": "noarch",
                "target-triplet": "None-any-None",
                "timestamp": 1576667708530
            },
            "basename": "noarch/imctools-1.0.5-py_0.tar.bz2",
            "dependencies": {
                "depends": [
                    {
                        "name": "numpy",
                        "specs": []
                    },
                    {
                        "name": "pandas",
                        "specs": []
                    },
                    {
                        "name": "python",
                        "specs": []
                    },
                    {
                        "name": "scikit-image",
                        "specs": []
                    },
                    {
                        "name": "scipy",
                        "specs": []
                    },
                    {
                        "name": "tifffile",
                        "specs": [
                            [
                                ">=",
                                "0.13.5"
                            ]
                        ]
                    }
                ]
            },
            "description": null,
            "distribution_type": "conda",
            "download_url": "//api.anaconda.org/download/bioconda/imctools/1.0.5/noarch/imctools-1.0.5-py_0.tar.bz2",
            "full_name": "bioconda/imctools/1.0.5/noarch/imctools-1.0.5-py_0.tar.bz2",
            "labels": [
                "main"
            ],
            "md5": "cc3fd1c0144f27e816ad996909b2fa70",
            "ndownloads": 16,
            "owner": "bioconda",
            "size": 49097,
            "type": "conda",
            "upload_time": "2019-12-18 19:39:33.883000+00:00",
            "version": "1.0.5"
        },
        {
            "attrs": {
                "arch": null,
                "build": "py_0",
                "build_number": 0,
                "depends": [
                    "numpy",
                    "pandas",
                    "python",
                    "scikit-image",
                    "scipy",
                    "tifffile >=0.13.5"
                ],
                "has_prefix": false,
                "license": "MIT",
                "machine": null,
                "noarch": "python",
                "operatingsystem": null,
                "platform": null,
                "subdir": "noarch",
                "target-triplet": "None-any-None",
                "timestamp": 1580893915446
            },
            "basename": "noarch/imctools-1.0.6-py_0.tar.bz2",
            "dependencies": {
                "depends": [
                    {
                        "name": "numpy",
                        "specs": []
                    },
                    {
                        "name": "pandas",
                        "specs": []
                    },
                    {
                        "name": "python",
                        "specs": []
                    },
                    {
                        "name": "scikit-image",
                        "specs": []
                    },
                    {
                        "name": "scipy",
                        "specs": []
                    },
                    {
                        "name": "tifffile",
                        "specs": [
                            [
                                ">=",
                                "0.13.5"
                            ]
                        ]
                    }
                ]
            },
            "description": null,
            "distribution_type": "conda",
            "download_url": "//api.anaconda.org/download/bioconda/imctools/1.0.6/noarch/imctools-1.0.6-py_0.tar.bz2",
            "full_name": "bioconda/imctools/1.0.6/noarch/imctools-1.0.6-py_0.tar.bz2",
            "labels": [
                "main"
            ],
            "md5": "0b3ae27c132d68baf39d969b57638ef5",
            "ndownloads": 12,
            "owner": "bioconda",
            "size": 49231,
            "type": "conda",
            "upload_time": "2020-02-05 22:32:21.729000+00:00",
            "version": "1.0.6"
        },
        {
            "attrs": {
                "arch": null,
                "build": "py_0",
                "build_number": 0,
                "depends": [
                    "numpy",
                    "pandas",
                    "python",
                    "scikit-image",
                    "scipy",
                    "tifffile >=0.13.5"
                ],
                "has_prefix": false,
                "license": "MIT",
                "machine": null,
                "noarch": "python",
                "operatingsystem": null,
                "platform": null,
                "subdir": "noarch",
                "target-triplet": "None-any-None",
                "timestamp": 1584641702841
            },
            "basename": "noarch/imctools-1.0.7-py_0.tar.bz2",
            "dependencies": {
                "depends": [
                    {
                        "name": "numpy",
                        "specs": []
                    },
                    {
                        "name": "pandas",
                        "specs": []
                    },
                    {
                        "name": "python",
                        "specs": []
                    },
                    {
                        "name": "scikit-image",
                        "specs": []
                    },
                    {
                        "name": "scipy",
                        "specs": []
                    },
                    {
                        "name": "tifffile",
                        "specs": [
                            [
                                ">=",
                                "0.13.5"
                            ]
                        ]
                    }
                ]
            },
            "description": null,
            "distribution_type": "conda",
            "download_url": "//api.anaconda.org/download/bioconda/imctools/1.0.7/noarch/imctools-1.0.7-py_0.tar.bz2",
            "full_name": "bioconda/imctools/1.0.7/noarch/imctools-1.0.7-py_0.tar.bz2",
            "labels": [
                "main"
            ],
            "md5": "e04d32bf9a0a0651418198f202ddb464",
            "ndownloads": 10,
            "owner": "bioconda",
            "size": 49380,
            "type": "conda",
            "upload_time": "2020-03-20 02:49:06.563000+00:00",
            "version": "1.0.7"
        }
    ],
    "full_name": "bioconda/imctools",
    "home": "https://github.com/BodenmillerGroup/imctools",
    "html_url": "http://anaconda.org/bioconda/imctools",
    "id": "5c5225c337f33915bfa33e64",
    "latest_version": "1.0.7",
    "license": "MIT",
    "license_url": null,
    "modified_at": "2020-03-20 02:49:07.011000+00:00",
    "name": "imctools",
    "owner": {
        "company": "",
        "created_at": "2015-09-11 22:59:20.880000+00:00",
        "description": "Bioconda is a distribution of bioinformatics software realized as a channel for the versatile Conda package manager.",
        "location": "",
        "login": "bioconda",
        "name": "bioconda",
        "url": "",
        "user_type": "org"
    },
    "package_types": [
        "conda"
    ],
    "public": true,
    "releases": [
        {
            "distributions": [],
            "full_name": "bioconda/imctools/0.2",
            "version": "0.2"
        },
        {
            "distributions": [],
            "full_name": "bioconda/imctools/1.0.1",
            "version": "1.0.1"
        },
        {
            "distributions": [],
            "full_name": "bioconda/imctools/1.0.3",
            "version": "1.0.3"
        },
        {
            "distributions": [],
            "full_name": "bioconda/imctools/1.0.4",
            "version": "1.0.4"
        },
        {
            "distributions": [],
            "full_name": "bioconda/imctools/1.0.5",
            "version": "1.0.5"
        },
        {
            "distributions": [],
            "full_name": "bioconda/imctools/1.0.6",
            "version": "1.0.6"
        },
        {
            "distributions": [],
            "full_name": "bioconda/imctools/1.0.7",
            "version": "1.0.7"
        }
    ],
    "revision": 14,
    "source_git_tag": null,
    "source_git_url": null,
    "summary": "An Image Mass Cytometry (IMC) file conversion tool that aims to convert IMC rawfiles (.mcd, .txt) into an intermediary ome.tiff, containing all the relevant metadata. Further it contains tools to generate simpler tiff files that can be directly be used as input files for e.g. CellProfiller, Ilastik, Fiji etc",
    "upvoted": 0,
    "url": "http://api.anaconda.org/packages/bioconda/imctools",
    "versions": [
        "0.2",
        "1.0.1",
        "1.0.3",
        "1.0.4",
        "1.0.5",
        "1.0.6",
        "1.0.7"
    ],
    "watchers": 1
}