{
    "app_entry": {},
    "app_summary": {},
    "app_type": {},
    "builds": [
        "1",
        "0"
    ],
    "conda_platforms": [
        "linux-64",
        "noarch",
        "osx-64"
    ],
    "created_at": "2017-08-02 11:45:45.655000+00:00",
    "description": "",
    "dev_url": null,
    "doc_url": null,
    "files": [
        {
            "attrs": {
                "arch": "x86_64",
                "build": "0",
                "build_number": 0,
                "depends": [
                    "openjdk >=8"
                ],
                "has_prefix": true,
                "license": "MIT License",
                "license_family": "MIT",
                "machine": "x86_64",
                "operatingsystem": "darwin",
                "platform": "osx",
                "subdir": "osx-64",
                "target-triplet": "x86_64-any-darwin"
            },
            "basename": "osx-64/je-suite-2.0.RC-0.tar.bz2",
            "dependencies": {
                "depends": [
                    {
                        "name": "openjdk",
                        "specs": [
                            [
                                ">=",
                                "8"
                            ]
                        ]
                    }
                ]
            },
            "description": null,
            "distribution_type": "conda",
            "download_url": "//api.anaconda.org/download/bioconda/je-suite/2.0.RC/osx-64/je-suite-2.0.RC-0.tar.bz2",
            "full_name": "bioconda/je-suite/2.0.RC/osx-64/je-suite-2.0.RC-0.tar.bz2",
            "labels": [
                "main",
                "cf201901"
            ],
            "md5": "b3bb4dce7c0a198fb9d72c7428f5b06b",
            "ndownloads": 771,
            "owner": "bioconda",
            "size": 31483715,
            "type": "conda",
            "upload_time": "2018-03-28 16:56:19.638000+00:00",
            "version": "2.0.RC"
        },
        {
            "attrs": {
                "arch": null,
                "build": "1",
                "build_number": 1,
                "depends": [
                    "openjdk >=7"
                ],
                "has_prefix": false,
                "license": "MIT License",
                "license_family": "MIT",
                "machine": null,
                "noarch": "generic",
                "operatingsystem": null,
                "platform": null,
                "subdir": "noarch",
                "target-triplet": "None-any-None",
                "timestamp": 1531395052686
            },
            "basename": "noarch/je-suite-1.2-1.tar.bz2",
            "dependencies": {
                "depends": [
                    {
                        "name": "openjdk",
                        "specs": [
                            [
                                ">=",
                                "7"
                            ]
                        ]
                    }
                ]
            },
            "description": null,
            "distribution_type": "conda",
            "download_url": "//api.anaconda.org/download/bioconda/je-suite/1.2/noarch/je-suite-1.2-1.tar.bz2",
            "full_name": "bioconda/je-suite/1.2/noarch/je-suite-1.2-1.tar.bz2",
            "labels": [
                "main",
                "cf201901"
            ],
            "md5": "5c8dbb5cc086b51d7bfea1a94a98729f",
            "ndownloads": 148,
            "owner": "bioconda",
            "size": 10050809,
            "type": "conda",
            "upload_time": "2018-07-12 11:32:27.016000+00:00",
            "version": "1.2"
        },
        {
            "attrs": {
                "arch": "x86_64",
                "build": "0",
                "build_number": 0,
                "depends": [
                    "openjdk >=8"
                ],
                "has_prefix": true,
                "license": "MIT License",
                "license_family": "MIT",
                "machine": "x86_64",
                "operatingsystem": "linux",
                "platform": "linux",
                "subdir": "linux-64",
                "target-triplet": "x86_64-any-linux"
            },
            "basename": "linux-64/je-suite-2.0.RC-0.tar.bz2",
            "dependencies": {
                "depends": [
                    {
                        "name": "openjdk",
                        "specs": [
                            [
                                ">=",
                                "8"
                            ]
                        ]
                    }
                ]
            },
            "description": null,
            "distribution_type": "conda",
            "download_url": "//api.anaconda.org/download/bioconda/je-suite/2.0.RC/linux-64/je-suite-2.0.RC-0.tar.bz2",
            "full_name": "bioconda/je-suite/2.0.RC/linux-64/je-suite-2.0.RC-0.tar.bz2",
            "labels": [
                "main",
                "cf201901"
            ],
            "md5": "fff1c5ff77e6a607044df8bd6f5053f9",
            "ndownloads": 745,
            "owner": "bioconda",
            "size": 31483074,
            "type": "conda",
            "upload_time": "2018-03-28 16:59:51.331000+00:00",
            "version": "2.0.RC"
        },
        {
            "attrs": {
                "arch": "x86_64",
                "build": "0",
                "build_number": 0,
                "depends": [
                    "openjdk >=7"
                ],
                "has_prefix": true,
                "license": "MIT License",
                "license_family": "MIT",
                "machine": "x86_64",
                "operatingsystem": "darwin",
                "platform": "osx",
                "subdir": "osx-64",
                "target-triplet": "x86_64-any-darwin"
            },
            "basename": "osx-64/je-suite-1.2-0.tar.bz2",
            "dependencies": {
                "depends": [
                    {
                        "name": "openjdk",
                        "specs": [
                            [
                                ">=",
                                "7"
                            ]
                        ]
                    }
                ]
            },
            "description": null,
            "distribution_type": "conda",
            "download_url": "//api.anaconda.org/download/bioconda/je-suite/1.2/osx-64/je-suite-1.2-0.tar.bz2",
            "full_name": "bioconda/je-suite/1.2/osx-64/je-suite-1.2-0.tar.bz2",
            "labels": [
                "main",
                "cf201901"
            ],
            "md5": "90394d0e22c65eb1c8bcf1ac8f7f9f7f",
            "ndownloads": 801,
            "owner": "bioconda",
            "size": 10047280,
            "type": "conda",
            "upload_time": "2017-08-02 11:45:46.075000+00:00",
            "version": "1.2"
        },
        {
            "attrs": {
                "arch": "x86_64",
                "build": "0",
                "build_number": 0,
                "depends": [
                    "openjdk >=7"
                ],
                "has_prefix": true,
                "license": "MIT License",
                "license_family": "MIT",
                "machine": "x86_64",
                "operatingsystem": "linux",
                "platform": "linux",
                "subdir": "linux-64",
                "target-triplet": "x86_64-any-linux"
            },
            "basename": "linux-64/je-suite-1.2-0.tar.bz2",
            "dependencies": {
                "depends": [
                    {
                        "name": "openjdk",
                        "specs": [
                            [
                                ">=",
                                "7"
                            ]
                        ]
                    }
                ]
            },
            "description": null,
            "distribution_type": "conda",
            "download_url": "//api.anaconda.org/download/bioconda/je-suite/1.2/linux-64/je-suite-1.2-0.tar.bz2",
            "full_name": "bioconda/je-suite/1.2/linux-64/je-suite-1.2-0.tar.bz2",
            "labels": [
                "main",
                "cf201901"
            ],
            "md5": "a45040bde9a7496c7c84cfc6253916a0",
            "ndownloads": 646,
            "owner": "bioconda",
            "size": 10048372,
            "type": "conda",
            "upload_time": "2017-08-02 11:55:21.058000+00:00",
            "version": "1.2"
        }
    ],
    "full_name": "bioconda/je-suite",
    "home": "https://gbcs.embl.de/Je",
    "html_url": "http://anaconda.org/bioconda/je-suite",
    "id": "5981bb6939abc9076c4388dd",
    "latest_version": "2.0.RC",
    "license": "MIT License",
    "license_url": null,
    "modified_at": "2018-07-12 11:32:27.836000+00:00",
    "name": "je-suite",
    "owner": {
        "company": "",
        "created_at": "2015-09-11 22:59:20.880000+00:00",
        "description": "Bioconda is a distribution of bioinformatics software realized as a channel for the versatile Conda package manager.",
        "location": "",
        "login": "bioconda",
        "name": "bioconda",
        "url": "",
        "user_type": "org"
    },
    "package_types": [
        "conda"
    ],
    "public": true,
    "releases": [
        {
            "distributions": [],
            "full_name": "bioconda/je-suite/1.2",
            "version": "1.2"
        },
        {
            "distributions": [],
            "full_name": "bioconda/je-suite/2.0.RC",
            "version": "2.0.RC"
        }
    ],
    "revision": 4,
    "source_git_tag": null,
    "source_git_url": null,
    "summary": "Je is a suite to handle barcoded fastq files with (or without) Unique Molecule Identifiers (UMIs) and filter\nread duplicates using these UMIs\n",
    "upvoted": 0,
    "url": "http://api.anaconda.org/packages/bioconda/je-suite",
    "versions": [
        "1.2",
        "2.0.RC"
    ],
    "watchers": 1
}