{
    "app_entry": {},
    "app_summary": {},
    "app_type": {},
    "builds": [
        "py34_0",
        "py36_0",
        "py27_0",
        "py_1",
        "py_2",
        "py35_0"
    ],
    "conda_platforms": [
        "linux-64",
        "noarch",
        "osx-64"
    ],
    "created_at": "2016-12-08 11:49:34.473000+00:00",
    "description": "None",
    "dev_url": {},
    "doc_url": {},
    "files": [
        {
            "attrs": {
                "arch": "x86_64",
                "build": "py27_0",
                "build_number": 0,
                "depends": [
                    "biopython",
                    "future",
                    "h5py >=2.1",
                    "python 2.7*",
                    "semantic_version"
                ],
                "has_prefix": true,
                "license": "MIT License",
                "machine": "x86_64",
                "operatingsystem": "darwin",
                "platform": "osx",
                "subdir": "osx-64",
                "target-triplet": "x86_64-any-darwin"
            },
            "basename": "osx-64/kpal-2.1.1-py27_0.tar.bz2",
            "dependencies": {
                "depends": [
                    {
                        "name": "biopython",
                        "specs": []
                    },
                    {
                        "name": "future",
                        "specs": []
                    },
                    {
                        "name": "h5py",
                        "specs": [
                            [
                                ">=",
                                "2.1"
                            ]
                        ]
                    },
                    {
                        "name": "python",
                        "specs": [
                            [
                                "==",
                                "2.7"
                            ]
                        ]
                    },
                    {
                        "name": "semantic_version",
                        "specs": []
                    }
                ]
            },
            "description": null,
            "distribution_type": "conda",
            "download_url": "//api.anaconda.org/download/bioconda/kpal/2.1.1/osx-64/kpal-2.1.1-py27_0.tar.bz2",
            "full_name": "bioconda/kpal/2.1.1/osx-64/kpal-2.1.1-py27_0.tar.bz2",
            "labels": [
                "main",
                "cf201901"
            ],
            "md5": "4a8450c701d5a2a36a07495d51110341",
            "ndownloads": 266,
            "owner": "bioconda",
            "size": 45082,
            "type": "conda",
            "upload_time": "2016-12-08 11:49:34.776000+00:00",
            "version": "2.1.1"
        },
        {
            "attrs": {
                "arch": "x86_64",
                "build": "py35_0",
                "build_number": 0,
                "depends": [
                    "biopython",
                    "future",
                    "h5py >=2.1",
                    "python 3.5*",
                    "semantic_version"
                ],
                "has_prefix": true,
                "license": "MIT License",
                "machine": "x86_64",
                "operatingsystem": "darwin",
                "platform": "osx",
                "subdir": "osx-64",
                "target-triplet": "x86_64-any-darwin"
            },
            "basename": "osx-64/kpal-2.1.1-py35_0.tar.bz2",
            "dependencies": {
                "depends": [
                    {
                        "name": "biopython",
                        "specs": []
                    },
                    {
                        "name": "future",
                        "specs": []
                    },
                    {
                        "name": "h5py",
                        "specs": [
                            [
                                ">=",
                                "2.1"
                            ]
                        ]
                    },
                    {
                        "name": "python",
                        "specs": [
                            [
                                "==",
                                "3.5"
                            ]
                        ]
                    },
                    {
                        "name": "semantic_version",
                        "specs": []
                    }
                ]
            },
            "description": null,
            "distribution_type": "conda",
            "download_url": "//api.anaconda.org/download/bioconda/kpal/2.1.1/osx-64/kpal-2.1.1-py35_0.tar.bz2",
            "full_name": "bioconda/kpal/2.1.1/osx-64/kpal-2.1.1-py35_0.tar.bz2",
            "labels": [
                "main",
                "cf201901"
            ],
            "md5": "6208ca652dd35d965d27c7d35eaa3230",
            "ndownloads": 31,
            "owner": "bioconda",
            "size": 45285,
            "type": "conda",
            "upload_time": "2016-12-08 11:49:37.481000+00:00",
            "version": "2.1.1"
        },
        {
            "attrs": {
                "arch": "x86_64",
                "build": "py34_0",
                "build_number": 0,
                "depends": [
                    "biopython",
                    "future",
                    "h5py >=2.1",
                    "python 3.4*",
                    "semantic_version"
                ],
                "has_prefix": true,
                "license": "MIT License",
                "machine": "x86_64",
                "operatingsystem": "darwin",
                "platform": "osx",
                "subdir": "osx-64",
                "target-triplet": "x86_64-any-darwin"
            },
            "basename": "osx-64/kpal-2.1.1-py34_0.tar.bz2",
            "dependencies": {
                "depends": [
                    {
                        "name": "biopython",
                        "specs": []
                    },
                    {
                        "name": "future",
                        "specs": []
                    },
                    {
                        "name": "h5py",
                        "specs": [
                            [
                                ">=",
                                "2.1"
                            ]
                        ]
                    },
                    {
                        "name": "python",
                        "specs": [
                            [
                                "==",
                                "3.4"
                            ]
                        ]
                    },
                    {
                        "name": "semantic_version",
                        "specs": []
                    }
                ]
            },
            "description": null,
            "distribution_type": "conda",
            "download_url": "//api.anaconda.org/download/bioconda/kpal/2.1.1/osx-64/kpal-2.1.1-py34_0.tar.bz2",
            "full_name": "bioconda/kpal/2.1.1/osx-64/kpal-2.1.1-py34_0.tar.bz2",
            "labels": [
                "main",
                "cf201901"
            ],
            "md5": "687fbf7041b31ccd7af0dad2d1b1fbbf",
            "ndownloads": 30,
            "owner": "bioconda",
            "size": 45337,
            "type": "conda",
            "upload_time": "2016-12-08 11:49:39.266000+00:00",
            "version": "2.1.1"
        },
        {
            "attrs": {
                "arch": "x86_64",
                "build": "py35_0",
                "build_number": 0,
                "depends": [
                    "biopython",
                    "future",
                    "h5py >=2.1",
                    "python 3.5*",
                    "semantic_version"
                ],
                "has_prefix": true,
                "license": "MIT License",
                "machine": "x86_64",
                "operatingsystem": "linux",
                "platform": "linux",
                "subdir": "linux-64",
                "target-triplet": "x86_64-any-linux"
            },
            "basename": "linux-64/kpal-2.1.1-py35_0.tar.bz2",
            "dependencies": {
                "depends": [
                    {
                        "name": "biopython",
                        "specs": []
                    },
                    {
                        "name": "future",
                        "specs": []
                    },
                    {
                        "name": "h5py",
                        "specs": [
                            [
                                ">=",
                                "2.1"
                            ]
                        ]
                    },
                    {
                        "name": "python",
                        "specs": [
                            [
                                "==",
                                "3.5"
                            ]
                        ]
                    },
                    {
                        "name": "semantic_version",
                        "specs": []
                    }
                ]
            },
            "description": null,
            "distribution_type": "conda",
            "download_url": "//api.anaconda.org/download/bioconda/kpal/2.1.1/linux-64/kpal-2.1.1-py35_0.tar.bz2",
            "full_name": "bioconda/kpal/2.1.1/linux-64/kpal-2.1.1-py35_0.tar.bz2",
            "labels": [
                "main",
                "cf201901"
            ],
            "md5": "e50c7e2c58171741119ec9bba81b0c7d",
            "ndownloads": 361,
            "owner": "bioconda",
            "size": 45521,
            "type": "conda",
            "upload_time": "2016-12-08 11:57:15.420000+00:00",
            "version": "2.1.1"
        },
        {
            "attrs": {
                "arch": "x86_64",
                "build": "py34_0",
                "build_number": 0,
                "depends": [
                    "biopython",
                    "future",
                    "h5py >=2.1",
                    "python 3.4*",
                    "semantic_version"
                ],
                "has_prefix": true,
                "license": "MIT License",
                "machine": "x86_64",
                "operatingsystem": "linux",
                "platform": "linux",
                "subdir": "linux-64",
                "target-triplet": "x86_64-any-linux"
            },
            "basename": "linux-64/kpal-2.1.1-py34_0.tar.bz2",
            "dependencies": {
                "depends": [
                    {
                        "name": "biopython",
                        "specs": []
                    },
                    {
                        "name": "future",
                        "specs": []
                    },
                    {
                        "name": "h5py",
                        "specs": [
                            [
                                ">=",
                                "2.1"
                            ]
                        ]
                    },
                    {
                        "name": "python",
                        "specs": [
                            [
                                "==",
                                "3.4"
                            ]
                        ]
                    },
                    {
                        "name": "semantic_version",
                        "specs": []
                    }
                ]
            },
            "description": null,
            "distribution_type": "conda",
            "download_url": "//api.anaconda.org/download/bioconda/kpal/2.1.1/linux-64/kpal-2.1.1-py34_0.tar.bz2",
            "full_name": "bioconda/kpal/2.1.1/linux-64/kpal-2.1.1-py34_0.tar.bz2",
            "labels": [
                "main",
                "cf201901"
            ],
            "md5": "f09f728e766c4e99870cb90aae5a054a",
            "ndownloads": 349,
            "owner": "bioconda",
            "size": 45580,
            "type": "conda",
            "upload_time": "2016-12-08 11:57:17.065000+00:00",
            "version": "2.1.1"
        },
        {
            "attrs": {
                "arch": "x86_64",
                "build": "py27_0",
                "build_number": 0,
                "depends": [
                    "biopython",
                    "future",
                    "h5py >=2.1",
                    "python 2.7*",
                    "semantic_version"
                ],
                "has_prefix": true,
                "license": "MIT License",
                "machine": "x86_64",
                "operatingsystem": "linux",
                "platform": "linux",
                "subdir": "linux-64",
                "target-triplet": "x86_64-any-linux"
            },
            "basename": "linux-64/kpal-2.1.1-py27_0.tar.bz2",
            "dependencies": {
                "depends": [
                    {
                        "name": "biopython",
                        "specs": []
                    },
                    {
                        "name": "future",
                        "specs": []
                    },
                    {
                        "name": "h5py",
                        "specs": [
                            [
                                ">=",
                                "2.1"
                            ]
                        ]
                    },
                    {
                        "name": "python",
                        "specs": [
                            [
                                "==",
                                "2.7"
                            ]
                        ]
                    },
                    {
                        "name": "semantic_version",
                        "specs": []
                    }
                ]
            },
            "description": null,
            "distribution_type": "conda",
            "download_url": "//api.anaconda.org/download/bioconda/kpal/2.1.1/linux-64/kpal-2.1.1-py27_0.tar.bz2",
            "full_name": "bioconda/kpal/2.1.1/linux-64/kpal-2.1.1-py27_0.tar.bz2",
            "labels": [
                "main",
                "cf201901"
            ],
            "md5": "c01b9dd8a426176a29e829fe67bff303",
            "ndownloads": 572,
            "owner": "bioconda",
            "size": 45337,
            "type": "conda",
            "upload_time": "2016-12-08 11:57:20.462000+00:00",
            "version": "2.1.1"
        },
        {
            "attrs": {
                "arch": "x86_64",
                "build": "py36_0",
                "build_number": 0,
                "depends": [
                    "biopython",
                    "future",
                    "h5py >=2.1",
                    "python 3.6*",
                    "semantic_version"
                ],
                "has_prefix": true,
                "license": "MIT License",
                "machine": "x86_64",
                "operatingsystem": "linux",
                "platform": "linux",
                "subdir": "linux-64",
                "target-triplet": "x86_64-any-linux"
            },
            "basename": "linux-64/kpal-2.1.1-py36_0.tar.bz2",
            "dependencies": {
                "depends": [
                    {
                        "name": "biopython",
                        "specs": []
                    },
                    {
                        "name": "future",
                        "specs": []
                    },
                    {
                        "name": "h5py",
                        "specs": [
                            [
                                ">=",
                                "2.1"
                            ]
                        ]
                    },
                    {
                        "name": "python",
                        "specs": [
                            [
                                "==",
                                "3.6"
                            ]
                        ]
                    },
                    {
                        "name": "semantic_version",
                        "specs": []
                    }
                ]
            },
            "description": null,
            "distribution_type": "conda",
            "download_url": "//api.anaconda.org/download/bioconda/kpal/2.1.1/linux-64/kpal-2.1.1-py36_0.tar.bz2",
            "full_name": "bioconda/kpal/2.1.1/linux-64/kpal-2.1.1-py36_0.tar.bz2",
            "labels": [
                "main",
                "cf201901"
            ],
            "md5": "1a2e1f5af519b0ecf369639758fa1377",
            "ndownloads": 381,
            "owner": "bioconda",
            "size": 45267,
            "type": "conda",
            "upload_time": "2017-05-09 15:09:21.357000+00:00",
            "version": "2.1.1"
        },
        {
            "attrs": {
                "arch": "x86_64",
                "build": "py36_0",
                "build_number": 0,
                "depends": [
                    "biopython",
                    "future",
                    "h5py >=2.1",
                    "python 3.6*",
                    "semantic_version"
                ],
                "has_prefix": true,
                "license": "MIT License",
                "machine": "x86_64",
                "operatingsystem": "darwin",
                "platform": "osx",
                "subdir": "osx-64",
                "target-triplet": "x86_64-any-darwin"
            },
            "basename": "osx-64/kpal-2.1.1-py36_0.tar.bz2",
            "dependencies": {
                "depends": [
                    {
                        "name": "biopython",
                        "specs": []
                    },
                    {
                        "name": "future",
                        "specs": []
                    },
                    {
                        "name": "h5py",
                        "specs": [
                            [
                                ">=",
                                "2.1"
                            ]
                        ]
                    },
                    {
                        "name": "python",
                        "specs": [
                            [
                                "==",
                                "3.6"
                            ]
                        ]
                    },
                    {
                        "name": "semantic_version",
                        "specs": []
                    }
                ]
            },
            "description": null,
            "distribution_type": "conda",
            "download_url": "//api.anaconda.org/download/bioconda/kpal/2.1.1/osx-64/kpal-2.1.1-py36_0.tar.bz2",
            "full_name": "bioconda/kpal/2.1.1/osx-64/kpal-2.1.1-py36_0.tar.bz2",
            "labels": [
                "main",
                "cf201901"
            ],
            "md5": "9e83fe3eb002a0812110a1f501cda626",
            "ndownloads": 548,
            "owner": "bioconda",
            "size": 44634,
            "type": "conda",
            "upload_time": "2017-05-09 15:18:04.206000+00:00",
            "version": "2.1.1"
        },
        {
            "attrs": {
                "arch": null,
                "build": "py_1",
                "build_number": 1,
                "depends": [
                    "biopython",
                    "future",
                    "h5py >=2.1",
                    "python",
                    "semantic_version"
                ],
                "has_prefix": false,
                "license": "MIT License",
                "machine": null,
                "noarch": "python",
                "operatingsystem": null,
                "platform": null,
                "subdir": "noarch",
                "target-triplet": "None-any-None",
                "timestamp": 1531446728770
            },
            "basename": "noarch/kpal-2.1.1-py_1.tar.bz2",
            "dependencies": {
                "depends": [
                    {
                        "name": "biopython",
                        "specs": []
                    },
                    {
                        "name": "future",
                        "specs": []
                    },
                    {
                        "name": "h5py",
                        "specs": [
                            [
                                ">=",
                                "2.1"
                            ]
                        ]
                    },
                    {
                        "name": "python",
                        "specs": []
                    },
                    {
                        "name": "semantic_version",
                        "specs": []
                    }
                ]
            },
            "description": null,
            "distribution_type": "conda",
            "download_url": "//api.anaconda.org/download/bioconda/kpal/2.1.1/noarch/kpal-2.1.1-py_1.tar.bz2",
            "full_name": "bioconda/kpal/2.1.1/noarch/kpal-2.1.1-py_1.tar.bz2",
            "labels": [
                "main",
                "cf201901"
            ],
            "md5": "84c5ec60992a2e80b0a744afb272f80d",
            "ndownloads": 116,
            "owner": "bioconda",
            "size": 19613,
            "type": "conda",
            "upload_time": "2018-07-13 01:56:09.587000+00:00",
            "version": "2.1.1"
        },
        {
            "attrs": {
                "arch": null,
                "build": "py_2",
                "build_number": 2,
                "depends": [
                    "biopython",
                    "future",
                    "h5py >=2.1",
                    "python",
                    "semantic_version"
                ],
                "has_prefix": false,
                "license": "MIT License",
                "machine": null,
                "noarch": "python",
                "operatingsystem": null,
                "platform": null,
                "subdir": "noarch",
                "target-triplet": "None-any-None",
                "timestamp": 1572096826342
            },
            "basename": "noarch/kpal-2.1.1-py_2.tar.bz2",
            "dependencies": {
                "depends": [
                    {
                        "name": "biopython",
                        "specs": []
                    },
                    {
                        "name": "future",
                        "specs": []
                    },
                    {
                        "name": "h5py",
                        "specs": [
                            [
                                ">=",
                                "2.1"
                            ]
                        ]
                    },
                    {
                        "name": "python",
                        "specs": []
                    },
                    {
                        "name": "semantic_version",
                        "specs": []
                    }
                ]
            },
            "description": null,
            "distribution_type": "conda",
            "download_url": "//api.anaconda.org/download/bioconda/kpal/2.1.1/noarch/kpal-2.1.1-py_2.tar.bz2",
            "full_name": "bioconda/kpal/2.1.1/noarch/kpal-2.1.1-py_2.tar.bz2",
            "labels": [
                "main"
            ],
            "md5": "d9b25d40df7cc724232d535657fe72f3",
            "ndownloads": 20,
            "owner": "bioconda",
            "size": 22322,
            "type": "conda",
            "upload_time": "2019-10-26 13:37:38.882000+00:00",
            "version": "2.1.1"
        }
    ],
    "full_name": "bioconda/kpal",
    "home": "None",
    "html_url": "http://anaconda.org/bioconda/kpal",
    "id": "584948ce2ab33e0fe74fbde0",
    "latest_version": "2.1.1",
    "license": {},
    "license_url": {},
    "modified_at": "2019-10-26 13:37:39.193000+00:00",
    "name": "kpal",
    "owner": {
        "company": "",
        "created_at": "2015-09-11 22:59:20.880000+00:00",
        "description": "Bioconda is a distribution of bioinformatics software realized as a channel for the versatile Conda package manager.",
        "location": "",
        "login": "bioconda",
        "name": "bioconda",
        "url": "",
        "user_type": "org"
    },
    "package_types": [
        "conda"
    ],
    "public": true,
    "releases": [
        {
            "distributions": [],
            "full_name": "bioconda/kpal/2.1.1",
            "version": "2.1.1"
        }
    ],
    "revision": 1,
    "source_git_tag": {},
    "source_git_url": {},
    "summary": "",
    "upvoted": 0,
    "url": "http://api.anaconda.org/packages/bioconda/kpal",
    "versions": [
        "2.1.1"
    ],
    "watchers": 1
}