{
    "app_entry": {},
    "app_summary": {},
    "app_type": {},
    "builds": [
        "pl5.22.0_0",
        "pl5.22.0_1",
        "pl526ha92aebf_1"
    ],
    "conda_platforms": [
        "linux-64",
        "osx-64"
    ],
    "created_at": "2018-02-12 07:29:00.964000+00:00",
    "description": "",
    "dev_url": null,
    "doc_url": null,
    "files": [
        {
            "attrs": {
                "arch": "x86_64",
                "build": "pl5.22.0_0",
                "build_number": 0,
                "depends": [
                    "jellyfish 1.*",
                    "libgcc",
                    "perl 5.22.0*",
                    "zlib 1.2.8*"
                ],
                "has_prefix": true,
                "license": "GPLv3",
                "machine": "x86_64",
                "operatingsystem": "linux",
                "platform": "linux",
                "subdir": "linux-64",
                "target-triplet": "x86_64-any-linux"
            },
            "basename": "linux-64/krakenhll-0.3.2-pl5.22.0_0.tar.bz2",
            "dependencies": {
                "depends": [
                    {
                        "name": "jellyfish",
                        "specs": [
                            [
                                "==",
                                "1."
                            ]
                        ]
                    },
                    {
                        "name": "libgcc",
                        "specs": []
                    },
                    {
                        "name": "perl",
                        "specs": [
                            [
                                "==",
                                "5.22.0"
                            ]
                        ]
                    },
                    {
                        "name": "zlib",
                        "specs": [
                            [
                                "==",
                                "1.2.8"
                            ]
                        ]
                    }
                ]
            },
            "description": null,
            "distribution_type": "conda",
            "download_url": "//api.anaconda.org/download/bioconda/krakenhll/0.3.2/linux-64/krakenhll-0.3.2-pl5.22.0_0.tar.bz2",
            "full_name": "bioconda/krakenhll/0.3.2/linux-64/krakenhll-0.3.2-pl5.22.0_0.tar.bz2",
            "labels": [
                "main",
                "cf201901"
            ],
            "md5": "5d92ea74d52351081843e383d76e5c75",
            "ndownloads": 290,
            "owner": "bioconda",
            "size": 252390,
            "type": "conda",
            "upload_time": "2018-02-12 07:32:03.992000+00:00",
            "version": "0.3.2"
        },
        {
            "attrs": {
                "arch": "x86_64",
                "build": "pl5.22.0_0",
                "build_number": 0,
                "depends": [
                    "jellyfish 1.*",
                    "libgcc",
                    "perl 5.22.0*",
                    "perl-libwww-perl",
                    "perl-lwp-protocol-https",
                    "zlib 1.2.11*"
                ],
                "has_prefix": true,
                "license": "GPLv3",
                "machine": "x86_64",
                "operatingsystem": "darwin",
                "platform": "osx",
                "subdir": "osx-64",
                "target-triplet": "x86_64-any-darwin"
            },
            "basename": "osx-64/krakenhll-0.4.0-pl5.22.0_0.tar.bz2",
            "dependencies": {
                "depends": [
                    {
                        "name": "jellyfish",
                        "specs": [
                            [
                                "==",
                                "1."
                            ]
                        ]
                    },
                    {
                        "name": "libgcc",
                        "specs": []
                    },
                    {
                        "name": "perl",
                        "specs": [
                            [
                                "==",
                                "5.22.0"
                            ]
                        ]
                    },
                    {
                        "name": "perl-libwww-perl",
                        "specs": []
                    },
                    {
                        "name": "perl-lwp-protocol-https",
                        "specs": []
                    },
                    {
                        "name": "zlib",
                        "specs": [
                            [
                                "==",
                                "1.2.11"
                            ]
                        ]
                    }
                ]
            },
            "description": null,
            "distribution_type": "conda",
            "download_url": "//api.anaconda.org/download/bioconda/krakenhll/0.4.0/osx-64/krakenhll-0.4.0-pl5.22.0_0.tar.bz2",
            "full_name": "bioconda/krakenhll/0.4.0/osx-64/krakenhll-0.4.0-pl5.22.0_0.tar.bz2",
            "labels": [
                "main",
                "cf201901"
            ],
            "md5": "06733041badf8c8e10a4f6a1e36cfe2a",
            "ndownloads": 737,
            "owner": "bioconda",
            "size": 262896,
            "type": "conda",
            "upload_time": "2018-03-19 21:26:56.640000+00:00",
            "version": "0.4.0"
        },
        {
            "attrs": {
                "arch": "x86_64",
                "build": "pl5.22.0_0",
                "build_number": 0,
                "depends": [
                    "jellyfish 1.*",
                    "libgcc",
                    "perl 5.22.0*",
                    "zlib 1.2.8*"
                ],
                "has_prefix": true,
                "license": "GPLv3",
                "machine": "x86_64",
                "operatingsystem": "darwin",
                "platform": "osx",
                "subdir": "osx-64",
                "target-triplet": "x86_64-any-darwin"
            },
            "basename": "osx-64/krakenhll-0.3.2-pl5.22.0_0.tar.bz2",
            "dependencies": {
                "depends": [
                    {
                        "name": "jellyfish",
                        "specs": [
                            [
                                "==",
                                "1."
                            ]
                        ]
                    },
                    {
                        "name": "libgcc",
                        "specs": []
                    },
                    {
                        "name": "perl",
                        "specs": [
                            [
                                "==",
                                "5.22.0"
                            ]
                        ]
                    },
                    {
                        "name": "zlib",
                        "specs": [
                            [
                                "==",
                                "1.2.8"
                            ]
                        ]
                    }
                ]
            },
            "description": null,
            "distribution_type": "conda",
            "download_url": "//api.anaconda.org/download/bioconda/krakenhll/0.3.2/osx-64/krakenhll-0.3.2-pl5.22.0_0.tar.bz2",
            "full_name": "bioconda/krakenhll/0.3.2/osx-64/krakenhll-0.3.2-pl5.22.0_0.tar.bz2",
            "labels": [
                "main",
                "cf201901"
            ],
            "md5": "7ce02ad50e50ed2b88c6e36a5dd1863f",
            "ndownloads": 736,
            "owner": "bioconda",
            "size": 260223,
            "type": "conda",
            "upload_time": "2018-02-12 07:29:01.490000+00:00",
            "version": "0.3.2"
        },
        {
            "attrs": {
                "arch": "x86_64",
                "build": "pl5.22.0_0",
                "build_number": 0,
                "depends": [
                    "jellyfish 1.*",
                    "libgcc",
                    "perl 5.22.0*",
                    "perl-libwww-perl",
                    "perl-lwp-protocol-https",
                    "zlib 1.2.11*"
                ],
                "has_prefix": true,
                "license": "GPLv3",
                "machine": "x86_64",
                "operatingsystem": "darwin",
                "platform": "osx",
                "subdir": "osx-64",
                "target-triplet": "x86_64-any-darwin"
            },
            "basename": "osx-64/krakenhll-0.4.0_beta-pl5.22.0_0.tar.bz2",
            "dependencies": {
                "depends": [
                    {
                        "name": "jellyfish",
                        "specs": [
                            [
                                "==",
                                "1."
                            ]
                        ]
                    },
                    {
                        "name": "libgcc",
                        "specs": []
                    },
                    {
                        "name": "perl",
                        "specs": [
                            [
                                "==",
                                "5.22.0"
                            ]
                        ]
                    },
                    {
                        "name": "perl-libwww-perl",
                        "specs": []
                    },
                    {
                        "name": "perl-lwp-protocol-https",
                        "specs": []
                    },
                    {
                        "name": "zlib",
                        "specs": [
                            [
                                "==",
                                "1.2.11"
                            ]
                        ]
                    }
                ]
            },
            "description": null,
            "distribution_type": "conda",
            "download_url": "//api.anaconda.org/download/bioconda/krakenhll/0.4.0_beta/osx-64/krakenhll-0.4.0_beta-pl5.22.0_0.tar.bz2",
            "full_name": "bioconda/krakenhll/0.4.0_beta/osx-64/krakenhll-0.4.0_beta-pl5.22.0_0.tar.bz2",
            "labels": [
                "main",
                "cf201901"
            ],
            "md5": "97ffc3f128f86f156a6b64ac6ce30de1",
            "ndownloads": 787,
            "owner": "bioconda",
            "size": 262624,
            "type": "conda",
            "upload_time": "2018-03-17 05:21:04.745000+00:00",
            "version": "0.4.0_beta"
        },
        {
            "attrs": {
                "arch": "x86_64",
                "build": "pl5.22.0_0",
                "build_number": 0,
                "depends": [
                    "jellyfish 1.*",
                    "libgcc",
                    "perl 5.22.0*",
                    "perl-libwww-perl",
                    "perl-lwp-protocol-https",
                    "zlib 1.2.11*"
                ],
                "has_prefix": true,
                "license": "GPLv3",
                "machine": "x86_64",
                "operatingsystem": "linux",
                "platform": "linux",
                "subdir": "linux-64",
                "target-triplet": "x86_64-any-linux"
            },
            "basename": "linux-64/krakenhll-0.4.0_beta-pl5.22.0_0.tar.bz2",
            "dependencies": {
                "depends": [
                    {
                        "name": "jellyfish",
                        "specs": [
                            [
                                "==",
                                "1."
                            ]
                        ]
                    },
                    {
                        "name": "libgcc",
                        "specs": []
                    },
                    {
                        "name": "perl",
                        "specs": [
                            [
                                "==",
                                "5.22.0"
                            ]
                        ]
                    },
                    {
                        "name": "perl-libwww-perl",
                        "specs": []
                    },
                    {
                        "name": "perl-lwp-protocol-https",
                        "specs": []
                    },
                    {
                        "name": "zlib",
                        "specs": [
                            [
                                "==",
                                "1.2.11"
                            ]
                        ]
                    }
                ]
            },
            "description": null,
            "distribution_type": "conda",
            "download_url": "//api.anaconda.org/download/bioconda/krakenhll/0.4.0_beta/linux-64/krakenhll-0.4.0_beta-pl5.22.0_0.tar.bz2",
            "full_name": "bioconda/krakenhll/0.4.0_beta/linux-64/krakenhll-0.4.0_beta-pl5.22.0_0.tar.bz2",
            "labels": [
                "main",
                "cf201901"
            ],
            "md5": "8580bb3a307c97eec6d44e454a68453e",
            "ndownloads": 264,
            "owner": "bioconda",
            "size": 256404,
            "type": "conda",
            "upload_time": "2018-03-17 05:24:34.373000+00:00",
            "version": "0.4.0_beta"
        },
        {
            "attrs": {
                "arch": "x86_64",
                "build": "pl5.22.0_0",
                "build_number": 0,
                "depends": [
                    "jellyfish 1.*",
                    "libgcc",
                    "perl 5.22.0*",
                    "perl-libwww-perl",
                    "perl-lwp-protocol-https",
                    "zlib 1.2.11*"
                ],
                "has_prefix": true,
                "license": "GPLv3",
                "machine": "x86_64",
                "operatingsystem": "linux",
                "platform": "linux",
                "subdir": "linux-64",
                "target-triplet": "x86_64-any-linux"
            },
            "basename": "linux-64/krakenhll-0.4.0-pl5.22.0_0.tar.bz2",
            "dependencies": {
                "depends": [
                    {
                        "name": "jellyfish",
                        "specs": [
                            [
                                "==",
                                "1."
                            ]
                        ]
                    },
                    {
                        "name": "libgcc",
                        "specs": []
                    },
                    {
                        "name": "perl",
                        "specs": [
                            [
                                "==",
                                "5.22.0"
                            ]
                        ]
                    },
                    {
                        "name": "perl-libwww-perl",
                        "specs": []
                    },
                    {
                        "name": "perl-lwp-protocol-https",
                        "specs": []
                    },
                    {
                        "name": "zlib",
                        "specs": [
                            [
                                "==",
                                "1.2.11"
                            ]
                        ]
                    }
                ]
            },
            "description": null,
            "distribution_type": "conda",
            "download_url": "//api.anaconda.org/download/bioconda/krakenhll/0.4.0/linux-64/krakenhll-0.4.0-pl5.22.0_0.tar.bz2",
            "full_name": "bioconda/krakenhll/0.4.0/linux-64/krakenhll-0.4.0-pl5.22.0_0.tar.bz2",
            "labels": [
                "main",
                "cf201901"
            ],
            "md5": "296b52581642a9b5347eafaa300429b1",
            "ndownloads": 277,
            "owner": "bioconda",
            "size": 256756,
            "type": "conda",
            "upload_time": "2018-03-19 21:24:35.982000+00:00",
            "version": "0.4.0"
        },
        {
            "attrs": {
                "arch": "x86_64",
                "build": "pl5.22.0_0",
                "build_number": 0,
                "depends": [
                    "jellyfish 1.*",
                    "libgcc",
                    "perl 5.22.0*",
                    "perl-libwww-perl",
                    "perl-lwp-protocol-https",
                    "zlib 1.2.11*"
                ],
                "has_prefix": true,
                "license": "GPLv3",
                "machine": "x86_64",
                "operatingsystem": "darwin",
                "platform": "osx",
                "subdir": "osx-64",
                "target-triplet": "x86_64-any-darwin"
            },
            "basename": "osx-64/krakenhll-0.4.2-pl5.22.0_0.tar.bz2",
            "dependencies": {
                "depends": [
                    {
                        "name": "jellyfish",
                        "specs": [
                            [
                                "==",
                                "1."
                            ]
                        ]
                    },
                    {
                        "name": "libgcc",
                        "specs": []
                    },
                    {
                        "name": "perl",
                        "specs": [
                            [
                                "==",
                                "5.22.0"
                            ]
                        ]
                    },
                    {
                        "name": "perl-libwww-perl",
                        "specs": []
                    },
                    {
                        "name": "perl-lwp-protocol-https",
                        "specs": []
                    },
                    {
                        "name": "zlib",
                        "specs": [
                            [
                                "==",
                                "1.2.11"
                            ]
                        ]
                    }
                ]
            },
            "description": null,
            "distribution_type": "conda",
            "download_url": "//api.anaconda.org/download/bioconda/krakenhll/0.4.2/osx-64/krakenhll-0.4.2-pl5.22.0_0.tar.bz2",
            "full_name": "bioconda/krakenhll/0.4.2/osx-64/krakenhll-0.4.2-pl5.22.0_0.tar.bz2",
            "labels": [
                "main",
                "cf201901"
            ],
            "md5": "f5b4125fd98954f46f77fad292c76eb3",
            "ndownloads": 263,
            "owner": "bioconda",
            "size": 263426,
            "type": "conda",
            "upload_time": "2018-05-14 19:39:54.970000+00:00",
            "version": "0.4.2"
        },
        {
            "attrs": {
                "arch": "x86_64",
                "build": "pl5.22.0_0",
                "build_number": 0,
                "depends": [
                    "jellyfish 1.*",
                    "libgcc",
                    "perl 5.22.0*",
                    "perl-libwww-perl",
                    "perl-lwp-protocol-https",
                    "zlib 1.2.11*"
                ],
                "has_prefix": true,
                "license": "GPLv3",
                "machine": "x86_64",
                "operatingsystem": "linux",
                "platform": "linux",
                "subdir": "linux-64",
                "target-triplet": "x86_64-any-linux"
            },
            "basename": "linux-64/krakenhll-0.4.2-pl5.22.0_0.tar.bz2",
            "dependencies": {
                "depends": [
                    {
                        "name": "jellyfish",
                        "specs": [
                            [
                                "==",
                                "1."
                            ]
                        ]
                    },
                    {
                        "name": "libgcc",
                        "specs": []
                    },
                    {
                        "name": "perl",
                        "specs": [
                            [
                                "==",
                                "5.22.0"
                            ]
                        ]
                    },
                    {
                        "name": "perl-libwww-perl",
                        "specs": []
                    },
                    {
                        "name": "perl-lwp-protocol-https",
                        "specs": []
                    },
                    {
                        "name": "zlib",
                        "specs": [
                            [
                                "==",
                                "1.2.11"
                            ]
                        ]
                    }
                ]
            },
            "description": null,
            "distribution_type": "conda",
            "download_url": "//api.anaconda.org/download/bioconda/krakenhll/0.4.2/linux-64/krakenhll-0.4.2-pl5.22.0_0.tar.bz2",
            "full_name": "bioconda/krakenhll/0.4.2/linux-64/krakenhll-0.4.2-pl5.22.0_0.tar.bz2",
            "labels": [
                "main",
                "cf201901"
            ],
            "md5": "2b7c48ec4cd725d4848919e60d1ec8bf",
            "ndownloads": 134,
            "owner": "bioconda",
            "size": 257370,
            "type": "conda",
            "upload_time": "2018-05-14 19:43:23.012000+00:00",
            "version": "0.4.2"
        },
        {
            "attrs": {
                "arch": "x86_64",
                "build": "pl5.22.0_1",
                "build_number": 1,
                "depends": [
                    "jellyfish 1.*",
                    "libgcc",
                    "perl 5.22.0*",
                    "perl-libwww-perl",
                    "perl-lwp-protocol-https",
                    "zlib 1.2.11*"
                ],
                "has_prefix": true,
                "license": "GPLv3",
                "machine": "x86_64",
                "operatingsystem": "darwin",
                "platform": "osx",
                "subdir": "osx-64",
                "target-triplet": "x86_64-any-darwin"
            },
            "basename": "osx-64/krakenhll-0.4.2-pl5.22.0_1.tar.bz2",
            "dependencies": {
                "depends": [
                    {
                        "name": "jellyfish",
                        "specs": [
                            [
                                "==",
                                "1."
                            ]
                        ]
                    },
                    {
                        "name": "libgcc",
                        "specs": []
                    },
                    {
                        "name": "perl",
                        "specs": [
                            [
                                "==",
                                "5.22.0"
                            ]
                        ]
                    },
                    {
                        "name": "perl-libwww-perl",
                        "specs": []
                    },
                    {
                        "name": "perl-lwp-protocol-https",
                        "specs": []
                    },
                    {
                        "name": "zlib",
                        "specs": [
                            [
                                "==",
                                "1.2.11"
                            ]
                        ]
                    }
                ]
            },
            "description": null,
            "distribution_type": "conda",
            "download_url": "//api.anaconda.org/download/bioconda/krakenhll/0.4.2/osx-64/krakenhll-0.4.2-pl5.22.0_1.tar.bz2",
            "full_name": "bioconda/krakenhll/0.4.2/osx-64/krakenhll-0.4.2-pl5.22.0_1.tar.bz2",
            "labels": [
                "main",
                "cf201901"
            ],
            "md5": "4d3e5bacfe5a2de87836a7c4a67ce44d",
            "ndownloads": 500,
            "owner": "bioconda",
            "size": 263462,
            "type": "conda",
            "upload_time": "2018-05-15 01:01:51.641000+00:00",
            "version": "0.4.2"
        },
        {
            "attrs": {
                "arch": "x86_64",
                "build": "pl5.22.0_1",
                "build_number": 1,
                "depends": [
                    "jellyfish 1.*",
                    "libgcc",
                    "perl 5.22.0*",
                    "perl-libwww-perl",
                    "perl-lwp-protocol-https",
                    "zlib 1.2.11*"
                ],
                "has_prefix": true,
                "license": "GPLv3",
                "machine": "x86_64",
                "operatingsystem": "linux",
                "platform": "linux",
                "subdir": "linux-64",
                "target-triplet": "x86_64-any-linux"
            },
            "basename": "linux-64/krakenhll-0.4.2-pl5.22.0_1.tar.bz2",
            "dependencies": {
                "depends": [
                    {
                        "name": "jellyfish",
                        "specs": [
                            [
                                "==",
                                "1."
                            ]
                        ]
                    },
                    {
                        "name": "libgcc",
                        "specs": []
                    },
                    {
                        "name": "perl",
                        "specs": [
                            [
                                "==",
                                "5.22.0"
                            ]
                        ]
                    },
                    {
                        "name": "perl-libwww-perl",
                        "specs": []
                    },
                    {
                        "name": "perl-lwp-protocol-https",
                        "specs": []
                    },
                    {
                        "name": "zlib",
                        "specs": [
                            [
                                "==",
                                "1.2.11"
                            ]
                        ]
                    }
                ]
            },
            "description": null,
            "distribution_type": "conda",
            "download_url": "//api.anaconda.org/download/bioconda/krakenhll/0.4.2/linux-64/krakenhll-0.4.2-pl5.22.0_1.tar.bz2",
            "full_name": "bioconda/krakenhll/0.4.2/linux-64/krakenhll-0.4.2-pl5.22.0_1.tar.bz2",
            "labels": [
                "main",
                "cf201901"
            ],
            "md5": "9be4d684d00c9319fc703ac5577464c2",
            "ndownloads": 255,
            "owner": "bioconda",
            "size": 257454,
            "type": "conda",
            "upload_time": "2018-05-15 01:04:14.606000+00:00",
            "version": "0.4.2"
        },
        {
            "attrs": {
                "arch": "x86_64",
                "build": "pl5.22.0_0",
                "build_number": 0,
                "depends": [
                    "jellyfish 1.*",
                    "libgcc",
                    "perl 5.22.0*",
                    "perl-libwww-perl",
                    "perl-lwp-protocol-https",
                    "zlib 1.2.11*"
                ],
                "has_prefix": true,
                "license": "GPLv3",
                "machine": "x86_64",
                "operatingsystem": "darwin",
                "platform": "osx",
                "subdir": "osx-64",
                "target-triplet": "x86_64-any-darwin"
            },
            "basename": "osx-64/krakenhll-0.4.8-pl5.22.0_0.tar.bz2",
            "dependencies": {
                "depends": [
                    {
                        "name": "jellyfish",
                        "specs": [
                            [
                                "==",
                                "1."
                            ]
                        ]
                    },
                    {
                        "name": "libgcc",
                        "specs": []
                    },
                    {
                        "name": "perl",
                        "specs": [
                            [
                                "==",
                                "5.22.0"
                            ]
                        ]
                    },
                    {
                        "name": "perl-libwww-perl",
                        "specs": []
                    },
                    {
                        "name": "perl-lwp-protocol-https",
                        "specs": []
                    },
                    {
                        "name": "zlib",
                        "specs": [
                            [
                                "==",
                                "1.2.11"
                            ]
                        ]
                    }
                ]
            },
            "description": null,
            "distribution_type": "conda",
            "download_url": "//api.anaconda.org/download/bioconda/krakenhll/0.4.8/osx-64/krakenhll-0.4.8-pl5.22.0_0.tar.bz2",
            "full_name": "bioconda/krakenhll/0.4.8/osx-64/krakenhll-0.4.8-pl5.22.0_0.tar.bz2",
            "labels": [
                "main",
                "cf201901"
            ],
            "md5": "800a4ea21ded207dc1a6393ccdb3e448",
            "ndownloads": 738,
            "owner": "bioconda",
            "size": 273421,
            "type": "conda",
            "upload_time": "2018-05-25 12:35:33.859000+00:00",
            "version": "0.4.8"
        },
        {
            "attrs": {
                "arch": "x86_64",
                "build": "pl5.22.0_0",
                "build_number": 0,
                "depends": [
                    "jellyfish 1.*",
                    "libgcc",
                    "perl 5.22.0*",
                    "perl-libwww-perl",
                    "perl-lwp-protocol-https",
                    "zlib 1.2.11*"
                ],
                "has_prefix": true,
                "license": "GPLv3",
                "machine": "x86_64",
                "operatingsystem": "linux",
                "platform": "linux",
                "subdir": "linux-64",
                "target-triplet": "x86_64-any-linux"
            },
            "basename": "linux-64/krakenhll-0.4.8-pl5.22.0_0.tar.bz2",
            "dependencies": {
                "depends": [
                    {
                        "name": "jellyfish",
                        "specs": [
                            [
                                "==",
                                "1."
                            ]
                        ]
                    },
                    {
                        "name": "libgcc",
                        "specs": []
                    },
                    {
                        "name": "perl",
                        "specs": [
                            [
                                "==",
                                "5.22.0"
                            ]
                        ]
                    },
                    {
                        "name": "perl-libwww-perl",
                        "specs": []
                    },
                    {
                        "name": "perl-lwp-protocol-https",
                        "specs": []
                    },
                    {
                        "name": "zlib",
                        "specs": [
                            [
                                "==",
                                "1.2.11"
                            ]
                        ]
                    }
                ]
            },
            "description": null,
            "distribution_type": "conda",
            "download_url": "//api.anaconda.org/download/bioconda/krakenhll/0.4.8/linux-64/krakenhll-0.4.8-pl5.22.0_0.tar.bz2",
            "full_name": "bioconda/krakenhll/0.4.8/linux-64/krakenhll-0.4.8-pl5.22.0_0.tar.bz2",
            "labels": [
                "main",
                "cf201901"
            ],
            "md5": "7d3cbc8bc5cc0a7e01ffac7a5526d5bf",
            "ndownloads": 141,
            "owner": "bioconda",
            "size": 269224,
            "type": "conda",
            "upload_time": "2018-05-25 12:37:57.659000+00:00",
            "version": "0.4.8"
        },
        {
            "attrs": {
                "arch": "x86_64",
                "build": "pl526ha92aebf_1",
                "build_number": 1,
                "depends": [
                    "jellyfish 1.*",
                    "libgcc-ng >=4.9",
                    "perl >=5.26.2,<5.27.0a0",
                    "perl-libwww-perl",
                    "perl-lwp-protocol-https",
                    "zlib >=1.2.11,<1.3.0a0"
                ],
                "has_prefix": true,
                "license": "GPLv3",
                "machine": "x86_64",
                "operatingsystem": "linux",
                "platform": "linux",
                "subdir": "linux-64",
                "target-triplet": "x86_64-any-linux",
                "timestamp": 1530868873261
            },
            "basename": "linux-64/krakenhll-0.4.8-pl526ha92aebf_1.tar.bz2",
            "dependencies": {
                "depends": [
                    {
                        "name": "jellyfish",
                        "specs": [
                            [
                                "==",
                                "1."
                            ]
                        ]
                    },
                    {
                        "name": "libgcc-ng",
                        "specs": [
                            [
                                ">=",
                                "4.9"
                            ]
                        ]
                    },
                    {
                        "name": "perl",
                        "specs": [
                            [
                                ">=",
                                "5.26.2,<5.27.0a0"
                            ]
                        ]
                    },
                    {
                        "name": "perl-libwww-perl",
                        "specs": []
                    },
                    {
                        "name": "perl-lwp-protocol-https",
                        "specs": []
                    },
                    {
                        "name": "zlib",
                        "specs": [
                            [
                                ">=",
                                "1.2.11,<1.3.0a0"
                            ]
                        ]
                    }
                ]
            },
            "description": null,
            "distribution_type": "conda",
            "download_url": "//api.anaconda.org/download/bioconda/krakenhll/0.4.8/linux-64/krakenhll-0.4.8-pl526ha92aebf_1.tar.bz2",
            "full_name": "bioconda/krakenhll/0.4.8/linux-64/krakenhll-0.4.8-pl526ha92aebf_1.tar.bz2",
            "labels": [
                "main",
                "cf201901"
            ],
            "md5": "50969500049d9c922ac69a1a756a56b5",
            "ndownloads": 316,
            "owner": "bioconda",
            "size": 267071,
            "type": "conda",
            "upload_time": "2018-07-06 09:22:42.781000+00:00",
            "version": "0.4.8"
        }
    ],
    "full_name": "bioconda/krakenhll",
    "home": "https://github.com/fbreitwieser/krakenhll",
    "html_url": "http://anaconda.org/bioconda/krakenhll",
    "id": "5a81423cf69148121b09629d",
    "latest_version": "0.4.8",
    "license": "GPLv3",
    "license_url": null,
    "modified_at": "2018-07-06 09:22:43.319000+00:00",
    "name": "krakenhll",
    "owner": {
        "company": "",
        "created_at": "2015-09-11 22:59:20.880000+00:00",
        "description": "Bioconda is a distribution of bioinformatics software realized as a channel for the versatile Conda package manager.",
        "location": "",
        "login": "bioconda",
        "name": "bioconda",
        "url": "",
        "user_type": "org"
    },
    "package_types": [
        "conda"
    ],
    "public": true,
    "releases": [
        {
            "distributions": [],
            "full_name": "bioconda/krakenhll/0.3.2",
            "version": "0.3.2"
        },
        {
            "distributions": [],
            "full_name": "bioconda/krakenhll/0.4.0_beta",
            "version": "0.4.0_beta"
        },
        {
            "distributions": [],
            "full_name": "bioconda/krakenhll/0.4.0",
            "version": "0.4.0"
        },
        {
            "distributions": [],
            "full_name": "bioconda/krakenhll/0.4.2",
            "version": "0.4.2"
        },
        {
            "distributions": [],
            "full_name": "bioconda/krakenhll/0.4.8",
            "version": "0.4.8"
        }
    ],
    "revision": 10,
    "source_git_tag": null,
    "source_git_url": null,
    "summary": "KrakenHLL metagenomics classification method with unique k-mer counting for more specific results",
    "upvoted": 0,
    "url": "http://api.anaconda.org/packages/bioconda/krakenhll",
    "versions": [
        "0.3.2",
        "0.4.0_beta",
        "0.4.0",
        "0.4.2",
        "0.4.8"
    ],
    "watchers": 1
}