{
    "app_entry": {},
    "app_summary": {},
    "app_type": {},
    "builds": [
        "0",
        "h20b91ae_3"
    ],
    "conda_platforms": [
        "linux-64"
    ],
    "created_at": "2017-11-11 18:44:48.170000+00:00",
    "description": "",
    "dev_url": null,
    "doc_url": null,
    "files": [
        {
            "attrs": {
                "arch": "x86_64",
                "build": "0",
                "build_number": 0,
                "depends": [
                    "bpp-core",
                    "bpp-phyl",
                    "bpp-seq",
                    "gsl 1.*",
                    "libgcc",
                    "nlopt"
                ],
                "has_prefix": true,
                "license": "GPL-3.0",
                "machine": "x86_64",
                "operatingsystem": "linux",
                "platform": "linux",
                "subdir": "linux-64",
                "target-triplet": "x86_64-any-linux"
            },
            "basename": "linux-64/lcfit-0.4-0.tar.bz2",
            "dependencies": {
                "depends": [
                    {
                        "name": "bpp-core",
                        "specs": []
                    },
                    {
                        "name": "bpp-phyl",
                        "specs": []
                    },
                    {
                        "name": "bpp-seq",
                        "specs": []
                    },
                    {
                        "name": "gsl",
                        "specs": [
                            [
                                "==",
                                "1."
                            ]
                        ]
                    },
                    {
                        "name": "libgcc",
                        "specs": []
                    },
                    {
                        "name": "nlopt",
                        "specs": []
                    }
                ]
            },
            "description": null,
            "distribution_type": "conda",
            "download_url": "//api.anaconda.org/download/bioconda/lcfit/0.4/linux-64/lcfit-0.4-0.tar.bz2",
            "full_name": "bioconda/lcfit/0.4/linux-64/lcfit-0.4-0.tar.bz2",
            "labels": [
                "main",
                "cf201901"
            ],
            "md5": "313eda29f394cc1509139e64d0c770cb",
            "ndownloads": 1259,
            "owner": "bioconda",
            "size": 56951,
            "type": "conda",
            "upload_time": "2017-11-11 18:44:48.738000+00:00",
            "version": "0.4"
        },
        {
            "attrs": {
                "arch": "x86_64",
                "build": "h20b91ae_3",
                "build_number": 3,
                "depends": [
                    "bpp-core",
                    "bpp-phyl",
                    "bpp-seq",
                    "gsl >=2.2.1,<2.3.0a0",
                    "libgcc-ng >=4.9",
                    "libstdcxx-ng >=4.9",
                    "nlopt",
                    "openblas >=0.2.20,<0.2.21.0a0"
                ],
                "has_prefix": false,
                "license": "GPL-3.0",
                "license_family": "GPL",
                "machine": "x86_64",
                "operatingsystem": "linux",
                "platform": "linux",
                "subdir": "linux-64",
                "target-triplet": "x86_64-any-linux",
                "timestamp": 1531868384417
            },
            "basename": "linux-64/lcfit-0.5-h20b91ae_3.tar.bz2",
            "dependencies": {
                "depends": [
                    {
                        "name": "bpp-core",
                        "specs": []
                    },
                    {
                        "name": "bpp-phyl",
                        "specs": []
                    },
                    {
                        "name": "bpp-seq",
                        "specs": []
                    },
                    {
                        "name": "gsl",
                        "specs": [
                            [
                                ">=",
                                "2.2.1,<2.3.0a0"
                            ]
                        ]
                    },
                    {
                        "name": "libgcc-ng",
                        "specs": [
                            [
                                ">=",
                                "4.9"
                            ]
                        ]
                    },
                    {
                        "name": "libstdcxx-ng",
                        "specs": [
                            [
                                ">=",
                                "4.9"
                            ]
                        ]
                    },
                    {
                        "name": "nlopt",
                        "specs": []
                    },
                    {
                        "name": "openblas",
                        "specs": [
                            [
                                ">=",
                                "0.2.20,<0.2.21.0a0"
                            ]
                        ]
                    }
                ]
            },
            "description": null,
            "distribution_type": "conda",
            "download_url": "//api.anaconda.org/download/bioconda/lcfit/0.5/linux-64/lcfit-0.5-h20b91ae_3.tar.bz2",
            "full_name": "bioconda/lcfit/0.5/linux-64/lcfit-0.5-h20b91ae_3.tar.bz2",
            "labels": [
                "main",
                "cf201901"
            ],
            "md5": "2b9a54c5d3dd2a99e2040164489b13e9",
            "ndownloads": 974,
            "owner": "bioconda",
            "size": 55901,
            "type": "conda",
            "upload_time": "2018-07-17 23:04:23.724000+00:00",
            "version": "0.5"
        }
    ],
    "full_name": "bioconda/lcfit",
    "home": "https://github.com/matsengrp/lcfit",
    "html_url": "http://anaconda.org/bioconda/lcfit",
    "id": "5a07452091d28d1240b2048d",
    "latest_version": "0.5",
    "license": "GPL-3.0",
    "license_url": null,
    "modified_at": "2018-07-17 23:04:24.178000+00:00",
    "name": "lcfit",
    "owner": {
        "company": "",
        "created_at": "2015-09-11 22:59:20.880000+00:00",
        "description": "Bioconda is a distribution of bioinformatics software realized as a channel for the versatile Conda package manager.",
        "location": "",
        "login": "bioconda",
        "name": "bioconda",
        "url": "",
        "user_type": "org"
    },
    "package_types": [
        "conda"
    ],
    "public": true,
    "releases": [
        {
            "distributions": [],
            "full_name": "bioconda/lcfit/0.4",
            "version": "0.4"
        },
        {
            "distributions": [],
            "full_name": "bioconda/lcfit/0.5",
            "version": "0.5"
        }
    ],
    "revision": 4,
    "source_git_tag": null,
    "source_git_url": null,
    "summary": "Likelihood curve fitting by nonlinear least squares.",
    "upvoted": 0,
    "url": "http://api.anaconda.org/packages/bioconda/lcfit",
    "versions": [
        "0.4",
        "0.5"
    ],
    "watchers": 1
}