{
    "app_entry": {},
    "app_summary": {},
    "app_type": {},
    "builds": [
        "py36h516909a_0",
        "py36h516909a_1",
        "py37hf01694f_1",
        "py37h516909a_1",
        "py37h516909a_0",
        "py27h516909a_0",
        "py27h516909a_1",
        "py38h516909a_0",
        "py36h4c5857e_1"
    ],
    "conda_platforms": [
        "linux-64"
    ],
    "created_at": "2020-01-15 13:51:03.232000+00:00",
    "description": "Used for the prediction of AMPs in (meta)genomes.\n",
    "dev_url": "https://github.com/BigDataBiology/macrel",
    "doc_url": null,
    "files": [
        {
            "attrs": {
                "arch": "x86_64",
                "build": "py27h516909a_0",
                "build_number": 0,
                "depends": [
                    "libgcc-ng >=7.3.0",
                    "megahit",
                    "ngless",
                    "paladin",
                    "pandas",
                    "python >=2.7,<2.8.0a0",
                    "r-base",
                    "r-essentials",
                    "r-peptides",
                    "r-randomforest",
                    "rpy2",
                    "tzlocal"
                ],
                "has_prefix": true,
                "license": "MIT",
                "machine": "x86_64",
                "operatingsystem": "linux",
                "platform": "linux",
                "subdir": "linux-64",
                "target-triplet": "x86_64-any-linux",
                "timestamp": 1579092903512
            },
            "basename": "linux-64/macrel-0.2-py27h516909a_0.tar.bz2",
            "dependencies": {
                "depends": [
                    {
                        "name": "libgcc-ng",
                        "specs": [
                            [
                                ">=",
                                "7.3.0"
                            ]
                        ]
                    },
                    {
                        "name": "megahit",
                        "specs": []
                    },
                    {
                        "name": "ngless",
                        "specs": []
                    },
                    {
                        "name": "paladin",
                        "specs": []
                    },
                    {
                        "name": "pandas",
                        "specs": []
                    },
                    {
                        "name": "python",
                        "specs": [
                            [
                                ">=",
                                "2.7,<2.8.0a0"
                            ]
                        ]
                    },
                    {
                        "name": "r-base",
                        "specs": []
                    },
                    {
                        "name": "r-essentials",
                        "specs": []
                    },
                    {
                        "name": "r-peptides",
                        "specs": []
                    },
                    {
                        "name": "r-randomforest",
                        "specs": []
                    },
                    {
                        "name": "rpy2",
                        "specs": []
                    },
                    {
                        "name": "tzlocal",
                        "specs": []
                    }
                ]
            },
            "description": null,
            "distribution_type": "conda",
            "download_url": "//api.anaconda.org/download/bioconda/macrel/0.2/linux-64/macrel-0.2-py27h516909a_0.tar.bz2",
            "full_name": "bioconda/macrel/0.2/linux-64/macrel-0.2-py27h516909a_0.tar.bz2",
            "labels": [
                "main"
            ],
            "md5": "3e4357d98a1e0b058bfe301073045f91",
            "ndownloads": 32,
            "owner": "bioconda",
            "size": 3263925,
            "type": "conda",
            "upload_time": "2020-01-15 13:51:04.116000+00:00",
            "version": "0.2"
        },
        {
            "attrs": {
                "arch": "x86_64",
                "build": "py36h516909a_0",
                "build_number": 0,
                "depends": [
                    "libgcc-ng >=7.3.0",
                    "megahit",
                    "ngless",
                    "paladin",
                    "pandas",
                    "python >=3.6,<3.7.0a0",
                    "r-base",
                    "r-essentials",
                    "r-peptides",
                    "r-randomforest",
                    "rpy2",
                    "tzlocal"
                ],
                "has_prefix": true,
                "license": "MIT",
                "machine": "x86_64",
                "operatingsystem": "linux",
                "platform": "linux",
                "subdir": "linux-64",
                "target-triplet": "x86_64-any-linux",
                "timestamp": 1579092471309
            },
            "basename": "linux-64/macrel-0.2-py36h516909a_0.tar.bz2",
            "dependencies": {
                "depends": [
                    {
                        "name": "libgcc-ng",
                        "specs": [
                            [
                                ">=",
                                "7.3.0"
                            ]
                        ]
                    },
                    {
                        "name": "megahit",
                        "specs": []
                    },
                    {
                        "name": "ngless",
                        "specs": []
                    },
                    {
                        "name": "paladin",
                        "specs": []
                    },
                    {
                        "name": "pandas",
                        "specs": []
                    },
                    {
                        "name": "python",
                        "specs": [
                            [
                                ">=",
                                "3.6,<3.7.0a0"
                            ]
                        ]
                    },
                    {
                        "name": "r-base",
                        "specs": []
                    },
                    {
                        "name": "r-essentials",
                        "specs": []
                    },
                    {
                        "name": "r-peptides",
                        "specs": []
                    },
                    {
                        "name": "r-randomforest",
                        "specs": []
                    },
                    {
                        "name": "rpy2",
                        "specs": []
                    },
                    {
                        "name": "tzlocal",
                        "specs": []
                    }
                ]
            },
            "description": null,
            "distribution_type": "conda",
            "download_url": "//api.anaconda.org/download/bioconda/macrel/0.2/linux-64/macrel-0.2-py36h516909a_0.tar.bz2",
            "full_name": "bioconda/macrel/0.2/linux-64/macrel-0.2-py36h516909a_0.tar.bz2",
            "labels": [
                "main"
            ],
            "md5": "18be62aa92d71824d45609bcc4752584",
            "ndownloads": 35,
            "owner": "bioconda",
            "size": 3264204,
            "type": "conda",
            "upload_time": "2020-01-15 13:51:06.208000+00:00",
            "version": "0.2"
        },
        {
            "attrs": {
                "arch": "x86_64",
                "build": "py37h516909a_0",
                "build_number": 0,
                "depends": [
                    "libgcc-ng >=7.3.0",
                    "megahit",
                    "ngless",
                    "paladin",
                    "pandas",
                    "python >=3.7,<3.8.0a0",
                    "r-base",
                    "r-essentials",
                    "r-peptides",
                    "r-randomforest",
                    "rpy2",
                    "tzlocal"
                ],
                "has_prefix": true,
                "license": "MIT",
                "machine": "x86_64",
                "operatingsystem": "linux",
                "platform": "linux",
                "subdir": "linux-64",
                "target-triplet": "x86_64-any-linux",
                "timestamp": 1579093240413
            },
            "basename": "linux-64/macrel-0.2-py37h516909a_0.tar.bz2",
            "dependencies": {
                "depends": [
                    {
                        "name": "libgcc-ng",
                        "specs": [
                            [
                                ">=",
                                "7.3.0"
                            ]
                        ]
                    },
                    {
                        "name": "megahit",
                        "specs": []
                    },
                    {
                        "name": "ngless",
                        "specs": []
                    },
                    {
                        "name": "paladin",
                        "specs": []
                    },
                    {
                        "name": "pandas",
                        "specs": []
                    },
                    {
                        "name": "python",
                        "specs": [
                            [
                                ">=",
                                "3.7,<3.8.0a0"
                            ]
                        ]
                    },
                    {
                        "name": "r-base",
                        "specs": []
                    },
                    {
                        "name": "r-essentials",
                        "specs": []
                    },
                    {
                        "name": "r-peptides",
                        "specs": []
                    },
                    {
                        "name": "r-randomforest",
                        "specs": []
                    },
                    {
                        "name": "rpy2",
                        "specs": []
                    },
                    {
                        "name": "tzlocal",
                        "specs": []
                    }
                ]
            },
            "description": null,
            "distribution_type": "conda",
            "download_url": "//api.anaconda.org/download/bioconda/macrel/0.2/linux-64/macrel-0.2-py37h516909a_0.tar.bz2",
            "full_name": "bioconda/macrel/0.2/linux-64/macrel-0.2-py37h516909a_0.tar.bz2",
            "labels": [
                "main"
            ],
            "md5": "027e63c8f643d139f1d8a405956e962a",
            "ndownloads": 452,
            "owner": "bioconda",
            "size": 3264351,
            "type": "conda",
            "upload_time": "2020-01-15 13:51:08.481000+00:00",
            "version": "0.2"
        },
        {
            "attrs": {
                "arch": "x86_64",
                "build": "py27h516909a_0",
                "build_number": 0,
                "depends": [
                    "libgcc-ng >=7.3.0",
                    "megahit",
                    "ngless",
                    "paladin",
                    "pandas",
                    "python >=2.7,<2.8.0a0",
                    "r-base",
                    "r-essentials",
                    "r-peptides",
                    "r-randomforest",
                    "rpy2",
                    "tzlocal"
                ],
                "has_prefix": true,
                "license": "GPLv3",
                "machine": "x86_64",
                "operatingsystem": "linux",
                "platform": "linux",
                "subdir": "linux-64",
                "target-triplet": "x86_64-any-linux",
                "timestamp": 1579792472917
            },
            "basename": "linux-64/macrel-0.3.1-py27h516909a_0.tar.bz2",
            "dependencies": {
                "depends": [
                    {
                        "name": "libgcc-ng",
                        "specs": [
                            [
                                ">=",
                                "7.3.0"
                            ]
                        ]
                    },
                    {
                        "name": "megahit",
                        "specs": []
                    },
                    {
                        "name": "ngless",
                        "specs": []
                    },
                    {
                        "name": "paladin",
                        "specs": []
                    },
                    {
                        "name": "pandas",
                        "specs": []
                    },
                    {
                        "name": "python",
                        "specs": [
                            [
                                ">=",
                                "2.7,<2.8.0a0"
                            ]
                        ]
                    },
                    {
                        "name": "r-base",
                        "specs": []
                    },
                    {
                        "name": "r-essentials",
                        "specs": []
                    },
                    {
                        "name": "r-peptides",
                        "specs": []
                    },
                    {
                        "name": "r-randomforest",
                        "specs": []
                    },
                    {
                        "name": "rpy2",
                        "specs": []
                    },
                    {
                        "name": "tzlocal",
                        "specs": []
                    }
                ]
            },
            "description": null,
            "distribution_type": "conda",
            "download_url": "//api.anaconda.org/download/bioconda/macrel/0.3.1/linux-64/macrel-0.3.1-py27h516909a_0.tar.bz2",
            "full_name": "bioconda/macrel/0.3.1/linux-64/macrel-0.3.1-py27h516909a_0.tar.bz2",
            "labels": [
                "main"
            ],
            "md5": "f4f7d790212498bf4fa61368297d5e42",
            "ndownloads": 32,
            "owner": "bioconda",
            "size": 4321240,
            "type": "conda",
            "upload_time": "2020-01-23 16:33:31.047000+00:00",
            "version": "0.3.1"
        },
        {
            "attrs": {
                "arch": "x86_64",
                "build": "py37h516909a_0",
                "build_number": 0,
                "depends": [
                    "libgcc-ng >=7.3.0",
                    "megahit",
                    "ngless",
                    "paladin",
                    "pandas",
                    "python >=3.7,<3.8.0a0",
                    "r-base",
                    "r-essentials",
                    "r-peptides",
                    "r-randomforest",
                    "rpy2",
                    "tzlocal"
                ],
                "has_prefix": true,
                "license": "GPLv3",
                "machine": "x86_64",
                "operatingsystem": "linux",
                "platform": "linux",
                "subdir": "linux-64",
                "target-triplet": "x86_64-any-linux",
                "timestamp": 1579793263321
            },
            "basename": "linux-64/macrel-0.3.1-py37h516909a_0.tar.bz2",
            "dependencies": {
                "depends": [
                    {
                        "name": "libgcc-ng",
                        "specs": [
                            [
                                ">=",
                                "7.3.0"
                            ]
                        ]
                    },
                    {
                        "name": "megahit",
                        "specs": []
                    },
                    {
                        "name": "ngless",
                        "specs": []
                    },
                    {
                        "name": "paladin",
                        "specs": []
                    },
                    {
                        "name": "pandas",
                        "specs": []
                    },
                    {
                        "name": "python",
                        "specs": [
                            [
                                ">=",
                                "3.7,<3.8.0a0"
                            ]
                        ]
                    },
                    {
                        "name": "r-base",
                        "specs": []
                    },
                    {
                        "name": "r-essentials",
                        "specs": []
                    },
                    {
                        "name": "r-peptides",
                        "specs": []
                    },
                    {
                        "name": "r-randomforest",
                        "specs": []
                    },
                    {
                        "name": "rpy2",
                        "specs": []
                    },
                    {
                        "name": "tzlocal",
                        "specs": []
                    }
                ]
            },
            "description": null,
            "distribution_type": "conda",
            "download_url": "//api.anaconda.org/download/bioconda/macrel/0.3.1/linux-64/macrel-0.3.1-py37h516909a_0.tar.bz2",
            "full_name": "bioconda/macrel/0.3.1/linux-64/macrel-0.3.1-py37h516909a_0.tar.bz2",
            "labels": [
                "main"
            ],
            "md5": "aeaacdc9ee792f004c43b7cc56cd21ac",
            "ndownloads": 48,
            "owner": "bioconda",
            "size": 4322164,
            "type": "conda",
            "upload_time": "2020-01-23 16:33:35.545000+00:00",
            "version": "0.3.1"
        },
        {
            "attrs": {
                "arch": "x86_64",
                "build": "py36h516909a_0",
                "build_number": 0,
                "depends": [
                    "libgcc-ng >=7.3.0",
                    "megahit",
                    "ngless",
                    "paladin",
                    "pandas",
                    "python >=3.6,<3.7.0a0",
                    "r-base",
                    "r-essentials",
                    "r-peptides",
                    "r-randomforest",
                    "rpy2",
                    "tzlocal"
                ],
                "has_prefix": true,
                "license": "GPLv3",
                "machine": "x86_64",
                "operatingsystem": "linux",
                "platform": "linux",
                "subdir": "linux-64",
                "target-triplet": "x86_64-any-linux",
                "timestamp": 1579792921410
            },
            "basename": "linux-64/macrel-0.3.1-py36h516909a_0.tar.bz2",
            "dependencies": {
                "depends": [
                    {
                        "name": "libgcc-ng",
                        "specs": [
                            [
                                ">=",
                                "7.3.0"
                            ]
                        ]
                    },
                    {
                        "name": "megahit",
                        "specs": []
                    },
                    {
                        "name": "ngless",
                        "specs": []
                    },
                    {
                        "name": "paladin",
                        "specs": []
                    },
                    {
                        "name": "pandas",
                        "specs": []
                    },
                    {
                        "name": "python",
                        "specs": [
                            [
                                ">=",
                                "3.6,<3.7.0a0"
                            ]
                        ]
                    },
                    {
                        "name": "r-base",
                        "specs": []
                    },
                    {
                        "name": "r-essentials",
                        "specs": []
                    },
                    {
                        "name": "r-peptides",
                        "specs": []
                    },
                    {
                        "name": "r-randomforest",
                        "specs": []
                    },
                    {
                        "name": "rpy2",
                        "specs": []
                    },
                    {
                        "name": "tzlocal",
                        "specs": []
                    }
                ]
            },
            "description": null,
            "distribution_type": "conda",
            "download_url": "//api.anaconda.org/download/bioconda/macrel/0.3.1/linux-64/macrel-0.3.1-py36h516909a_0.tar.bz2",
            "full_name": "bioconda/macrel/0.3.1/linux-64/macrel-0.3.1-py36h516909a_0.tar.bz2",
            "labels": [
                "main"
            ],
            "md5": "01d2f901c5e9c902938d1c5fb5a86bda",
            "ndownloads": 33,
            "owner": "bioconda",
            "size": 4321878,
            "type": "conda",
            "upload_time": "2020-01-23 16:33:33.370000+00:00",
            "version": "0.3.1"
        },
        {
            "attrs": {
                "arch": "x86_64",
                "build": "py36h516909a_1",
                "build_number": 1,
                "depends": [
                    "libgcc-ng >=7.3.0",
                    "megahit",
                    "ngless",
                    "paladin",
                    "pandas",
                    "python >=3.6,<3.7.0a0",
                    "r-base",
                    "r-essentials",
                    "r-peptides",
                    "rpy2",
                    "scikit-learn",
                    "tzlocal"
                ],
                "has_prefix": true,
                "license": "GPLv3",
                "machine": "x86_64",
                "operatingsystem": "linux",
                "platform": "linux",
                "subdir": "linux-64",
                "target-triplet": "x86_64-any-linux",
                "timestamp": 1580182107102
            },
            "basename": "linux-64/macrel-0.3.1-py36h516909a_1.tar.bz2",
            "dependencies": {
                "depends": [
                    {
                        "name": "libgcc-ng",
                        "specs": [
                            [
                                ">=",
                                "7.3.0"
                            ]
                        ]
                    },
                    {
                        "name": "megahit",
                        "specs": []
                    },
                    {
                        "name": "ngless",
                        "specs": []
                    },
                    {
                        "name": "paladin",
                        "specs": []
                    },
                    {
                        "name": "pandas",
                        "specs": []
                    },
                    {
                        "name": "python",
                        "specs": [
                            [
                                ">=",
                                "3.6,<3.7.0a0"
                            ]
                        ]
                    },
                    {
                        "name": "r-base",
                        "specs": []
                    },
                    {
                        "name": "r-essentials",
                        "specs": []
                    },
                    {
                        "name": "r-peptides",
                        "specs": []
                    },
                    {
                        "name": "rpy2",
                        "specs": []
                    },
                    {
                        "name": "scikit-learn",
                        "specs": []
                    },
                    {
                        "name": "tzlocal",
                        "specs": []
                    }
                ]
            },
            "description": null,
            "distribution_type": "conda",
            "download_url": "//api.anaconda.org/download/bioconda/macrel/0.3.1/linux-64/macrel-0.3.1-py36h516909a_1.tar.bz2",
            "full_name": "bioconda/macrel/0.3.1/linux-64/macrel-0.3.1-py36h516909a_1.tar.bz2",
            "labels": [
                "main"
            ],
            "md5": "92b032e6aa3c3db1f193148691afd439",
            "ndownloads": 32,
            "owner": "bioconda",
            "size": 4318454,
            "type": "conda",
            "upload_time": "2020-01-28 08:17:24.154000+00:00",
            "version": "0.3.1"
        },
        {
            "attrs": {
                "arch": "x86_64",
                "build": "py27h516909a_1",
                "build_number": 1,
                "depends": [
                    "libgcc-ng >=7.3.0",
                    "megahit",
                    "ngless",
                    "paladin",
                    "pandas",
                    "python >=2.7,<2.8.0a0",
                    "r-base",
                    "r-essentials",
                    "r-peptides",
                    "rpy2",
                    "scikit-learn",
                    "tzlocal"
                ],
                "has_prefix": true,
                "license": "GPLv3",
                "machine": "x86_64",
                "operatingsystem": "linux",
                "platform": "linux",
                "subdir": "linux-64",
                "target-triplet": "x86_64-any-linux",
                "timestamp": 1580182923952
            },
            "basename": "linux-64/macrel-0.3.1-py27h516909a_1.tar.bz2",
            "dependencies": {
                "depends": [
                    {
                        "name": "libgcc-ng",
                        "specs": [
                            [
                                ">=",
                                "7.3.0"
                            ]
                        ]
                    },
                    {
                        "name": "megahit",
                        "specs": []
                    },
                    {
                        "name": "ngless",
                        "specs": []
                    },
                    {
                        "name": "paladin",
                        "specs": []
                    },
                    {
                        "name": "pandas",
                        "specs": []
                    },
                    {
                        "name": "python",
                        "specs": [
                            [
                                ">=",
                                "2.7,<2.8.0a0"
                            ]
                        ]
                    },
                    {
                        "name": "r-base",
                        "specs": []
                    },
                    {
                        "name": "r-essentials",
                        "specs": []
                    },
                    {
                        "name": "r-peptides",
                        "specs": []
                    },
                    {
                        "name": "rpy2",
                        "specs": []
                    },
                    {
                        "name": "scikit-learn",
                        "specs": []
                    },
                    {
                        "name": "tzlocal",
                        "specs": []
                    }
                ]
            },
            "description": null,
            "distribution_type": "conda",
            "download_url": "//api.anaconda.org/download/bioconda/macrel/0.3.1/linux-64/macrel-0.3.1-py27h516909a_1.tar.bz2",
            "full_name": "bioconda/macrel/0.3.1/linux-64/macrel-0.3.1-py27h516909a_1.tar.bz2",
            "labels": [
                "main"
            ],
            "md5": "344287dae0ad3512a504c24d52981ecb",
            "ndownloads": 34,
            "owner": "bioconda",
            "size": 4317622,
            "type": "conda",
            "upload_time": "2020-01-28 08:17:21.552000+00:00",
            "version": "0.3.1"
        },
        {
            "attrs": {
                "arch": "x86_64",
                "build": "py37h516909a_1",
                "build_number": 1,
                "depends": [
                    "libgcc-ng >=7.3.0",
                    "megahit",
                    "ngless",
                    "paladin",
                    "pandas",
                    "python >=3.7,<3.8.0a0",
                    "r-base",
                    "r-essentials",
                    "r-peptides",
                    "rpy2",
                    "scikit-learn",
                    "tzlocal"
                ],
                "has_prefix": true,
                "license": "GPLv3",
                "machine": "x86_64",
                "operatingsystem": "linux",
                "platform": "linux",
                "subdir": "linux-64",
                "target-triplet": "x86_64-any-linux",
                "timestamp": 1580182539154
            },
            "basename": "linux-64/macrel-0.3.1-py37h516909a_1.tar.bz2",
            "dependencies": {
                "depends": [
                    {
                        "name": "libgcc-ng",
                        "specs": [
                            [
                                ">=",
                                "7.3.0"
                            ]
                        ]
                    },
                    {
                        "name": "megahit",
                        "specs": []
                    },
                    {
                        "name": "ngless",
                        "specs": []
                    },
                    {
                        "name": "paladin",
                        "specs": []
                    },
                    {
                        "name": "pandas",
                        "specs": []
                    },
                    {
                        "name": "python",
                        "specs": [
                            [
                                ">=",
                                "3.7,<3.8.0a0"
                            ]
                        ]
                    },
                    {
                        "name": "r-base",
                        "specs": []
                    },
                    {
                        "name": "r-essentials",
                        "specs": []
                    },
                    {
                        "name": "r-peptides",
                        "specs": []
                    },
                    {
                        "name": "rpy2",
                        "specs": []
                    },
                    {
                        "name": "scikit-learn",
                        "specs": []
                    },
                    {
                        "name": "tzlocal",
                        "specs": []
                    }
                ]
            },
            "description": null,
            "distribution_type": "conda",
            "download_url": "//api.anaconda.org/download/bioconda/macrel/0.3.1/linux-64/macrel-0.3.1-py37h516909a_1.tar.bz2",
            "full_name": "bioconda/macrel/0.3.1/linux-64/macrel-0.3.1-py37h516909a_1.tar.bz2",
            "labels": [
                "main"
            ],
            "md5": "9f3c0d9c01a1b8197a02e371bafbb709",
            "ndownloads": 433,
            "owner": "bioconda",
            "size": 4318010,
            "type": "conda",
            "upload_time": "2020-01-28 08:17:26.439000+00:00",
            "version": "0.3.1"
        },
        {
            "attrs": {
                "arch": "x86_64",
                "build": "py38h516909a_0",
                "build_number": 0,
                "depends": [
                    "libgcc-ng >=7.3.0",
                    "megahit",
                    "ngless",
                    "paladin",
                    "pandas",
                    "python >=3.8,<3.9.0a0",
                    "python_abi 3.8.* *_cp38",
                    "r-base",
                    "r-essentials",
                    "r-peptides",
                    "rpy2",
                    "scikit-learn",
                    "tzlocal"
                ],
                "has_prefix": true,
                "license": "GPLv3",
                "machine": "x86_64",
                "operatingsystem": "linux",
                "platform": "linux",
                "subdir": "linux-64",
                "target-triplet": "x86_64-any-linux",
                "timestamp": 1584616716827
            },
            "basename": "linux-64/macrel-0.4.0-py38h516909a_0.tar.bz2",
            "dependencies": {
                "depends": [
                    {
                        "name": "libgcc-ng",
                        "specs": [
                            [
                                ">=",
                                "7.3.0"
                            ]
                        ]
                    },
                    {
                        "name": "megahit",
                        "specs": []
                    },
                    {
                        "name": "ngless",
                        "specs": []
                    },
                    {
                        "name": "paladin",
                        "specs": []
                    },
                    {
                        "name": "pandas",
                        "specs": []
                    },
                    {
                        "name": "python",
                        "specs": [
                            [
                                ">=",
                                "3.8,<3.9.0a0"
                            ]
                        ]
                    },
                    {
                        "name": "python_abi",
                        "specs": [
                            [
                                "==",
                                "3.8.* *_cp38"
                            ]
                        ]
                    },
                    {
                        "name": "r-base",
                        "specs": []
                    },
                    {
                        "name": "r-essentials",
                        "specs": []
                    },
                    {
                        "name": "r-peptides",
                        "specs": []
                    },
                    {
                        "name": "rpy2",
                        "specs": []
                    },
                    {
                        "name": "scikit-learn",
                        "specs": []
                    },
                    {
                        "name": "tzlocal",
                        "specs": []
                    }
                ]
            },
            "description": null,
            "distribution_type": "conda",
            "download_url": "//api.anaconda.org/download/bioconda/macrel/0.4.0/linux-64/macrel-0.4.0-py38h516909a_0.tar.bz2",
            "full_name": "bioconda/macrel/0.4.0/linux-64/macrel-0.4.0-py38h516909a_0.tar.bz2",
            "labels": [
                "main"
            ],
            "md5": "bb3784911cd844a0b5d9d78e26cde024",
            "ndownloads": 308,
            "owner": "bioconda",
            "size": 5328399,
            "type": "conda",
            "upload_time": "2020-03-19 19:44:22.124000+00:00",
            "version": "0.4.0"
        },
        {
            "attrs": {
                "arch": "x86_64",
                "build": "py36h516909a_0",
                "build_number": 0,
                "depends": [
                    "libgcc-ng >=7.3.0",
                    "megahit",
                    "ngless",
                    "paladin",
                    "pandas",
                    "python >=3.6,<3.7.0a0",
                    "python_abi 3.6.* *_cp36m",
                    "r-base",
                    "r-essentials",
                    "r-peptides",
                    "rpy2",
                    "scikit-learn",
                    "tzlocal"
                ],
                "has_prefix": true,
                "license": "GPLv3",
                "machine": "x86_64",
                "operatingsystem": "linux",
                "platform": "linux",
                "subdir": "linux-64",
                "target-triplet": "x86_64-any-linux",
                "timestamp": 1589199168546
            },
            "basename": "linux-64/macrel-0.5.0-py36h516909a_0.tar.bz2",
            "dependencies": {
                "depends": [
                    {
                        "name": "libgcc-ng",
                        "specs": [
                            [
                                ">=",
                                "7.3.0"
                            ]
                        ]
                    },
                    {
                        "name": "megahit",
                        "specs": []
                    },
                    {
                        "name": "ngless",
                        "specs": []
                    },
                    {
                        "name": "paladin",
                        "specs": []
                    },
                    {
                        "name": "pandas",
                        "specs": []
                    },
                    {
                        "name": "python",
                        "specs": [
                            [
                                ">=",
                                "3.6,<3.7.0a0"
                            ]
                        ]
                    },
                    {
                        "name": "python_abi",
                        "specs": [
                            [
                                "==",
                                "3.6.* *_cp36m"
                            ]
                        ]
                    },
                    {
                        "name": "r-base",
                        "specs": []
                    },
                    {
                        "name": "r-essentials",
                        "specs": []
                    },
                    {
                        "name": "r-peptides",
                        "specs": []
                    },
                    {
                        "name": "rpy2",
                        "specs": []
                    },
                    {
                        "name": "scikit-learn",
                        "specs": []
                    },
                    {
                        "name": "tzlocal",
                        "specs": []
                    }
                ]
            },
            "description": null,
            "distribution_type": "conda",
            "download_url": "//api.anaconda.org/download/bioconda/macrel/0.5.0/linux-64/macrel-0.5.0-py36h516909a_0.tar.bz2",
            "full_name": "bioconda/macrel/0.5.0/linux-64/macrel-0.5.0-py36h516909a_0.tar.bz2",
            "labels": [
                "main"
            ],
            "md5": "e631fcea05c48910f0d57e96627d535c",
            "ndownloads": 27,
            "owner": "bioconda",
            "size": 5316709,
            "type": "conda",
            "upload_time": "2020-05-11 19:03:57.554000+00:00",
            "version": "0.5.0"
        },
        {
            "attrs": {
                "arch": "x86_64",
                "build": "py37h516909a_0",
                "build_number": 0,
                "depends": [
                    "libgcc-ng >=7.3.0",
                    "megahit",
                    "ngless",
                    "paladin",
                    "pandas",
                    "python >=3.7,<3.8.0a0",
                    "python_abi 3.7.* *_cp37m",
                    "r-base",
                    "r-essentials",
                    "r-peptides",
                    "rpy2",
                    "scikit-learn",
                    "tzlocal"
                ],
                "has_prefix": true,
                "license": "GPLv3",
                "machine": "x86_64",
                "operatingsystem": "linux",
                "platform": "linux",
                "subdir": "linux-64",
                "target-triplet": "x86_64-any-linux",
                "timestamp": 1589199797612
            },
            "basename": "linux-64/macrel-0.5.0-py37h516909a_0.tar.bz2",
            "dependencies": {
                "depends": [
                    {
                        "name": "libgcc-ng",
                        "specs": [
                            [
                                ">=",
                                "7.3.0"
                            ]
                        ]
                    },
                    {
                        "name": "megahit",
                        "specs": []
                    },
                    {
                        "name": "ngless",
                        "specs": []
                    },
                    {
                        "name": "paladin",
                        "specs": []
                    },
                    {
                        "name": "pandas",
                        "specs": []
                    },
                    {
                        "name": "python",
                        "specs": [
                            [
                                ">=",
                                "3.7,<3.8.0a0"
                            ]
                        ]
                    },
                    {
                        "name": "python_abi",
                        "specs": [
                            [
                                "==",
                                "3.7.* *_cp37m"
                            ]
                        ]
                    },
                    {
                        "name": "r-base",
                        "specs": []
                    },
                    {
                        "name": "r-essentials",
                        "specs": []
                    },
                    {
                        "name": "r-peptides",
                        "specs": []
                    },
                    {
                        "name": "rpy2",
                        "specs": []
                    },
                    {
                        "name": "scikit-learn",
                        "specs": []
                    },
                    {
                        "name": "tzlocal",
                        "specs": []
                    }
                ]
            },
            "description": null,
            "distribution_type": "conda",
            "download_url": "//api.anaconda.org/download/bioconda/macrel/0.5.0/linux-64/macrel-0.5.0-py37h516909a_0.tar.bz2",
            "full_name": "bioconda/macrel/0.5.0/linux-64/macrel-0.5.0-py37h516909a_0.tar.bz2",
            "labels": [
                "main"
            ],
            "md5": "ada313a0212882eb9f78c69718c08462",
            "ndownloads": 182,
            "owner": "bioconda",
            "size": 5316911,
            "type": "conda",
            "upload_time": "2020-05-11 19:03:59.806000+00:00",
            "version": "0.5.0"
        },
        {
            "attrs": {
                "arch": "x86_64",
                "build": "py37hf01694f_1",
                "build_number": 1,
                "depends": [
                    "libgcc-ng >=7.5.0",
                    "megahit",
                    "ngless",
                    "paladin",
                    "pandas",
                    "python >=3.7,<3.8.0a0",
                    "python_abi 3.7.* *_cp37m",
                    "r-base",
                    "r-essentials",
                    "r-peptides",
                    "rpy2",
                    "scikit-learn",
                    "tzlocal"
                ],
                "has_prefix": true,
                "license": "GPLv3",
                "machine": "x86_64",
                "operatingsystem": "linux",
                "platform": "linux",
                "subdir": "linux-64",
                "target-triplet": "x86_64-any-linux",
                "timestamp": 1595729441058
            },
            "basename": "linux-64/macrel-0.5.0-py37hf01694f_1.tar.bz2",
            "dependencies": {
                "depends": [
                    {
                        "name": "libgcc-ng",
                        "specs": [
                            [
                                ">=",
                                "7.5.0"
                            ]
                        ]
                    },
                    {
                        "name": "megahit",
                        "specs": []
                    },
                    {
                        "name": "ngless",
                        "specs": []
                    },
                    {
                        "name": "paladin",
                        "specs": []
                    },
                    {
                        "name": "pandas",
                        "specs": []
                    },
                    {
                        "name": "python",
                        "specs": [
                            [
                                ">=",
                                "3.7,<3.8.0a0"
                            ]
                        ]
                    },
                    {
                        "name": "python_abi",
                        "specs": [
                            [
                                "==",
                                "3.7.* *_cp37m"
                            ]
                        ]
                    },
                    {
                        "name": "r-base",
                        "specs": []
                    },
                    {
                        "name": "r-essentials",
                        "specs": []
                    },
                    {
                        "name": "r-peptides",
                        "specs": []
                    },
                    {
                        "name": "rpy2",
                        "specs": []
                    },
                    {
                        "name": "scikit-learn",
                        "specs": []
                    },
                    {
                        "name": "tzlocal",
                        "specs": []
                    }
                ]
            },
            "description": null,
            "distribution_type": "conda",
            "download_url": "//api.anaconda.org/download/bioconda/macrel/0.5.0/linux-64/macrel-0.5.0-py37hf01694f_1.tar.bz2",
            "full_name": "bioconda/macrel/0.5.0/linux-64/macrel-0.5.0-py37hf01694f_1.tar.bz2",
            "labels": [
                "main"
            ],
            "md5": "79ae195f54b791505fd87dc6872d000b",
            "ndownloads": 29,
            "owner": "bioconda",
            "size": 5323313,
            "type": "conda",
            "upload_time": "2020-07-26 02:33:52.652000+00:00",
            "version": "0.5.0"
        },
        {
            "attrs": {
                "arch": "x86_64",
                "build": "py36h4c5857e_1",
                "build_number": 1,
                "depends": [
                    "libgcc-ng >=7.5.0",
                    "megahit",
                    "ngless",
                    "paladin",
                    "pandas",
                    "python >=3.6,<3.7.0a0",
                    "python_abi 3.6.* *_cp36m",
                    "r-base",
                    "r-essentials",
                    "r-peptides",
                    "rpy2",
                    "scikit-learn",
                    "tzlocal"
                ],
                "has_prefix": true,
                "license": "GPLv3",
                "machine": "x86_64",
                "operatingsystem": "linux",
                "platform": "linux",
                "subdir": "linux-64",
                "target-triplet": "x86_64-any-linux",
                "timestamp": 1595729999445
            },
            "basename": "linux-64/macrel-0.5.0-py36h4c5857e_1.tar.bz2",
            "dependencies": {
                "depends": [
                    {
                        "name": "libgcc-ng",
                        "specs": [
                            [
                                ">=",
                                "7.5.0"
                            ]
                        ]
                    },
                    {
                        "name": "megahit",
                        "specs": []
                    },
                    {
                        "name": "ngless",
                        "specs": []
                    },
                    {
                        "name": "paladin",
                        "specs": []
                    },
                    {
                        "name": "pandas",
                        "specs": []
                    },
                    {
                        "name": "python",
                        "specs": [
                            [
                                ">=",
                                "3.6,<3.7.0a0"
                            ]
                        ]
                    },
                    {
                        "name": "python_abi",
                        "specs": [
                            [
                                "==",
                                "3.6.* *_cp36m"
                            ]
                        ]
                    },
                    {
                        "name": "r-base",
                        "specs": []
                    },
                    {
                        "name": "r-essentials",
                        "specs": []
                    },
                    {
                        "name": "r-peptides",
                        "specs": []
                    },
                    {
                        "name": "rpy2",
                        "specs": []
                    },
                    {
                        "name": "scikit-learn",
                        "specs": []
                    },
                    {
                        "name": "tzlocal",
                        "specs": []
                    }
                ]
            },
            "description": null,
            "distribution_type": "conda",
            "download_url": "//api.anaconda.org/download/bioconda/macrel/0.5.0/linux-64/macrel-0.5.0-py36h4c5857e_1.tar.bz2",
            "full_name": "bioconda/macrel/0.5.0/linux-64/macrel-0.5.0-py36h4c5857e_1.tar.bz2",
            "labels": [
                "main"
            ],
            "md5": "a3b42e18319168289b7d538ef0eee725",
            "ndownloads": 12,
            "owner": "bioconda",
            "size": 5312449,
            "type": "conda",
            "upload_time": "2020-07-26 02:33:54.850000+00:00",
            "version": "0.5.0"
        }
    ],
    "full_name": "bioconda/macrel",
    "home": "https://github.com/BigDataBiology/macrel",
    "html_url": "http://anaconda.org/bioconda/macrel",
    "id": "5e1f18c7fe6b2a207470085a",
    "latest_version": "0.5.0",
    "license": "GPLv3",
    "license_url": null,
    "modified_at": "2020-07-26 02:33:55.136000+00:00",
    "name": "macrel",
    "owner": {
        "company": "",
        "created_at": "2015-09-11 22:59:20.880000+00:00",
        "description": "Bioconda is a distribution of bioinformatics software realized as a channel for the versatile Conda package manager.",
        "location": "",
        "login": "bioconda",
        "name": "bioconda",
        "url": "",
        "user_type": "org"
    },
    "package_types": [
        "conda"
    ],
    "public": true,
    "releases": [
        {
            "distributions": [],
            "full_name": "bioconda/macrel/0.2",
            "version": "0.2"
        },
        {
            "distributions": [],
            "full_name": "bioconda/macrel/0.3.1",
            "version": "0.3.1"
        },
        {
            "distributions": [],
            "full_name": "bioconda/macrel/0.4.0",
            "version": "0.4.0"
        },
        {
            "distributions": [],
            "full_name": "bioconda/macrel/0.5.0",
            "version": "0.5.0"
        }
    ],
    "revision": 8,
    "source_git_tag": null,
    "source_git_url": null,
    "summary": "A pipeline for AMP (antimicrobial peptide) prediction",
    "upvoted": 0,
    "url": "http://api.anaconda.org/packages/bioconda/macrel",
    "versions": [
        "0.2",
        "0.3.1",
        "0.4.0",
        "0.5.0"
    ],
    "watchers": 1
}