{
    "app_entry": {},
    "app_summary": {},
    "app_type": {},
    "builds": [
        "h8e334b0_1",
        "h5707e2c_0",
        "h3889886_1",
        "h3889886_0"
    ],
    "conda_platforms": [
        "linux-64"
    ],
    "created_at": "2019-04-03 07:35:06.431000+00:00",
    "description": "",
    "dev_url": null,
    "doc_url": null,
    "files": [
        {
            "attrs": {
                "arch": "x86_64",
                "build": "h5707e2c_0",
                "build_number": 0,
                "depends": [
                    "htslib >=1.9,<1.10.0a0",
                    "kmc",
                    "libgcc-ng >=7.3.0",
                    "libstdcxx-ng >=7.3.0",
                    "zlib >=1.2.11,<1.3.0a0"
                ],
                "has_prefix": false,
                "license": "GPL-3.0-or-later",
                "machine": "x86_64",
                "operatingsystem": "linux",
                "platform": "linux",
                "subdir": "linux-64",
                "target-triplet": "x86_64-any-linux",
                "timestamp": 1554276759138
            },
            "basename": "linux-64/malva-1.0.1-h5707e2c_0.tar.bz2",
            "dependencies": {
                "depends": [
                    {
                        "name": "htslib",
                        "specs": [
                            [
                                ">=",
                                "1.9,<1.10.0a0"
                            ]
                        ]
                    },
                    {
                        "name": "kmc",
                        "specs": []
                    },
                    {
                        "name": "libgcc-ng",
                        "specs": [
                            [
                                ">=",
                                "7.3.0"
                            ]
                        ]
                    },
                    {
                        "name": "libstdcxx-ng",
                        "specs": [
                            [
                                ">=",
                                "7.3.0"
                            ]
                        ]
                    },
                    {
                        "name": "zlib",
                        "specs": [
                            [
                                ">=",
                                "1.2.11,<1.3.0a0"
                            ]
                        ]
                    }
                ]
            },
            "description": null,
            "distribution_type": "conda",
            "download_url": "//api.anaconda.org/download/bioconda/malva/1.0.1/linux-64/malva-1.0.1-h5707e2c_0.tar.bz2",
            "full_name": "bioconda/malva/1.0.1/linux-64/malva-1.0.1-h5707e2c_0.tar.bz2",
            "labels": [
                "main"
            ],
            "md5": "b10e84fa27887bc03909aacba1928a73",
            "ndownloads": 1101,
            "owner": "bioconda",
            "size": 96584,
            "type": "conda",
            "upload_time": "2019-04-03 07:35:07.156000+00:00",
            "version": "1.0.1"
        },
        {
            "attrs": {
                "arch": "x86_64",
                "build": "h5707e2c_0",
                "build_number": 0,
                "depends": [
                    "htslib >=1.9,<1.10.0a0",
                    "kmc",
                    "libgcc-ng >=7.3.0",
                    "libstdcxx-ng >=7.3.0",
                    "zlib >=1.2.11,<1.3.0a0"
                ],
                "has_prefix": false,
                "license": "GPL-3.0-or-later",
                "machine": "x86_64",
                "operatingsystem": "linux",
                "platform": "linux",
                "subdir": "linux-64",
                "target-triplet": "x86_64-any-linux",
                "timestamp": 1561691191571
            },
            "basename": "linux-64/malva-1.1.0-h5707e2c_0.tar.bz2",
            "dependencies": {
                "depends": [
                    {
                        "name": "htslib",
                        "specs": [
                            [
                                ">=",
                                "1.9,<1.10.0a0"
                            ]
                        ]
                    },
                    {
                        "name": "kmc",
                        "specs": []
                    },
                    {
                        "name": "libgcc-ng",
                        "specs": [
                            [
                                ">=",
                                "7.3.0"
                            ]
                        ]
                    },
                    {
                        "name": "libstdcxx-ng",
                        "specs": [
                            [
                                ">=",
                                "7.3.0"
                            ]
                        ]
                    },
                    {
                        "name": "zlib",
                        "specs": [
                            [
                                ">=",
                                "1.2.11,<1.3.0a0"
                            ]
                        ]
                    }
                ]
            },
            "description": null,
            "distribution_type": "conda",
            "download_url": "//api.anaconda.org/download/bioconda/malva/1.1.0/linux-64/malva-1.1.0-h5707e2c_0.tar.bz2",
            "full_name": "bioconda/malva/1.1.0/linux-64/malva-1.1.0-h5707e2c_0.tar.bz2",
            "labels": [
                "main"
            ],
            "md5": "75545e4e463ea16dd4bea48fde897b0e",
            "ndownloads": 887,
            "owner": "bioconda",
            "size": 97825,
            "type": "conda",
            "upload_time": "2019-07-01 05:33:57.129000+00:00",
            "version": "1.1.0"
        },
        {
            "attrs": {
                "arch": "x86_64",
                "build": "h5707e2c_0",
                "build_number": 0,
                "depends": [
                    "htslib >=1.9,<1.10.0a0",
                    "kmc",
                    "libgcc-ng >=7.3.0",
                    "libstdcxx-ng >=7.3.0",
                    "zlib >=1.2.11,<1.3.0a0"
                ],
                "has_prefix": false,
                "license": "GPL-3.0-or-later",
                "machine": "x86_64",
                "operatingsystem": "linux",
                "platform": "linux",
                "subdir": "linux-64",
                "target-triplet": "x86_64-any-linux",
                "timestamp": 1562619306018
            },
            "basename": "linux-64/malva-1.1.1-h5707e2c_0.tar.bz2",
            "dependencies": {
                "depends": [
                    {
                        "name": "htslib",
                        "specs": [
                            [
                                ">=",
                                "1.9,<1.10.0a0"
                            ]
                        ]
                    },
                    {
                        "name": "kmc",
                        "specs": []
                    },
                    {
                        "name": "libgcc-ng",
                        "specs": [
                            [
                                ">=",
                                "7.3.0"
                            ]
                        ]
                    },
                    {
                        "name": "libstdcxx-ng",
                        "specs": [
                            [
                                ">=",
                                "7.3.0"
                            ]
                        ]
                    },
                    {
                        "name": "zlib",
                        "specs": [
                            [
                                ">=",
                                "1.2.11,<1.3.0a0"
                            ]
                        ]
                    }
                ]
            },
            "description": null,
            "distribution_type": "conda",
            "download_url": "//api.anaconda.org/download/bioconda/malva/1.1.1/linux-64/malva-1.1.1-h5707e2c_0.tar.bz2",
            "full_name": "bioconda/malva/1.1.1/linux-64/malva-1.1.1-h5707e2c_0.tar.bz2",
            "labels": [
                "main"
            ],
            "md5": "21e2926de9a3d2c39ab21629ef131dd2",
            "ndownloads": 863,
            "owner": "bioconda",
            "size": 98563,
            "type": "conda",
            "upload_time": "2019-07-08 20:57:00.946000+00:00",
            "version": "1.1.1"
        },
        {
            "attrs": {
                "arch": "x86_64",
                "build": "h3889886_1",
                "build_number": 1,
                "depends": [
                    "htslib >=1.9,<1.10.0a0",
                    "kmc",
                    "libgcc-ng >=7.3.0",
                    "libstdcxx-ng >=7.3.0",
                    "zlib >=1.2.11,<1.3.0a0"
                ],
                "has_prefix": false,
                "license": "GPL-3.0-or-later",
                "machine": "x86_64",
                "operatingsystem": "linux",
                "platform": "linux",
                "subdir": "linux-64",
                "target-triplet": "x86_64-any-linux",
                "timestamp": 1572119186767
            },
            "basename": "linux-64/malva-1.1.1-h3889886_1.tar.bz2",
            "dependencies": {
                "depends": [
                    {
                        "name": "htslib",
                        "specs": [
                            [
                                ">=",
                                "1.9,<1.10.0a0"
                            ]
                        ]
                    },
                    {
                        "name": "kmc",
                        "specs": []
                    },
                    {
                        "name": "libgcc-ng",
                        "specs": [
                            [
                                ">=",
                                "7.3.0"
                            ]
                        ]
                    },
                    {
                        "name": "libstdcxx-ng",
                        "specs": [
                            [
                                ">=",
                                "7.3.0"
                            ]
                        ]
                    },
                    {
                        "name": "zlib",
                        "specs": [
                            [
                                ">=",
                                "1.2.11,<1.3.0a0"
                            ]
                        ]
                    }
                ]
            },
            "description": null,
            "distribution_type": "conda",
            "download_url": "//api.anaconda.org/download/bioconda/malva/1.1.1/linux-64/malva-1.1.1-h3889886_1.tar.bz2",
            "full_name": "bioconda/malva/1.1.1/linux-64/malva-1.1.1-h3889886_1.tar.bz2",
            "labels": [
                "main"
            ],
            "md5": "d84a471df5824d2afa8928e8a65510cb",
            "ndownloads": 52,
            "owner": "bioconda",
            "size": 98769,
            "type": "conda",
            "upload_time": "2019-10-26 19:49:23.481000+00:00",
            "version": "1.1.1"
        },
        {
            "attrs": {
                "arch": "x86_64",
                "build": "h3889886_0",
                "build_number": 0,
                "depends": [
                    "htslib >=1.9,<1.10.0a0",
                    "kmc",
                    "libgcc-ng >=7.3.0",
                    "libstdcxx-ng >=7.3.0",
                    "zlib >=1.2.11,<1.3.0a0"
                ],
                "has_prefix": false,
                "license": "GPL-3.0-or-later",
                "machine": "x86_64",
                "operatingsystem": "linux",
                "platform": "linux",
                "subdir": "linux-64",
                "target-triplet": "x86_64-any-linux",
                "timestamp": 1585927151229
            },
            "basename": "linux-64/malva-1.2.0-h3889886_0.tar.bz2",
            "dependencies": {
                "depends": [
                    {
                        "name": "htslib",
                        "specs": [
                            [
                                ">=",
                                "1.9,<1.10.0a0"
                            ]
                        ]
                    },
                    {
                        "name": "kmc",
                        "specs": []
                    },
                    {
                        "name": "libgcc-ng",
                        "specs": [
                            [
                                ">=",
                                "7.3.0"
                            ]
                        ]
                    },
                    {
                        "name": "libstdcxx-ng",
                        "specs": [
                            [
                                ">=",
                                "7.3.0"
                            ]
                        ]
                    },
                    {
                        "name": "zlib",
                        "specs": [
                            [
                                ">=",
                                "1.2.11,<1.3.0a0"
                            ]
                        ]
                    }
                ]
            },
            "description": null,
            "distribution_type": "conda",
            "download_url": "//api.anaconda.org/download/bioconda/malva/1.2.0/linux-64/malva-1.2.0-h3889886_0.tar.bz2",
            "full_name": "bioconda/malva/1.2.0/linux-64/malva-1.2.0-h3889886_0.tar.bz2",
            "labels": [
                "main"
            ],
            "md5": "230f5caa0aae97cc7297cc2057f969de",
            "ndownloads": 267,
            "owner": "bioconda",
            "size": 99370,
            "type": "conda",
            "upload_time": "2020-04-03 18:03:05.354000+00:00",
            "version": "1.2.0"
        },
        {
            "attrs": {
                "arch": "x86_64",
                "build": "h3889886_0",
                "build_number": 0,
                "depends": [
                    "htslib >=1.9,<1.10.0a0",
                    "kmc",
                    "libgcc-ng >=7.3.0",
                    "libstdcxx-ng >=7.3.0",
                    "zlib >=1.2.11,<1.3.0a0"
                ],
                "has_prefix": false,
                "license": "GPL-3.0-or-later",
                "machine": "x86_64",
                "operatingsystem": "linux",
                "platform": "linux",
                "subdir": "linux-64",
                "target-triplet": "x86_64-any-linux",
                "timestamp": 1587732094123
            },
            "basename": "linux-64/malva-1.3.0-h3889886_0.tar.bz2",
            "dependencies": {
                "depends": [
                    {
                        "name": "htslib",
                        "specs": [
                            [
                                ">=",
                                "1.9,<1.10.0a0"
                            ]
                        ]
                    },
                    {
                        "name": "kmc",
                        "specs": []
                    },
                    {
                        "name": "libgcc-ng",
                        "specs": [
                            [
                                ">=",
                                "7.3.0"
                            ]
                        ]
                    },
                    {
                        "name": "libstdcxx-ng",
                        "specs": [
                            [
                                ">=",
                                "7.3.0"
                            ]
                        ]
                    },
                    {
                        "name": "zlib",
                        "specs": [
                            [
                                ">=",
                                "1.2.11,<1.3.0a0"
                            ]
                        ]
                    }
                ]
            },
            "description": null,
            "distribution_type": "conda",
            "download_url": "//api.anaconda.org/download/bioconda/malva/1.3.0/linux-64/malva-1.3.0-h3889886_0.tar.bz2",
            "full_name": "bioconda/malva/1.3.0/linux-64/malva-1.3.0-h3889886_0.tar.bz2",
            "labels": [
                "main"
            ],
            "md5": "59fd526958fae68ed54965bf5e7f4015",
            "ndownloads": 222,
            "owner": "bioconda",
            "size": 100029,
            "type": "conda",
            "upload_time": "2020-04-24 12:44:34.438000+00:00",
            "version": "1.3.0"
        },
        {
            "attrs": {
                "arch": "x86_64",
                "build": "h3889886_0",
                "build_number": 0,
                "depends": [
                    "htslib >=1.9,<1.10.0a0",
                    "kmc",
                    "libgcc-ng >=7.3.0",
                    "libstdcxx-ng >=7.3.0",
                    "zlib >=1.2.11,<1.3.0a0"
                ],
                "has_prefix": false,
                "license": "GPL-3.0-or-later",
                "machine": "x86_64",
                "operatingsystem": "linux",
                "platform": "linux",
                "subdir": "linux-64",
                "target-triplet": "x86_64-any-linux",
                "timestamp": 1588266701470
            },
            "basename": "linux-64/malva-1.3.1-h3889886_0.tar.bz2",
            "dependencies": {
                "depends": [
                    {
                        "name": "htslib",
                        "specs": [
                            [
                                ">=",
                                "1.9,<1.10.0a0"
                            ]
                        ]
                    },
                    {
                        "name": "kmc",
                        "specs": []
                    },
                    {
                        "name": "libgcc-ng",
                        "specs": [
                            [
                                ">=",
                                "7.3.0"
                            ]
                        ]
                    },
                    {
                        "name": "libstdcxx-ng",
                        "specs": [
                            [
                                ">=",
                                "7.3.0"
                            ]
                        ]
                    },
                    {
                        "name": "zlib",
                        "specs": [
                            [
                                ">=",
                                "1.2.11,<1.3.0a0"
                            ]
                        ]
                    }
                ]
            },
            "description": null,
            "distribution_type": "conda",
            "download_url": "//api.anaconda.org/download/bioconda/malva/1.3.1/linux-64/malva-1.3.1-h3889886_0.tar.bz2",
            "full_name": "bioconda/malva/1.3.1/linux-64/malva-1.3.1-h3889886_0.tar.bz2",
            "labels": [
                "main"
            ],
            "md5": "d56a8503ce0c61411e9b250491d37a08",
            "ndownloads": 151,
            "owner": "bioconda",
            "size": 100258,
            "type": "conda",
            "upload_time": "2020-04-30 17:22:36.064000+00:00",
            "version": "1.3.1"
        },
        {
            "attrs": {
                "arch": "x86_64",
                "build": "h8e334b0_1",
                "build_number": 1,
                "depends": [
                    "htslib >=1.10.2,<1.11.0a0",
                    "kmc",
                    "libgcc-ng >=7.5.0",
                    "libstdcxx-ng >=7.5.0",
                    "zlib >=1.2.11,<1.3.0a0"
                ],
                "has_prefix": false,
                "license": "GPL-3.0-or-later",
                "machine": "x86_64",
                "operatingsystem": "linux",
                "platform": "linux",
                "subdir": "linux-64",
                "target-triplet": "x86_64-any-linux",
                "timestamp": 1593749304490
            },
            "basename": "linux-64/malva-1.3.1-h8e334b0_1.tar.bz2",
            "dependencies": {
                "depends": [
                    {
                        "name": "htslib",
                        "specs": [
                            [
                                ">=",
                                "1.10.2,<1.11.0a0"
                            ]
                        ]
                    },
                    {
                        "name": "kmc",
                        "specs": []
                    },
                    {
                        "name": "libgcc-ng",
                        "specs": [
                            [
                                ">=",
                                "7.5.0"
                            ]
                        ]
                    },
                    {
                        "name": "libstdcxx-ng",
                        "specs": [
                            [
                                ">=",
                                "7.5.0"
                            ]
                        ]
                    },
                    {
                        "name": "zlib",
                        "specs": [
                            [
                                ">=",
                                "1.2.11,<1.3.0a0"
                            ]
                        ]
                    }
                ]
            },
            "description": null,
            "distribution_type": "conda",
            "download_url": "//api.anaconda.org/download/bioconda/malva/1.3.1/linux-64/malva-1.3.1-h8e334b0_1.tar.bz2",
            "full_name": "bioconda/malva/1.3.1/linux-64/malva-1.3.1-h8e334b0_1.tar.bz2",
            "labels": [
                "main"
            ],
            "md5": "847590fc13486971e29c492ef3ad8849",
            "ndownloads": 74,
            "owner": "bioconda",
            "size": 100418,
            "type": "conda",
            "upload_time": "2020-07-03 04:10:47.292000+00:00",
            "version": "1.3.1"
        }
    ],
    "full_name": "bioconda/malva",
    "home": "https://algolab.github.io/malva/",
    "html_url": "http://anaconda.org/bioconda/malva",
    "id": "5ca4622a036b861cb77114a0",
    "latest_version": "1.3.1",
    "license": "GPL-3.0-or-later",
    "license_url": null,
    "modified_at": "2020-07-03 04:10:47.609000+00:00",
    "name": "malva",
    "owner": {
        "company": "",
        "created_at": "2015-09-11 22:59:20.880000+00:00",
        "description": "Bioconda is a distribution of bioinformatics software realized as a channel for the versatile Conda package manager.",
        "location": "",
        "login": "bioconda",
        "name": "bioconda",
        "url": "",
        "user_type": "org"
    },
    "package_types": [
        "conda"
    ],
    "public": true,
    "releases": [
        {
            "distributions": [],
            "full_name": "bioconda/malva/1.0.1",
            "version": "1.0.1"
        },
        {
            "distributions": [],
            "full_name": "bioconda/malva/1.1.0",
            "version": "1.1.0"
        },
        {
            "distributions": [],
            "full_name": "bioconda/malva/1.1.1",
            "version": "1.1.1"
        },
        {
            "distributions": [],
            "full_name": "bioconda/malva/1.2.0",
            "version": "1.2.0"
        },
        {
            "distributions": [],
            "full_name": "bioconda/malva/1.3.0",
            "version": "1.3.0"
        },
        {
            "distributions": [],
            "full_name": "bioconda/malva/1.3.1",
            "version": "1.3.1"
        }
    ],
    "revision": 12,
    "source_git_tag": null,
    "source_git_url": null,
    "summary": "genotyping by Mapping-free ALternate-allele detection of known VAriants",
    "upvoted": 0,
    "url": "http://api.anaconda.org/packages/bioconda/malva",
    "versions": [
        "1.0.1",
        "1.1.0",
        "1.1.1",
        "1.2.0",
        "1.3.0",
        "1.3.1"
    ],
    "watchers": 1
}