{
    "app_entry": {},
    "app_summary": {},
    "app_type": {},
    "builds": [
        "h2688d6d_1",
        "0",
        "h2688d6d_0"
    ],
    "conda_platforms": [
        "linux-64",
        "noarch"
    ],
    "created_at": "2018-07-10 20:07:39.466000+00:00",
    "description": "",
    "dev_url": "https://sourceforge.net/projects/mauve/",
    "doc_url": null,
    "files": [
        {
            "attrs": {
                "arch": "x86_64",
                "build": "0",
                "build_number": 0,
                "depends": [
                    "mauvealigner",
                    "openjdk >=8.0.122"
                ],
                "has_prefix": false,
                "license": "GPL-2.0",
                "license_family": "GPL",
                "machine": "x86_64",
                "operatingsystem": "linux",
                "platform": "linux",
                "subdir": "linux-64",
                "target-triplet": "x86_64-any-linux",
                "timestamp": 1531253100382
            },
            "basename": "linux-64/mauve-2.4.0.r4736-0.tar.bz2",
            "dependencies": {
                "depends": [
                    {
                        "name": "mauvealigner",
                        "specs": []
                    },
                    {
                        "name": "openjdk",
                        "specs": [
                            [
                                ">=",
                                "8.0.122"
                            ]
                        ]
                    }
                ]
            },
            "description": null,
            "distribution_type": "conda",
            "download_url": "//api.anaconda.org/download/bioconda/mauve/2.4.0.r4736/linux-64/mauve-2.4.0.r4736-0.tar.bz2",
            "full_name": "bioconda/mauve/2.4.0.r4736/linux-64/mauve-2.4.0.r4736-0.tar.bz2",
            "labels": [
                "main",
                "cf201901"
            ],
            "md5": "b92a3c4129fe0939671ccff466fd88d5",
            "ndownloads": 1856,
            "owner": "bioconda",
            "size": 6437085,
            "type": "conda",
            "upload_time": "2018-07-10 20:07:40.071000+00:00",
            "version": "2.4.0.r4736"
        },
        {
            "attrs": {
                "arch": null,
                "build": "h2688d6d_0",
                "build_number": 0,
                "depends": [
                    "font-ttf-dejavu-sans-mono",
                    "fontconfig >=2.13.1,<3.0a0",
                    "mauvealigner",
                    "openjdk"
                ],
                "has_prefix": false,
                "license": "GPL-2.0",
                "license_family": "GPL",
                "machine": null,
                "noarch": "generic",
                "operatingsystem": null,
                "platform": null,
                "subdir": "noarch",
                "target-triplet": "None-any-None",
                "timestamp": 1568226782758
            },
            "basename": "noarch/mauve-2.4.0.snapshot_2015_02_13-h2688d6d_0.tar.bz2",
            "dependencies": {
                "depends": [
                    {
                        "name": "font-ttf-dejavu-sans-mono",
                        "specs": []
                    },
                    {
                        "name": "fontconfig",
                        "specs": [
                            [
                                ">=",
                                "2.13.1,<3.0a0"
                            ]
                        ]
                    },
                    {
                        "name": "mauvealigner",
                        "specs": []
                    },
                    {
                        "name": "openjdk",
                        "specs": []
                    }
                ]
            },
            "description": null,
            "distribution_type": "conda",
            "download_url": "//api.anaconda.org/download/bioconda/mauve/2.4.0.snapshot_2015_02_13/noarch/mauve-2.4.0.snapshot_2015_02_13-h2688d6d_0.tar.bz2",
            "full_name": "bioconda/mauve/2.4.0.snapshot_2015_02_13/noarch/mauve-2.4.0.snapshot_2015_02_13-h2688d6d_0.tar.bz2",
            "labels": [
                "main"
            ],
            "md5": "b8b1338d468b8c0ac6d944a88a11d477",
            "ndownloads": 104,
            "owner": "bioconda",
            "size": 9355417,
            "type": "conda",
            "upload_time": "2019-09-11 18:37:10.642000+00:00",
            "version": "2.4.0.snapshot_2015_02_13"
        },
        {
            "attrs": {
                "arch": null,
                "build": "h2688d6d_1",
                "build_number": 1,
                "depends": [
                    "font-ttf-dejavu-sans-mono",
                    "fontconfig >=2.13.1,<3.0a0",
                    "mauvealigner",
                    "openjdk"
                ],
                "has_prefix": false,
                "license": "GPL-2.0",
                "license_family": "GPL",
                "machine": null,
                "noarch": "generic",
                "operatingsystem": null,
                "platform": null,
                "subdir": "noarch",
                "target-triplet": "None-any-None",
                "timestamp": 1568230432715
            },
            "basename": "noarch/mauve-2.4.0.r4736-h2688d6d_1.tar.bz2",
            "dependencies": {
                "depends": [
                    {
                        "name": "font-ttf-dejavu-sans-mono",
                        "specs": []
                    },
                    {
                        "name": "fontconfig",
                        "specs": [
                            [
                                ">=",
                                "2.13.1,<3.0a0"
                            ]
                        ]
                    },
                    {
                        "name": "mauvealigner",
                        "specs": []
                    },
                    {
                        "name": "openjdk",
                        "specs": []
                    }
                ]
            },
            "description": null,
            "distribution_type": "conda",
            "download_url": "//api.anaconda.org/download/bioconda/mauve/2.4.0.r4736/noarch/mauve-2.4.0.r4736-h2688d6d_1.tar.bz2",
            "full_name": "bioconda/mauve/2.4.0.r4736/noarch/mauve-2.4.0.r4736-h2688d6d_1.tar.bz2",
            "labels": [
                "main"
            ],
            "md5": "7174eeb538cb8689fad6cbb43c5dc39e",
            "ndownloads": 119,
            "owner": "bioconda",
            "size": 6456822,
            "type": "conda",
            "upload_time": "2019-09-11 19:38:06.278000+00:00",
            "version": "2.4.0.r4736"
        },
        {
            "attrs": {
                "arch": null,
                "build": "h2688d6d_1",
                "build_number": 1,
                "depends": [
                    "font-ttf-dejavu-sans-mono",
                    "fontconfig >=2.13.1,<3.0a0",
                    "mauvealigner",
                    "openjdk"
                ],
                "has_prefix": false,
                "license": "GPL-2.0",
                "license_family": "GPL",
                "machine": null,
                "noarch": "generic",
                "operatingsystem": null,
                "platform": null,
                "subdir": "noarch",
                "target-triplet": "None-any-None",
                "timestamp": 1572101931186
            },
            "basename": "noarch/mauve-2.4.0.snapshot_2015_02_13-h2688d6d_1.tar.bz2",
            "dependencies": {
                "depends": [
                    {
                        "name": "font-ttf-dejavu-sans-mono",
                        "specs": []
                    },
                    {
                        "name": "fontconfig",
                        "specs": [
                            [
                                ">=",
                                "2.13.1,<3.0a0"
                            ]
                        ]
                    },
                    {
                        "name": "mauvealigner",
                        "specs": []
                    },
                    {
                        "name": "openjdk",
                        "specs": []
                    }
                ]
            },
            "description": null,
            "distribution_type": "conda",
            "download_url": "//api.anaconda.org/download/bioconda/mauve/2.4.0.snapshot_2015_02_13/noarch/mauve-2.4.0.snapshot_2015_02_13-h2688d6d_1.tar.bz2",
            "full_name": "bioconda/mauve/2.4.0.snapshot_2015_02_13/noarch/mauve-2.4.0.snapshot_2015_02_13-h2688d6d_1.tar.bz2",
            "labels": [
                "main"
            ],
            "md5": "204351ec41b51f66986d20b00df93a95",
            "ndownloads": 106,
            "owner": "bioconda",
            "size": 9340854,
            "type": "conda",
            "upload_time": "2019-10-26 15:04:04.874000+00:00",
            "version": "2.4.0.snapshot_2015_02_13"
        }
    ],
    "full_name": "bioconda/mauve",
    "home": "http://darlinglab.org/mauve/",
    "html_url": "http://anaconda.org/bioconda/mauve",
    "id": "5b45120bb95afb13121ccd4f",
    "latest_version": "2.4.0.snapshot_2015_02_13",
    "license": "GPL-2.0",
    "license_url": null,
    "modified_at": "2019-10-26 15:04:05.335000+00:00",
    "name": "mauve",
    "owner": {
        "company": "",
        "created_at": "2015-09-11 22:59:20.880000+00:00",
        "description": "Bioconda is a distribution of bioinformatics software realized as a channel for the versatile Conda package manager.",
        "location": "",
        "login": "bioconda",
        "name": "bioconda",
        "url": "",
        "user_type": "org"
    },
    "package_types": [
        "conda"
    ],
    "public": true,
    "releases": [
        {
            "distributions": [],
            "full_name": "bioconda/mauve/2.4.0.r4736",
            "version": "2.4.0.r4736"
        },
        {
            "distributions": [],
            "full_name": "bioconda/mauve/2.4.0.snapshot_2015_02_13",
            "version": "2.4.0.snapshot_2015_02_13"
        }
    ],
    "revision": 4,
    "source_git_tag": null,
    "source_git_url": null,
    "summary": "Mauve is a system for constructing multiple genome alignments in the presence of large-scale evolutionary events such as rearrangement and inversion",
    "upvoted": 0,
    "url": "http://api.anaconda.org/packages/bioconda/mauve",
    "versions": [
        "2.4.0.r4736",
        "2.4.0.snapshot_2015_02_13"
    ],
    "watchers": 1
}