{
    "app_entry": {},
    "app_summary": {},
    "app_type": {},
    "builds": [
        "h470a237_1",
        "0"
    ],
    "conda_platforms": [
        "linux-64"
    ],
    "created_at": "2016-12-21 21:54:49.404000+00:00",
    "description": "None",
    "dev_url": {},
    "doc_url": {},
    "files": [
        {
            "attrs": {
                "arch": "x86_64",
                "build": "h470a237_1",
                "build_number": 1,
                "depends": [
                    "libgcc-ng >=4.9"
                ],
                "has_prefix": false,
                "license": "The Artistic License",
                "machine": "x86_64",
                "operatingsystem": "linux",
                "platform": "linux",
                "subdir": "linux-64",
                "target-triplet": "x86_64-any-linux",
                "timestamp": 1531455445180
            },
            "basename": "linux-64/mdust-2006.10.17-h470a237_1.tar.bz2",
            "dependencies": {
                "depends": [
                    {
                        "name": "libgcc-ng",
                        "specs": [
                            [
                                ">=",
                                "4.9"
                            ]
                        ]
                    }
                ]
            },
            "description": null,
            "distribution_type": "conda",
            "download_url": "//api.anaconda.org/download/bioconda/mdust/2006.10.17/linux-64/mdust-2006.10.17-h470a237_1.tar.bz2",
            "full_name": "bioconda/mdust/2006.10.17/linux-64/mdust-2006.10.17-h470a237_1.tar.bz2",
            "labels": [
                "main",
                "cf201901"
            ],
            "md5": "6cbff96fcde494a06d0e6d9fa0f94f02",
            "ndownloads": 764,
            "owner": "bioconda",
            "size": 10930,
            "type": "conda",
            "upload_time": "2018-07-13 04:18:42.414000+00:00",
            "version": "2006.10.17"
        },
        {
            "attrs": {
                "arch": "x86_64",
                "build": "0",
                "build_number": 0,
                "depends": [
                    "libgcc"
                ],
                "has_prefix": true,
                "license": "The Artistic License",
                "machine": "x86_64",
                "operatingsystem": "linux",
                "platform": "linux",
                "subdir": "linux-64",
                "target-triplet": "x86_64-any-linux"
            },
            "basename": "linux-64/mdust-2006.10.17-0.tar.bz2",
            "dependencies": {
                "depends": [
                    {
                        "name": "libgcc",
                        "specs": []
                    }
                ]
            },
            "description": null,
            "distribution_type": "conda",
            "download_url": "//api.anaconda.org/download/bioconda/mdust/2006.10.17/linux-64/mdust-2006.10.17-0.tar.bz2",
            "full_name": "bioconda/mdust/2006.10.17/linux-64/mdust-2006.10.17-0.tar.bz2",
            "labels": [
                "main",
                "cf201901"
            ],
            "md5": "7d93883df1d9acb0160796e1388a3940",
            "ndownloads": 783,
            "owner": "bioconda",
            "size": 9539,
            "type": "conda",
            "upload_time": "2016-12-21 21:54:49.728000+00:00",
            "version": "2006.10.17"
        }
    ],
    "full_name": "bioconda/mdust",
    "home": "None",
    "html_url": "http://anaconda.org/bioconda/mdust",
    "id": "585afa2939af2d0fe9918e16",
    "latest_version": "2006.10.17",
    "license": {},
    "license_url": {},
    "modified_at": "2018-07-13 04:18:42.846000+00:00",
    "name": "mdust",
    "owner": {
        "company": "",
        "created_at": "2015-09-11 22:59:20.880000+00:00",
        "description": "Bioconda is a distribution of bioinformatics software realized as a channel for the versatile Conda package manager.",
        "location": "",
        "login": "bioconda",
        "name": "bioconda",
        "url": "",
        "user_type": "org"
    },
    "package_types": [
        "conda"
    ],
    "public": true,
    "releases": [
        {
            "distributions": [],
            "full_name": "bioconda/mdust/2006.10.17",
            "version": "2006.10.17"
        }
    ],
    "revision": 1,
    "source_git_tag": {},
    "source_git_url": {},
    "summary": "",
    "upvoted": 0,
    "url": "http://api.anaconda.org/packages/bioconda/mdust",
    "versions": [
        "2006.10.17"
    ],
    "watchers": 1
}