{
    "app_entry": {},
    "app_summary": {},
    "app_type": {},
    "builds": [
        "he1b5a44_0"
    ],
    "conda_platforms": [
        "linux-64"
    ],
    "created_at": "2020-04-16 17:28:41.906000+00:00",
    "description": "",
    "dev_url": null,
    "doc_url": null,
    "files": [
        {
            "attrs": {
                "arch": "x86_64",
                "build": "he1b5a44_0",
                "build_number": 0,
                "depends": [
                    "libgcc-ng >=7.3.0",
                    "libstdcxx-ng >=7.3.0"
                ],
                "has_prefix": false,
                "license": "GPL-3.0",
                "license_family": "GPL",
                "machine": "x86_64",
                "operatingsystem": "linux",
                "platform": "linux",
                "subdir": "linux-64",
                "target-triplet": "x86_64-any-linux",
                "timestamp": 1586638165167
            },
            "basename": "linux-64/mergenotcombined-1.0-he1b5a44_0.tar.bz2",
            "dependencies": {
                "depends": [
                    {
                        "name": "libgcc-ng",
                        "specs": [
                            [
                                ">=",
                                "7.3.0"
                            ]
                        ]
                    },
                    {
                        "name": "libstdcxx-ng",
                        "specs": [
                            [
                                ">=",
                                "7.3.0"
                            ]
                        ]
                    }
                ]
            },
            "description": null,
            "distribution_type": "conda",
            "download_url": "//api.anaconda.org/download/bioconda/mergenotcombined/1.0/linux-64/mergenotcombined-1.0-he1b5a44_0.tar.bz2",
            "full_name": "bioconda/mergenotcombined/1.0/linux-64/mergenotcombined-1.0-he1b5a44_0.tar.bz2",
            "labels": [
                "main"
            ],
            "md5": "12f2909c773c71b2bb4686224938fb65",
            "ndownloads": 238,
            "owner": "bioconda",
            "size": 22168,
            "type": "conda",
            "upload_time": "2020-04-16 17:28:42.928000+00:00",
            "version": "1.0"
        }
    ],
    "full_name": "bioconda/mergenotcombined",
    "home": "https://github.com/andvides/mergeNotCombined.git",
    "html_url": "http://anaconda.org/bioconda/mergenotcombined",
    "id": "5e9895c9778a87708f8dab7e",
    "latest_version": "1.0",
    "license": "GPL-3.0",
    "license_url": null,
    "modified_at": "2020-04-16 17:28:43.207000+00:00",
    "name": "mergenotcombined",
    "owner": {
        "company": "",
        "created_at": "2015-09-11 22:59:20.880000+00:00",
        "description": "Bioconda is a distribution of bioinformatics software realized as a channel for the versatile Conda package manager.",
        "location": "",
        "login": "bioconda",
        "name": "bioconda",
        "url": "",
        "user_type": "org"
    },
    "package_types": [
        "conda"
    ],
    "public": true,
    "releases": [
        {
            "distributions": [],
            "full_name": "bioconda/mergenotcombined/1.0",
            "version": "1.0"
        }
    ],
    "revision": 2,
    "source_git_tag": null,
    "source_git_url": null,
    "summary": "Merge Forward and reverse reads from fastq files",
    "upvoted": 0,
    "url": "http://api.anaconda.org/packages/bioconda/mergenotcombined",
    "versions": [
        "1.0"
    ],
    "watchers": 1
}