{
    "app_entry": {},
    "app_summary": {},
    "app_type": {},
    "builds": [
        "py_0",
        "pyh864c0ab_1",
        "pyh9f0ad1d_0"
    ],
    "conda_platforms": [
        "noarch"
    ],
    "created_at": "2020-04-23 19:34:06.905000+00:00",
    "description": "",
    "dev_url": "https://github.com/nlapier2/Metalign",
    "doc_url": "https://github.com/nlapier2/Metalign",
    "files": [
        {
            "attrs": {
                "arch": null,
                "build": "py_0",
                "build_number": 0,
                "depends": [
                    "cmash >=0.4.0",
                    "kmc",
                    "minimap2",
                    "python"
                ],
                "has_prefix": false,
                "license": "MIT",
                "license_family": "MIT",
                "machine": null,
                "noarch": "python",
                "operatingsystem": null,
                "platform": null,
                "subdir": "noarch",
                "target-triplet": "None-any-None",
                "timestamp": 1587664423067
            },
            "basename": "noarch/metalign-0.12.2-py_0.tar.bz2",
            "dependencies": {
                "depends": [
                    {
                        "name": "cmash",
                        "specs": [
                            [
                                ">=",
                                "0.4.0"
                            ]
                        ]
                    },
                    {
                        "name": "kmc",
                        "specs": []
                    },
                    {
                        "name": "minimap2",
                        "specs": []
                    },
                    {
                        "name": "python",
                        "specs": []
                    }
                ]
            },
            "description": null,
            "distribution_type": "conda",
            "download_url": "//api.anaconda.org/download/bioconda/metalign/0.12.2/noarch/metalign-0.12.2-py_0.tar.bz2",
            "full_name": "bioconda/metalign/0.12.2/noarch/metalign-0.12.2-py_0.tar.bz2",
            "labels": [
                "main"
            ],
            "md5": "f9841e64db8ab9fe8302a84df4f8f2f4",
            "ndownloads": 14,
            "owner": "bioconda",
            "size": 17194,
            "type": "conda",
            "upload_time": "2020-04-23 19:34:07.698000+00:00",
            "version": "0.12.2"
        },
        {
            "attrs": {
                "arch": null,
                "build": "py_0",
                "build_number": 0,
                "depends": [
                    "cmash >=0.4.0",
                    "kmc",
                    "minimap2",
                    "python"
                ],
                "has_prefix": false,
                "license": "MIT",
                "license_family": "MIT",
                "machine": null,
                "noarch": "python",
                "operatingsystem": null,
                "platform": null,
                "subdir": "noarch",
                "target-triplet": "None-any-None",
                "timestamp": 1587961244232
            },
            "basename": "noarch/metalign-0.12.3-py_0.tar.bz2",
            "dependencies": {
                "depends": [
                    {
                        "name": "cmash",
                        "specs": [
                            [
                                ">=",
                                "0.4.0"
                            ]
                        ]
                    },
                    {
                        "name": "kmc",
                        "specs": []
                    },
                    {
                        "name": "minimap2",
                        "specs": []
                    },
                    {
                        "name": "python",
                        "specs": []
                    }
                ]
            },
            "description": null,
            "distribution_type": "conda",
            "download_url": "//api.anaconda.org/download/bioconda/metalign/0.12.3/noarch/metalign-0.12.3-py_0.tar.bz2",
            "full_name": "bioconda/metalign/0.12.3/noarch/metalign-0.12.3-py_0.tar.bz2",
            "labels": [
                "main"
            ],
            "md5": "40ebd678c3a9362b1fa9b1f86795d81b",
            "ndownloads": 16,
            "owner": "bioconda",
            "size": 17142,
            "type": "conda",
            "upload_time": "2020-04-27 13:24:59.552000+00:00",
            "version": "0.12.3"
        },
        {
            "attrs": {
                "arch": null,
                "build": "pyh9f0ad1d_0",
                "build_number": 0,
                "depends": [
                    "cmash >=0.4.0",
                    "kmc",
                    "minimap2",
                    "python"
                ],
                "has_prefix": false,
                "license": "MIT",
                "license_family": "MIT",
                "machine": null,
                "noarch": "python",
                "operatingsystem": null,
                "platform": null,
                "subdir": "noarch",
                "target-triplet": "None-any-None",
                "timestamp": 1590775950469
            },
            "basename": "noarch/metalign-0.12.5-pyh9f0ad1d_0.tar.bz2",
            "dependencies": {
                "depends": [
                    {
                        "name": "cmash",
                        "specs": [
                            [
                                ">=",
                                "0.4.0"
                            ]
                        ]
                    },
                    {
                        "name": "kmc",
                        "specs": []
                    },
                    {
                        "name": "minimap2",
                        "specs": []
                    },
                    {
                        "name": "python",
                        "specs": []
                    }
                ]
            },
            "description": null,
            "distribution_type": "conda",
            "download_url": "//api.anaconda.org/download/bioconda/metalign/0.12.5/noarch/metalign-0.12.5-pyh9f0ad1d_0.tar.bz2",
            "full_name": "bioconda/metalign/0.12.5/noarch/metalign-0.12.5-pyh9f0ad1d_0.tar.bz2",
            "labels": [
                "main"
            ],
            "md5": "7ff24ec4f478bdbdd5239125550b29f4",
            "ndownloads": 16,
            "owner": "bioconda",
            "size": 17404,
            "type": "conda",
            "upload_time": "2020-05-30 00:39:24.906000+00:00",
            "version": "0.12.5"
        },
        {
            "attrs": {
                "arch": null,
                "build": "pyh864c0ab_1",
                "build_number": 1,
                "depends": [
                    "cmash >=0.4.0",
                    "kmc",
                    "minimap2",
                    "python"
                ],
                "has_prefix": false,
                "license": "MIT",
                "license_family": "MIT",
                "machine": null,
                "noarch": "python",
                "operatingsystem": null,
                "platform": null,
                "subdir": "noarch",
                "target-triplet": "None-any-None",
                "timestamp": 1595916493296
            },
            "basename": "noarch/metalign-0.12.5-pyh864c0ab_1.tar.bz2",
            "dependencies": {
                "depends": [
                    {
                        "name": "cmash",
                        "specs": [
                            [
                                ">=",
                                "0.4.0"
                            ]
                        ]
                    },
                    {
                        "name": "kmc",
                        "specs": []
                    },
                    {
                        "name": "minimap2",
                        "specs": []
                    },
                    {
                        "name": "python",
                        "specs": []
                    }
                ]
            },
            "description": null,
            "distribution_type": "conda",
            "download_url": "//api.anaconda.org/download/bioconda/metalign/0.12.5/noarch/metalign-0.12.5-pyh864c0ab_1.tar.bz2",
            "full_name": "bioconda/metalign/0.12.5/noarch/metalign-0.12.5-pyh864c0ab_1.tar.bz2",
            "labels": [
                "main"
            ],
            "md5": "907c19bf965401ba9db7b27afed74d46",
            "ndownloads": 6,
            "owner": "bioconda",
            "size": 17416,
            "type": "conda",
            "upload_time": "2020-07-28 06:12:30.815000+00:00",
            "version": "0.12.5"
        }
    ],
    "full_name": "bioconda/metalign",
    "home": "https://github.com/nlapier2/Metalign",
    "html_url": "http://anaconda.org/bioconda/metalign",
    "id": "5ea1edae778a87708d72858a",
    "latest_version": "0.12.5",
    "license": "MIT",
    "license_url": null,
    "modified_at": "2020-07-28 06:12:31.023000+00:00",
    "name": "metalign",
    "owner": {
        "company": "",
        "created_at": "2015-09-11 22:59:20.880000+00:00",
        "description": "Bioconda is a distribution of bioinformatics software realized as a channel for the versatile Conda package manager.",
        "location": "",
        "login": "bioconda",
        "name": "bioconda",
        "url": "",
        "user_type": "org"
    },
    "package_types": [
        "conda"
    ],
    "public": true,
    "releases": [
        {
            "distributions": [],
            "full_name": "bioconda/metalign/0.12.2",
            "version": "0.12.2"
        },
        {
            "distributions": [],
            "full_name": "bioconda/metalign/0.12.3",
            "version": "0.12.3"
        },
        {
            "distributions": [],
            "full_name": "bioconda/metalign/0.12.5",
            "version": "0.12.5"
        }
    ],
    "revision": 6,
    "source_git_tag": null,
    "source_git_url": null,
    "summary": "Metalign: efficient alignment-based metagenomic profiling via containment min hash",
    "upvoted": 0,
    "url": "http://api.anaconda.org/packages/bioconda/metalign",
    "versions": [
        "0.12.2",
        "0.12.3",
        "0.12.5"
    ],
    "watchers": 1
}