{
    "app_entry": {},
    "app_summary": {},
    "app_type": {},
    "builds": [
        "1",
        "0",
        "h3727419_2"
    ],
    "conda_platforms": [
        "linux-64"
    ],
    "created_at": "2017-04-11 16:23:36.520000+00:00",
    "description": "",
    "dev_url": {},
    "doc_url": {},
    "files": [
        {
            "attrs": {
                "arch": "x86_64",
                "build": "0",
                "build_number": 0,
                "depends": [
                    "boost 1.61*",
                    "libgcc"
                ],
                "has_prefix": true,
                "license": "GPL3",
                "machine": "x86_64",
                "operatingsystem": "linux",
                "platform": "linux",
                "subdir": "linux-64",
                "target-triplet": "x86_64-any-linux"
            },
            "basename": "linux-64/mgs-canopy-1.0-0.tar.bz2",
            "dependencies": {
                "depends": [
                    {
                        "name": "boost",
                        "specs": [
                            [
                                "==",
                                "1.61"
                            ]
                        ]
                    },
                    {
                        "name": "libgcc",
                        "specs": []
                    }
                ]
            },
            "description": null,
            "distribution_type": "conda",
            "download_url": "//api.anaconda.org/download/bioconda/mgs-canopy/1.0/linux-64/mgs-canopy-1.0-0.tar.bz2",
            "full_name": "bioconda/mgs-canopy/1.0/linux-64/mgs-canopy-1.0-0.tar.bz2",
            "labels": [
                "main",
                "cf201901"
            ],
            "md5": "7b5bed645940ef8323fe3a4d25607190",
            "ndownloads": 405,
            "owner": "bioconda",
            "size": 87450,
            "type": "conda",
            "upload_time": "2017-04-11 16:23:36.913000+00:00",
            "version": "1.0"
        },
        {
            "attrs": {
                "arch": "x86_64",
                "build": "1",
                "build_number": 1,
                "depends": [
                    "boost 1.64*",
                    "libgcc"
                ],
                "has_prefix": true,
                "license": "GPL3",
                "machine": "x86_64",
                "operatingsystem": "linux",
                "platform": "linux",
                "subdir": "linux-64",
                "target-triplet": "x86_64-any-linux"
            },
            "basename": "linux-64/mgs-canopy-1.0-1.tar.bz2",
            "dependencies": {
                "depends": [
                    {
                        "name": "boost",
                        "specs": [
                            [
                                "==",
                                "1.64"
                            ]
                        ]
                    },
                    {
                        "name": "libgcc",
                        "specs": []
                    }
                ]
            },
            "description": null,
            "distribution_type": "conda",
            "download_url": "//api.anaconda.org/download/bioconda/mgs-canopy/1.0/linux-64/mgs-canopy-1.0-1.tar.bz2",
            "full_name": "bioconda/mgs-canopy/1.0/linux-64/mgs-canopy-1.0-1.tar.bz2",
            "labels": [
                "main",
                "cf201901"
            ],
            "md5": "a1f08ec9cec1272b891da2cd32bab3f3",
            "ndownloads": 773,
            "owner": "bioconda",
            "size": 85913,
            "type": "conda",
            "upload_time": "2017-11-27 14:36:10.913000+00:00",
            "version": "1.0"
        },
        {
            "attrs": {
                "arch": "x86_64",
                "build": "h3727419_2",
                "build_number": 2,
                "depends": [
                    "boost >=1.66.0,<1.66.1.0a0",
                    "libgcc-ng >=4.9"
                ],
                "has_prefix": true,
                "license": "GPL3",
                "machine": "x86_64",
                "operatingsystem": "linux",
                "platform": "linux",
                "subdir": "linux-64",
                "target-triplet": "x86_64-any-linux",
                "timestamp": 1531493287227
            },
            "basename": "linux-64/mgs-canopy-1.0-h3727419_2.tar.bz2",
            "dependencies": {
                "depends": [
                    {
                        "name": "boost",
                        "specs": [
                            [
                                ">=",
                                "1.66.0,<1.66.1.0a0"
                            ]
                        ]
                    },
                    {
                        "name": "libgcc-ng",
                        "specs": [
                            [
                                ">=",
                                "4.9"
                            ]
                        ]
                    }
                ]
            },
            "description": null,
            "distribution_type": "conda",
            "download_url": "//api.anaconda.org/download/bioconda/mgs-canopy/1.0/linux-64/mgs-canopy-1.0-h3727419_2.tar.bz2",
            "full_name": "bioconda/mgs-canopy/1.0/linux-64/mgs-canopy-1.0-h3727419_2.tar.bz2",
            "labels": [
                "main",
                "cf201901"
            ],
            "md5": "5db8cccf3f4468fd0adaec7df795a812",
            "ndownloads": 600,
            "owner": "bioconda",
            "size": 87750,
            "type": "conda",
            "upload_time": "2018-07-13 14:52:02.316000+00:00",
            "version": "1.0"
        }
    ],
    "full_name": "bioconda/mgs-canopy",
    "home": "None",
    "html_url": "http://anaconda.org/bioconda/mgs-canopy",
    "id": "58ed0308716f8946e27bea72",
    "latest_version": "1.0",
    "license": {},
    "license_url": {},
    "modified_at": "2018-07-13 14:52:03.957000+00:00",
    "name": "mgs-canopy",
    "owner": {
        "company": "",
        "created_at": "2015-09-11 22:59:20.880000+00:00",
        "description": "Bioconda is a distribution of bioinformatics software realized as a channel for the versatile Conda package manager.",
        "location": "",
        "login": "bioconda",
        "name": "bioconda",
        "url": "",
        "user_type": "org"
    },
    "package_types": [
        "conda"
    ],
    "public": true,
    "releases": [
        {
            "distributions": [],
            "full_name": "bioconda/mgs-canopy/1.0",
            "version": "1.0"
        }
    ],
    "revision": 2,
    "source_git_tag": {},
    "source_git_url": {},
    "summary": "",
    "upvoted": 0,
    "url": "http://api.anaconda.org/packages/bioconda/mgs-canopy",
    "versions": [
        "1.0"
    ],
    "watchers": 1
}