{
    "app_entry": {},
    "app_summary": {},
    "app_type": {},
    "builds": [
        "py36_0",
        "py35_0",
        "py34_0"
    ],
    "conda_platforms": [
        "linux-64",
        "osx-64"
    ],
    "created_at": "2016-10-24 13:45:47.369000+00:00",
    "description": "",
    "dev_url": null,
    "doc_url": null,
    "files": [
        {
            "attrs": {
                "arch": "x86_64",
                "build": "py34_0",
                "build_number": 0,
                "depends": [
                    "libgcc",
                    "python 3.4*",
                    "rpy2",
                    "zlib"
                ],
                "license": "GPL3",
                "machine": "x86_64",
                "operatingsystem": "linux",
                "platform": "linux",
                "subdir": "linux-64",
                "target-triplet": "x86_64-any-linux"
            },
            "basename": "linux-64/mimodd-0.1.7.3-py34_0.tar.bz2",
            "dependencies": {
                "depends": [
                    {
                        "name": "libgcc",
                        "specs": []
                    },
                    {
                        "name": "python",
                        "specs": [
                            [
                                "==",
                                "3.4"
                            ]
                        ]
                    },
                    {
                        "name": "rpy2",
                        "specs": []
                    },
                    {
                        "name": "zlib",
                        "specs": []
                    }
                ]
            },
            "description": null,
            "distribution_type": "conda",
            "download_url": "//api.anaconda.org/download/bioconda/mimodd/0.1.7.3/linux-64/mimodd-0.1.7.3-py34_0.tar.bz2",
            "full_name": "bioconda/mimodd/0.1.7.3/linux-64/mimodd-0.1.7.3-py34_0.tar.bz2",
            "labels": [
                "main",
                "cf201901"
            ],
            "md5": "cf50972ec96f33356558120eb0cb38c6",
            "ndownloads": 395,
            "owner": "bioconda",
            "size": 7318453,
            "type": "conda",
            "upload_time": "2016-10-24 13:45:48.127000+00:00",
            "version": "0.1.7.3"
        },
        {
            "attrs": {
                "arch": "x86_64",
                "build": "py35_0",
                "build_number": 0,
                "depends": [
                    "libgcc",
                    "python 3.5*",
                    "rpy2",
                    "zlib"
                ],
                "license": "GPL3",
                "machine": "x86_64",
                "operatingsystem": "linux",
                "platform": "linux",
                "subdir": "linux-64",
                "target-triplet": "x86_64-any-linux"
            },
            "basename": "linux-64/mimodd-0.1.7.3-py35_0.tar.bz2",
            "dependencies": {
                "depends": [
                    {
                        "name": "libgcc",
                        "specs": []
                    },
                    {
                        "name": "python",
                        "specs": [
                            [
                                "==",
                                "3.5"
                            ]
                        ]
                    },
                    {
                        "name": "rpy2",
                        "specs": []
                    },
                    {
                        "name": "zlib",
                        "specs": []
                    }
                ]
            },
            "description": null,
            "distribution_type": "conda",
            "download_url": "//api.anaconda.org/download/bioconda/mimodd/0.1.7.3/linux-64/mimodd-0.1.7.3-py35_0.tar.bz2",
            "full_name": "bioconda/mimodd/0.1.7.3/linux-64/mimodd-0.1.7.3-py35_0.tar.bz2",
            "labels": [
                "main",
                "cf201901"
            ],
            "md5": "fd657a31569b1c23033e9a8999006fc5",
            "ndownloads": 457,
            "owner": "bioconda",
            "size": 7268339,
            "type": "conda",
            "upload_time": "2016-10-24 13:45:51.430000+00:00",
            "version": "0.1.7.3"
        },
        {
            "attrs": {
                "arch": "x86_64",
                "build": "py35_0",
                "build_number": 0,
                "depends": [
                    "python 3.5*",
                    "rpy2",
                    "zlib"
                ],
                "license": "GPL3",
                "machine": "x86_64",
                "operatingsystem": "darwin",
                "platform": "osx",
                "subdir": "osx-64",
                "target-triplet": "x86_64-any-darwin"
            },
            "basename": "osx-64/mimodd-0.1.7.3-py35_0.tar.bz2",
            "dependencies": {
                "depends": [
                    {
                        "name": "python",
                        "specs": [
                            [
                                "==",
                                "3.5"
                            ]
                        ]
                    },
                    {
                        "name": "rpy2",
                        "specs": []
                    },
                    {
                        "name": "zlib",
                        "specs": []
                    }
                ]
            },
            "description": null,
            "distribution_type": "conda",
            "download_url": "//api.anaconda.org/download/bioconda/mimodd/0.1.7.3/osx-64/mimodd-0.1.7.3-py35_0.tar.bz2",
            "full_name": "bioconda/mimodd/0.1.7.3/osx-64/mimodd-0.1.7.3-py35_0.tar.bz2",
            "labels": [
                "main",
                "cf201901"
            ],
            "md5": "e6dfdd183199c50c33393e80f1fa579e",
            "ndownloads": 32,
            "owner": "bioconda",
            "size": 3983018,
            "type": "conda",
            "upload_time": "2016-10-24 13:51:39.450000+00:00",
            "version": "0.1.7.3"
        },
        {
            "attrs": {
                "arch": "x86_64",
                "build": "py34_0",
                "build_number": 0,
                "depends": [
                    "python 3.4*",
                    "rpy2",
                    "zlib"
                ],
                "license": "GPL3",
                "machine": "x86_64",
                "operatingsystem": "darwin",
                "platform": "osx",
                "subdir": "osx-64",
                "target-triplet": "x86_64-any-darwin"
            },
            "basename": "osx-64/mimodd-0.1.7.3-py34_0.tar.bz2",
            "dependencies": {
                "depends": [
                    {
                        "name": "python",
                        "specs": [
                            [
                                "==",
                                "3.4"
                            ]
                        ]
                    },
                    {
                        "name": "rpy2",
                        "specs": []
                    },
                    {
                        "name": "zlib",
                        "specs": []
                    }
                ]
            },
            "description": null,
            "distribution_type": "conda",
            "download_url": "//api.anaconda.org/download/bioconda/mimodd/0.1.7.3/osx-64/mimodd-0.1.7.3-py34_0.tar.bz2",
            "full_name": "bioconda/mimodd/0.1.7.3/osx-64/mimodd-0.1.7.3-py34_0.tar.bz2",
            "labels": [
                "main",
                "cf201901"
            ],
            "md5": "bbc7e68889f28e13eb356d540c240ac5",
            "ndownloads": 259,
            "owner": "bioconda",
            "size": 3983956,
            "type": "conda",
            "upload_time": "2016-10-24 13:51:43.429000+00:00",
            "version": "0.1.7.3"
        },
        {
            "attrs": {
                "arch": "x86_64",
                "build": "py35_0",
                "build_number": 0,
                "depends": [
                    "python 3.5*",
                    "rpy2",
                    "zlib 1.2.11*"
                ],
                "has_prefix": true,
                "license": "GPL3",
                "machine": "x86_64",
                "operatingsystem": "darwin",
                "platform": "osx",
                "subdir": "osx-64",
                "target-triplet": "x86_64-any-darwin"
            },
            "basename": "osx-64/mimodd-0.1.9-py35_0.tar.bz2",
            "dependencies": {
                "depends": [
                    {
                        "name": "python",
                        "specs": [
                            [
                                "==",
                                "3.5"
                            ]
                        ]
                    },
                    {
                        "name": "rpy2",
                        "specs": []
                    },
                    {
                        "name": "zlib",
                        "specs": [
                            [
                                "==",
                                "1.2.11"
                            ]
                        ]
                    }
                ]
            },
            "description": null,
            "distribution_type": "conda",
            "download_url": "//api.anaconda.org/download/bioconda/mimodd/0.1.9/osx-64/mimodd-0.1.9-py35_0.tar.bz2",
            "full_name": "bioconda/mimodd/0.1.9/osx-64/mimodd-0.1.9-py35_0.tar.bz2",
            "labels": [
                "main",
                "cf201901"
            ],
            "md5": "356fd733ea7b804b1a473362e545c9ba",
            "ndownloads": 263,
            "owner": "bioconda",
            "size": 4485287,
            "type": "conda",
            "upload_time": "2018-03-22 11:51:27.544000+00:00",
            "version": "0.1.9"
        },
        {
            "attrs": {
                "arch": "x86_64",
                "build": "py35_0",
                "build_number": 0,
                "depends": [
                    "python 3.5*",
                    "rpy2",
                    "zlib 1.2.8*"
                ],
                "has_prefix": true,
                "license": "GPL3",
                "machine": "x86_64",
                "operatingsystem": "darwin",
                "platform": "osx",
                "subdir": "osx-64",
                "target-triplet": "x86_64-any-darwin"
            },
            "basename": "osx-64/mimodd-0.1.8-py35_0.tar.bz2",
            "dependencies": {
                "depends": [
                    {
                        "name": "python",
                        "specs": [
                            [
                                "==",
                                "3.5"
                            ]
                        ]
                    },
                    {
                        "name": "rpy2",
                        "specs": []
                    },
                    {
                        "name": "zlib",
                        "specs": [
                            [
                                "==",
                                "1.2.8"
                            ]
                        ]
                    }
                ]
            },
            "description": null,
            "distribution_type": "conda",
            "download_url": "//api.anaconda.org/download/bioconda/mimodd/0.1.8/osx-64/mimodd-0.1.8-py35_0.tar.bz2",
            "full_name": "bioconda/mimodd/0.1.8/osx-64/mimodd-0.1.8-py35_0.tar.bz2",
            "labels": [
                "main",
                "cf201901"
            ],
            "md5": "d077505206c381db6e55457bd41a6e41",
            "ndownloads": 279,
            "owner": "bioconda",
            "size": 4432740,
            "type": "conda",
            "upload_time": "2017-11-11 18:18:26.710000+00:00",
            "version": "0.1.8"
        },
        {
            "attrs": {
                "arch": "x86_64",
                "build": "py36_0",
                "build_number": 0,
                "depends": [
                    "python 3.6*",
                    "rpy2",
                    "zlib 1.2.8*"
                ],
                "has_prefix": true,
                "license": "GPL3",
                "machine": "x86_64",
                "operatingsystem": "darwin",
                "platform": "osx",
                "subdir": "osx-64",
                "target-triplet": "x86_64-any-darwin"
            },
            "basename": "osx-64/mimodd-0.1.8-py36_0.tar.bz2",
            "dependencies": {
                "depends": [
                    {
                        "name": "python",
                        "specs": [
                            [
                                "==",
                                "3.6"
                            ]
                        ]
                    },
                    {
                        "name": "rpy2",
                        "specs": []
                    },
                    {
                        "name": "zlib",
                        "specs": [
                            [
                                "==",
                                "1.2.8"
                            ]
                        ]
                    }
                ]
            },
            "description": null,
            "distribution_type": "conda",
            "download_url": "//api.anaconda.org/download/bioconda/mimodd/0.1.8/osx-64/mimodd-0.1.8-py36_0.tar.bz2",
            "full_name": "bioconda/mimodd/0.1.8/osx-64/mimodd-0.1.8-py36_0.tar.bz2",
            "labels": [
                "main",
                "cf201901"
            ],
            "md5": "fcdb496268d46a8cdec08031867ddab8",
            "ndownloads": 524,
            "owner": "bioconda",
            "size": 4428476,
            "type": "conda",
            "upload_time": "2017-11-11 18:23:33.787000+00:00",
            "version": "0.1.8"
        },
        {
            "attrs": {
                "arch": "x86_64",
                "build": "py36_0",
                "build_number": 0,
                "depends": [
                    "python 3.6*",
                    "rpy2",
                    "zlib"
                ],
                "has_prefix": true,
                "license": "GPL3",
                "machine": "x86_64",
                "operatingsystem": "darwin",
                "platform": "osx",
                "subdir": "osx-64",
                "target-triplet": "x86_64-any-darwin"
            },
            "basename": "osx-64/mimodd-0.1.7.3-py36_0.tar.bz2",
            "dependencies": {
                "depends": [
                    {
                        "name": "python",
                        "specs": [
                            [
                                "==",
                                "3.6"
                            ]
                        ]
                    },
                    {
                        "name": "rpy2",
                        "specs": []
                    },
                    {
                        "name": "zlib",
                        "specs": []
                    }
                ]
            },
            "description": null,
            "distribution_type": "conda",
            "download_url": "//api.anaconda.org/download/bioconda/mimodd/0.1.7.3/osx-64/mimodd-0.1.7.3-py36_0.tar.bz2",
            "full_name": "bioconda/mimodd/0.1.7.3/osx-64/mimodd-0.1.7.3-py36_0.tar.bz2",
            "labels": [
                "main",
                "cf201901"
            ],
            "md5": "98dc1889845b71cd194806dac8fadd92",
            "ndownloads": 497,
            "owner": "bioconda",
            "size": 3984317,
            "type": "conda",
            "upload_time": "2017-05-05 15:07:15.855000+00:00",
            "version": "0.1.7.3"
        },
        {
            "attrs": {
                "arch": "x86_64",
                "build": "py35_0",
                "build_number": 0,
                "depends": [
                    "libgcc",
                    "python 3.5*",
                    "rpy2",
                    "zlib 1.2.8*"
                ],
                "has_prefix": true,
                "license": "GPL3",
                "machine": "x86_64",
                "operatingsystem": "linux",
                "platform": "linux",
                "subdir": "linux-64",
                "target-triplet": "x86_64-any-linux"
            },
            "basename": "linux-64/mimodd-0.1.8-py35_0.tar.bz2",
            "dependencies": {
                "depends": [
                    {
                        "name": "libgcc",
                        "specs": []
                    },
                    {
                        "name": "python",
                        "specs": [
                            [
                                "==",
                                "3.5"
                            ]
                        ]
                    },
                    {
                        "name": "rpy2",
                        "specs": []
                    },
                    {
                        "name": "zlib",
                        "specs": [
                            [
                                "==",
                                "1.2.8"
                            ]
                        ]
                    }
                ]
            },
            "description": null,
            "distribution_type": "conda",
            "download_url": "//api.anaconda.org/download/bioconda/mimodd/0.1.8/linux-64/mimodd-0.1.8-py35_0.tar.bz2",
            "full_name": "bioconda/mimodd/0.1.8/linux-64/mimodd-0.1.8-py35_0.tar.bz2",
            "labels": [
                "main",
                "cf201901"
            ],
            "md5": "c1a7bc5e205a12de9fbc725191ef06f5",
            "ndownloads": 532,
            "owner": "bioconda",
            "size": 7330601,
            "type": "conda",
            "upload_time": "2017-11-11 18:29:36.386000+00:00",
            "version": "0.1.8"
        },
        {
            "attrs": {
                "arch": "x86_64",
                "build": "py36_0",
                "build_number": 0,
                "depends": [
                    "libgcc",
                    "python 3.6*",
                    "rpy2",
                    "zlib 1.2.8*"
                ],
                "has_prefix": true,
                "license": "GPL3",
                "machine": "x86_64",
                "operatingsystem": "linux",
                "platform": "linux",
                "subdir": "linux-64",
                "target-triplet": "x86_64-any-linux"
            },
            "basename": "linux-64/mimodd-0.1.8-py36_0.tar.bz2",
            "dependencies": {
                "depends": [
                    {
                        "name": "libgcc",
                        "specs": []
                    },
                    {
                        "name": "python",
                        "specs": [
                            [
                                "==",
                                "3.6"
                            ]
                        ]
                    },
                    {
                        "name": "rpy2",
                        "specs": []
                    },
                    {
                        "name": "zlib",
                        "specs": [
                            [
                                "==",
                                "1.2.8"
                            ]
                        ]
                    }
                ]
            },
            "description": null,
            "distribution_type": "conda",
            "download_url": "//api.anaconda.org/download/bioconda/mimodd/0.1.8/linux-64/mimodd-0.1.8-py36_0.tar.bz2",
            "full_name": "bioconda/mimodd/0.1.8/linux-64/mimodd-0.1.8-py36_0.tar.bz2",
            "labels": [
                "main",
                "cf201901"
            ],
            "md5": "48d754e3c1a2517028fa065f36aa9c8b",
            "ndownloads": 468,
            "owner": "bioconda",
            "size": 7343179,
            "type": "conda",
            "upload_time": "2017-11-11 18:21:43.650000+00:00",
            "version": "0.1.8"
        },
        {
            "attrs": {
                "arch": "x86_64",
                "build": "py36_0",
                "build_number": 0,
                "depends": [
                    "python 3.6*",
                    "rpy2",
                    "zlib 1.2.11*"
                ],
                "has_prefix": true,
                "license": "GPL3",
                "machine": "x86_64",
                "operatingsystem": "darwin",
                "platform": "osx",
                "subdir": "osx-64",
                "target-triplet": "x86_64-any-darwin"
            },
            "basename": "osx-64/mimodd-0.1.9-py36_0.tar.bz2",
            "dependencies": {
                "depends": [
                    {
                        "name": "python",
                        "specs": [
                            [
                                "==",
                                "3.6"
                            ]
                        ]
                    },
                    {
                        "name": "rpy2",
                        "specs": []
                    },
                    {
                        "name": "zlib",
                        "specs": [
                            [
                                "==",
                                "1.2.11"
                            ]
                        ]
                    }
                ]
            },
            "description": null,
            "distribution_type": "conda",
            "download_url": "//api.anaconda.org/download/bioconda/mimodd/0.1.9/osx-64/mimodd-0.1.9-py36_0.tar.bz2",
            "full_name": "bioconda/mimodd/0.1.9/osx-64/mimodd-0.1.9-py36_0.tar.bz2",
            "labels": [
                "main",
                "cf201901"
            ],
            "md5": "0421d60fd6513fbfe67a07802ca7dc71",
            "ndownloads": 535,
            "owner": "bioconda",
            "size": 4492470,
            "type": "conda",
            "upload_time": "2018-03-22 11:48:22.912000+00:00",
            "version": "0.1.9"
        },
        {
            "attrs": {
                "arch": "x86_64",
                "build": "py35_0",
                "build_number": 0,
                "depends": [
                    "libgcc",
                    "python 3.5*",
                    "rpy2",
                    "zlib 1.2.11*"
                ],
                "has_prefix": true,
                "license": "GPL3",
                "machine": "x86_64",
                "operatingsystem": "linux",
                "platform": "linux",
                "subdir": "linux-64",
                "target-triplet": "x86_64-any-linux"
            },
            "basename": "linux-64/mimodd-0.1.9-py35_0.tar.bz2",
            "dependencies": {
                "depends": [
                    {
                        "name": "libgcc",
                        "specs": []
                    },
                    {
                        "name": "python",
                        "specs": [
                            [
                                "==",
                                "3.5"
                            ]
                        ]
                    },
                    {
                        "name": "rpy2",
                        "specs": []
                    },
                    {
                        "name": "zlib",
                        "specs": [
                            [
                                "==",
                                "1.2.11"
                            ]
                        ]
                    }
                ]
            },
            "description": null,
            "distribution_type": "conda",
            "download_url": "//api.anaconda.org/download/bioconda/mimodd/0.1.9/linux-64/mimodd-0.1.9-py35_0.tar.bz2",
            "full_name": "bioconda/mimodd/0.1.9/linux-64/mimodd-0.1.9-py35_0.tar.bz2",
            "labels": [
                "main",
                "cf201901"
            ],
            "md5": "4e9081223f944148e167464284506c16",
            "ndownloads": 133,
            "owner": "bioconda",
            "size": 7597134,
            "type": "conda",
            "upload_time": "2018-03-22 12:04:04.162000+00:00",
            "version": "0.1.9"
        },
        {
            "attrs": {
                "arch": "x86_64",
                "build": "py36_0",
                "build_number": 0,
                "depends": [
                    "libgcc",
                    "python 3.6*",
                    "rpy2",
                    "zlib 1.2.11*"
                ],
                "has_prefix": true,
                "license": "GPL3",
                "machine": "x86_64",
                "operatingsystem": "linux",
                "platform": "linux",
                "subdir": "linux-64",
                "target-triplet": "x86_64-any-linux"
            },
            "basename": "linux-64/mimodd-0.1.9-py36_0.tar.bz2",
            "dependencies": {
                "depends": [
                    {
                        "name": "libgcc",
                        "specs": []
                    },
                    {
                        "name": "python",
                        "specs": [
                            [
                                "==",
                                "3.6"
                            ]
                        ]
                    },
                    {
                        "name": "rpy2",
                        "specs": []
                    },
                    {
                        "name": "zlib",
                        "specs": [
                            [
                                "==",
                                "1.2.11"
                            ]
                        ]
                    }
                ]
            },
            "description": null,
            "distribution_type": "conda",
            "download_url": "//api.anaconda.org/download/bioconda/mimodd/0.1.9/linux-64/mimodd-0.1.9-py36_0.tar.bz2",
            "full_name": "bioconda/mimodd/0.1.9/linux-64/mimodd-0.1.9-py36_0.tar.bz2",
            "labels": [
                "main",
                "cf201901"
            ],
            "md5": "1813342a4b419912288a676cf2bd202c",
            "ndownloads": 370,
            "owner": "bioconda",
            "size": 7640927,
            "type": "conda",
            "upload_time": "2018-03-22 11:52:55.108000+00:00",
            "version": "0.1.9"
        },
        {
            "attrs": {
                "arch": "x86_64",
                "build": "py36_0",
                "build_number": 0,
                "depends": [
                    "libgcc",
                    "python 3.6*",
                    "rpy2",
                    "zlib"
                ],
                "has_prefix": true,
                "license": "GPL3",
                "machine": "x86_64",
                "operatingsystem": "linux",
                "platform": "linux",
                "subdir": "linux-64",
                "target-triplet": "x86_64-any-linux"
            },
            "basename": "linux-64/mimodd-0.1.7.3-py36_0.tar.bz2",
            "dependencies": {
                "depends": [
                    {
                        "name": "libgcc",
                        "specs": []
                    },
                    {
                        "name": "python",
                        "specs": [
                            [
                                "==",
                                "3.6"
                            ]
                        ]
                    },
                    {
                        "name": "rpy2",
                        "specs": []
                    },
                    {
                        "name": "zlib",
                        "specs": []
                    }
                ]
            },
            "description": null,
            "distribution_type": "conda",
            "download_url": "//api.anaconda.org/download/bioconda/mimodd/0.1.7.3/linux-64/mimodd-0.1.7.3-py36_0.tar.bz2",
            "full_name": "bioconda/mimodd/0.1.7.3/linux-64/mimodd-0.1.7.3-py36_0.tar.bz2",
            "labels": [
                "main",
                "cf201901"
            ],
            "md5": "64ff5127f882af6e18287b2afeee68fa",
            "ndownloads": 437,
            "owner": "bioconda",
            "size": 7269342,
            "type": "conda",
            "upload_time": "2017-05-05 14:39:55.982000+00:00",
            "version": "0.1.7.3"
        }
    ],
    "full_name": "bioconda/mimodd",
    "home": "None",
    "html_url": "http://anaconda.org/bioconda/mimodd",
    "id": "580e108b9dca6327c23c8c80",
    "latest_version": "0.1.9",
    "license": "GPL3",
    "license_url": null,
    "modified_at": "2018-03-22 12:04:05.177000+00:00",
    "name": "mimodd",
    "owner": {
        "company": "",
        "created_at": "2015-09-11 22:59:20.880000+00:00",
        "description": "Bioconda is a distribution of bioinformatics software realized as a channel for the versatile Conda package manager.",
        "location": "",
        "login": "bioconda",
        "name": "bioconda",
        "url": "",
        "user_type": "org"
    },
    "package_types": [
        "conda"
    ],
    "public": true,
    "releases": [
        {
            "distributions": [],
            "full_name": "bioconda/mimodd/0.1.7.3",
            "version": "0.1.7.3"
        },
        {
            "distributions": [],
            "full_name": "bioconda/mimodd/0.1.8",
            "version": "0.1.8"
        },
        {
            "distributions": [],
            "full_name": "bioconda/mimodd/0.1.9",
            "version": "0.1.9"
        }
    ],
    "revision": 5,
    "source_git_tag": null,
    "source_git_url": null,
    "summary": "Tools for Mutation Identification in Model Organism Genomes",
    "upvoted": 0,
    "url": "http://api.anaconda.org/packages/bioconda/mimodd",
    "versions": [
        "0.1.7.3",
        "0.1.8",
        "0.1.9"
    ],
    "watchers": 1
}