{
    "app_entry": {},
    "app_summary": {},
    "app_type": {},
    "builds": [
        "py37hf01694f_0",
        "py36h4c5857e_0"
    ],
    "conda_platforms": [
        "linux-64"
    ],
    "created_at": "2020-07-24 04:17:30.227000+00:00",
    "description": "",
    "dev_url": "https://github.com/compomics/ms2pip_c",
    "doc_url": "http://compomics.github.io/projects/ms2pip_c",
    "files": [
        {
            "attrs": {
                "arch": "x86_64",
                "build": "py36h4c5857e_0",
                "build_number": 0,
                "depends": [
                    "biopython >=1.74,<2",
                    "libgcc-ng >=7.5.0",
                    "numpy >=1.16,<2",
                    "pandas >=0.24,<2",
                    "pytables >=3.4",
                    "pyteomics >=3.5,<5",
                    "python >=3.6,<3.7.0a0",
                    "python_abi 3.6.* *_cp36m",
                    "scipy >=1.2,<2",
                    "tomlkit >=0.5.11,<1",
                    "tqdm >=4,<5"
                ],
                "has_prefix": true,
                "license": "Apache-2.0",
                "license_family": "APACHE",
                "machine": "x86_64",
                "operatingsystem": "linux",
                "platform": "linux",
                "subdir": "linux-64",
                "target-triplet": "x86_64-any-linux",
                "timestamp": 1594801662540
            },
            "basename": "linux-64/ms2pip-3.6.2-py36h4c5857e_0.tar.bz2",
            "dependencies": {
                "depends": [
                    {
                        "name": "biopython",
                        "specs": [
                            [
                                ">=",
                                "1.74,<2"
                            ]
                        ]
                    },
                    {
                        "name": "libgcc-ng",
                        "specs": [
                            [
                                ">=",
                                "7.5.0"
                            ]
                        ]
                    },
                    {
                        "name": "numpy",
                        "specs": [
                            [
                                ">=",
                                "1.16,<2"
                            ]
                        ]
                    },
                    {
                        "name": "pandas",
                        "specs": [
                            [
                                ">=",
                                "0.24,<2"
                            ]
                        ]
                    },
                    {
                        "name": "pytables",
                        "specs": [
                            [
                                ">=",
                                "3.4"
                            ]
                        ]
                    },
                    {
                        "name": "pyteomics",
                        "specs": [
                            [
                                ">=",
                                "3.5,<5"
                            ]
                        ]
                    },
                    {
                        "name": "python",
                        "specs": [
                            [
                                ">=",
                                "3.6,<3.7.0a0"
                            ]
                        ]
                    },
                    {
                        "name": "python_abi",
                        "specs": [
                            [
                                "==",
                                "3.6.* *_cp36m"
                            ]
                        ]
                    },
                    {
                        "name": "scipy",
                        "specs": [
                            [
                                ">=",
                                "1.2,<2"
                            ]
                        ]
                    },
                    {
                        "name": "tomlkit",
                        "specs": [
                            [
                                ">=",
                                "0.5.11,<1"
                            ]
                        ]
                    },
                    {
                        "name": "tqdm",
                        "specs": [
                            [
                                ">=",
                                "4,<5"
                            ]
                        ]
                    }
                ]
            },
            "description": null,
            "distribution_type": "conda",
            "download_url": "//api.anaconda.org/download/bioconda/ms2pip/3.6.2/linux-64/ms2pip-3.6.2-py36h4c5857e_0.tar.bz2",
            "full_name": "bioconda/ms2pip/3.6.2/linux-64/ms2pip-3.6.2-py36h4c5857e_0.tar.bz2",
            "labels": [
                "main"
            ],
            "md5": "9a021bdf04e4bedf3261f6f7a4e68377",
            "ndownloads": 14,
            "owner": "bioconda",
            "size": 26461700,
            "type": "conda",
            "upload_time": "2020-07-24 04:17:31.220000+00:00",
            "version": "3.6.2"
        },
        {
            "attrs": {
                "arch": "x86_64",
                "build": "py37hf01694f_0",
                "build_number": 0,
                "depends": [
                    "biopython >=1.74,<2",
                    "libgcc-ng >=7.5.0",
                    "numpy >=1.16,<2",
                    "pandas >=0.24,<2",
                    "pytables >=3.4",
                    "pyteomics >=3.5,<5",
                    "python >=3.7,<3.8.0a0",
                    "python_abi 3.7.* *_cp37m",
                    "scipy >=1.2,<2",
                    "tomlkit >=0.5.11,<1",
                    "tqdm >=4,<5"
                ],
                "has_prefix": true,
                "license": "Apache-2.0",
                "license_family": "APACHE",
                "machine": "x86_64",
                "operatingsystem": "linux",
                "platform": "linux",
                "subdir": "linux-64",
                "target-triplet": "x86_64-any-linux",
                "timestamp": 1594802417716
            },
            "basename": "linux-64/ms2pip-3.6.2-py37hf01694f_0.tar.bz2",
            "dependencies": {
                "depends": [
                    {
                        "name": "biopython",
                        "specs": [
                            [
                                ">=",
                                "1.74,<2"
                            ]
                        ]
                    },
                    {
                        "name": "libgcc-ng",
                        "specs": [
                            [
                                ">=",
                                "7.5.0"
                            ]
                        ]
                    },
                    {
                        "name": "numpy",
                        "specs": [
                            [
                                ">=",
                                "1.16,<2"
                            ]
                        ]
                    },
                    {
                        "name": "pandas",
                        "specs": [
                            [
                                ">=",
                                "0.24,<2"
                            ]
                        ]
                    },
                    {
                        "name": "pytables",
                        "specs": [
                            [
                                ">=",
                                "3.4"
                            ]
                        ]
                    },
                    {
                        "name": "pyteomics",
                        "specs": [
                            [
                                ">=",
                                "3.5,<5"
                            ]
                        ]
                    },
                    {
                        "name": "python",
                        "specs": [
                            [
                                ">=",
                                "3.7,<3.8.0a0"
                            ]
                        ]
                    },
                    {
                        "name": "python_abi",
                        "specs": [
                            [
                                "==",
                                "3.7.* *_cp37m"
                            ]
                        ]
                    },
                    {
                        "name": "scipy",
                        "specs": [
                            [
                                ">=",
                                "1.2,<2"
                            ]
                        ]
                    },
                    {
                        "name": "tomlkit",
                        "specs": [
                            [
                                ">=",
                                "0.5.11,<1"
                            ]
                        ]
                    },
                    {
                        "name": "tqdm",
                        "specs": [
                            [
                                ">=",
                                "4,<5"
                            ]
                        ]
                    }
                ]
            },
            "description": null,
            "distribution_type": "conda",
            "download_url": "//api.anaconda.org/download/bioconda/ms2pip/3.6.2/linux-64/ms2pip-3.6.2-py37hf01694f_0.tar.bz2",
            "full_name": "bioconda/ms2pip/3.6.2/linux-64/ms2pip-3.6.2-py37hf01694f_0.tar.bz2",
            "labels": [
                "main"
            ],
            "md5": "18220cc6cbdab3d03fa3b383b44b0e23",
            "ndownloads": 38,
            "owner": "bioconda",
            "size": 26459291,
            "type": "conda",
            "upload_time": "2020-07-24 04:17:34.411000+00:00",
            "version": "3.6.2"
        }
    ],
    "full_name": "bioconda/ms2pip",
    "home": "http://compomics.github.io/projects/ms2pip_c",
    "html_url": "http://anaconda.org/bioconda/ms2pip",
    "id": "5f1a60da78705809fc4a2c92",
    "latest_version": "3.6.2",
    "license": "Apache-2.0",
    "license_url": null,
    "modified_at": "2020-07-24 04:17:35.214000+00:00",
    "name": "ms2pip",
    "owner": {
        "company": "",
        "created_at": "2015-09-11 22:59:20.880000+00:00",
        "description": "Bioconda is a distribution of bioinformatics software realized as a channel for the versatile Conda package manager.",
        "location": "",
        "login": "bioconda",
        "name": "bioconda",
        "url": "",
        "user_type": "org"
    },
    "package_types": [
        "conda"
    ],
    "public": true,
    "releases": [
        {
            "distributions": [],
            "full_name": "bioconda/ms2pip/3.6.2",
            "version": "3.6.2"
        }
    ],
    "revision": 2,
    "source_git_tag": null,
    "source_git_url": null,
    "summary": "MS\u00b2PIP: MS\u00b2 Peak Intensity Prediction",
    "upvoted": 0,
    "url": "http://api.anaconda.org/packages/bioconda/ms2pip",
    "versions": [
        "3.6.2"
    ],
    "watchers": 1
}