{
    "app_entry": {},
    "app_summary": {},
    "app_type": {},
    "builds": [
        "py27_0",
        "py36_0",
        "py34_0",
        "py_0",
        "py_2",
        "py35_0"
    ],
    "conda_platforms": [
        "linux-64",
        "noarch",
        "osx-64"
    ],
    "created_at": "2015-11-19 23:18:53.190000+00:00",
    "description": "",
    "dev_url": null,
    "doc_url": null,
    "files": [
        {
            "attrs": {
                "arch": "x86_64",
                "build": "py34_0",
                "build_number": 0,
                "depends": [
                    "python 3.4*",
                    "requests >=2.3.0"
                ],
                "has_prefix": false,
                "license": "BSD License",
                "license_family": "BSD",
                "machine": "x86_64",
                "operatingsystem": "linux",
                "platform": "linux",
                "subdir": "linux-64",
                "target-triplet": "x86_64-any-linux"
            },
            "basename": "linux-64/mygene-3.0.0-py34_0.tar.bz2",
            "dependencies": {
                "depends": [
                    {
                        "name": "python",
                        "specs": [
                            [
                                "==",
                                "3.4"
                            ]
                        ]
                    },
                    {
                        "name": "requests",
                        "specs": [
                            [
                                ">=",
                                "2.3.0"
                            ]
                        ]
                    }
                ]
            },
            "description": null,
            "distribution_type": "conda",
            "download_url": "//api.anaconda.org/download/bioconda/mygene/3.0.0/linux-64/mygene-3.0.0-py34_0.tar.bz2",
            "full_name": "bioconda/mygene/3.0.0/linux-64/mygene-3.0.0-py34_0.tar.bz2",
            "labels": [
                "main",
                "cf201901"
            ],
            "md5": "e375e14a1c50382320084b28f6f711b9",
            "ndownloads": 392,
            "owner": "bioconda",
            "size": 21754,
            "type": "conda",
            "upload_time": "2017-03-02 18:22:57.400000+00:00",
            "version": "3.0.0"
        },
        {
            "attrs": {
                "arch": "x86_64",
                "build": "py27_0",
                "build_number": 0,
                "depends": [
                    "python 2.7*",
                    "requests >=2.3.0"
                ],
                "has_prefix": false,
                "license": "BSD License",
                "license_family": "BSD",
                "machine": "x86_64",
                "operatingsystem": "darwin",
                "platform": "osx",
                "subdir": "osx-64",
                "target-triplet": "x86_64-any-darwin"
            },
            "basename": "osx-64/mygene-3.0.0-py27_0.tar.bz2",
            "dependencies": {
                "depends": [
                    {
                        "name": "python",
                        "specs": [
                            [
                                "==",
                                "2.7"
                            ]
                        ]
                    },
                    {
                        "name": "requests",
                        "specs": [
                            [
                                ">=",
                                "2.3.0"
                            ]
                        ]
                    }
                ]
            },
            "description": null,
            "distribution_type": "conda",
            "download_url": "//api.anaconda.org/download/bioconda/mygene/3.0.0/osx-64/mygene-3.0.0-py27_0.tar.bz2",
            "full_name": "bioconda/mygene/3.0.0/osx-64/mygene-3.0.0-py27_0.tar.bz2",
            "labels": [
                "main",
                "cf201901"
            ],
            "md5": "cf2e33ddf668c76d99b24ea3d1807f0f",
            "ndownloads": 47,
            "owner": "bioconda",
            "size": 21242,
            "type": "conda",
            "upload_time": "2017-03-02 20:06:33.671000+00:00",
            "version": "3.0.0"
        },
        {
            "attrs": {
                "arch": "x86_64",
                "build": "py27_0",
                "build_number": 0,
                "depends": [
                    "httplib2 >=0.6",
                    "python 2.7*"
                ],
                "license": "BSD License",
                "machine": "x86_64",
                "operatingsystem": "linux",
                "platform": "linux",
                "subdir": "linux-64",
                "target-triplet": "x86_64-any-linux"
            },
            "basename": "linux-64/mygene-2.2.0-py27_0.tar.bz2",
            "dependencies": {
                "depends": [
                    {
                        "name": "httplib2",
                        "specs": [
                            [
                                ">=",
                                "0.6"
                            ]
                        ]
                    },
                    {
                        "name": "python",
                        "specs": [
                            [
                                "==",
                                "2.7"
                            ]
                        ]
                    }
                ]
            },
            "description": null,
            "distribution_type": "conda",
            "download_url": "//api.anaconda.org/download/bioconda/mygene/2.2.0/linux-64/mygene-2.2.0-py27_0.tar.bz2",
            "full_name": "bioconda/mygene/2.2.0/linux-64/mygene-2.2.0-py27_0.tar.bz2",
            "labels": [
                "main",
                "cf201901"
            ],
            "md5": "f0b92a48fcc96c79cc387da6dfaea9dc",
            "ndownloads": 870,
            "owner": "bioconda",
            "size": 16129,
            "type": "conda",
            "upload_time": "2015-11-19 23:18:53.412000+00:00",
            "version": "2.2.0"
        },
        {
            "attrs": {
                "arch": "x86_64",
                "build": "py35_0",
                "build_number": 0,
                "depends": [
                    "httplib2 >=0.6",
                    "python 3.5*"
                ],
                "license": "BSD License",
                "machine": "x86_64",
                "operatingsystem": "linux",
                "platform": "linux",
                "subdir": "linux-64",
                "target-triplet": "x86_64-any-linux"
            },
            "basename": "linux-64/mygene-2.2.0-py35_0.tar.bz2",
            "dependencies": {
                "depends": [
                    {
                        "name": "httplib2",
                        "specs": [
                            [
                                ">=",
                                "0.6"
                            ]
                        ]
                    },
                    {
                        "name": "python",
                        "specs": [
                            [
                                "==",
                                "3.5"
                            ]
                        ]
                    }
                ]
            },
            "description": null,
            "distribution_type": "conda",
            "download_url": "//api.anaconda.org/download/bioconda/mygene/2.2.0/linux-64/mygene-2.2.0-py35_0.tar.bz2",
            "full_name": "bioconda/mygene/2.2.0/linux-64/mygene-2.2.0-py35_0.tar.bz2",
            "labels": [
                "main",
                "cf201901"
            ],
            "md5": "400c3ffafd29df0769da92df0496d70d",
            "ndownloads": 648,
            "owner": "bioconda",
            "size": 16279,
            "type": "conda",
            "upload_time": "2015-11-19 23:18:57.018000+00:00",
            "version": "2.2.0"
        },
        {
            "attrs": {
                "arch": "x86_64",
                "build": "py35_0",
                "build_number": 0,
                "depends": [
                    "httplib2 >=0.6",
                    "python 3.5*"
                ],
                "license": "BSD License",
                "machine": "x86_64",
                "operatingsystem": "darwin",
                "platform": "osx",
                "subdir": "osx-64",
                "target-triplet": "x86_64-any-darwin"
            },
            "basename": "osx-64/mygene-2.2.0-py35_0.tar.bz2",
            "dependencies": {
                "depends": [
                    {
                        "name": "httplib2",
                        "specs": [
                            [
                                ">=",
                                "0.6"
                            ]
                        ]
                    },
                    {
                        "name": "python",
                        "specs": [
                            [
                                "==",
                                "3.5"
                            ]
                        ]
                    }
                ]
            },
            "description": null,
            "distribution_type": "conda",
            "download_url": "//api.anaconda.org/download/bioconda/mygene/2.2.0/osx-64/mygene-2.2.0-py35_0.tar.bz2",
            "full_name": "bioconda/mygene/2.2.0/osx-64/mygene-2.2.0-py35_0.tar.bz2",
            "labels": [
                "main",
                "cf201901"
            ],
            "md5": "12aec426f3f6f60fa9129595a746134e",
            "ndownloads": 731,
            "owner": "bioconda",
            "size": 16324,
            "type": "conda",
            "upload_time": "2015-11-19 23:19:34.123000+00:00",
            "version": "2.2.0"
        },
        {
            "attrs": {
                "arch": "x86_64",
                "build": "py27_0",
                "build_number": 0,
                "depends": [
                    "httplib2 >=0.6",
                    "python 2.7*"
                ],
                "license": "BSD License",
                "machine": "x86_64",
                "operatingsystem": "darwin",
                "platform": "osx",
                "subdir": "osx-64",
                "target-triplet": "x86_64-any-darwin"
            },
            "basename": "osx-64/mygene-2.2.0-py27_0.tar.bz2",
            "dependencies": {
                "depends": [
                    {
                        "name": "httplib2",
                        "specs": [
                            [
                                ">=",
                                "0.6"
                            ]
                        ]
                    },
                    {
                        "name": "python",
                        "specs": [
                            [
                                "==",
                                "2.7"
                            ]
                        ]
                    }
                ]
            },
            "description": null,
            "distribution_type": "conda",
            "download_url": "//api.anaconda.org/download/bioconda/mygene/2.2.0/osx-64/mygene-2.2.0-py27_0.tar.bz2",
            "full_name": "bioconda/mygene/2.2.0/osx-64/mygene-2.2.0-py27_0.tar.bz2",
            "labels": [
                "main",
                "cf201901"
            ],
            "md5": "da4688bf4d53455b7eae191f676a6cf7",
            "ndownloads": 114,
            "owner": "bioconda",
            "size": 16133,
            "type": "conda",
            "upload_time": "2015-11-19 23:19:37.685000+00:00",
            "version": "2.2.0"
        },
        {
            "attrs": {
                "arch": "x86_64",
                "build": "py34_0",
                "build_number": 0,
                "depends": [
                    "httplib2 >=0.6",
                    "python 3.4*"
                ],
                "license": "BSD License",
                "machine": "x86_64",
                "operatingsystem": "darwin",
                "platform": "osx",
                "subdir": "osx-64",
                "target-triplet": "x86_64-any-darwin"
            },
            "basename": "osx-64/mygene-2.2.0-py34_0.tar.bz2",
            "dependencies": {
                "depends": [
                    {
                        "name": "httplib2",
                        "specs": [
                            [
                                ">=",
                                "0.6"
                            ]
                        ]
                    },
                    {
                        "name": "python",
                        "specs": [
                            [
                                "==",
                                "3.4"
                            ]
                        ]
                    }
                ]
            },
            "description": null,
            "distribution_type": "conda",
            "download_url": "//api.anaconda.org/download/bioconda/mygene/2.2.0/osx-64/mygene-2.2.0-py34_0.tar.bz2",
            "full_name": "bioconda/mygene/2.2.0/osx-64/mygene-2.2.0-py34_0.tar.bz2",
            "labels": [
                "main",
                "cf201901"
            ],
            "md5": "613a82843e607a940a787321e3fc514c",
            "ndownloads": 148,
            "owner": "bioconda",
            "size": 16359,
            "type": "conda",
            "upload_time": "2015-12-08 11:58:45.683000+00:00",
            "version": "2.2.0"
        },
        {
            "attrs": {
                "arch": "x86_64",
                "build": "py34_0",
                "build_number": 0,
                "depends": [
                    "httplib2 >=0.6",
                    "python 3.4*"
                ],
                "license": "BSD License",
                "machine": "x86_64",
                "operatingsystem": "linux",
                "platform": "linux",
                "subdir": "linux-64",
                "target-triplet": "x86_64-any-linux"
            },
            "basename": "linux-64/mygene-2.2.0-py34_0.tar.bz2",
            "dependencies": {
                "depends": [
                    {
                        "name": "httplib2",
                        "specs": [
                            [
                                ">=",
                                "0.6"
                            ]
                        ]
                    },
                    {
                        "name": "python",
                        "specs": [
                            [
                                "==",
                                "3.4"
                            ]
                        ]
                    }
                ]
            },
            "description": null,
            "distribution_type": "conda",
            "download_url": "//api.anaconda.org/download/bioconda/mygene/2.2.0/linux-64/mygene-2.2.0-py34_0.tar.bz2",
            "full_name": "bioconda/mygene/2.2.0/linux-64/mygene-2.2.0-py34_0.tar.bz2",
            "labels": [
                "main",
                "cf201901"
            ],
            "md5": "4b67afec2f5383c01ab5ddec184d7a80",
            "ndownloads": 552,
            "owner": "bioconda",
            "size": 16323,
            "type": "conda",
            "upload_time": "2015-12-08 12:02:25.850000+00:00",
            "version": "2.2.0"
        },
        {
            "attrs": {
                "arch": null,
                "build": "py_0",
                "build_number": 0,
                "depends": [
                    "biothings_client >=0.2.0",
                    "python"
                ],
                "has_prefix": false,
                "license": "BSD License",
                "license_family": "BSD",
                "machine": null,
                "noarch": "python",
                "operatingsystem": null,
                "platform": null,
                "subdir": "noarch",
                "target-triplet": "None-any-None",
                "timestamp": 1545266252427
            },
            "basename": "noarch/mygene-3.1.0-py_0.tar.bz2",
            "dependencies": {
                "depends": [
                    {
                        "name": "biothings_client",
                        "specs": [
                            [
                                ">=",
                                "0.2.0"
                            ]
                        ]
                    },
                    {
                        "name": "python",
                        "specs": []
                    }
                ]
            },
            "description": null,
            "distribution_type": "conda",
            "download_url": "//api.anaconda.org/download/bioconda/mygene/3.1.0/noarch/mygene-3.1.0-py_0.tar.bz2",
            "full_name": "bioconda/mygene/3.1.0/noarch/mygene-3.1.0-py_0.tar.bz2",
            "labels": [
                "main",
                "cf201901"
            ],
            "md5": "c5f708f628f7a5aa87f16509d782002a",
            "ndownloads": 1111,
            "owner": "bioconda",
            "size": 8663,
            "type": "conda",
            "upload_time": "2018-12-20 00:40:13.319000+00:00",
            "version": "3.1.0"
        },
        {
            "attrs": {
                "arch": "x86_64",
                "build": "py34_0",
                "build_number": 0,
                "depends": [
                    "python 3.4*",
                    "requests >=2.3.0"
                ],
                "has_prefix": false,
                "license": "BSD License",
                "license_family": "BSD",
                "machine": "x86_64",
                "operatingsystem": "darwin",
                "platform": "osx",
                "subdir": "osx-64",
                "target-triplet": "x86_64-any-darwin"
            },
            "basename": "osx-64/mygene-3.0.0-py34_0.tar.bz2",
            "dependencies": {
                "depends": [
                    {
                        "name": "python",
                        "specs": [
                            [
                                "==",
                                "3.4"
                            ]
                        ]
                    },
                    {
                        "name": "requests",
                        "specs": [
                            [
                                ">=",
                                "2.3.0"
                            ]
                        ]
                    }
                ]
            },
            "description": null,
            "distribution_type": "conda",
            "download_url": "//api.anaconda.org/download/bioconda/mygene/3.0.0/osx-64/mygene-3.0.0-py34_0.tar.bz2",
            "full_name": "bioconda/mygene/3.0.0/osx-64/mygene-3.0.0-py34_0.tar.bz2",
            "labels": [
                "main",
                "cf201901"
            ],
            "md5": "06fba26b623b6882490aa559c55bacb9",
            "ndownloads": 29,
            "owner": "bioconda",
            "size": 21450,
            "type": "conda",
            "upload_time": "2017-03-02 20:06:26.149000+00:00",
            "version": "3.0.0"
        },
        {
            "attrs": {
                "arch": "x86_64",
                "build": "py35_0",
                "build_number": 0,
                "depends": [
                    "python 3.5*",
                    "requests >=2.3.0"
                ],
                "has_prefix": false,
                "license": "BSD License",
                "license_family": "BSD",
                "machine": "x86_64",
                "operatingsystem": "darwin",
                "platform": "osx",
                "subdir": "osx-64",
                "target-triplet": "x86_64-any-darwin"
            },
            "basename": "osx-64/mygene-3.0.0-py35_0.tar.bz2",
            "dependencies": {
                "depends": [
                    {
                        "name": "python",
                        "specs": [
                            [
                                "==",
                                "3.5"
                            ]
                        ]
                    },
                    {
                        "name": "requests",
                        "specs": [
                            [
                                ">=",
                                "2.3.0"
                            ]
                        ]
                    }
                ]
            },
            "description": null,
            "distribution_type": "conda",
            "download_url": "//api.anaconda.org/download/bioconda/mygene/3.0.0/osx-64/mygene-3.0.0-py35_0.tar.bz2",
            "full_name": "bioconda/mygene/3.0.0/osx-64/mygene-3.0.0-py35_0.tar.bz2",
            "labels": [
                "main",
                "cf201901"
            ],
            "md5": "9a4263f74a86c3704f24253bcab43ce1",
            "ndownloads": 38,
            "owner": "bioconda",
            "size": 21381,
            "type": "conda",
            "upload_time": "2017-03-02 20:06:30.880000+00:00",
            "version": "3.0.0"
        },
        {
            "attrs": {
                "arch": "x86_64",
                "build": "py35_0",
                "build_number": 0,
                "depends": [
                    "python 3.5*",
                    "requests >=2.3.0"
                ],
                "has_prefix": false,
                "license": "BSD License",
                "license_family": "BSD",
                "machine": "x86_64",
                "operatingsystem": "linux",
                "platform": "linux",
                "subdir": "linux-64",
                "target-triplet": "x86_64-any-linux"
            },
            "basename": "linux-64/mygene-3.0.0-py35_0.tar.bz2",
            "dependencies": {
                "depends": [
                    {
                        "name": "python",
                        "specs": [
                            [
                                "==",
                                "3.5"
                            ]
                        ]
                    },
                    {
                        "name": "requests",
                        "specs": [
                            [
                                ">=",
                                "2.3.0"
                            ]
                        ]
                    }
                ]
            },
            "description": null,
            "distribution_type": "conda",
            "download_url": "//api.anaconda.org/download/bioconda/mygene/3.0.0/linux-64/mygene-3.0.0-py35_0.tar.bz2",
            "full_name": "bioconda/mygene/3.0.0/linux-64/mygene-3.0.0-py35_0.tar.bz2",
            "labels": [
                "main",
                "cf201901"
            ],
            "md5": "310df3cde5e5c47a484fd3c6b67c7fe5",
            "ndownloads": 1087,
            "owner": "bioconda",
            "size": 21693,
            "type": "conda",
            "upload_time": "2017-03-02 18:23:00.595000+00:00",
            "version": "3.0.0"
        },
        {
            "attrs": {
                "arch": "x86_64",
                "build": "py36_0",
                "build_number": 0,
                "depends": [
                    "python 3.6*",
                    "requests >=2.3.0"
                ],
                "has_prefix": false,
                "license": "BSD License",
                "license_family": "BSD",
                "machine": "x86_64",
                "operatingsystem": "linux",
                "platform": "linux",
                "subdir": "linux-64",
                "target-triplet": "x86_64-any-linux"
            },
            "basename": "linux-64/mygene-3.0.0-py36_0.tar.bz2",
            "dependencies": {
                "depends": [
                    {
                        "name": "python",
                        "specs": [
                            [
                                "==",
                                "3.6"
                            ]
                        ]
                    },
                    {
                        "name": "requests",
                        "specs": [
                            [
                                ">=",
                                "2.3.0"
                            ]
                        ]
                    }
                ]
            },
            "description": null,
            "distribution_type": "conda",
            "download_url": "//api.anaconda.org/download/bioconda/mygene/3.0.0/linux-64/mygene-3.0.0-py36_0.tar.bz2",
            "full_name": "bioconda/mygene/3.0.0/linux-64/mygene-3.0.0-py36_0.tar.bz2",
            "labels": [
                "main",
                "cf201901"
            ],
            "md5": "5c316f9b6217850c142da7e13ecdbf15",
            "ndownloads": 1981,
            "owner": "bioconda",
            "size": 21558,
            "type": "conda",
            "upload_time": "2017-05-05 20:55:36.067000+00:00",
            "version": "3.0.0"
        },
        {
            "attrs": {
                "arch": null,
                "build": "py_2",
                "build_number": 2,
                "depends": [
                    "python",
                    "requests >=2.3.0"
                ],
                "has_prefix": false,
                "license": "BSD License",
                "license_family": "BSD",
                "machine": null,
                "noarch": "python",
                "operatingsystem": null,
                "platform": null,
                "subdir": "noarch",
                "target-triplet": "None-any-None",
                "timestamp": 1531444209593
            },
            "basename": "noarch/mygene-3.0.0-py_2.tar.bz2",
            "dependencies": {
                "depends": [
                    {
                        "name": "python",
                        "specs": []
                    },
                    {
                        "name": "requests",
                        "specs": [
                            [
                                ">=",
                                "2.3.0"
                            ]
                        ]
                    }
                ]
            },
            "description": null,
            "distribution_type": "conda",
            "download_url": "//api.anaconda.org/download/bioconda/mygene/3.0.0/noarch/mygene-3.0.0-py_2.tar.bz2",
            "full_name": "bioconda/mygene/3.0.0/noarch/mygene-3.0.0-py_2.tar.bz2",
            "labels": [
                "main",
                "cf201901"
            ],
            "md5": "53c887ba773b25cdd66540564abf7ea0",
            "ndownloads": 974,
            "owner": "bioconda",
            "size": 23257,
            "type": "conda",
            "upload_time": "2018-07-13 01:11:57.687000+00:00",
            "version": "3.0.0"
        },
        {
            "attrs": {
                "arch": "x86_64",
                "build": "py27_0",
                "build_number": 0,
                "depends": [
                    "python 2.7*",
                    "requests >=2.3.0"
                ],
                "has_prefix": false,
                "license": "BSD License",
                "license_family": "BSD",
                "machine": "x86_64",
                "operatingsystem": "linux",
                "platform": "linux",
                "subdir": "linux-64",
                "target-triplet": "x86_64-any-linux"
            },
            "basename": "linux-64/mygene-3.0.0-py27_0.tar.bz2",
            "dependencies": {
                "depends": [
                    {
                        "name": "python",
                        "specs": [
                            [
                                "==",
                                "2.7"
                            ]
                        ]
                    },
                    {
                        "name": "requests",
                        "specs": [
                            [
                                ">=",
                                "2.3.0"
                            ]
                        ]
                    }
                ]
            },
            "description": null,
            "distribution_type": "conda",
            "download_url": "//api.anaconda.org/download/bioconda/mygene/3.0.0/linux-64/mygene-3.0.0-py27_0.tar.bz2",
            "full_name": "bioconda/mygene/3.0.0/linux-64/mygene-3.0.0-py27_0.tar.bz2",
            "labels": [
                "main",
                "cf201901"
            ],
            "md5": "dced6610154a9a7e62231b2707075e11",
            "ndownloads": 937,
            "owner": "bioconda",
            "size": 21563,
            "type": "conda",
            "upload_time": "2017-03-02 18:22:58.957000+00:00",
            "version": "3.0.0"
        },
        {
            "attrs": {
                "arch": "x86_64",
                "build": "py36_0",
                "build_number": 0,
                "depends": [
                    "python 3.6*",
                    "requests >=2.3.0"
                ],
                "has_prefix": false,
                "license": "BSD License",
                "license_family": "BSD",
                "machine": "x86_64",
                "operatingsystem": "darwin",
                "platform": "osx",
                "subdir": "osx-64",
                "target-triplet": "x86_64-any-darwin"
            },
            "basename": "osx-64/mygene-3.0.0-py36_0.tar.bz2",
            "dependencies": {
                "depends": [
                    {
                        "name": "python",
                        "specs": [
                            [
                                "==",
                                "3.6"
                            ]
                        ]
                    },
                    {
                        "name": "requests",
                        "specs": [
                            [
                                ">=",
                                "2.3.0"
                            ]
                        ]
                    }
                ]
            },
            "description": null,
            "distribution_type": "conda",
            "download_url": "//api.anaconda.org/download/bioconda/mygene/3.0.0/osx-64/mygene-3.0.0-py36_0.tar.bz2",
            "full_name": "bioconda/mygene/3.0.0/osx-64/mygene-3.0.0-py36_0.tar.bz2",
            "labels": [
                "main",
                "cf201901"
            ],
            "md5": "8f790237500c042c92397f46f2c552e7",
            "ndownloads": 867,
            "owner": "bioconda",
            "size": 21220,
            "type": "conda",
            "upload_time": "2017-05-08 07:52:51.835000+00:00",
            "version": "3.0.0"
        }
    ],
    "full_name": "bioconda/mygene",
    "home": "None",
    "html_url": "http://anaconda.org/bioconda/mygene",
    "id": "564e58ddeaad3757536e8c8f",
    "latest_version": "3.1.0",
    "license": "BSD License",
    "license_url": null,
    "modified_at": "2018-12-20 00:40:13.859000+00:00",
    "name": "mygene",
    "owner": {
        "company": "",
        "created_at": "2015-09-11 22:59:20.880000+00:00",
        "description": "Bioconda is a distribution of bioinformatics software realized as a channel for the versatile Conda package manager.",
        "location": "",
        "login": "bioconda",
        "name": "bioconda",
        "url": "",
        "user_type": "org"
    },
    "package_types": [
        "conda"
    ],
    "public": true,
    "releases": [
        {
            "distributions": [
                "linux-64/mygene-2.2.0-py27_0.tar.bz2",
                "linux-64/mygene-2.2.0-py35_0.tar.bz2",
                "osx-64/mygene-2.2.0-py35_0.tar.bz2",
                "osx-64/mygene-2.2.0-py27_0.tar.bz2",
                "osx-64/mygene-2.2.0-py34_0.tar.bz2",
                "linux-64/mygene-2.2.0-py34_0.tar.bz2"
            ],
            "full_name": "bioconda/mygene/2.2.0",
            "version": "2.2.0"
        },
        {
            "distributions": [],
            "full_name": "bioconda/mygene/3.0.0",
            "version": "3.0.0"
        },
        {
            "distributions": [],
            "full_name": "bioconda/mygene/3.1.0",
            "version": "3.1.0"
        }
    ],
    "revision": 10,
    "source_git_tag": null,
    "source_git_url": null,
    "summary": "Python Client for MyGene.Info services.",
    "upvoted": 0,
    "url": "http://api.anaconda.org/packages/bioconda/mygene",
    "versions": [
        "2.2.0",
        "3.0.0",
        "3.1.0"
    ],
    "watchers": 1
}