{
    "app_entry": {},
    "app_summary": {},
    "app_type": {},
    "builds": [
        "boost1.60_0",
        "boost1.61_0",
        "boost1.64_0"
    ],
    "conda_platforms": [
        "linux-64"
    ],
    "created_at": "2016-09-29 22:13:58.683000+00:00",
    "description": "None",
    "dev_url": {},
    "doc_url": {},
    "files": [
        {
            "attrs": {
                "arch": "x86_64",
                "build": "boost1.60_0",
                "build_number": 0,
                "depends": [
                    "argh",
                    "boost 1.60*",
                    "cython",
                    "h5py",
                    "hdf5",
                    "libgcc",
                    "myriad >=0.1.2",
                    "numpy",
                    "pathtools >=0.1.1",
                    "python 2.7*",
                    "pyyaml >=3.10",
                    "six",
                    "watchdog"
                ],
                "license": "MPL-2.0",
                "machine": "x86_64",
                "operatingsystem": "linux",
                "platform": "linux",
                "subdir": "linux-64",
                "target-triplet": "x86_64-any-linux"
            },
            "basename": "linux-64/nanonet-2.0.0-boost1.60_0.tar.bz2",
            "dependencies": {
                "depends": [
                    {
                        "name": "argh",
                        "specs": []
                    },
                    {
                        "name": "boost",
                        "specs": [
                            [
                                "==",
                                "1.60"
                            ]
                        ]
                    },
                    {
                        "name": "cython",
                        "specs": []
                    },
                    {
                        "name": "h5py",
                        "specs": []
                    },
                    {
                        "name": "hdf5",
                        "specs": []
                    },
                    {
                        "name": "libgcc",
                        "specs": []
                    },
                    {
                        "name": "myriad",
                        "specs": [
                            [
                                ">=",
                                "0.1.2"
                            ]
                        ]
                    },
                    {
                        "name": "numpy",
                        "specs": []
                    },
                    {
                        "name": "pathtools",
                        "specs": [
                            [
                                ">=",
                                "0.1.1"
                            ]
                        ]
                    },
                    {
                        "name": "python",
                        "specs": [
                            [
                                "==",
                                "2.7"
                            ]
                        ]
                    },
                    {
                        "name": "pyyaml",
                        "specs": [
                            [
                                ">=",
                                "3.10"
                            ]
                        ]
                    },
                    {
                        "name": "six",
                        "specs": []
                    },
                    {
                        "name": "watchdog",
                        "specs": []
                    }
                ]
            },
            "description": null,
            "distribution_type": "conda",
            "download_url": "//api.anaconda.org/download/bioconda/nanonet/2.0.0/linux-64/nanonet-2.0.0-boost1.60_0.tar.bz2",
            "full_name": "bioconda/nanonet/2.0.0/linux-64/nanonet-2.0.0-boost1.60_0.tar.bz2",
            "labels": [
                "main",
                "cf201901"
            ],
            "md5": "cd53f8eaca10340d8e47c0cde7290229",
            "ndownloads": 449,
            "owner": "bioconda",
            "size": 7036254,
            "type": "conda",
            "upload_time": "2016-09-29 22:13:59.112000+00:00",
            "version": "2.0.0"
        },
        {
            "attrs": {
                "arch": "x86_64",
                "build": "boost1.61_0",
                "build_number": 0,
                "depends": [
                    "argh",
                    "boost 1.61*",
                    "cython",
                    "h5py",
                    "hdf5",
                    "libgcc",
                    "myriad >=0.1.2",
                    "numpy",
                    "pathtools >=0.1.1",
                    "python 2.7*",
                    "pyyaml >=3.10",
                    "six",
                    "watchdog"
                ],
                "has_prefix": true,
                "license": "MPL-2.0",
                "machine": "x86_64",
                "operatingsystem": "linux",
                "platform": "linux",
                "subdir": "linux-64",
                "target-triplet": "x86_64-any-linux"
            },
            "basename": "linux-64/nanonet-2.0.0-boost1.61_0.tar.bz2",
            "dependencies": {
                "depends": [
                    {
                        "name": "argh",
                        "specs": []
                    },
                    {
                        "name": "boost",
                        "specs": [
                            [
                                "==",
                                "1.61"
                            ]
                        ]
                    },
                    {
                        "name": "cython",
                        "specs": []
                    },
                    {
                        "name": "h5py",
                        "specs": []
                    },
                    {
                        "name": "hdf5",
                        "specs": []
                    },
                    {
                        "name": "libgcc",
                        "specs": []
                    },
                    {
                        "name": "myriad",
                        "specs": [
                            [
                                ">=",
                                "0.1.2"
                            ]
                        ]
                    },
                    {
                        "name": "numpy",
                        "specs": []
                    },
                    {
                        "name": "pathtools",
                        "specs": [
                            [
                                ">=",
                                "0.1.1"
                            ]
                        ]
                    },
                    {
                        "name": "python",
                        "specs": [
                            [
                                "==",
                                "2.7"
                            ]
                        ]
                    },
                    {
                        "name": "pyyaml",
                        "specs": [
                            [
                                ">=",
                                "3.10"
                            ]
                        ]
                    },
                    {
                        "name": "six",
                        "specs": []
                    },
                    {
                        "name": "watchdog",
                        "specs": []
                    }
                ]
            },
            "description": null,
            "distribution_type": "conda",
            "download_url": "//api.anaconda.org/download/bioconda/nanonet/2.0.0/linux-64/nanonet-2.0.0-boost1.61_0.tar.bz2",
            "full_name": "bioconda/nanonet/2.0.0/linux-64/nanonet-2.0.0-boost1.61_0.tar.bz2",
            "labels": [
                "main",
                "cf201901"
            ],
            "md5": "14eba9ce2c08656ff439e844b98ee633",
            "ndownloads": 408,
            "owner": "bioconda",
            "size": 7037186,
            "type": "conda",
            "upload_time": "2017-02-25 19:34:31.751000+00:00",
            "version": "2.0.0"
        },
        {
            "attrs": {
                "arch": "x86_64",
                "build": "boost1.64_0",
                "build_number": 0,
                "depends": [
                    "argh",
                    "boost 1.64*",
                    "cython",
                    "h5py",
                    "hdf5",
                    "libgcc",
                    "myriad >=0.1.2",
                    "numpy",
                    "pathtools >=0.1.1",
                    "python 2.7*",
                    "pyyaml >=3.10",
                    "six",
                    "watchdog"
                ],
                "has_prefix": true,
                "license": "MPL-2.0",
                "machine": "x86_64",
                "operatingsystem": "linux",
                "platform": "linux",
                "subdir": "linux-64",
                "target-triplet": "x86_64-any-linux"
            },
            "basename": "linux-64/nanonet-2.0.0-boost1.64_0.tar.bz2",
            "dependencies": {
                "depends": [
                    {
                        "name": "argh",
                        "specs": []
                    },
                    {
                        "name": "boost",
                        "specs": [
                            [
                                "==",
                                "1.64"
                            ]
                        ]
                    },
                    {
                        "name": "cython",
                        "specs": []
                    },
                    {
                        "name": "h5py",
                        "specs": []
                    },
                    {
                        "name": "hdf5",
                        "specs": []
                    },
                    {
                        "name": "libgcc",
                        "specs": []
                    },
                    {
                        "name": "myriad",
                        "specs": [
                            [
                                ">=",
                                "0.1.2"
                            ]
                        ]
                    },
                    {
                        "name": "numpy",
                        "specs": []
                    },
                    {
                        "name": "pathtools",
                        "specs": [
                            [
                                ">=",
                                "0.1.1"
                            ]
                        ]
                    },
                    {
                        "name": "python",
                        "specs": [
                            [
                                "==",
                                "2.7"
                            ]
                        ]
                    },
                    {
                        "name": "pyyaml",
                        "specs": [
                            [
                                ">=",
                                "3.10"
                            ]
                        ]
                    },
                    {
                        "name": "six",
                        "specs": []
                    },
                    {
                        "name": "watchdog",
                        "specs": []
                    }
                ]
            },
            "description": null,
            "distribution_type": "conda",
            "download_url": "//api.anaconda.org/download/bioconda/nanonet/2.0.0/linux-64/nanonet-2.0.0-boost1.64_0.tar.bz2",
            "full_name": "bioconda/nanonet/2.0.0/linux-64/nanonet-2.0.0-boost1.64_0.tar.bz2",
            "labels": [
                "main",
                "cf201901"
            ],
            "md5": "b2eb04a6118a2fb60d6c1dd8abd8bf5b",
            "ndownloads": 1327,
            "owner": "bioconda",
            "size": 6945783,
            "type": "conda",
            "upload_time": "2017-07-05 14:20:03.653000+00:00",
            "version": "2.0.0"
        }
    ],
    "full_name": "bioconda/nanonet",
    "home": "None",
    "html_url": "http://anaconda.org/bioconda/nanonet",
    "id": "57ed9226f7d080033604a4a8",
    "latest_version": "2.0.0",
    "license": {},
    "license_url": {},
    "modified_at": "2017-07-05 14:20:05.133000+00:00",
    "name": "nanonet",
    "owner": {
        "company": "",
        "created_at": "2015-09-11 22:59:20.880000+00:00",
        "description": "Bioconda is a distribution of bioinformatics software realized as a channel for the versatile Conda package manager.",
        "location": "",
        "login": "bioconda",
        "name": "bioconda",
        "url": "",
        "user_type": "org"
    },
    "package_types": [
        "conda"
    ],
    "public": true,
    "releases": [
        {
            "distributions": [],
            "full_name": "bioconda/nanonet/2.0.0",
            "version": "2.0.0"
        }
    ],
    "revision": 1,
    "source_git_tag": {},
    "source_git_url": {},
    "summary": "",
    "upvoted": 0,
    "url": "http://api.anaconda.org/packages/bioconda/nanonet",
    "versions": [
        "2.0.0"
    ],
    "watchers": 1
}