{
    "app_entry": {},
    "app_summary": {},
    "app_type": {},
    "builds": [
        "ha84a7f6_2",
        "hf0ff744_0",
        "h9fd3d4c_0",
        "h4343b95_0",
        "1",
        "0"
    ],
    "conda_platforms": [
        "linux-64",
        "osx-64"
    ],
    "created_at": "2017-06-28 17:05:04.256000+00:00",
    "description": "",
    "dev_url": null,
    "doc_url": "https://dirmeier.github.io/netReg/",
    "files": [
        {
            "attrs": {
                "arch": "x86_64",
                "build": "0",
                "build_number": 0,
                "depends": [
                    "armadillo >=7.800.1",
                    "boost ==1.63.0",
                    "libgcc",
                    "openblas >=0.2.19",
                    "zlib"
                ],
                "has_prefix": true,
                "license": "GPL3",
                "machine": "x86_64",
                "operatingsystem": "linux",
                "platform": "linux",
                "subdir": "linux-64",
                "target-triplet": "x86_64-any-linux"
            },
            "basename": "linux-64/netreg-1.0.0-0.tar.bz2",
            "dependencies": {
                "depends": [
                    {
                        "name": "armadillo",
                        "specs": [
                            [
                                ">=",
                                "7.800.1"
                            ]
                        ]
                    },
                    {
                        "name": "boost",
                        "specs": [
                            [
                                "==",
                                "1.63.0"
                            ]
                        ]
                    },
                    {
                        "name": "libgcc",
                        "specs": []
                    },
                    {
                        "name": "openblas",
                        "specs": [
                            [
                                ">=",
                                "0.2.19"
                            ]
                        ]
                    },
                    {
                        "name": "zlib",
                        "specs": []
                    }
                ]
            },
            "description": null,
            "distribution_type": "conda",
            "download_url": "//api.anaconda.org/download/bioconda/netreg/1.0.0/linux-64/netreg-1.0.0-0.tar.bz2",
            "full_name": "bioconda/netreg/1.0.0/linux-64/netreg-1.0.0-0.tar.bz2",
            "labels": [
                "main",
                "cf201901"
            ],
            "md5": "329a6096bd79bcf4b8a33fa32b2f5088",
            "ndownloads": 541,
            "owner": "bioconda",
            "size": 1282226,
            "type": "conda",
            "upload_time": "2017-06-28 17:05:04.734000+00:00",
            "version": "1.0.0"
        },
        {
            "attrs": {
                "arch": "x86_64",
                "build": "0",
                "build_number": 0,
                "depends": [
                    "armadillo >=7.800.1",
                    "boost ==1.63.0",
                    "libcxx",
                    "openblas >=0.2.19",
                    "zlib"
                ],
                "has_prefix": true,
                "license": "GPL3",
                "machine": "x86_64",
                "operatingsystem": "darwin",
                "platform": "osx",
                "subdir": "osx-64",
                "target-triplet": "x86_64-any-darwin"
            },
            "basename": "osx-64/netreg-1.0.0-0.tar.bz2",
            "dependencies": {
                "depends": [
                    {
                        "name": "armadillo",
                        "specs": [
                            [
                                ">=",
                                "7.800.1"
                            ]
                        ]
                    },
                    {
                        "name": "boost",
                        "specs": [
                            [
                                "==",
                                "1.63.0"
                            ]
                        ]
                    },
                    {
                        "name": "libcxx",
                        "specs": []
                    },
                    {
                        "name": "openblas",
                        "specs": [
                            [
                                ">=",
                                "0.2.19"
                            ]
                        ]
                    },
                    {
                        "name": "zlib",
                        "specs": []
                    }
                ]
            },
            "description": null,
            "distribution_type": "conda",
            "download_url": "//api.anaconda.org/download/bioconda/netreg/1.0.0/osx-64/netreg-1.0.0-0.tar.bz2",
            "full_name": "bioconda/netreg/1.0.0/osx-64/netreg-1.0.0-0.tar.bz2",
            "labels": [
                "main",
                "cf201901"
            ],
            "md5": "1a882eb7ab0366cbcde61cf301ed535d",
            "ndownloads": 780,
            "owner": "bioconda",
            "size": 123452,
            "type": "conda",
            "upload_time": "2017-06-28 17:46:29.925000+00:00",
            "version": "1.0.0"
        },
        {
            "attrs": {
                "arch": "x86_64",
                "build": "0",
                "build_number": 0,
                "depends": [
                    "armadillo >=7.800.1",
                    "boost 1.64*",
                    "libgcc",
                    "openblas >=0.2.19",
                    "zlib 1.2.8*"
                ],
                "has_prefix": true,
                "license": "GPL3",
                "machine": "x86_64",
                "operatingsystem": "linux",
                "platform": "linux",
                "subdir": "linux-64",
                "target-triplet": "x86_64-any-linux"
            },
            "basename": "linux-64/netreg-1.2.0-0.tar.bz2",
            "dependencies": {
                "depends": [
                    {
                        "name": "armadillo",
                        "specs": [
                            [
                                ">=",
                                "7.800.1"
                            ]
                        ]
                    },
                    {
                        "name": "boost",
                        "specs": [
                            [
                                "==",
                                "1.64"
                            ]
                        ]
                    },
                    {
                        "name": "libgcc",
                        "specs": []
                    },
                    {
                        "name": "openblas",
                        "specs": [
                            [
                                ">=",
                                "0.2.19"
                            ]
                        ]
                    },
                    {
                        "name": "zlib",
                        "specs": [
                            [
                                "==",
                                "1.2.8"
                            ]
                        ]
                    }
                ]
            },
            "description": null,
            "distribution_type": "conda",
            "download_url": "//api.anaconda.org/download/bioconda/netreg/1.2.0/linux-64/netreg-1.2.0-0.tar.bz2",
            "full_name": "bioconda/netreg/1.2.0/linux-64/netreg-1.2.0-0.tar.bz2",
            "labels": [
                "main",
                "cf201901"
            ],
            "md5": "9ba0f9cd7b8ddcf22cb353aea5892c70",
            "ndownloads": 508,
            "owner": "bioconda",
            "size": 1316034,
            "type": "conda",
            "upload_time": "2017-11-16 20:43:50.530000+00:00",
            "version": "1.2.0"
        },
        {
            "attrs": {
                "arch": "x86_64",
                "build": "0",
                "build_number": 0,
                "depends": [
                    "armadillo >=7.800.1",
                    "boost 1.64*",
                    "libcxx",
                    "openblas >=0.2.19",
                    "zlib 1.2.8*"
                ],
                "has_prefix": true,
                "license": "GPL3",
                "machine": "x86_64",
                "operatingsystem": "darwin",
                "platform": "osx",
                "subdir": "osx-64",
                "target-triplet": "x86_64-any-darwin"
            },
            "basename": "osx-64/netreg-1.2.0-0.tar.bz2",
            "dependencies": {
                "depends": [
                    {
                        "name": "armadillo",
                        "specs": [
                            [
                                ">=",
                                "7.800.1"
                            ]
                        ]
                    },
                    {
                        "name": "boost",
                        "specs": [
                            [
                                "==",
                                "1.64"
                            ]
                        ]
                    },
                    {
                        "name": "libcxx",
                        "specs": []
                    },
                    {
                        "name": "openblas",
                        "specs": [
                            [
                                ">=",
                                "0.2.19"
                            ]
                        ]
                    },
                    {
                        "name": "zlib",
                        "specs": [
                            [
                                "==",
                                "1.2.8"
                            ]
                        ]
                    }
                ]
            },
            "description": null,
            "distribution_type": "conda",
            "download_url": "//api.anaconda.org/download/bioconda/netreg/1.2.0/osx-64/netreg-1.2.0-0.tar.bz2",
            "full_name": "bioconda/netreg/1.2.0/osx-64/netreg-1.2.0-0.tar.bz2",
            "labels": [
                "main",
                "cf201901"
            ],
            "md5": "814f782e773607c0aba2bc0ff36ab540",
            "ndownloads": 28,
            "owner": "bioconda",
            "size": 135671,
            "type": "conda",
            "upload_time": "2017-11-16 22:09:45.981000+00:00",
            "version": "1.2.0"
        },
        {
            "attrs": {
                "arch": "x86_64",
                "build": "1",
                "build_number": 1,
                "depends": [
                    "armadillo >=7.800.1",
                    "boost 1.64*",
                    "libcxx",
                    "openblas >=0.2.19",
                    "zlib 1.2.11*"
                ],
                "has_prefix": true,
                "license": "GPL3",
                "machine": "x86_64",
                "operatingsystem": "darwin",
                "platform": "osx",
                "subdir": "osx-64",
                "target-triplet": "x86_64-any-darwin"
            },
            "basename": "osx-64/netreg-1.2.0-1.tar.bz2",
            "dependencies": {
                "depends": [
                    {
                        "name": "armadillo",
                        "specs": [
                            [
                                ">=",
                                "7.800.1"
                            ]
                        ]
                    },
                    {
                        "name": "boost",
                        "specs": [
                            [
                                "==",
                                "1.64"
                            ]
                        ]
                    },
                    {
                        "name": "libcxx",
                        "specs": []
                    },
                    {
                        "name": "openblas",
                        "specs": [
                            [
                                ">=",
                                "0.2.19"
                            ]
                        ]
                    },
                    {
                        "name": "zlib",
                        "specs": [
                            [
                                "==",
                                "1.2.11"
                            ]
                        ]
                    }
                ]
            },
            "description": null,
            "distribution_type": "conda",
            "download_url": "//api.anaconda.org/download/bioconda/netreg/1.2.0/osx-64/netreg-1.2.0-1.tar.bz2",
            "full_name": "bioconda/netreg/1.2.0/osx-64/netreg-1.2.0-1.tar.bz2",
            "labels": [
                "main",
                "cf201901"
            ],
            "md5": "c3f0ed141b9d5e296ba9d08d4500536d",
            "ndownloads": 761,
            "owner": "bioconda",
            "size": 135918,
            "type": "conda",
            "upload_time": "2018-02-04 09:17:45.997000+00:00",
            "version": "1.2.0"
        },
        {
            "attrs": {
                "arch": "x86_64",
                "build": "1",
                "build_number": 1,
                "depends": [
                    "armadillo >=7.800.1",
                    "boost 1.64*",
                    "libgcc",
                    "openblas >=0.2.19",
                    "zlib 1.2.11*"
                ],
                "has_prefix": true,
                "license": "GPL3",
                "machine": "x86_64",
                "operatingsystem": "linux",
                "platform": "linux",
                "subdir": "linux-64",
                "target-triplet": "x86_64-any-linux"
            },
            "basename": "linux-64/netreg-1.2.0-1.tar.bz2",
            "dependencies": {
                "depends": [
                    {
                        "name": "armadillo",
                        "specs": [
                            [
                                ">=",
                                "7.800.1"
                            ]
                        ]
                    },
                    {
                        "name": "boost",
                        "specs": [
                            [
                                "==",
                                "1.64"
                            ]
                        ]
                    },
                    {
                        "name": "libgcc",
                        "specs": []
                    },
                    {
                        "name": "openblas",
                        "specs": [
                            [
                                ">=",
                                "0.2.19"
                            ]
                        ]
                    },
                    {
                        "name": "zlib",
                        "specs": [
                            [
                                "==",
                                "1.2.11"
                            ]
                        ]
                    }
                ]
            },
            "description": null,
            "distribution_type": "conda",
            "download_url": "//api.anaconda.org/download/bioconda/netreg/1.2.0/linux-64/netreg-1.2.0-1.tar.bz2",
            "full_name": "bioconda/netreg/1.2.0/linux-64/netreg-1.2.0-1.tar.bz2",
            "labels": [
                "main",
                "cf201901"
            ],
            "md5": "2824118711c9611840f1d86715fa79d0",
            "ndownloads": 156,
            "owner": "bioconda",
            "size": 1316400,
            "type": "conda",
            "upload_time": "2018-02-11 12:24:09.611000+00:00",
            "version": "1.2.0"
        },
        {
            "attrs": {
                "arch": "x86_64",
                "build": "1",
                "build_number": 1,
                "depends": [
                    "armadillo >=7.800.1",
                    "boost 1.64*",
                    "hdf5 1.8.17*",
                    "libcxx",
                    "openblas >=0.2.19",
                    "zlib 1.2.11*"
                ],
                "has_prefix": true,
                "license": "GPL3",
                "machine": "x86_64",
                "operatingsystem": "darwin",
                "platform": "osx",
                "subdir": "osx-64",
                "target-triplet": "x86_64-any-darwin"
            },
            "basename": "osx-64/netreg-1.4.0-1.tar.bz2",
            "dependencies": {
                "depends": [
                    {
                        "name": "armadillo",
                        "specs": [
                            [
                                ">=",
                                "7.800.1"
                            ]
                        ]
                    },
                    {
                        "name": "boost",
                        "specs": [
                            [
                                "==",
                                "1.64"
                            ]
                        ]
                    },
                    {
                        "name": "hdf5",
                        "specs": [
                            [
                                "==",
                                "1.8.17"
                            ]
                        ]
                    },
                    {
                        "name": "libcxx",
                        "specs": []
                    },
                    {
                        "name": "openblas",
                        "specs": [
                            [
                                ">=",
                                "0.2.19"
                            ]
                        ]
                    },
                    {
                        "name": "zlib",
                        "specs": [
                            [
                                "==",
                                "1.2.11"
                            ]
                        ]
                    }
                ]
            },
            "description": null,
            "distribution_type": "conda",
            "download_url": "//api.anaconda.org/download/bioconda/netreg/1.4.0/osx-64/netreg-1.4.0-1.tar.bz2",
            "full_name": "bioconda/netreg/1.4.0/osx-64/netreg-1.4.0-1.tar.bz2",
            "labels": [
                "main",
                "cf201901"
            ],
            "md5": "2baa30d1e491d3c4d97d0095616116a9",
            "ndownloads": 28,
            "owner": "bioconda",
            "size": 127611,
            "type": "conda",
            "upload_time": "2018-05-21 14:46:53.767000+00:00",
            "version": "1.4.0"
        },
        {
            "attrs": {
                "arch": "x86_64",
                "build": "1",
                "build_number": 1,
                "depends": [
                    "armadillo >=7.800.1",
                    "boost 1.64*",
                    "hdf5 1.8.17*",
                    "libgcc",
                    "openblas >=0.2.19",
                    "zlib 1.2.11*"
                ],
                "has_prefix": true,
                "license": "GPL3",
                "machine": "x86_64",
                "operatingsystem": "linux",
                "platform": "linux",
                "subdir": "linux-64",
                "target-triplet": "x86_64-any-linux"
            },
            "basename": "linux-64/netreg-1.4.0-1.tar.bz2",
            "dependencies": {
                "depends": [
                    {
                        "name": "armadillo",
                        "specs": [
                            [
                                ">=",
                                "7.800.1"
                            ]
                        ]
                    },
                    {
                        "name": "boost",
                        "specs": [
                            [
                                "==",
                                "1.64"
                            ]
                        ]
                    },
                    {
                        "name": "hdf5",
                        "specs": [
                            [
                                "==",
                                "1.8.17"
                            ]
                        ]
                    },
                    {
                        "name": "libgcc",
                        "specs": []
                    },
                    {
                        "name": "openblas",
                        "specs": [
                            [
                                ">=",
                                "0.2.19"
                            ]
                        ]
                    },
                    {
                        "name": "zlib",
                        "specs": [
                            [
                                "==",
                                "1.2.11"
                            ]
                        ]
                    }
                ]
            },
            "description": null,
            "distribution_type": "conda",
            "download_url": "//api.anaconda.org/download/bioconda/netreg/1.4.0/linux-64/netreg-1.4.0-1.tar.bz2",
            "full_name": "bioconda/netreg/1.4.0/linux-64/netreg-1.4.0-1.tar.bz2",
            "labels": [
                "main",
                "cf201901"
            ],
            "md5": "251896c97452469967bebe3e249e49aa",
            "ndownloads": 129,
            "owner": "bioconda",
            "size": 1400054,
            "type": "conda",
            "upload_time": "2018-05-21 14:48:16.658000+00:00",
            "version": "1.4.0"
        },
        {
            "attrs": {
                "arch": "x86_64",
                "build": "ha84a7f6_2",
                "build_number": 2,
                "depends": [
                    "armadillo >=7.800.1",
                    "boost >=1.66.0,<1.66.1.0a0",
                    "hdf5 >=1.10.2,<1.10.3.0a0",
                    "openblas >=0.2.20,<0.2.21.0a0",
                    "zlib >=1.2.11,<1.3.0a0"
                ],
                "has_prefix": true,
                "license": "GPL3",
                "machine": "x86_64",
                "operatingsystem": "darwin",
                "platform": "osx",
                "subdir": "osx-64",
                "target-triplet": "x86_64-any-darwin",
                "timestamp": 1530953319600
            },
            "basename": "osx-64/netreg-1.4.0-ha84a7f6_2.tar.bz2",
            "dependencies": {
                "depends": [
                    {
                        "name": "armadillo",
                        "specs": [
                            [
                                ">=",
                                "7.800.1"
                            ]
                        ]
                    },
                    {
                        "name": "boost",
                        "specs": [
                            [
                                ">=",
                                "1.66.0,<1.66.1.0a0"
                            ]
                        ]
                    },
                    {
                        "name": "hdf5",
                        "specs": [
                            [
                                ">=",
                                "1.10.2,<1.10.3.0a0"
                            ]
                        ]
                    },
                    {
                        "name": "openblas",
                        "specs": [
                            [
                                ">=",
                                "0.2.20,<0.2.21.0a0"
                            ]
                        ]
                    },
                    {
                        "name": "zlib",
                        "specs": [
                            [
                                ">=",
                                "1.2.11,<1.3.0a0"
                            ]
                        ]
                    }
                ]
            },
            "description": null,
            "distribution_type": "conda",
            "download_url": "//api.anaconda.org/download/bioconda/netreg/1.4.0/osx-64/netreg-1.4.0-ha84a7f6_2.tar.bz2",
            "full_name": "bioconda/netreg/1.4.0/osx-64/netreg-1.4.0-ha84a7f6_2.tar.bz2",
            "labels": [
                "main",
                "cf201901"
            ],
            "md5": "59fd439e7edfd2060ca774291cb7e536",
            "ndownloads": 760,
            "owner": "bioconda",
            "size": 127951,
            "type": "conda",
            "upload_time": "2018-07-07 08:49:29.935000+00:00",
            "version": "1.4.0"
        },
        {
            "attrs": {
                "arch": "x86_64",
                "build": "ha84a7f6_2",
                "build_number": 2,
                "depends": [
                    "armadillo >=7.800.1",
                    "boost >=1.66.0,<1.66.1.0a0",
                    "hdf5 >=1.10.2,<1.10.3.0a0",
                    "libgcc-ng >=4.9",
                    "openblas >=0.2.20,<0.2.21.0a0",
                    "zlib >=1.2.11,<1.3.0a0"
                ],
                "has_prefix": true,
                "license": "GPL3",
                "machine": "x86_64",
                "operatingsystem": "linux",
                "platform": "linux",
                "subdir": "linux-64",
                "target-triplet": "x86_64-any-linux",
                "timestamp": 1531574469091
            },
            "basename": "linux-64/netreg-1.4.0-ha84a7f6_2.tar.bz2",
            "dependencies": {
                "depends": [
                    {
                        "name": "armadillo",
                        "specs": [
                            [
                                ">=",
                                "7.800.1"
                            ]
                        ]
                    },
                    {
                        "name": "boost",
                        "specs": [
                            [
                                ">=",
                                "1.66.0,<1.66.1.0a0"
                            ]
                        ]
                    },
                    {
                        "name": "hdf5",
                        "specs": [
                            [
                                ">=",
                                "1.10.2,<1.10.3.0a0"
                            ]
                        ]
                    },
                    {
                        "name": "libgcc-ng",
                        "specs": [
                            [
                                ">=",
                                "4.9"
                            ]
                        ]
                    },
                    {
                        "name": "openblas",
                        "specs": [
                            [
                                ">=",
                                "0.2.20,<0.2.21.0a0"
                            ]
                        ]
                    },
                    {
                        "name": "zlib",
                        "specs": [
                            [
                                ">=",
                                "1.2.11,<1.3.0a0"
                            ]
                        ]
                    }
                ]
            },
            "description": null,
            "distribution_type": "conda",
            "download_url": "//api.anaconda.org/download/bioconda/netreg/1.4.0/linux-64/netreg-1.4.0-ha84a7f6_2.tar.bz2",
            "full_name": "bioconda/netreg/1.4.0/linux-64/netreg-1.4.0-ha84a7f6_2.tar.bz2",
            "labels": [
                "main",
                "cf201901"
            ],
            "md5": "28abeecb7a71220edd2bcea6582bc7c7",
            "ndownloads": 249,
            "owner": "bioconda",
            "size": 1408204,
            "type": "conda",
            "upload_time": "2018-07-14 13:23:52.478000+00:00",
            "version": "1.4.0"
        },
        {
            "attrs": {
                "arch": "x86_64",
                "build": "h4343b95_0",
                "build_number": 0,
                "depends": [
                    "armadillo >=7.800.1",
                    "armadillo >=9.200,<10.0a0",
                    "boost >=1.67.0,<1.67.1.0a0",
                    "hdf5 >=1.10.3,<1.10.4.0a0",
                    "libgcc-ng >=4.9",
                    "openblas >=0.3.3,<0.3.4.0a0",
                    "zlib >=1.2.11,<1.3.0a0"
                ],
                "has_prefix": true,
                "license": "GPL3",
                "machine": "x86_64",
                "operatingsystem": "linux",
                "platform": "linux",
                "subdir": "linux-64",
                "target-triplet": "x86_64-any-linux",
                "timestamp": 1545261004187
            },
            "basename": "linux-64/netreg-1.6.0-h4343b95_0.tar.bz2",
            "dependencies": {
                "depends": [
                    {
                        "name": "armadillo",
                        "specs": [
                            [
                                ">=",
                                "7.800.1"
                            ]
                        ]
                    },
                    {
                        "name": "armadillo",
                        "specs": [
                            [
                                ">=",
                                "9.200,<10.0a0"
                            ]
                        ]
                    },
                    {
                        "name": "boost",
                        "specs": [
                            [
                                ">=",
                                "1.67.0,<1.67.1.0a0"
                            ]
                        ]
                    },
                    {
                        "name": "hdf5",
                        "specs": [
                            [
                                ">=",
                                "1.10.3,<1.10.4.0a0"
                            ]
                        ]
                    },
                    {
                        "name": "libgcc-ng",
                        "specs": [
                            [
                                ">=",
                                "4.9"
                            ]
                        ]
                    },
                    {
                        "name": "openblas",
                        "specs": [
                            [
                                ">=",
                                "0.3.3,<0.3.4.0a0"
                            ]
                        ]
                    },
                    {
                        "name": "zlib",
                        "specs": [
                            [
                                ">=",
                                "1.2.11,<1.3.0a0"
                            ]
                        ]
                    }
                ]
            },
            "description": null,
            "distribution_type": "conda",
            "download_url": "//api.anaconda.org/download/bioconda/netreg/1.6.0/linux-64/netreg-1.6.0-h4343b95_0.tar.bz2",
            "full_name": "bioconda/netreg/1.6.0/linux-64/netreg-1.6.0-h4343b95_0.tar.bz2",
            "labels": [
                "main",
                "cf201901"
            ],
            "md5": "c437f188dfdcc55b949b55f6dbdfecfb",
            "ndownloads": 124,
            "owner": "bioconda",
            "size": 1423803,
            "type": "conda",
            "upload_time": "2018-12-19 23:12:48.514000+00:00",
            "version": "1.6.0"
        },
        {
            "attrs": {
                "arch": "x86_64",
                "build": "h4343b95_0",
                "build_number": 0,
                "depends": [
                    "armadillo >=7.800.1",
                    "armadillo >=9.200,<10.0a0",
                    "boost >=1.67.0,<1.67.1.0a0",
                    "hdf5 >=1.10.3,<1.10.4.0a0",
                    "openblas >=0.3.3,<0.3.4.0a0",
                    "zlib >=1.2.11,<1.3.0a0"
                ],
                "has_prefix": true,
                "license": "GPL3",
                "machine": "x86_64",
                "operatingsystem": "darwin",
                "platform": "osx",
                "subdir": "osx-64",
                "target-triplet": "x86_64-any-darwin",
                "timestamp": 1545267522972
            },
            "basename": "osx-64/netreg-1.6.0-h4343b95_0.tar.bz2",
            "dependencies": {
                "depends": [
                    {
                        "name": "armadillo",
                        "specs": [
                            [
                                ">=",
                                "7.800.1"
                            ]
                        ]
                    },
                    {
                        "name": "armadillo",
                        "specs": [
                            [
                                ">=",
                                "9.200,<10.0a0"
                            ]
                        ]
                    },
                    {
                        "name": "boost",
                        "specs": [
                            [
                                ">=",
                                "1.67.0,<1.67.1.0a0"
                            ]
                        ]
                    },
                    {
                        "name": "hdf5",
                        "specs": [
                            [
                                ">=",
                                "1.10.3,<1.10.4.0a0"
                            ]
                        ]
                    },
                    {
                        "name": "openblas",
                        "specs": [
                            [
                                ">=",
                                "0.3.3,<0.3.4.0a0"
                            ]
                        ]
                    },
                    {
                        "name": "zlib",
                        "specs": [
                            [
                                ">=",
                                "1.2.11,<1.3.0a0"
                            ]
                        ]
                    }
                ]
            },
            "description": null,
            "distribution_type": "conda",
            "download_url": "//api.anaconda.org/download/bioconda/netreg/1.6.0/osx-64/netreg-1.6.0-h4343b95_0.tar.bz2",
            "full_name": "bioconda/netreg/1.6.0/osx-64/netreg-1.6.0-h4343b95_0.tar.bz2",
            "labels": [
                "main",
                "cf201901"
            ],
            "md5": "0e8d8d9ebe353a61ee4e801c48691c78",
            "ndownloads": 735,
            "owner": "bioconda",
            "size": 129456,
            "type": "conda",
            "upload_time": "2018-12-20 00:59:39.006000+00:00",
            "version": "1.6.0"
        },
        {
            "attrs": {
                "arch": "x86_64",
                "build": "h9fd3d4c_0",
                "build_number": 0,
                "depends": [
                    "armadillo >=7.800.1",
                    "armadillo >=9.200,<10.0a0",
                    "boost-cpp >=1.70.0,<1.70.1.0a0",
                    "hdf5 >=1.10.5,<1.10.6.0a0",
                    "libgcc-ng >=7.3.0",
                    "libstdcxx-ng >=7.3.0",
                    "openblas >=0.3.7,<0.3.8.0a0",
                    "zlib >=1.2.11,<1.3.0a0"
                ],
                "has_prefix": false,
                "license": "GPL3",
                "machine": "x86_64",
                "operatingsystem": "linux",
                "platform": "linux",
                "subdir": "linux-64",
                "target-triplet": "x86_64-any-linux",
                "timestamp": 1567068901925
            },
            "basename": "linux-64/netreg-1.8.0-h9fd3d4c_0.tar.bz2",
            "dependencies": {
                "depends": [
                    {
                        "name": "armadillo",
                        "specs": [
                            [
                                ">=",
                                "7.800.1"
                            ]
                        ]
                    },
                    {
                        "name": "armadillo",
                        "specs": [
                            [
                                ">=",
                                "9.200,<10.0a0"
                            ]
                        ]
                    },
                    {
                        "name": "boost-cpp",
                        "specs": [
                            [
                                ">=",
                                "1.70.0,<1.70.1.0a0"
                            ]
                        ]
                    },
                    {
                        "name": "hdf5",
                        "specs": [
                            [
                                ">=",
                                "1.10.5,<1.10.6.0a0"
                            ]
                        ]
                    },
                    {
                        "name": "libgcc-ng",
                        "specs": [
                            [
                                ">=",
                                "7.3.0"
                            ]
                        ]
                    },
                    {
                        "name": "libstdcxx-ng",
                        "specs": [
                            [
                                ">=",
                                "7.3.0"
                            ]
                        ]
                    },
                    {
                        "name": "openblas",
                        "specs": [
                            [
                                ">=",
                                "0.3.7,<0.3.8.0a0"
                            ]
                        ]
                    },
                    {
                        "name": "zlib",
                        "specs": [
                            [
                                ">=",
                                "1.2.11,<1.3.0a0"
                            ]
                        ]
                    }
                ]
            },
            "description": null,
            "distribution_type": "conda",
            "download_url": "//api.anaconda.org/download/bioconda/netreg/1.8.0/linux-64/netreg-1.8.0-h9fd3d4c_0.tar.bz2",
            "full_name": "bioconda/netreg/1.8.0/linux-64/netreg-1.8.0-h9fd3d4c_0.tar.bz2",
            "labels": [
                "main"
            ],
            "md5": "8530dc8a81add831c28e845bc380ea85",
            "ndownloads": 36,
            "owner": "bioconda",
            "size": 4980782,
            "type": "conda",
            "upload_time": "2019-08-30 08:19:49.049000+00:00",
            "version": "1.8.0"
        },
        {
            "attrs": {
                "arch": "x86_64",
                "build": "hf0ff744_0",
                "build_number": 0,
                "depends": [
                    "armadillo >=7.800.1",
                    "armadillo >=9.200,<10.0a0",
                    "boost-cpp >=1.70.0,<1.70.1.0a0",
                    "hdf5 >=1.10.5,<1.10.6.0a0",
                    "libcxx >=4.0.1",
                    "openblas >=0.3.7,<0.3.8.0a0",
                    "zlib >=1.2.11,<1.3.0a0"
                ],
                "has_prefix": true,
                "license": "GPL3",
                "machine": "x86_64",
                "operatingsystem": "darwin",
                "platform": "osx",
                "subdir": "osx-64",
                "target-triplet": "x86_64-any-darwin",
                "timestamp": 1567069671741
            },
            "basename": "osx-64/netreg-1.8.0-hf0ff744_0.tar.bz2",
            "dependencies": {
                "depends": [
                    {
                        "name": "armadillo",
                        "specs": [
                            [
                                ">=",
                                "7.800.1"
                            ]
                        ]
                    },
                    {
                        "name": "armadillo",
                        "specs": [
                            [
                                ">=",
                                "9.200,<10.0a0"
                            ]
                        ]
                    },
                    {
                        "name": "boost-cpp",
                        "specs": [
                            [
                                ">=",
                                "1.70.0,<1.70.1.0a0"
                            ]
                        ]
                    },
                    {
                        "name": "hdf5",
                        "specs": [
                            [
                                ">=",
                                "1.10.5,<1.10.6.0a0"
                            ]
                        ]
                    },
                    {
                        "name": "libcxx",
                        "specs": [
                            [
                                ">=",
                                "4.0.1"
                            ]
                        ]
                    },
                    {
                        "name": "openblas",
                        "specs": [
                            [
                                ">=",
                                "0.3.7,<0.3.8.0a0"
                            ]
                        ]
                    },
                    {
                        "name": "zlib",
                        "specs": [
                            [
                                ">=",
                                "1.2.11,<1.3.0a0"
                            ]
                        ]
                    }
                ]
            },
            "description": null,
            "distribution_type": "conda",
            "download_url": "//api.anaconda.org/download/bioconda/netreg/1.8.0/osx-64/netreg-1.8.0-hf0ff744_0.tar.bz2",
            "full_name": "bioconda/netreg/1.8.0/osx-64/netreg-1.8.0-hf0ff744_0.tar.bz2",
            "labels": [
                "main"
            ],
            "md5": "bd14dcf8c46e33db03908ba6be708d38",
            "ndownloads": 275,
            "owner": "bioconda",
            "size": 4987221,
            "type": "conda",
            "upload_time": "2019-08-30 08:19:51.782000+00:00",
            "version": "1.8.0"
        }
    ],
    "full_name": "bioconda/netreg",
    "home": "https://github.com/dirmeier/netReg",
    "html_url": "http://anaconda.org/bioconda/netreg",
    "id": "5953e1c06cf0091267afa999",
    "latest_version": "1.8.0",
    "license": "GPL3",
    "license_url": null,
    "modified_at": "2019-08-30 08:19:52.184000+00:00",
    "name": "netreg",
    "owner": {
        "company": "",
        "created_at": "2015-09-11 22:59:20.880000+00:00",
        "description": "Bioconda is a distribution of bioinformatics software realized as a channel for the versatile Conda package manager.",
        "location": "",
        "login": "bioconda",
        "name": "bioconda",
        "url": "",
        "user_type": "org"
    },
    "package_types": [
        "conda"
    ],
    "public": true,
    "releases": [
        {
            "distributions": [],
            "full_name": "bioconda/netreg/1.0.0",
            "version": "1.0.0"
        },
        {
            "distributions": [],
            "full_name": "bioconda/netreg/1.2.0",
            "version": "1.2.0"
        },
        {
            "distributions": [],
            "full_name": "bioconda/netreg/1.4.0",
            "version": "1.4.0"
        },
        {
            "distributions": [],
            "full_name": "bioconda/netreg/1.6.0",
            "version": "1.6.0"
        },
        {
            "distributions": [],
            "full_name": "bioconda/netreg/1.8.0",
            "version": "1.8.0"
        }
    ],
    "revision": 10,
    "source_git_tag": null,
    "source_git_url": null,
    "summary": "netReg fits linear regression models using network-penalization.",
    "upvoted": 0,
    "url": "http://api.anaconda.org/packages/bioconda/netreg",
    "versions": [
        "1.0.0",
        "1.2.0",
        "1.4.0",
        "1.6.0",
        "1.8.0"
    ],
    "watchers": 1
}