{
    "app_entry": {},
    "app_summary": {},
    "app_type": {},
    "builds": [
        "py27h516909a_2",
        "py27h01d97ff_2",
        "py27_1",
        "py27_0"
    ],
    "conda_platforms": [
        "linux-64",
        "osx-64"
    ],
    "created_at": "2017-01-15 10:29:44.571000+00:00",
    "description": "None",
    "dev_url": {},
    "doc_url": {},
    "files": [
        {
            "attrs": {
                "arch": "x86_64",
                "build": "py27_0",
                "build_number": 0,
                "depends": [
                    "networkx",
                    "pypeflow",
                    "python 2.7*",
                    "rdflib"
                ],
                "has_prefix": true,
                "license": "Standard PacBio Open Source License",
                "machine": "x86_64",
                "operatingsystem": "linux",
                "platform": "linux",
                "subdir": "linux-64",
                "target-triplet": "x86_64-any-linux"
            },
            "basename": "linux-64/pacbio_falcon-052016-py27_0.tar.bz2",
            "dependencies": {
                "depends": [
                    {
                        "name": "networkx",
                        "specs": []
                    },
                    {
                        "name": "pypeflow",
                        "specs": []
                    },
                    {
                        "name": "python",
                        "specs": [
                            [
                                "==",
                                "2.7"
                            ]
                        ]
                    },
                    {
                        "name": "rdflib",
                        "specs": []
                    }
                ]
            },
            "description": null,
            "distribution_type": "conda",
            "download_url": "//api.anaconda.org/download/bioconda/pacbio_falcon/052016/linux-64/pacbio_falcon-052016-py27_0.tar.bz2",
            "full_name": "bioconda/pacbio_falcon/052016/linux-64/pacbio_falcon-052016-py27_0.tar.bz2",
            "labels": [
                "main",
                "cf201901"
            ],
            "md5": "e21f5ecc12084d0a09908dcf6d2b58b5",
            "ndownloads": 554,
            "owner": "bioconda",
            "size": 116821,
            "type": "conda",
            "upload_time": "2017-01-15 10:29:44.904000+00:00",
            "version": "052016"
        },
        {
            "attrs": {
                "arch": "x86_64",
                "build": "py27_0",
                "build_number": 0,
                "depends": [
                    "networkx",
                    "pypeflow",
                    "python 2.7*",
                    "rdflib"
                ],
                "has_prefix": true,
                "license": "Standard PacBio Open Source License",
                "machine": "x86_64",
                "operatingsystem": "darwin",
                "platform": "osx",
                "subdir": "osx-64",
                "target-triplet": "x86_64-any-darwin"
            },
            "basename": "osx-64/pacbio_falcon-052016-py27_0.tar.bz2",
            "dependencies": {
                "depends": [
                    {
                        "name": "networkx",
                        "specs": []
                    },
                    {
                        "name": "pypeflow",
                        "specs": []
                    },
                    {
                        "name": "python",
                        "specs": [
                            [
                                "==",
                                "2.7"
                            ]
                        ]
                    },
                    {
                        "name": "rdflib",
                        "specs": []
                    }
                ]
            },
            "description": null,
            "distribution_type": "conda",
            "download_url": "//api.anaconda.org/download/bioconda/pacbio_falcon/052016/osx-64/pacbio_falcon-052016-py27_0.tar.bz2",
            "full_name": "bioconda/pacbio_falcon/052016/osx-64/pacbio_falcon-052016-py27_0.tar.bz2",
            "labels": [
                "main",
                "cf201901"
            ],
            "md5": "817020dd1a67d4a2e2731a519c424486",
            "ndownloads": 43,
            "owner": "bioconda",
            "size": 94650,
            "type": "conda",
            "upload_time": "2017-01-15 10:40:48.043000+00:00",
            "version": "052016"
        },
        {
            "attrs": {
                "arch": "x86_64",
                "build": "py27_1",
                "build_number": 1,
                "depends": [
                    "networkx",
                    "pypeflow",
                    "python >=2.7,<2.8.0a0",
                    "rdfextras",
                    "rdflib"
                ],
                "has_prefix": true,
                "license": "Standard PacBio Open Source License",
                "machine": "x86_64",
                "operatingsystem": "linux",
                "platform": "linux",
                "subdir": "linux-64",
                "target-triplet": "x86_64-any-linux",
                "timestamp": 1531650459373
            },
            "basename": "linux-64/pacbio_falcon-052016-py27_1.tar.bz2",
            "dependencies": {
                "depends": [
                    {
                        "name": "networkx",
                        "specs": []
                    },
                    {
                        "name": "pypeflow",
                        "specs": []
                    },
                    {
                        "name": "python",
                        "specs": [
                            [
                                ">=",
                                "2.7,<2.8.0a0"
                            ]
                        ]
                    },
                    {
                        "name": "rdfextras",
                        "specs": []
                    },
                    {
                        "name": "rdflib",
                        "specs": []
                    }
                ]
            },
            "description": null,
            "distribution_type": "conda",
            "download_url": "//api.anaconda.org/download/bioconda/pacbio_falcon/052016/linux-64/pacbio_falcon-052016-py27_1.tar.bz2",
            "full_name": "bioconda/pacbio_falcon/052016/linux-64/pacbio_falcon-052016-py27_1.tar.bz2",
            "labels": [
                "main",
                "cf201901"
            ],
            "md5": "98b26d1fa3e05db38a4532d5d4ce64e8",
            "ndownloads": 309,
            "owner": "bioconda",
            "size": 121831,
            "type": "conda",
            "upload_time": "2018-07-15 10:29:10.200000+00:00",
            "version": "052016"
        },
        {
            "attrs": {
                "arch": "x86_64",
                "build": "py27_1",
                "build_number": 1,
                "depends": [
                    "networkx",
                    "pypeflow",
                    "python >=2.7,<2.8.0a0",
                    "rdfextras",
                    "rdflib"
                ],
                "has_prefix": true,
                "license": "Standard PacBio Open Source License",
                "machine": "x86_64",
                "operatingsystem": "darwin",
                "platform": "osx",
                "subdir": "osx-64",
                "target-triplet": "x86_64-any-darwin",
                "timestamp": 1531684316824
            },
            "basename": "osx-64/pacbio_falcon-052016-py27_1.tar.bz2",
            "dependencies": {
                "depends": [
                    {
                        "name": "networkx",
                        "specs": []
                    },
                    {
                        "name": "pypeflow",
                        "specs": []
                    },
                    {
                        "name": "python",
                        "specs": [
                            [
                                ">=",
                                "2.7,<2.8.0a0"
                            ]
                        ]
                    },
                    {
                        "name": "rdfextras",
                        "specs": []
                    },
                    {
                        "name": "rdflib",
                        "specs": []
                    }
                ]
            },
            "description": null,
            "distribution_type": "conda",
            "download_url": "//api.anaconda.org/download/bioconda/pacbio_falcon/052016/osx-64/pacbio_falcon-052016-py27_1.tar.bz2",
            "full_name": "bioconda/pacbio_falcon/052016/osx-64/pacbio_falcon-052016-py27_1.tar.bz2",
            "labels": [
                "main",
                "cf201901"
            ],
            "md5": "04e7385565ba7346ee71c4af2c00a46d",
            "ndownloads": 600,
            "owner": "bioconda",
            "size": 99153,
            "type": "conda",
            "upload_time": "2018-07-15 19:52:34.916000+00:00",
            "version": "052016"
        },
        {
            "attrs": {
                "arch": "x86_64",
                "build": "py27h01d97ff_2",
                "build_number": 2,
                "depends": [
                    "networkx",
                    "pypeflow",
                    "python >=2.7,<2.8.0a0",
                    "rdfextras",
                    "rdflib"
                ],
                "has_prefix": true,
                "license": "Standard PacBio Open Source License",
                "machine": "x86_64",
                "operatingsystem": "darwin",
                "platform": "osx",
                "subdir": "osx-64",
                "target-triplet": "x86_64-any-darwin",
                "timestamp": 1572191250147
            },
            "basename": "osx-64/pacbio_falcon-052016-py27h01d97ff_2.tar.bz2",
            "dependencies": {
                "depends": [
                    {
                        "name": "networkx",
                        "specs": []
                    },
                    {
                        "name": "pypeflow",
                        "specs": []
                    },
                    {
                        "name": "python",
                        "specs": [
                            [
                                ">=",
                                "2.7,<2.8.0a0"
                            ]
                        ]
                    },
                    {
                        "name": "rdfextras",
                        "specs": []
                    },
                    {
                        "name": "rdflib",
                        "specs": []
                    }
                ]
            },
            "description": null,
            "distribution_type": "conda",
            "download_url": "//api.anaconda.org/download/bioconda/pacbio_falcon/052016/osx-64/pacbio_falcon-052016-py27h01d97ff_2.tar.bz2",
            "full_name": "bioconda/pacbio_falcon/052016/osx-64/pacbio_falcon-052016-py27h01d97ff_2.tar.bz2",
            "labels": [
                "main"
            ],
            "md5": "fdcf0a5ad721350407911386a110c703",
            "ndownloads": 173,
            "owner": "bioconda",
            "size": 100241,
            "type": "conda",
            "upload_time": "2019-10-27 15:48:01.567000+00:00",
            "version": "052016"
        },
        {
            "attrs": {
                "arch": "x86_64",
                "build": "py27h516909a_2",
                "build_number": 2,
                "depends": [
                    "libgcc-ng >=7.3.0",
                    "networkx",
                    "pypeflow",
                    "python >=2.7,<2.8.0a0",
                    "rdfextras",
                    "rdflib"
                ],
                "has_prefix": true,
                "license": "Standard PacBio Open Source License",
                "machine": "x86_64",
                "operatingsystem": "linux",
                "platform": "linux",
                "subdir": "linux-64",
                "target-triplet": "x86_64-any-linux",
                "timestamp": 1572194718210
            },
            "basename": "linux-64/pacbio_falcon-052016-py27h516909a_2.tar.bz2",
            "dependencies": {
                "depends": [
                    {
                        "name": "libgcc-ng",
                        "specs": [
                            [
                                ">=",
                                "7.3.0"
                            ]
                        ]
                    },
                    {
                        "name": "networkx",
                        "specs": []
                    },
                    {
                        "name": "pypeflow",
                        "specs": []
                    },
                    {
                        "name": "python",
                        "specs": [
                            [
                                ">=",
                                "2.7,<2.8.0a0"
                            ]
                        ]
                    },
                    {
                        "name": "rdfextras",
                        "specs": []
                    },
                    {
                        "name": "rdflib",
                        "specs": []
                    }
                ]
            },
            "description": null,
            "distribution_type": "conda",
            "download_url": "//api.anaconda.org/download/bioconda/pacbio_falcon/052016/linux-64/pacbio_falcon-052016-py27h516909a_2.tar.bz2",
            "full_name": "bioconda/pacbio_falcon/052016/linux-64/pacbio_falcon-052016-py27h516909a_2.tar.bz2",
            "labels": [
                "main"
            ],
            "md5": "0762e0a4f1b8bac1e20c1472cf4caa87",
            "ndownloads": 31,
            "owner": "bioconda",
            "size": 100925,
            "type": "conda",
            "upload_time": "2019-10-27 16:48:25.346000+00:00",
            "version": "052016"
        }
    ],
    "full_name": "bioconda/pacbio_falcon",
    "home": "None",
    "html_url": "http://anaconda.org/bioconda/pacbio_falcon",
    "id": "587b4f189aba4511185948e2",
    "latest_version": "052016",
    "license": {},
    "license_url": {},
    "modified_at": "2019-10-27 16:48:25.688000+00:00",
    "name": "pacbio_falcon",
    "owner": {
        "company": "",
        "created_at": "2015-09-11 22:59:20.880000+00:00",
        "description": "Bioconda is a distribution of bioinformatics software realized as a channel for the versatile Conda package manager.",
        "location": "",
        "login": "bioconda",
        "name": "bioconda",
        "url": "",
        "user_type": "org"
    },
    "package_types": [
        "conda"
    ],
    "public": true,
    "releases": [
        {
            "distributions": [],
            "full_name": "bioconda/pacbio_falcon/052016",
            "version": "052016"
        }
    ],
    "revision": 1,
    "source_git_tag": {},
    "source_git_url": {},
    "summary": "",
    "upvoted": 0,
    "url": "http://api.anaconda.org/packages/bioconda/pacbio_falcon",
    "versions": [
        "052016"
    ],
    "watchers": 1
}