{
    "app_entry": {},
    "app_summary": {},
    "app_type": {},
    "builds": [
        "0",
        "pl526_1"
    ],
    "conda_platforms": [
        "linux-64",
        "osx-64"
    ],
    "created_at": "2016-04-05 18:21:43.485000+00:00",
    "description": "",
    "dev_url": null,
    "doc_url": null,
    "files": [
        {
            "attrs": {
                "arch": "x86_64",
                "build": "0",
                "build_number": 0,
                "depends": [
                    "perl-cgi",
                    "perl-scalar-list-utils",
                    "perl-threaded"
                ],
                "license": "perl_5",
                "machine": "x86_64",
                "operatingsystem": "linux",
                "platform": "linux",
                "subdir": "linux-64",
                "target-triplet": "x86_64-any-linux"
            },
            "basename": "linux-64/perl-html-template-2.95-0.tar.bz2",
            "dependencies": {
                "depends": [
                    {
                        "name": "perl-cgi",
                        "specs": []
                    },
                    {
                        "name": "perl-scalar-list-utils",
                        "specs": []
                    },
                    {
                        "name": "perl-threaded",
                        "specs": []
                    }
                ]
            },
            "description": null,
            "distribution_type": "conda",
            "download_url": "//api.anaconda.org/download/bioconda/perl-html-template/2.95/linux-64/perl-html-template-2.95-0.tar.bz2",
            "full_name": "bioconda/perl-html-template/2.95/linux-64/perl-html-template-2.95-0.tar.bz2",
            "labels": [
                "main",
                "cf201901"
            ],
            "md5": "886f801835994c3fa96709ebb3096db7",
            "ndownloads": 4965,
            "owner": "bioconda",
            "size": 32261,
            "type": "conda",
            "upload_time": "2016-04-05 18:21:43.786000+00:00",
            "version": "2.95"
        },
        {
            "attrs": {
                "arch": "x86_64",
                "build": "0",
                "build_number": 0,
                "depends": [
                    "perl-cgi",
                    "perl-scalar-list-utils",
                    "perl-threaded"
                ],
                "license": "perl_5",
                "machine": "x86_64",
                "operatingsystem": "darwin",
                "platform": "osx",
                "subdir": "osx-64",
                "target-triplet": "x86_64-any-darwin"
            },
            "basename": "osx-64/perl-html-template-2.95-0.tar.bz2",
            "dependencies": {
                "depends": [
                    {
                        "name": "perl-cgi",
                        "specs": []
                    },
                    {
                        "name": "perl-scalar-list-utils",
                        "specs": []
                    },
                    {
                        "name": "perl-threaded",
                        "specs": []
                    }
                ]
            },
            "description": null,
            "distribution_type": "conda",
            "download_url": "//api.anaconda.org/download/bioconda/perl-html-template/2.95/osx-64/perl-html-template-2.95-0.tar.bz2",
            "full_name": "bioconda/perl-html-template/2.95/osx-64/perl-html-template-2.95-0.tar.bz2",
            "labels": [
                "main",
                "cf201901"
            ],
            "md5": "c670093bcbb513f1fa795cec1a57007f",
            "ndownloads": 733,
            "owner": "bioconda",
            "size": 41766,
            "type": "conda",
            "upload_time": "2016-04-05 18:25:04.333000+00:00",
            "version": "2.95"
        },
        {
            "attrs": {
                "arch": "x86_64",
                "build": "pl526_1",
                "build_number": 1,
                "depends": [
                    "perl >=5.26.0,<5.27.0a0",
                    "perl-cgi",
                    "perl-scalar-list-utils"
                ],
                "has_prefix": true,
                "license": "perl_5",
                "machine": "x86_64",
                "operatingsystem": "darwin",
                "platform": "osx",
                "subdir": "osx-64",
                "target-triplet": "x86_64-any-darwin",
                "timestamp": 1529902958204
            },
            "basename": "osx-64/perl-html-template-2.95-pl526_1.tar.bz2",
            "dependencies": {
                "depends": [
                    {
                        "name": "perl",
                        "specs": [
                            [
                                ">=",
                                "5.26.0,<5.27.0a0"
                            ]
                        ]
                    },
                    {
                        "name": "perl-cgi",
                        "specs": []
                    },
                    {
                        "name": "perl-scalar-list-utils",
                        "specs": []
                    }
                ]
            },
            "description": null,
            "distribution_type": "conda",
            "download_url": "//api.anaconda.org/download/bioconda/perl-html-template/2.95/osx-64/perl-html-template-2.95-pl526_1.tar.bz2",
            "full_name": "bioconda/perl-html-template/2.95/osx-64/perl-html-template-2.95-pl526_1.tar.bz2",
            "labels": [
                "main",
                "cf201901"
            ],
            "md5": "55fed205aebd5dc90bb3153689555d3b",
            "ndownloads": 871,
            "owner": "bioconda",
            "size": 45133,
            "type": "conda",
            "upload_time": "2018-06-25 05:02:54.577000+00:00",
            "version": "2.95"
        },
        {
            "attrs": {
                "arch": "x86_64",
                "build": "pl526_1",
                "build_number": 1,
                "depends": [
                    "perl >=5.26.2,<5.27.0a0",
                    "perl-cgi",
                    "perl-scalar-list-utils"
                ],
                "has_prefix": true,
                "license": "perl_5",
                "machine": "x86_64",
                "operatingsystem": "linux",
                "platform": "linux",
                "subdir": "linux-64",
                "target-triplet": "x86_64-any-linux",
                "timestamp": 1531005622109
            },
            "basename": "linux-64/perl-html-template-2.95-pl526_1.tar.bz2",
            "dependencies": {
                "depends": [
                    {
                        "name": "perl",
                        "specs": [
                            [
                                ">=",
                                "5.26.2,<5.27.0a0"
                            ]
                        ]
                    },
                    {
                        "name": "perl-cgi",
                        "specs": []
                    },
                    {
                        "name": "perl-scalar-list-utils",
                        "specs": []
                    }
                ]
            },
            "description": null,
            "distribution_type": "conda",
            "download_url": "//api.anaconda.org/download/bioconda/perl-html-template/2.95/linux-64/perl-html-template-2.95-pl526_1.tar.bz2",
            "full_name": "bioconda/perl-html-template/2.95/linux-64/perl-html-template-2.95-pl526_1.tar.bz2",
            "labels": [
                "main",
                "cf201901"
            ],
            "md5": "334d7a37fd1443a52af2841cd1c7a4e1",
            "ndownloads": 523,
            "owner": "bioconda",
            "size": 44817,
            "type": "conda",
            "upload_time": "2018-07-07 23:21:39.440000+00:00",
            "version": "2.95"
        },
        {
            "attrs": {
                "arch": "x86_64",
                "build": "pl526_1",
                "build_number": 1,
                "depends": [
                    "perl >=5.26.2,<5.26.3.0a0",
                    "perl-cgi",
                    "perl-scalar-list-utils"
                ],
                "has_prefix": true,
                "license": "perl_5",
                "machine": "x86_64",
                "operatingsystem": "linux",
                "platform": "linux",
                "subdir": "linux-64",
                "target-triplet": "x86_64-any-linux",
                "timestamp": 1538404086062
            },
            "basename": "linux-64/perl-html-template-2.97-pl526_1.tar.bz2",
            "dependencies": {
                "depends": [
                    {
                        "name": "perl",
                        "specs": [
                            [
                                ">=",
                                "5.26.2,<5.26.3.0a0"
                            ]
                        ]
                    },
                    {
                        "name": "perl-cgi",
                        "specs": []
                    },
                    {
                        "name": "perl-scalar-list-utils",
                        "specs": []
                    }
                ]
            },
            "description": null,
            "distribution_type": "conda",
            "download_url": "//api.anaconda.org/download/bioconda/perl-html-template/2.97/linux-64/perl-html-template-2.97-pl526_1.tar.bz2",
            "full_name": "bioconda/perl-html-template/2.97/linux-64/perl-html-template-2.97-pl526_1.tar.bz2",
            "labels": [
                "main",
                "cf201901"
            ],
            "md5": "295c69f759f06977f324fc52cb653a67",
            "ndownloads": 3149,
            "owner": "bioconda",
            "size": 45194,
            "type": "conda",
            "upload_time": "2018-10-01 14:29:24.677000+00:00",
            "version": "2.97"
        },
        {
            "attrs": {
                "arch": "x86_64",
                "build": "pl526_1",
                "build_number": 1,
                "depends": [
                    "perl >=5.26.2,<5.26.3.0a0",
                    "perl-cgi",
                    "perl-scalar-list-utils"
                ],
                "has_prefix": true,
                "license": "perl_5",
                "machine": "x86_64",
                "operatingsystem": "darwin",
                "platform": "osx",
                "subdir": "osx-64",
                "target-triplet": "x86_64-any-darwin",
                "timestamp": 1538403919691
            },
            "basename": "osx-64/perl-html-template-2.97-pl526_1.tar.bz2",
            "dependencies": {
                "depends": [
                    {
                        "name": "perl",
                        "specs": [
                            [
                                ">=",
                                "5.26.2,<5.26.3.0a0"
                            ]
                        ]
                    },
                    {
                        "name": "perl-cgi",
                        "specs": []
                    },
                    {
                        "name": "perl-scalar-list-utils",
                        "specs": []
                    }
                ]
            },
            "description": null,
            "distribution_type": "conda",
            "download_url": "//api.anaconda.org/download/bioconda/perl-html-template/2.97/osx-64/perl-html-template-2.97-pl526_1.tar.bz2",
            "full_name": "bioconda/perl-html-template/2.97/osx-64/perl-html-template-2.97-pl526_1.tar.bz2",
            "labels": [
                "main",
                "cf201901"
            ],
            "md5": "2be2d734fd4922bcacef3dbaffa078f4",
            "ndownloads": 1342,
            "owner": "bioconda",
            "size": 45242,
            "type": "conda",
            "upload_time": "2018-10-01 14:25:33.247000+00:00",
            "version": "2.97"
        }
    ],
    "full_name": "bioconda/perl-html-template",
    "home": "None",
    "html_url": "http://anaconda.org/bioconda/perl-html-template",
    "id": "570402374733c36a1405587c",
    "latest_version": "2.97",
    "license": "perl_5",
    "license_url": null,
    "modified_at": "2018-10-01 14:29:25.299000+00:00",
    "name": "perl-html-template",
    "owner": {
        "company": "",
        "created_at": "2015-09-11 22:59:20.880000+00:00",
        "description": "Bioconda is a distribution of bioinformatics software realized as a channel for the versatile Conda package manager.",
        "location": "",
        "login": "bioconda",
        "name": "bioconda",
        "url": "",
        "user_type": "org"
    },
    "package_types": [
        "conda"
    ],
    "public": true,
    "releases": [
        {
            "distributions": [
                "linux-64/perl-html-template-2.95-0.tar.bz2",
                "osx-64/perl-html-template-2.95-0.tar.bz2"
            ],
            "full_name": "bioconda/perl-html-template/2.95",
            "version": "2.95"
        },
        {
            "distributions": [],
            "full_name": "bioconda/perl-html-template/2.97",
            "version": "2.97"
        }
    ],
    "revision": 5,
    "source_git_tag": null,
    "source_git_url": null,
    "summary": "Perl module to use HTML-like templating language",
    "upvoted": 0,
    "url": "http://api.anaconda.org/packages/bioconda/perl-html-template",
    "versions": [
        "2.95",
        "2.97"
    ],
    "watchers": 1
}