{
    "app_entry": {},
    "app_summary": {},
    "app_type": {},
    "builds": [
        "10",
        "13",
        "0",
        "pl5.22.0_12",
        "9",
        "8",
        "pl5.22.0_11"
    ],
    "conda_platforms": [
        "linux-64",
        "osx-64"
    ],
    "created_at": "2015-11-30 21:22:42.472000+00:00",
    "description": "",
    "dev_url": null,
    "doc_url": null,
    "files": [
        {
            "attrs": {
                "arch": "x86_64",
                "build": "9",
                "build_number": 9,
                "depends": [],
                "license": "Perl",
                "machine": "x86_64",
                "operatingsystem": "darwin",
                "platform": "osx",
                "subdir": "osx-64",
                "target-triplet": "x86_64-any-darwin"
            },
            "basename": "osx-64/perl-threaded-5.22.0-9.tar.bz2",
            "dependencies": {
                "depends": []
            },
            "description": null,
            "distribution_type": "conda",
            "download_url": "//api.anaconda.org/download/bioconda/perl-threaded/5.22.0/osx-64/perl-threaded-5.22.0-9.tar.bz2",
            "full_name": "bioconda/perl-threaded/5.22.0/osx-64/perl-threaded-5.22.0-9.tar.bz2",
            "labels": [
                "main",
                "cf201901"
            ],
            "md5": "1d71ff4f0ac1ff58bdb83dbd1304fd60",
            "ndownloads": 192,
            "owner": "bioconda",
            "size": 14156349,
            "type": "conda",
            "upload_time": "2016-02-04 11:35:41.509000+00:00",
            "version": "5.22.0"
        },
        {
            "attrs": {
                "arch": "x86_64",
                "build": "9",
                "build_number": 9,
                "depends": [],
                "license": "Perl",
                "machine": "x86_64",
                "operatingsystem": "linux",
                "platform": "linux",
                "subdir": "linux-64",
                "target-triplet": "x86_64-any-linux"
            },
            "basename": "linux-64/perl-threaded-5.22.0-9.tar.bz2",
            "dependencies": {
                "depends": []
            },
            "description": null,
            "distribution_type": "conda",
            "download_url": "//api.anaconda.org/download/bioconda/perl-threaded/5.22.0/linux-64/perl-threaded-5.22.0-9.tar.bz2",
            "full_name": "bioconda/perl-threaded/5.22.0/linux-64/perl-threaded-5.22.0-9.tar.bz2",
            "labels": [
                "main",
                "cf201901"
            ],
            "md5": "8dcac5d34c81ffc67a386983ade87d98",
            "ndownloads": 1470,
            "owner": "bioconda",
            "size": 11740125,
            "type": "conda",
            "upload_time": "2016-02-04 11:39:02.533000+00:00",
            "version": "5.22.0"
        },
        {
            "attrs": {
                "arch": "x86_64",
                "build": "8",
                "build_number": 8,
                "depends": [],
                "license": "Perl",
                "machine": "x86_64",
                "operatingsystem": "linux",
                "platform": "linux",
                "subdir": "linux-64",
                "target-triplet": "x86_64-any-linux"
            },
            "basename": "linux-64/perl-threaded-5.22.0-8.tar.bz2",
            "dependencies": {
                "depends": []
            },
            "description": null,
            "distribution_type": "conda",
            "download_url": "//api.anaconda.org/download/bioconda/perl-threaded/5.22.0/linux-64/perl-threaded-5.22.0-8.tar.bz2",
            "full_name": "bioconda/perl-threaded/5.22.0/linux-64/perl-threaded-5.22.0-8.tar.bz2",
            "labels": [
                "main",
                "cf201901"
            ],
            "md5": "288089df14cfba208f263cd0f372b70b",
            "ndownloads": 638,
            "owner": "bioconda",
            "size": 11734802,
            "type": "conda",
            "upload_time": "2015-11-30 21:22:42.698000+00:00",
            "version": "5.22.0"
        },
        {
            "attrs": {
                "arch": "x86_64",
                "build": "8",
                "build_number": 8,
                "depends": [],
                "license": "Perl",
                "machine": "x86_64",
                "operatingsystem": "darwin",
                "platform": "osx",
                "subdir": "osx-64",
                "target-triplet": "x86_64-any-darwin"
            },
            "basename": "osx-64/perl-threaded-5.22.0-8.tar.bz2",
            "dependencies": {
                "depends": []
            },
            "description": null,
            "distribution_type": "conda",
            "download_url": "//api.anaconda.org/download/bioconda/perl-threaded/5.22.0/osx-64/perl-threaded-5.22.0-8.tar.bz2",
            "full_name": "bioconda/perl-threaded/5.22.0/osx-64/perl-threaded-5.22.0-8.tar.bz2",
            "labels": [
                "main",
                "cf201901"
            ],
            "md5": "f43acf2dfe963671aa17e50ef9ece7af",
            "ndownloads": 41,
            "owner": "bioconda",
            "size": 13866443,
            "type": "conda",
            "upload_time": "2015-12-07 22:54:33.686000+00:00",
            "version": "5.22.0"
        },
        {
            "attrs": {
                "arch": "x86_64",
                "build": "pl5.22.0_11",
                "build_number": 11,
                "depends": [
                    "perl 5.22.0*"
                ],
                "has_prefix": false,
                "license": "Perl",
                "machine": "x86_64",
                "operatingsystem": "linux",
                "platform": "linux",
                "subdir": "linux-64",
                "target-triplet": "x86_64-any-linux"
            },
            "basename": "linux-64/perl-threaded-5.22.0-pl5.22.0_11.tar.bz2",
            "dependencies": {
                "depends": [
                    {
                        "name": "perl",
                        "specs": [
                            [
                                "==",
                                "5.22.0"
                            ]
                        ]
                    }
                ]
            },
            "description": null,
            "distribution_type": "conda",
            "download_url": "//api.anaconda.org/download/bioconda/perl-threaded/5.22.0/linux-64/perl-threaded-5.22.0-pl5.22.0_11.tar.bz2",
            "full_name": "bioconda/perl-threaded/5.22.0/linux-64/perl-threaded-5.22.0-pl5.22.0_11.tar.bz2",
            "labels": [
                "main",
                "cf201901"
            ],
            "md5": "933b1b15f6fad645d175bb370cdf0c41",
            "ndownloads": 566,
            "owner": "bioconda",
            "size": 1769,
            "type": "conda",
            "upload_time": "2017-01-10 08:09:09.976000+00:00",
            "version": "5.22.0"
        },
        {
            "attrs": {
                "arch": "x86_64",
                "build": "pl5.22.0_11",
                "build_number": 11,
                "depends": [
                    "perl 5.22.0*"
                ],
                "has_prefix": false,
                "license": "Perl",
                "machine": "x86_64",
                "operatingsystem": "darwin",
                "platform": "osx",
                "subdir": "osx-64",
                "target-triplet": "x86_64-any-darwin"
            },
            "basename": "osx-64/perl-threaded-5.22.0-pl5.22.0_11.tar.bz2",
            "dependencies": {
                "depends": [
                    {
                        "name": "perl",
                        "specs": [
                            [
                                "==",
                                "5.22.0"
                            ]
                        ]
                    }
                ]
            },
            "description": null,
            "distribution_type": "conda",
            "download_url": "//api.anaconda.org/download/bioconda/perl-threaded/5.22.0/osx-64/perl-threaded-5.22.0-pl5.22.0_11.tar.bz2",
            "full_name": "bioconda/perl-threaded/5.22.0/osx-64/perl-threaded-5.22.0-pl5.22.0_11.tar.bz2",
            "labels": [
                "main",
                "cf201901"
            ],
            "md5": "d6df9178815950b600edac2fca59bd42",
            "ndownloads": 248,
            "owner": "bioconda",
            "size": 1481,
            "type": "conda",
            "upload_time": "2017-01-10 08:21:17.938000+00:00",
            "version": "5.22.0"
        },
        {
            "attrs": {
                "arch": "x86_64",
                "build": "10",
                "build_number": 10,
                "depends": [],
                "license": "Perl",
                "machine": "x86_64",
                "operatingsystem": "linux",
                "platform": "linux",
                "subdir": "linux-64",
                "target-triplet": "x86_64-any-linux"
            },
            "basename": "linux-64/perl-threaded-5.22.0-10.tar.bz2",
            "dependencies": {
                "depends": []
            },
            "description": null,
            "distribution_type": "conda",
            "download_url": "//api.anaconda.org/download/bioconda/perl-threaded/5.22.0/linux-64/perl-threaded-5.22.0-10.tar.bz2",
            "full_name": "bioconda/perl-threaded/5.22.0/linux-64/perl-threaded-5.22.0-10.tar.bz2",
            "labels": [
                "main",
                "cf201901"
            ],
            "md5": "768622219c110d0925cff1624c4e9bac",
            "ndownloads": 55898,
            "owner": "bioconda",
            "size": 11740063,
            "type": "conda",
            "upload_time": "2016-04-01 17:42:45.085000+00:00",
            "version": "5.22.0"
        },
        {
            "attrs": {
                "arch": "x86_64",
                "build": "pl5.22.0_12",
                "build_number": 12,
                "depends": [
                    "perl 5.22.0*"
                ],
                "has_prefix": false,
                "license": "Perl",
                "machine": "x86_64",
                "operatingsystem": "linux",
                "platform": "linux",
                "subdir": "linux-64",
                "target-triplet": "x86_64-any-linux"
            },
            "basename": "linux-64/perl-threaded-5.22.0-pl5.22.0_12.tar.bz2",
            "dependencies": {
                "depends": [
                    {
                        "name": "perl",
                        "specs": [
                            [
                                "==",
                                "5.22.0"
                            ]
                        ]
                    }
                ]
            },
            "description": null,
            "distribution_type": "conda",
            "download_url": "//api.anaconda.org/download/bioconda/perl-threaded/5.22.0/linux-64/perl-threaded-5.22.0-pl5.22.0_12.tar.bz2",
            "full_name": "bioconda/perl-threaded/5.22.0/linux-64/perl-threaded-5.22.0-pl5.22.0_12.tar.bz2",
            "labels": [
                "main",
                "cf201901"
            ],
            "md5": "46923702f7d1add7e4b297b58fd15735",
            "ndownloads": 63332,
            "owner": "bioconda",
            "size": 1708,
            "type": "conda",
            "upload_time": "2017-01-12 10:09:56.890000+00:00",
            "version": "5.22.0"
        },
        {
            "attrs": {
                "arch": "x86_64",
                "build": "pl5.22.0_12",
                "build_number": 12,
                "depends": [
                    "perl 5.22.0*"
                ],
                "has_prefix": false,
                "license": "Perl",
                "machine": "x86_64",
                "operatingsystem": "darwin",
                "platform": "osx",
                "subdir": "osx-64",
                "target-triplet": "x86_64-any-darwin"
            },
            "basename": "osx-64/perl-threaded-5.22.0-pl5.22.0_12.tar.bz2",
            "dependencies": {
                "depends": [
                    {
                        "name": "perl",
                        "specs": [
                            [
                                "==",
                                "5.22.0"
                            ]
                        ]
                    }
                ]
            },
            "description": null,
            "distribution_type": "conda",
            "download_url": "//api.anaconda.org/download/bioconda/perl-threaded/5.22.0/osx-64/perl-threaded-5.22.0-pl5.22.0_12.tar.bz2",
            "full_name": "bioconda/perl-threaded/5.22.0/osx-64/perl-threaded-5.22.0-pl5.22.0_12.tar.bz2",
            "labels": [
                "main",
                "cf201901"
            ],
            "md5": "a3c865351c1f1e66cd3de06fd3e32c3a",
            "ndownloads": 5181,
            "owner": "bioconda",
            "size": 1421,
            "type": "conda",
            "upload_time": "2017-01-12 10:43:51.460000+00:00",
            "version": "5.22.0"
        },
        {
            "attrs": {
                "arch": "x86_64",
                "build": "13",
                "build_number": 13,
                "depends": [
                    "perl 5.22.0.*"
                ],
                "has_prefix": false,
                "license": "Perl",
                "machine": "x86_64",
                "operatingsystem": "darwin",
                "platform": "osx",
                "subdir": "osx-64",
                "target-triplet": "x86_64-any-darwin",
                "timestamp": 1529801464537
            },
            "basename": "osx-64/perl-threaded-5.22.0-13.tar.bz2",
            "dependencies": {
                "depends": [
                    {
                        "name": "perl",
                        "specs": [
                            [
                                "==",
                                "5.22.0."
                            ]
                        ]
                    }
                ]
            },
            "description": null,
            "distribution_type": "conda",
            "download_url": "//api.anaconda.org/download/bioconda/perl-threaded/5.22.0/osx-64/perl-threaded-5.22.0-13.tar.bz2",
            "full_name": "bioconda/perl-threaded/5.22.0/osx-64/perl-threaded-5.22.0-13.tar.bz2",
            "labels": [
                "main",
                "cf201901"
            ],
            "md5": "07cee8d9423c5e0d9031b2c2275c78b4",
            "ndownloads": 1161,
            "owner": "bioconda",
            "size": 3249,
            "type": "conda",
            "upload_time": "2018-06-24 00:51:15.421000+00:00",
            "version": "5.22.0"
        },
        {
            "attrs": {
                "arch": "x86_64",
                "build": "10",
                "build_number": 10,
                "depends": [],
                "license": "Perl",
                "machine": "x86_64",
                "operatingsystem": "darwin",
                "platform": "osx",
                "subdir": "osx-64",
                "target-triplet": "x86_64-any-darwin"
            },
            "basename": "osx-64/perl-threaded-5.22.0-10.tar.bz2",
            "dependencies": {
                "depends": []
            },
            "description": null,
            "distribution_type": "conda",
            "download_url": "//api.anaconda.org/download/bioconda/perl-threaded/5.22.0/osx-64/perl-threaded-5.22.0-10.tar.bz2",
            "full_name": "bioconda/perl-threaded/5.22.0/osx-64/perl-threaded-5.22.0-10.tar.bz2",
            "labels": [
                "main",
                "cf201901"
            ],
            "md5": "d5c0508db899134f65f714cd39cf248f",
            "ndownloads": 8097,
            "owner": "bioconda",
            "size": 13866919,
            "type": "conda",
            "upload_time": "2016-04-01 17:59:51.769000+00:00",
            "version": "5.22.0"
        },
        {
            "attrs": {
                "arch": "x86_64",
                "build": "13",
                "build_number": 13,
                "depends": [
                    "perl"
                ],
                "has_prefix": false,
                "license": "Perl",
                "machine": "x86_64",
                "operatingsystem": "linux",
                "platform": "linux",
                "subdir": "linux-64",
                "target-triplet": "x86_64-any-linux",
                "timestamp": 1531657715705
            },
            "basename": "linux-64/perl-threaded-5.22.0-13.tar.bz2",
            "dependencies": {
                "depends": [
                    {
                        "name": "perl",
                        "specs": []
                    }
                ]
            },
            "description": null,
            "distribution_type": "conda",
            "download_url": "//api.anaconda.org/download/bioconda/perl-threaded/5.22.0/linux-64/perl-threaded-5.22.0-13.tar.bz2",
            "full_name": "bioconda/perl-threaded/5.22.0/linux-64/perl-threaded-5.22.0-13.tar.bz2",
            "labels": [
                "main",
                "cf201901"
            ],
            "md5": "07a7a2e49fde9fa21c7e51e0c647fc77",
            "ndownloads": 34790,
            "owner": "bioconda",
            "size": 3044,
            "type": "conda",
            "upload_time": "2018-07-15 12:29:55.660000+00:00",
            "version": "5.22.0"
        },
        {
            "attrs": {
                "arch": "x86_64",
                "build": "0",
                "build_number": 0,
                "depends": [
                    "perl"
                ],
                "has_prefix": false,
                "license": "Perl",
                "machine": "x86_64",
                "operatingsystem": "darwin",
                "platform": "osx",
                "subdir": "osx-64",
                "target-triplet": "x86_64-any-darwin",
                "timestamp": 1553244949791
            },
            "basename": "osx-64/perl-threaded-5.26.0-0.tar.bz2",
            "dependencies": {
                "depends": [
                    {
                        "name": "perl",
                        "specs": []
                    }
                ]
            },
            "description": null,
            "distribution_type": "conda",
            "download_url": "//api.anaconda.org/download/bioconda/perl-threaded/5.26.0/osx-64/perl-threaded-5.26.0-0.tar.bz2",
            "full_name": "bioconda/perl-threaded/5.26.0/osx-64/perl-threaded-5.26.0-0.tar.bz2",
            "labels": [
                "main"
            ],
            "md5": "91fd8f0a4e7a6acd614168bd998c6baf",
            "ndownloads": 2070,
            "owner": "bioconda",
            "size": 3770,
            "type": "conda",
            "upload_time": "2019-03-22 08:56:05.767000+00:00",
            "version": "5.26.0"
        },
        {
            "attrs": {
                "arch": "x86_64",
                "build": "0",
                "build_number": 0,
                "depends": [
                    "perl"
                ],
                "has_prefix": false,
                "license": "Perl",
                "machine": "x86_64",
                "operatingsystem": "linux",
                "platform": "linux",
                "subdir": "linux-64",
                "target-triplet": "x86_64-any-linux",
                "timestamp": 1553244909512
            },
            "basename": "linux-64/perl-threaded-5.26.0-0.tar.bz2",
            "dependencies": {
                "depends": [
                    {
                        "name": "perl",
                        "specs": []
                    }
                ]
            },
            "description": null,
            "distribution_type": "conda",
            "download_url": "//api.anaconda.org/download/bioconda/perl-threaded/5.26.0/linux-64/perl-threaded-5.26.0-0.tar.bz2",
            "full_name": "bioconda/perl-threaded/5.26.0/linux-64/perl-threaded-5.26.0-0.tar.bz2",
            "labels": [
                "main"
            ],
            "md5": "bb00296c844e38709d182338db9d6321",
            "ndownloads": 19272,
            "owner": "bioconda",
            "size": 4058,
            "type": "conda",
            "upload_time": "2019-03-22 08:56:34.200000+00:00",
            "version": "5.26.0"
        }
    ],
    "full_name": "bioconda/perl-threaded",
    "home": "None",
    "html_url": "http://anaconda.org/bioconda/perl-threaded",
    "id": "565cbe22ea546b6b059ce5ca",
    "latest_version": "5.26.0",
    "license": "Perl",
    "license_url": null,
    "modified_at": "2019-03-22 08:56:34.596000+00:00",
    "name": "perl-threaded",
    "owner": {
        "company": "",
        "created_at": "2015-09-11 22:59:20.880000+00:00",
        "description": "Bioconda is a distribution of bioinformatics software realized as a channel for the versatile Conda package manager.",
        "location": "",
        "login": "bioconda",
        "name": "bioconda",
        "url": "",
        "user_type": "org"
    },
    "package_types": [
        "conda"
    ],
    "public": true,
    "releases": [
        {
            "distributions": [
                "linux-64/perl-threaded-5.22.0-8.tar.bz2",
                "osx-64/perl-threaded-5.22.0-8.tar.bz2",
                "osx-64/perl-threaded-5.22.0-9.tar.bz2",
                "linux-64/perl-threaded-5.22.0-9.tar.bz2",
                "linux-64/perl-threaded-5.22.0-10.tar.bz2",
                "osx-64/perl-threaded-5.22.0-10.tar.bz2"
            ],
            "full_name": "bioconda/perl-threaded/5.22.0",
            "version": "5.22.0"
        },
        {
            "distributions": [],
            "full_name": "bioconda/perl-threaded/5.26.0",
            "version": "5.26.0"
        }
    ],
    "revision": 9,
    "source_git_tag": null,
    "source_git_url": null,
    "summary": "The Perl language.",
    "upvoted": 0,
    "url": "http://api.anaconda.org/packages/bioconda/perl-threaded",
    "versions": [
        "5.22.0",
        "5.26.0"
    ],
    "watchers": 1
}