{
    "app_entry": {},
    "app_summary": {},
    "app_type": {},
    "builds": [
        "pl5.22.0_0",
        "pl526h04f5b5a_1",
        "pl526h2d50403_0",
        "1",
        "pl526h6bb024c_1",
        "2",
        "pl526h470a237_3"
    ],
    "conda_platforms": [
        "linux-64",
        "osx-64"
    ],
    "created_at": "2015-12-19 11:39:17.586000+00:00",
    "description": "",
    "dev_url": null,
    "doc_url": null,
    "files": [
        {
            "attrs": {
                "arch": "x86_64",
                "build": "1",
                "build_number": 1,
                "depends": [
                    "mysqlclient",
                    "perl-dbi",
                    "perl-threaded"
                ],
                "license": "Perl",
                "machine": "x86_64",
                "operatingsystem": "linux",
                "platform": "linux",
                "subdir": "linux-64",
                "target-triplet": "x86_64-any-linux"
            },
            "basename": "linux-64/perl-dbd-mysql-4.033-1.tar.bz2",
            "dependencies": {
                "depends": [
                    {
                        "name": "mysqlclient",
                        "specs": []
                    },
                    {
                        "name": "perl-dbi",
                        "specs": []
                    },
                    {
                        "name": "perl-threaded",
                        "specs": []
                    }
                ]
            },
            "description": null,
            "distribution_type": "conda",
            "download_url": "//api.anaconda.org/download/bioconda/perl-dbd-mysql/4.033/linux-64/perl-dbd-mysql-4.033-1.tar.bz2",
            "full_name": "bioconda/perl-dbd-mysql/4.033/linux-64/perl-dbd-mysql-4.033-1.tar.bz2",
            "labels": [
                "main",
                "cf201901"
            ],
            "md5": "47d7bac7d30c94e9c472bed93120dc4e",
            "ndownloads": 417,
            "owner": "bioconda",
            "size": 228475,
            "type": "conda",
            "upload_time": "2016-02-03 10:28:27.444000+00:00",
            "version": "4.033"
        },
        {
            "attrs": {
                "arch": "x86_64",
                "build": "pl5.22.0_0",
                "build_number": 0,
                "depends": [
                    "mysqlclient",
                    "perl 5.22.0*",
                    "perl-dbi"
                ],
                "license": "Perl",
                "machine": "x86_64",
                "operatingsystem": "linux",
                "platform": "linux",
                "subdir": "linux-64",
                "target-triplet": "x86_64-any-linux"
            },
            "basename": "linux-64/perl-dbd-mysql-4.033-pl5.22.0_0.tar.bz2",
            "dependencies": {
                "depends": [
                    {
                        "name": "mysqlclient",
                        "specs": []
                    },
                    {
                        "name": "perl",
                        "specs": [
                            [
                                "==",
                                "5.22.0"
                            ]
                        ]
                    },
                    {
                        "name": "perl-dbi",
                        "specs": []
                    }
                ]
            },
            "description": null,
            "distribution_type": "conda",
            "download_url": "//api.anaconda.org/download/bioconda/perl-dbd-mysql/4.033/linux-64/perl-dbd-mysql-4.033-pl5.22.0_0.tar.bz2",
            "full_name": "bioconda/perl-dbd-mysql/4.033/linux-64/perl-dbd-mysql-4.033-pl5.22.0_0.tar.bz2",
            "labels": [
                "main",
                "cf201901"
            ],
            "md5": "072cbf53fcf1cd5be70a27ea576e9487",
            "ndownloads": 605,
            "owner": "bioconda",
            "size": 204633,
            "type": "conda",
            "upload_time": "2015-12-19 11:39:17.787000+00:00",
            "version": "4.033"
        },
        {
            "attrs": {
                "arch": "x86_64",
                "build": "pl526h2d50403_0",
                "build_number": 0,
                "depends": [
                    "libstdcxx-ng >=4.9",
                    "mysql-connector-c",
                    "perl >=5.26.2,<5.26.3.0a0",
                    "perl-dbi"
                ],
                "has_prefix": true,
                "license": "perl_5",
                "machine": "x86_64",
                "operatingsystem": "linux",
                "platform": "linux",
                "subdir": "linux-64",
                "target-triplet": "x86_64-any-linux",
                "timestamp": 1535001976011
            },
            "basename": "linux-64/perl-dbd-mysql-4.046-pl526h2d50403_0.tar.bz2",
            "dependencies": {
                "depends": [
                    {
                        "name": "libstdcxx-ng",
                        "specs": [
                            [
                                ">=",
                                "4.9"
                            ]
                        ]
                    },
                    {
                        "name": "mysql-connector-c",
                        "specs": []
                    },
                    {
                        "name": "perl",
                        "specs": [
                            [
                                ">=",
                                "5.26.2,<5.26.3.0a0"
                            ]
                        ]
                    },
                    {
                        "name": "perl-dbi",
                        "specs": []
                    }
                ]
            },
            "description": null,
            "distribution_type": "conda",
            "download_url": "//api.anaconda.org/download/bioconda/perl-dbd-mysql/4.046/linux-64/perl-dbd-mysql-4.046-pl526h2d50403_0.tar.bz2",
            "full_name": "bioconda/perl-dbd-mysql/4.046/linux-64/perl-dbd-mysql-4.046-pl526h2d50403_0.tar.bz2",
            "labels": [
                "main",
                "cf201901"
            ],
            "md5": "4332ae4d264d936cf5205f28f83c9d58",
            "ndownloads": 4842,
            "owner": "bioconda",
            "size": 225760,
            "type": "conda",
            "upload_time": "2018-08-23 05:27:34.785000+00:00",
            "version": "4.046"
        },
        {
            "attrs": {
                "arch": "x86_64",
                "build": "2",
                "build_number": 2,
                "depends": [
                    "libgcc",
                    "mysqlclient",
                    "perl-dbi",
                    "perl-threaded"
                ],
                "license": "Perl",
                "machine": "x86_64",
                "operatingsystem": "linux",
                "platform": "linux",
                "subdir": "linux-64",
                "target-triplet": "x86_64-any-linux"
            },
            "basename": "linux-64/perl-dbd-mysql-4.033-2.tar.bz2",
            "dependencies": {
                "depends": [
                    {
                        "name": "libgcc",
                        "specs": []
                    },
                    {
                        "name": "mysqlclient",
                        "specs": []
                    },
                    {
                        "name": "perl-dbi",
                        "specs": []
                    },
                    {
                        "name": "perl-threaded",
                        "specs": []
                    }
                ]
            },
            "description": null,
            "distribution_type": "conda",
            "download_url": "//api.anaconda.org/download/bioconda/perl-dbd-mysql/4.033/linux-64/perl-dbd-mysql-4.033-2.tar.bz2",
            "full_name": "bioconda/perl-dbd-mysql/4.033/linux-64/perl-dbd-mysql-4.033-2.tar.bz2",
            "labels": [
                "main",
                "cf201901"
            ],
            "md5": "700b08915ad2ab057dc22a67b60df17e",
            "ndownloads": 9119,
            "owner": "bioconda",
            "size": 219233,
            "type": "conda",
            "upload_time": "2016-02-05 11:26:34.052000+00:00",
            "version": "4.033"
        },
        {
            "attrs": {
                "arch": "x86_64",
                "build": "pl526h470a237_3",
                "build_number": 3,
                "depends": [
                    "libgcc-ng >=4.9",
                    "mysqlclient",
                    "perl >=5.26.2,<5.27.0a0",
                    "perl-dbi"
                ],
                "has_prefix": true,
                "license": "Perl",
                "machine": "x86_64",
                "operatingsystem": "linux",
                "platform": "linux",
                "subdir": "linux-64",
                "target-triplet": "x86_64-any-linux",
                "timestamp": 1531073732798
            },
            "basename": "linux-64/perl-dbd-mysql-4.033-pl526h470a237_3.tar.bz2",
            "dependencies": {
                "depends": [
                    {
                        "name": "libgcc-ng",
                        "specs": [
                            [
                                ">=",
                                "4.9"
                            ]
                        ]
                    },
                    {
                        "name": "mysqlclient",
                        "specs": []
                    },
                    {
                        "name": "perl",
                        "specs": [
                            [
                                ">=",
                                "5.26.2,<5.27.0a0"
                            ]
                        ]
                    },
                    {
                        "name": "perl-dbi",
                        "specs": []
                    }
                ]
            },
            "description": null,
            "distribution_type": "conda",
            "download_url": "//api.anaconda.org/download/bioconda/perl-dbd-mysql/4.033/linux-64/perl-dbd-mysql-4.033-pl526h470a237_3.tar.bz2",
            "full_name": "bioconda/perl-dbd-mysql/4.033/linux-64/perl-dbd-mysql-4.033-pl526h470a237_3.tar.bz2",
            "labels": [
                "main",
                "cf201901"
            ],
            "md5": "d0247870118a1491d1b08b796458b2f6",
            "ndownloads": 363,
            "owner": "bioconda",
            "size": 253154,
            "type": "conda",
            "upload_time": "2018-07-08 18:18:12.600000+00:00",
            "version": "4.033"
        },
        {
            "attrs": {
                "arch": "x86_64",
                "build": "pl526h2d50403_0",
                "build_number": 0,
                "depends": [
                    "mysql-connector-c",
                    "perl >=5.26.2,<5.26.3.0a0",
                    "perl-dbi"
                ],
                "has_prefix": true,
                "license": "perl_5",
                "machine": "x86_64",
                "operatingsystem": "darwin",
                "platform": "osx",
                "subdir": "osx-64",
                "target-triplet": "x86_64-any-darwin",
                "timestamp": 1535001679598
            },
            "basename": "osx-64/perl-dbd-mysql-4.046-pl526h2d50403_0.tar.bz2",
            "dependencies": {
                "depends": [
                    {
                        "name": "mysql-connector-c",
                        "specs": []
                    },
                    {
                        "name": "perl",
                        "specs": [
                            [
                                ">=",
                                "5.26.2,<5.26.3.0a0"
                            ]
                        ]
                    },
                    {
                        "name": "perl-dbi",
                        "specs": []
                    }
                ]
            },
            "description": null,
            "distribution_type": "conda",
            "download_url": "//api.anaconda.org/download/bioconda/perl-dbd-mysql/4.046/osx-64/perl-dbd-mysql-4.046-pl526h2d50403_0.tar.bz2",
            "full_name": "bioconda/perl-dbd-mysql/4.046/osx-64/perl-dbd-mysql-4.046-pl526h2d50403_0.tar.bz2",
            "labels": [
                "main",
                "cf201901"
            ],
            "md5": "a763b3cab94705bfd5df711919edb7f0",
            "ndownloads": 828,
            "owner": "bioconda",
            "size": 93680,
            "type": "conda",
            "upload_time": "2018-08-23 05:21:32.697000+00:00",
            "version": "4.046"
        },
        {
            "attrs": {
                "arch": "x86_64",
                "build": "2",
                "build_number": 2,
                "depends": [
                    "libgcc",
                    "mysqlclient",
                    "perl-dbi",
                    "perl-threaded"
                ],
                "has_prefix": true,
                "license": "Perl",
                "machine": "x86_64",
                "operatingsystem": "darwin",
                "platform": "osx",
                "subdir": "osx-64",
                "target-triplet": "x86_64-any-darwin"
            },
            "basename": "osx-64/perl-dbd-mysql-4.033-2.tar.bz2",
            "dependencies": {
                "depends": [
                    {
                        "name": "libgcc",
                        "specs": []
                    },
                    {
                        "name": "mysqlclient",
                        "specs": []
                    },
                    {
                        "name": "perl-dbi",
                        "specs": []
                    },
                    {
                        "name": "perl-threaded",
                        "specs": []
                    }
                ]
            },
            "description": null,
            "distribution_type": "conda",
            "download_url": "//api.anaconda.org/download/bioconda/perl-dbd-mysql/4.033/osx-64/perl-dbd-mysql-4.033-2.tar.bz2",
            "full_name": "bioconda/perl-dbd-mysql/4.033/osx-64/perl-dbd-mysql-4.033-2.tar.bz2",
            "labels": [
                "main",
                "cf201901"
            ],
            "md5": "d7da135cbd44ba97060d3b3460aa3c3a",
            "ndownloads": 801,
            "owner": "bioconda",
            "size": 114918,
            "type": "conda",
            "upload_time": "2016-11-15 09:56:19.285000+00:00",
            "version": "4.033"
        },
        {
            "attrs": {
                "arch": "x86_64",
                "build": "pl526h6bb024c_1",
                "build_number": 1,
                "depends": [
                    "libgcc-ng >=7.3.0",
                    "libstdcxx-ng >=7.3.0",
                    "mysql-connector-c >=6.1.11,<6.1.12.0a0",
                    "perl >=5.26.2,<5.26.3.0a0",
                    "perl-dbi"
                ],
                "has_prefix": true,
                "license": "perl_5",
                "machine": "x86_64",
                "operatingsystem": "linux",
                "platform": "linux",
                "subdir": "linux-64",
                "target-triplet": "x86_64-any-linux",
                "timestamp": 1557203889058
            },
            "basename": "linux-64/perl-dbd-mysql-4.046-pl526h6bb024c_1.tar.bz2",
            "dependencies": {
                "depends": [
                    {
                        "name": "libgcc-ng",
                        "specs": [
                            [
                                ">=",
                                "7.3.0"
                            ]
                        ]
                    },
                    {
                        "name": "libstdcxx-ng",
                        "specs": [
                            [
                                ">=",
                                "7.3.0"
                            ]
                        ]
                    },
                    {
                        "name": "mysql-connector-c",
                        "specs": [
                            [
                                ">=",
                                "6.1.11,<6.1.12.0a0"
                            ]
                        ]
                    },
                    {
                        "name": "perl",
                        "specs": [
                            [
                                ">=",
                                "5.26.2,<5.26.3.0a0"
                            ]
                        ]
                    },
                    {
                        "name": "perl-dbi",
                        "specs": []
                    }
                ]
            },
            "description": null,
            "distribution_type": "conda",
            "download_url": "//api.anaconda.org/download/bioconda/perl-dbd-mysql/4.046/linux-64/perl-dbd-mysql-4.046-pl526h6bb024c_1.tar.bz2",
            "full_name": "bioconda/perl-dbd-mysql/4.046/linux-64/perl-dbd-mysql-4.046-pl526h6bb024c_1.tar.bz2",
            "labels": [
                "main"
            ],
            "md5": "274c880002cf08bc2ba779f8de51cc88",
            "ndownloads": 2170,
            "owner": "bioconda",
            "size": 232618,
            "type": "conda",
            "upload_time": "2019-05-07 04:39:57.234000+00:00",
            "version": "4.046"
        },
        {
            "attrs": {
                "arch": "x86_64",
                "build": "pl526h04f5b5a_1",
                "build_number": 1,
                "depends": [
                    "libcxx >=4.0.1",
                    "mysql-connector-c >=6.1.11,<6.1.12.0a0",
                    "perl >=5.26.2,<5.26.3.0a0",
                    "perl-dbi"
                ],
                "has_prefix": true,
                "license": "perl_5",
                "machine": "x86_64",
                "operatingsystem": "darwin",
                "platform": "osx",
                "subdir": "osx-64",
                "target-triplet": "x86_64-any-darwin",
                "timestamp": 1557205077632
            },
            "basename": "osx-64/perl-dbd-mysql-4.046-pl526h04f5b5a_1.tar.bz2",
            "dependencies": {
                "depends": [
                    {
                        "name": "libcxx",
                        "specs": [
                            [
                                ">=",
                                "4.0.1"
                            ]
                        ]
                    },
                    {
                        "name": "mysql-connector-c",
                        "specs": [
                            [
                                ">=",
                                "6.1.11,<6.1.12.0a0"
                            ]
                        ]
                    },
                    {
                        "name": "perl",
                        "specs": [
                            [
                                ">=",
                                "5.26.2,<5.26.3.0a0"
                            ]
                        ]
                    },
                    {
                        "name": "perl-dbi",
                        "specs": []
                    }
                ]
            },
            "description": null,
            "distribution_type": "conda",
            "download_url": "//api.anaconda.org/download/bioconda/perl-dbd-mysql/4.046/osx-64/perl-dbd-mysql-4.046-pl526h04f5b5a_1.tar.bz2",
            "full_name": "bioconda/perl-dbd-mysql/4.046/osx-64/perl-dbd-mysql-4.046-pl526h04f5b5a_1.tar.bz2",
            "labels": [
                "main"
            ],
            "md5": "42156c0927755806a44bad8ed29c595e",
            "ndownloads": 91,
            "owner": "bioconda",
            "size": 93825,
            "type": "conda",
            "upload_time": "2019-05-07 04:58:18.634000+00:00",
            "version": "4.046"
        }
    ],
    "full_name": "bioconda/perl-dbd-mysql",
    "home": "None",
    "html_url": "http://anaconda.org/bioconda/perl-dbd-mysql",
    "id": "567541e50b7a8162f0335284",
    "latest_version": "4.046",
    "license": "perl_5",
    "license_url": null,
    "modified_at": "2019-05-07 04:58:19.213000+00:00",
    "name": "perl-dbd-mysql",
    "owner": {
        "company": "",
        "created_at": "2015-09-11 22:59:20.880000+00:00",
        "description": "Bioconda is a distribution of bioinformatics software realized as a channel for the versatile Conda package manager.",
        "location": "",
        "login": "bioconda",
        "name": "bioconda",
        "url": "",
        "user_type": "org"
    },
    "package_types": [
        "conda"
    ],
    "public": true,
    "releases": [
        {
            "distributions": [
                "linux-64/perl-dbd-mysql-4.033-pl5.22.0_0.tar.bz2",
                "linux-64/perl-dbd-mysql-4.033-1.tar.bz2",
                "linux-64/perl-dbd-mysql-4.033-2.tar.bz2"
            ],
            "full_name": "bioconda/perl-dbd-mysql/4.033",
            "version": "4.033"
        },
        {
            "distributions": [],
            "full_name": "bioconda/perl-dbd-mysql/4.046",
            "version": "4.046"
        }
    ],
    "revision": 6,
    "source_git_tag": null,
    "source_git_url": null,
    "summary": "A MySQL driver for the Perl5 Database Interface (DBI)",
    "upvoted": 0,
    "url": "http://api.anaconda.org/packages/bioconda/perl-dbd-mysql",
    "versions": [
        "4.033",
        "4.046"
    ],
    "watchers": 1
}