{
    "app_entry": {},
    "app_summary": {},
    "app_type": {},
    "builds": [
        "pl526_0"
    ],
    "conda_platforms": [
        "linux-64",
        "osx-64"
    ],
    "created_at": "2019-04-19 03:55:40.822000+00:00",
    "description": "",
    "dev_url": null,
    "doc_url": null,
    "files": [
        {
            "attrs": {
                "arch": "x86_64",
                "build": "pl526_0",
                "build_number": 0,
                "depends": [
                    "perl >=5.26.2,<5.26.3.0a0",
                    "perl-params-util",
                    "perl-prefork"
                ],
                "has_prefix": true,
                "license": "perl_5",
                "machine": "x86_64",
                "operatingsystem": "darwin",
                "platform": "osx",
                "subdir": "osx-64",
                "target-triplet": "x86_64-any-darwin",
                "timestamp": 1555646121682
            },
            "basename": "osx-64/perl-number-witherror-1.01-pl526_0.tar.bz2",
            "dependencies": {
                "depends": [
                    {
                        "name": "perl",
                        "specs": [
                            [
                                ">=",
                                "5.26.2,<5.26.3.0a0"
                            ]
                        ]
                    },
                    {
                        "name": "perl-params-util",
                        "specs": []
                    },
                    {
                        "name": "perl-prefork",
                        "specs": []
                    }
                ]
            },
            "description": null,
            "distribution_type": "conda",
            "download_url": "//api.anaconda.org/download/bioconda/perl-number-witherror/1.01/osx-64/perl-number-witherror-1.01-pl526_0.tar.bz2",
            "full_name": "bioconda/perl-number-witherror/1.01/osx-64/perl-number-witherror-1.01-pl526_0.tar.bz2",
            "labels": [
                "main"
            ],
            "md5": "2224ee21a897c0f84b7f272501423cb4",
            "ndownloads": 542,
            "owner": "bioconda",
            "size": 18662,
            "type": "conda",
            "upload_time": "2019-04-19 03:55:41.485000+00:00",
            "version": "1.01"
        },
        {
            "attrs": {
                "arch": "x86_64",
                "build": "pl526_0",
                "build_number": 0,
                "depends": [
                    "perl >=5.26.2,<5.26.3.0a0",
                    "perl-params-util",
                    "perl-prefork"
                ],
                "has_prefix": true,
                "license": "perl_5",
                "machine": "x86_64",
                "operatingsystem": "linux",
                "platform": "linux",
                "subdir": "linux-64",
                "target-triplet": "x86_64-any-linux",
                "timestamp": 1555646874524
            },
            "basename": "linux-64/perl-number-witherror-1.01-pl526_0.tar.bz2",
            "dependencies": {
                "depends": [
                    {
                        "name": "perl",
                        "specs": [
                            [
                                ">=",
                                "5.26.2,<5.26.3.0a0"
                            ]
                        ]
                    },
                    {
                        "name": "perl-params-util",
                        "specs": []
                    },
                    {
                        "name": "perl-prefork",
                        "specs": []
                    }
                ]
            },
            "description": null,
            "distribution_type": "conda",
            "download_url": "//api.anaconda.org/download/bioconda/perl-number-witherror/1.01/linux-64/perl-number-witherror-1.01-pl526_0.tar.bz2",
            "full_name": "bioconda/perl-number-witherror/1.01/linux-64/perl-number-witherror-1.01-pl526_0.tar.bz2",
            "labels": [
                "main"
            ],
            "md5": "809f7c5c05f66c57f8de9a7cf736444c",
            "ndownloads": 71,
            "owner": "bioconda",
            "size": 18672,
            "type": "conda",
            "upload_time": "2019-04-19 04:09:35.527000+00:00",
            "version": "1.01"
        }
    ],
    "full_name": "bioconda/perl-number-witherror",
    "home": "http://metacpan.org/pod/Number::WithError",
    "html_url": "http://anaconda.org/bioconda/perl-number-witherror",
    "id": "5cb946bcf350f5134a664638",
    "latest_version": "1.01",
    "license": "perl_5",
    "license_url": null,
    "modified_at": "2019-04-19 04:09:35.826000+00:00",
    "name": "perl-number-witherror",
    "owner": {
        "company": "",
        "created_at": "2015-09-11 22:59:20.880000+00:00",
        "description": "Bioconda is a distribution of bioinformatics software realized as a channel for the versatile Conda package manager.",
        "location": "",
        "login": "bioconda",
        "name": "bioconda",
        "url": "",
        "user_type": "org"
    },
    "package_types": [
        "conda"
    ],
    "public": true,
    "releases": [
        {
            "distributions": [],
            "full_name": "bioconda/perl-number-witherror/1.01",
            "version": "1.01"
        }
    ],
    "revision": 2,
    "source_git_tag": null,
    "source_git_url": null,
    "summary": "Numbers with error propagation and scientific rounding",
    "upvoted": 0,
    "url": "http://api.anaconda.org/packages/bioconda/perl-number-witherror",
    "versions": [
        "1.01"
    ],
    "watchers": 1
}