{
    "app_entry": {},
    "app_summary": {},
    "app_type": {},
    "builds": [
        "pl5.22.0_0",
        "pl5.22.0_5",
        "pl5.22.0_7",
        "pl526_9",
        "pl526_8",
        "1",
        "3",
        "2",
        "4",
        "6",
        "pl526_11",
        "pl526_10"
    ],
    "conda_platforms": [
        "linux-64",
        "noarch",
        "osx-64"
    ],
    "created_at": "2015-12-08 12:02:55.316000+00:00",
    "description": "",
    "dev_url": null,
    "doc_url": null,
    "files": [
        {
            "attrs": {
                "arch": "x86_64",
                "build": "2",
                "build_number": 2,
                "depends": [
                    "libgcc",
                    "perl-threaded"
                ],
                "license": "Perl",
                "machine": "x86_64",
                "operatingsystem": "linux",
                "platform": "linux",
                "subdir": "linux-64",
                "target-triplet": "x86_64-any-linux"
            },
            "basename": "linux-64/perl-bioperl-1.6.924-2.tar.bz2",
            "dependencies": {
                "depends": [
                    {
                        "name": "libgcc",
                        "specs": []
                    },
                    {
                        "name": "perl-threaded",
                        "specs": []
                    }
                ]
            },
            "description": null,
            "distribution_type": "conda",
            "download_url": "//api.anaconda.org/download/bioconda/perl-bioperl/1.6.924/linux-64/perl-bioperl-1.6.924-2.tar.bz2",
            "full_name": "bioconda/perl-bioperl/1.6.924/linux-64/perl-bioperl-1.6.924-2.tar.bz2",
            "labels": [
                "main",
                "cf201901"
            ],
            "md5": "65eeecdacccfbcf45fb11ce145430deb",
            "ndownloads": 1125,
            "owner": "bioconda",
            "size": 2272936,
            "type": "conda",
            "upload_time": "2016-02-05 11:25:36.763000+00:00",
            "version": "1.6.924"
        },
        {
            "attrs": {
                "arch": "x86_64",
                "build": "1",
                "build_number": 1,
                "depends": [
                    "perl-threaded"
                ],
                "license": "Perl",
                "machine": "x86_64",
                "operatingsystem": "linux",
                "platform": "linux",
                "subdir": "linux-64",
                "target-triplet": "x86_64-any-linux"
            },
            "basename": "linux-64/perl-bioperl-1.6.924-1.tar.bz2",
            "dependencies": {
                "depends": [
                    {
                        "name": "perl-threaded",
                        "specs": []
                    }
                ]
            },
            "description": null,
            "distribution_type": "conda",
            "download_url": "//api.anaconda.org/download/bioconda/perl-bioperl/1.6.924/linux-64/perl-bioperl-1.6.924-1.tar.bz2",
            "full_name": "bioconda/perl-bioperl/1.6.924/linux-64/perl-bioperl-1.6.924-1.tar.bz2",
            "labels": [
                "main",
                "cf201901"
            ],
            "md5": "5dd92ce79d36a65fb4a38d40dc702158",
            "ndownloads": 467,
            "owner": "bioconda",
            "size": 2273774,
            "type": "conda",
            "upload_time": "2016-02-01 11:25:57.102000+00:00",
            "version": "1.6.924"
        },
        {
            "attrs": {
                "arch": "x86_64",
                "build": "pl5.22.0_0",
                "build_number": 0,
                "depends": [
                    "perl 5.22.0*"
                ],
                "license": "Perl",
                "machine": "x86_64",
                "operatingsystem": "linux",
                "platform": "linux",
                "subdir": "linux-64",
                "target-triplet": "x86_64-any-linux"
            },
            "basename": "linux-64/perl-bioperl-1.6.924-pl5.22.0_0.tar.bz2",
            "dependencies": {
                "depends": [
                    {
                        "name": "perl",
                        "specs": [
                            [
                                "==",
                                "5.22.0"
                            ]
                        ]
                    }
                ]
            },
            "description": null,
            "distribution_type": "conda",
            "download_url": "//api.anaconda.org/download/bioconda/perl-bioperl/1.6.924/linux-64/perl-bioperl-1.6.924-pl5.22.0_0.tar.bz2",
            "full_name": "bioconda/perl-bioperl/1.6.924/linux-64/perl-bioperl-1.6.924-pl5.22.0_0.tar.bz2",
            "labels": [
                "main",
                "cf201901"
            ],
            "md5": "360e206f8554865d017f1b95105b3479",
            "ndownloads": 776,
            "owner": "bioconda",
            "size": 2272551,
            "type": "conda",
            "upload_time": "2015-12-08 12:02:55.520000+00:00",
            "version": "1.6.924"
        },
        {
            "attrs": {
                "arch": "x86_64",
                "build": "3",
                "build_number": 3,
                "depends": [
                    "libgcc",
                    "perl-threaded",
                    "perl-yaml"
                ],
                "license": "Perl",
                "machine": "x86_64",
                "operatingsystem": "linux",
                "platform": "linux",
                "subdir": "linux-64",
                "target-triplet": "x86_64-any-linux"
            },
            "basename": "linux-64/perl-bioperl-1.6.924-3.tar.bz2",
            "dependencies": {
                "depends": [
                    {
                        "name": "libgcc",
                        "specs": []
                    },
                    {
                        "name": "perl-threaded",
                        "specs": []
                    },
                    {
                        "name": "perl-yaml",
                        "specs": []
                    }
                ]
            },
            "description": null,
            "distribution_type": "conda",
            "download_url": "//api.anaconda.org/download/bioconda/perl-bioperl/1.6.924/linux-64/perl-bioperl-1.6.924-3.tar.bz2",
            "full_name": "bioconda/perl-bioperl/1.6.924/linux-64/perl-bioperl-1.6.924-3.tar.bz2",
            "labels": [
                "main",
                "cf201901"
            ],
            "md5": "c4ef2977953496ecd9439ae9777ea5c0",
            "ndownloads": 587,
            "owner": "bioconda",
            "size": 2274038,
            "type": "conda",
            "upload_time": "2016-03-05 02:36:28.263000+00:00",
            "version": "1.6.924"
        },
        {
            "attrs": {
                "arch": "x86_64",
                "build": "pl5.22.0_5",
                "build_number": 5,
                "depends": [
                    "perl 5.22.0*",
                    "perl-bio-asn1-entrezgene",
                    "perl-bio-featureio",
                    "perl-bio-samtools",
                    "perl-bioperl-core",
                    "perl-bioperl-run"
                ],
                "license": "perl_5",
                "machine": "x86_64",
                "operatingsystem": "linux",
                "platform": "linux",
                "subdir": "linux-64",
                "target-triplet": "x86_64-any-linux"
            },
            "basename": "linux-64/perl-bioperl-1.6.924-pl5.22.0_5.tar.bz2",
            "dependencies": {
                "depends": [
                    {
                        "name": "perl",
                        "specs": [
                            [
                                "==",
                                "5.22.0"
                            ]
                        ]
                    },
                    {
                        "name": "perl-bio-asn1-entrezgene",
                        "specs": []
                    },
                    {
                        "name": "perl-bio-featureio",
                        "specs": []
                    },
                    {
                        "name": "perl-bio-samtools",
                        "specs": []
                    },
                    {
                        "name": "perl-bioperl-core",
                        "specs": []
                    },
                    {
                        "name": "perl-bioperl-run",
                        "specs": []
                    }
                ]
            },
            "description": null,
            "distribution_type": "conda",
            "download_url": "//api.anaconda.org/download/bioconda/perl-bioperl/1.6.924/linux-64/perl-bioperl-1.6.924-pl5.22.0_5.tar.bz2",
            "full_name": "bioconda/perl-bioperl/1.6.924/linux-64/perl-bioperl-1.6.924-pl5.22.0_5.tar.bz2",
            "labels": [
                "main",
                "cf201901"
            ],
            "md5": "4994b51ab6150d940952b078237460a9",
            "ndownloads": 437,
            "owner": "bioconda",
            "size": 6033,
            "type": "conda",
            "upload_time": "2016-06-18 02:32:38.478000+00:00",
            "version": "1.6.924"
        },
        {
            "attrs": {
                "arch": "x86_64",
                "build": "pl5.22.0_5",
                "build_number": 5,
                "depends": [
                    "perl 5.22.0*",
                    "perl-bio-asn1-entrezgene",
                    "perl-bio-featureio",
                    "perl-bio-samtools",
                    "perl-bioperl-core",
                    "perl-bioperl-run"
                ],
                "license": "perl_5",
                "machine": "x86_64",
                "operatingsystem": "darwin",
                "platform": "osx",
                "subdir": "osx-64",
                "target-triplet": "x86_64-any-darwin"
            },
            "basename": "osx-64/perl-bioperl-1.6.924-pl5.22.0_5.tar.bz2",
            "dependencies": {
                "depends": [
                    {
                        "name": "perl",
                        "specs": [
                            [
                                "==",
                                "5.22.0"
                            ]
                        ]
                    },
                    {
                        "name": "perl-bio-asn1-entrezgene",
                        "specs": []
                    },
                    {
                        "name": "perl-bio-featureio",
                        "specs": []
                    },
                    {
                        "name": "perl-bio-samtools",
                        "specs": []
                    },
                    {
                        "name": "perl-bioperl-core",
                        "specs": []
                    },
                    {
                        "name": "perl-bioperl-run",
                        "specs": []
                    }
                ]
            },
            "description": null,
            "distribution_type": "conda",
            "download_url": "//api.anaconda.org/download/bioconda/perl-bioperl/1.6.924/osx-64/perl-bioperl-1.6.924-pl5.22.0_5.tar.bz2",
            "full_name": "bioconda/perl-bioperl/1.6.924/osx-64/perl-bioperl-1.6.924-pl5.22.0_5.tar.bz2",
            "labels": [
                "main",
                "cf201901"
            ],
            "md5": "c178796cf3ae538acf91ad4fd2c1de57",
            "ndownloads": 35,
            "owner": "bioconda",
            "size": 6031,
            "type": "conda",
            "upload_time": "2016-06-18 15:11:31.235000+00:00",
            "version": "1.6.924"
        },
        {
            "attrs": {
                "arch": "x86_64",
                "build": "6",
                "build_number": 6,
                "depends": [
                    "perl-bio-asn1-entrezgene",
                    "perl-bio-featureio",
                    "perl-bio-samtools",
                    "perl-bioperl-core",
                    "perl-bioperl-run",
                    "perl-threaded"
                ],
                "license": "perl_5",
                "machine": "x86_64",
                "operatingsystem": "linux",
                "platform": "linux",
                "subdir": "linux-64",
                "target-triplet": "x86_64-any-linux"
            },
            "basename": "linux-64/perl-bioperl-1.6.924-6.tar.bz2",
            "dependencies": {
                "depends": [
                    {
                        "name": "perl-bio-asn1-entrezgene",
                        "specs": []
                    },
                    {
                        "name": "perl-bio-featureio",
                        "specs": []
                    },
                    {
                        "name": "perl-bio-samtools",
                        "specs": []
                    },
                    {
                        "name": "perl-bioperl-core",
                        "specs": []
                    },
                    {
                        "name": "perl-bioperl-run",
                        "specs": []
                    },
                    {
                        "name": "perl-threaded",
                        "specs": []
                    }
                ]
            },
            "description": null,
            "distribution_type": "conda",
            "download_url": "//api.anaconda.org/download/bioconda/perl-bioperl/1.6.924/linux-64/perl-bioperl-1.6.924-6.tar.bz2",
            "full_name": "bioconda/perl-bioperl/1.6.924/linux-64/perl-bioperl-1.6.924-6.tar.bz2",
            "labels": [
                "main",
                "cf201901"
            ],
            "md5": "d937cd094c85752fbcba6c6ba07b3f0f",
            "ndownloads": 6245,
            "owner": "bioconda",
            "size": 6014,
            "type": "conda",
            "upload_time": "2016-06-21 06:54:36.944000+00:00",
            "version": "1.6.924"
        },
        {
            "attrs": {
                "arch": "x86_64",
                "build": "6",
                "build_number": 6,
                "depends": [
                    "perl-bio-asn1-entrezgene",
                    "perl-bio-featureio",
                    "perl-bio-samtools",
                    "perl-bioperl-core",
                    "perl-bioperl-run",
                    "perl-threaded"
                ],
                "license": "perl_5",
                "machine": "x86_64",
                "operatingsystem": "darwin",
                "platform": "osx",
                "subdir": "osx-64",
                "target-triplet": "x86_64-any-darwin"
            },
            "basename": "osx-64/perl-bioperl-1.6.924-6.tar.bz2",
            "dependencies": {
                "depends": [
                    {
                        "name": "perl-bio-asn1-entrezgene",
                        "specs": []
                    },
                    {
                        "name": "perl-bio-featureio",
                        "specs": []
                    },
                    {
                        "name": "perl-bio-samtools",
                        "specs": []
                    },
                    {
                        "name": "perl-bioperl-core",
                        "specs": []
                    },
                    {
                        "name": "perl-bioperl-run",
                        "specs": []
                    },
                    {
                        "name": "perl-threaded",
                        "specs": []
                    }
                ]
            },
            "description": null,
            "distribution_type": "conda",
            "download_url": "//api.anaconda.org/download/bioconda/perl-bioperl/1.6.924/osx-64/perl-bioperl-1.6.924-6.tar.bz2",
            "full_name": "bioconda/perl-bioperl/1.6.924/osx-64/perl-bioperl-1.6.924-6.tar.bz2",
            "labels": [
                "main",
                "cf201901"
            ],
            "md5": "121a199f71f1e75408edad7e047b68a8",
            "ndownloads": 1162,
            "owner": "bioconda",
            "size": 6023,
            "type": "conda",
            "upload_time": "2016-06-21 06:56:50.210000+00:00",
            "version": "1.6.924"
        },
        {
            "attrs": {
                "arch": "x86_64",
                "build": "4",
                "build_number": 4,
                "depends": [
                    "libgcc",
                    "perl-threaded",
                    "perl-yaml"
                ],
                "license": "Perl",
                "machine": "x86_64",
                "operatingsystem": "linux",
                "platform": "linux",
                "subdir": "linux-64",
                "target-triplet": "x86_64-any-linux"
            },
            "basename": "linux-64/perl-bioperl-1.6.924-4.tar.bz2",
            "dependencies": {
                "depends": [
                    {
                        "name": "libgcc",
                        "specs": []
                    },
                    {
                        "name": "perl-threaded",
                        "specs": []
                    },
                    {
                        "name": "perl-yaml",
                        "specs": []
                    }
                ]
            },
            "description": null,
            "distribution_type": "conda",
            "download_url": "//api.anaconda.org/download/bioconda/perl-bioperl/1.6.924/linux-64/perl-bioperl-1.6.924-4.tar.bz2",
            "full_name": "bioconda/perl-bioperl/1.6.924/linux-64/perl-bioperl-1.6.924-4.tar.bz2",
            "labels": [
                "main",
                "cf201901"
            ],
            "md5": "5bdd6d5a398635a92afca1d4a0bd69ed",
            "ndownloads": 18605,
            "owner": "bioconda",
            "size": 2273821,
            "type": "conda",
            "upload_time": "2016-04-01 17:43:06.108000+00:00",
            "version": "1.6.924"
        },
        {
            "attrs": {
                "arch": "x86_64",
                "build": "pl5.22.0_7",
                "build_number": 7,
                "depends": [
                    "perl 5.22.0*",
                    "perl-bioperl-core ==1.6.924",
                    "perl-bioperl-run"
                ],
                "has_prefix": false,
                "license": "perl_5",
                "machine": "x86_64",
                "operatingsystem": "linux",
                "platform": "linux",
                "subdir": "linux-64",
                "target-triplet": "x86_64-any-linux"
            },
            "basename": "linux-64/perl-bioperl-1.6.924-pl5.22.0_7.tar.bz2",
            "dependencies": {
                "depends": [
                    {
                        "name": "perl",
                        "specs": [
                            [
                                "==",
                                "5.22.0"
                            ]
                        ]
                    },
                    {
                        "name": "perl-bioperl-core",
                        "specs": [
                            [
                                "==",
                                "1.6.924"
                            ]
                        ]
                    },
                    {
                        "name": "perl-bioperl-run",
                        "specs": []
                    }
                ]
            },
            "description": null,
            "distribution_type": "conda",
            "download_url": "//api.anaconda.org/download/bioconda/perl-bioperl/1.6.924/linux-64/perl-bioperl-1.6.924-pl5.22.0_7.tar.bz2",
            "full_name": "bioconda/perl-bioperl/1.6.924/linux-64/perl-bioperl-1.6.924-pl5.22.0_7.tar.bz2",
            "labels": [
                "main",
                "cf201901"
            ],
            "md5": "39f199a2558231f502c3cc332407cb97",
            "ndownloads": 8427,
            "owner": "bioconda",
            "size": 9420,
            "type": "conda",
            "upload_time": "2017-07-07 18:49:41.459000+00:00",
            "version": "1.6.924"
        },
        {
            "attrs": {
                "arch": "x86_64",
                "build": "pl5.22.0_7",
                "build_number": 7,
                "depends": [
                    "perl 5.22.0*",
                    "perl-bioperl-core ==1.6.924",
                    "perl-bioperl-run"
                ],
                "has_prefix": false,
                "license": "perl_5",
                "machine": "x86_64",
                "operatingsystem": "darwin",
                "platform": "osx",
                "subdir": "osx-64",
                "target-triplet": "x86_64-any-darwin"
            },
            "basename": "osx-64/perl-bioperl-1.6.924-pl5.22.0_7.tar.bz2",
            "dependencies": {
                "depends": [
                    {
                        "name": "perl",
                        "specs": [
                            [
                                "==",
                                "5.22.0"
                            ]
                        ]
                    },
                    {
                        "name": "perl-bioperl-core",
                        "specs": [
                            [
                                "==",
                                "1.6.924"
                            ]
                        ]
                    },
                    {
                        "name": "perl-bioperl-run",
                        "specs": []
                    }
                ]
            },
            "description": null,
            "distribution_type": "conda",
            "download_url": "//api.anaconda.org/download/bioconda/perl-bioperl/1.6.924/osx-64/perl-bioperl-1.6.924-pl5.22.0_7.tar.bz2",
            "full_name": "bioconda/perl-bioperl/1.6.924/osx-64/perl-bioperl-1.6.924-pl5.22.0_7.tar.bz2",
            "labels": [
                "main",
                "cf201901"
            ],
            "md5": "f9e4a9965b893cff76f19d109f4537bf",
            "ndownloads": 1306,
            "owner": "bioconda",
            "size": 8992,
            "type": "conda",
            "upload_time": "2017-07-07 19:06:15.690000+00:00",
            "version": "1.6.924"
        },
        {
            "attrs": {
                "arch": "x86_64",
                "build": "4",
                "build_number": 4,
                "depends": [
                    "libgcc",
                    "perl-threaded",
                    "perl-yaml"
                ],
                "license": "Perl",
                "machine": "x86_64",
                "operatingsystem": "darwin",
                "platform": "osx",
                "subdir": "osx-64",
                "target-triplet": "x86_64-any-darwin"
            },
            "basename": "osx-64/perl-bioperl-1.6.924-4.tar.bz2",
            "dependencies": {
                "depends": [
                    {
                        "name": "libgcc",
                        "specs": []
                    },
                    {
                        "name": "perl-threaded",
                        "specs": []
                    },
                    {
                        "name": "perl-yaml",
                        "specs": []
                    }
                ]
            },
            "description": null,
            "distribution_type": "conda",
            "download_url": "//api.anaconda.org/download/bioconda/perl-bioperl/1.6.924/osx-64/perl-bioperl-1.6.924-4.tar.bz2",
            "full_name": "bioconda/perl-bioperl/1.6.924/osx-64/perl-bioperl-1.6.924-4.tar.bz2",
            "labels": [
                "main",
                "cf201901"
            ],
            "md5": "bd45c93591eb58b5c494d6c4620c2af0",
            "ndownloads": 1189,
            "owner": "bioconda",
            "size": 3314883,
            "type": "conda",
            "upload_time": "2016-04-01 18:01:09.395000+00:00",
            "version": "1.6.924"
        },
        {
            "attrs": {
                "arch": "x86_64",
                "build": "pl526_8",
                "build_number": 8,
                "depends": [
                    "perl >=5.26.2,<5.26.3.0a0",
                    "perl-bio-asn1-entrezgene",
                    "perl-bio-coordinate",
                    "perl-bio-featureio",
                    "perl-bio-samtools",
                    "perl-bio-tools-phylo-paml",
                    "perl-bio-tools-run-alignment-clustalw",
                    "perl-bioperl-core 1.7.2",
                    "perl-bioperl-run"
                ],
                "has_prefix": false,
                "license": "perl_5",
                "machine": "x86_64",
                "operatingsystem": "darwin",
                "platform": "osx",
                "subdir": "osx-64",
                "target-triplet": "x86_64-any-darwin",
                "timestamp": 1533830424977
            },
            "basename": "osx-64/perl-bioperl-1.7.2-pl526_8.tar.bz2",
            "dependencies": {
                "depends": [
                    {
                        "name": "perl",
                        "specs": [
                            [
                                ">=",
                                "5.26.2,<5.26.3.0a0"
                            ]
                        ]
                    },
                    {
                        "name": "perl-bio-asn1-entrezgene",
                        "specs": []
                    },
                    {
                        "name": "perl-bio-coordinate",
                        "specs": []
                    },
                    {
                        "name": "perl-bio-featureio",
                        "specs": []
                    },
                    {
                        "name": "perl-bio-samtools",
                        "specs": []
                    },
                    {
                        "name": "perl-bio-tools-phylo-paml",
                        "specs": []
                    },
                    {
                        "name": "perl-bio-tools-run-alignment-clustalw",
                        "specs": []
                    },
                    {
                        "name": "perl-bioperl-core",
                        "specs": [
                            [
                                "==",
                                "1.7.2"
                            ]
                        ]
                    },
                    {
                        "name": "perl-bioperl-run",
                        "specs": []
                    }
                ]
            },
            "description": null,
            "distribution_type": "conda",
            "download_url": "//api.anaconda.org/download/bioconda/perl-bioperl/1.7.2/osx-64/perl-bioperl-1.7.2-pl526_8.tar.bz2",
            "full_name": "bioconda/perl-bioperl/1.7.2/osx-64/perl-bioperl-1.7.2-pl526_8.tar.bz2",
            "labels": [
                "main",
                "cf201901"
            ],
            "md5": "a69f0ad743282ad9f9eb8ec58f6bc2f6",
            "ndownloads": 1159,
            "owner": "bioconda",
            "size": 11842,
            "type": "conda",
            "upload_time": "2018-08-09 16:01:19.576000+00:00",
            "version": "1.7.2"
        },
        {
            "attrs": {
                "arch": "x86_64",
                "build": "pl526_8",
                "build_number": 8,
                "depends": [
                    "perl >=5.26.2,<5.26.3.0a0",
                    "perl-bio-asn1-entrezgene",
                    "perl-bio-coordinate",
                    "perl-bio-featureio",
                    "perl-bio-samtools",
                    "perl-bio-tools-phylo-paml",
                    "perl-bio-tools-run-alignment-clustalw",
                    "perl-bio-tools-run-alignment-tcoffee",
                    "perl-bioperl-core 1.7.2",
                    "perl-bioperl-run"
                ],
                "has_prefix": false,
                "license": "perl_5",
                "machine": "x86_64",
                "operatingsystem": "linux",
                "platform": "linux",
                "subdir": "linux-64",
                "target-triplet": "x86_64-any-linux",
                "timestamp": 1533830894938
            },
            "basename": "linux-64/perl-bioperl-1.7.2-pl526_8.tar.bz2",
            "dependencies": {
                "depends": [
                    {
                        "name": "perl",
                        "specs": [
                            [
                                ">=",
                                "5.26.2,<5.26.3.0a0"
                            ]
                        ]
                    },
                    {
                        "name": "perl-bio-asn1-entrezgene",
                        "specs": []
                    },
                    {
                        "name": "perl-bio-coordinate",
                        "specs": []
                    },
                    {
                        "name": "perl-bio-featureio",
                        "specs": []
                    },
                    {
                        "name": "perl-bio-samtools",
                        "specs": []
                    },
                    {
                        "name": "perl-bio-tools-phylo-paml",
                        "specs": []
                    },
                    {
                        "name": "perl-bio-tools-run-alignment-clustalw",
                        "specs": []
                    },
                    {
                        "name": "perl-bio-tools-run-alignment-tcoffee",
                        "specs": []
                    },
                    {
                        "name": "perl-bioperl-core",
                        "specs": [
                            [
                                "==",
                                "1.7.2"
                            ]
                        ]
                    },
                    {
                        "name": "perl-bioperl-run",
                        "specs": []
                    }
                ]
            },
            "description": null,
            "distribution_type": "conda",
            "download_url": "//api.anaconda.org/download/bioconda/perl-bioperl/1.7.2/linux-64/perl-bioperl-1.7.2-pl526_8.tar.bz2",
            "full_name": "bioconda/perl-bioperl/1.7.2/linux-64/perl-bioperl-1.7.2-pl526_8.tar.bz2",
            "labels": [
                "main",
                "cf201901"
            ],
            "md5": "6cc0ed7cb1f1b53a17f85e31f58d2f9d",
            "ndownloads": 9319,
            "owner": "bioconda",
            "size": 11722,
            "type": "conda",
            "upload_time": "2018-08-09 16:12:44.500000+00:00",
            "version": "1.7.2"
        },
        {
            "attrs": {
                "arch": "x86_64",
                "build": "pl526_9",
                "build_number": 9,
                "depends": [
                    "perl >=5.26.2,<5.26.3.0a0",
                    "perl-bio-asn1-entrezgene",
                    "perl-bio-coordinate",
                    "perl-bio-featureio",
                    "perl-bio-samtools",
                    "perl-bio-tools-phylo-paml",
                    "perl-bio-tools-run-alignment-clustalw",
                    "perl-bioperl-core 1.7.2",
                    "perl-bioperl-run"
                ],
                "has_prefix": false,
                "license": "perl_5",
                "machine": "x86_64",
                "operatingsystem": "darwin",
                "platform": "osx",
                "subdir": "osx-64",
                "target-triplet": "x86_64-any-darwin",
                "timestamp": 1552517701765
            },
            "basename": "osx-64/perl-bioperl-1.7.2-pl526_9.tar.bz2",
            "dependencies": {
                "depends": [
                    {
                        "name": "perl",
                        "specs": [
                            [
                                ">=",
                                "5.26.2,<5.26.3.0a0"
                            ]
                        ]
                    },
                    {
                        "name": "perl-bio-asn1-entrezgene",
                        "specs": []
                    },
                    {
                        "name": "perl-bio-coordinate",
                        "specs": []
                    },
                    {
                        "name": "perl-bio-featureio",
                        "specs": []
                    },
                    {
                        "name": "perl-bio-samtools",
                        "specs": []
                    },
                    {
                        "name": "perl-bio-tools-phylo-paml",
                        "specs": []
                    },
                    {
                        "name": "perl-bio-tools-run-alignment-clustalw",
                        "specs": []
                    },
                    {
                        "name": "perl-bioperl-core",
                        "specs": [
                            [
                                "==",
                                "1.7.2"
                            ]
                        ]
                    },
                    {
                        "name": "perl-bioperl-run",
                        "specs": []
                    }
                ]
            },
            "description": null,
            "distribution_type": "conda",
            "download_url": "//api.anaconda.org/download/bioconda/perl-bioperl/1.7.2/osx-64/perl-bioperl-1.7.2-pl526_9.tar.bz2",
            "full_name": "bioconda/perl-bioperl/1.7.2/osx-64/perl-bioperl-1.7.2-pl526_9.tar.bz2",
            "labels": [
                "main"
            ],
            "md5": "12fec00c8f166f10b88c4eb1a46824be",
            "ndownloads": 819,
            "owner": "bioconda",
            "size": 12594,
            "type": "conda",
            "upload_time": "2019-03-13 22:56:01.585000+00:00",
            "version": "1.7.2"
        },
        {
            "attrs": {
                "arch": "x86_64",
                "build": "pl526_9",
                "build_number": 9,
                "depends": [
                    "perl >=5.26.2,<5.26.3.0a0",
                    "perl-bio-asn1-entrezgene",
                    "perl-bio-coordinate",
                    "perl-bio-featureio",
                    "perl-bio-samtools",
                    "perl-bio-tools-phylo-paml",
                    "perl-bio-tools-run-alignment-clustalw",
                    "perl-bio-tools-run-alignment-tcoffee",
                    "perl-bioperl-core 1.7.2",
                    "perl-bioperl-run"
                ],
                "has_prefix": false,
                "license": "perl_5",
                "machine": "x86_64",
                "operatingsystem": "linux",
                "platform": "linux",
                "subdir": "linux-64",
                "target-triplet": "x86_64-any-linux",
                "timestamp": 1552521631008
            },
            "basename": "linux-64/perl-bioperl-1.7.2-pl526_9.tar.bz2",
            "dependencies": {
                "depends": [
                    {
                        "name": "perl",
                        "specs": [
                            [
                                ">=",
                                "5.26.2,<5.26.3.0a0"
                            ]
                        ]
                    },
                    {
                        "name": "perl-bio-asn1-entrezgene",
                        "specs": []
                    },
                    {
                        "name": "perl-bio-coordinate",
                        "specs": []
                    },
                    {
                        "name": "perl-bio-featureio",
                        "specs": []
                    },
                    {
                        "name": "perl-bio-samtools",
                        "specs": []
                    },
                    {
                        "name": "perl-bio-tools-phylo-paml",
                        "specs": []
                    },
                    {
                        "name": "perl-bio-tools-run-alignment-clustalw",
                        "specs": []
                    },
                    {
                        "name": "perl-bio-tools-run-alignment-tcoffee",
                        "specs": []
                    },
                    {
                        "name": "perl-bioperl-core",
                        "specs": [
                            [
                                "==",
                                "1.7.2"
                            ]
                        ]
                    },
                    {
                        "name": "perl-bioperl-run",
                        "specs": []
                    }
                ]
            },
            "description": null,
            "distribution_type": "conda",
            "download_url": "//api.anaconda.org/download/bioconda/perl-bioperl/1.7.2/linux-64/perl-bioperl-1.7.2-pl526_9.tar.bz2",
            "full_name": "bioconda/perl-bioperl/1.7.2/linux-64/perl-bioperl-1.7.2-pl526_9.tar.bz2",
            "labels": [
                "main"
            ],
            "md5": "d5fc7c8032dba2d2de8fe650567d3450",
            "ndownloads": 3311,
            "owner": "bioconda",
            "size": 13021,
            "type": "conda",
            "upload_time": "2019-03-14 00:05:13.008000+00:00",
            "version": "1.7.2"
        },
        {
            "attrs": {
                "arch": "x86_64",
                "build": "pl526_10",
                "build_number": 10,
                "depends": [
                    "perl >=5.26.2,<5.26.3.0a0",
                    "perl-bio-asn1-entrezgene",
                    "perl-bio-coordinate",
                    "perl-bio-featureio",
                    "perl-bio-samtools",
                    "perl-bio-tools-phylo-paml",
                    "perl-bio-tools-run-alignment-clustalw",
                    "perl-bio-tools-run-alignment-tcoffee",
                    "perl-bioperl-core 1.007002",
                    "perl-bioperl-run"
                ],
                "has_prefix": false,
                "license": "perl_5",
                "machine": "x86_64",
                "operatingsystem": "linux",
                "platform": "linux",
                "subdir": "linux-64",
                "target-triplet": "x86_64-any-linux",
                "timestamp": 1558019039427
            },
            "basename": "linux-64/perl-bioperl-1.7.2-pl526_10.tar.bz2",
            "dependencies": {
                "depends": [
                    {
                        "name": "perl",
                        "specs": [
                            [
                                ">=",
                                "5.26.2,<5.26.3.0a0"
                            ]
                        ]
                    },
                    {
                        "name": "perl-bio-asn1-entrezgene",
                        "specs": []
                    },
                    {
                        "name": "perl-bio-coordinate",
                        "specs": []
                    },
                    {
                        "name": "perl-bio-featureio",
                        "specs": []
                    },
                    {
                        "name": "perl-bio-samtools",
                        "specs": []
                    },
                    {
                        "name": "perl-bio-tools-phylo-paml",
                        "specs": []
                    },
                    {
                        "name": "perl-bio-tools-run-alignment-clustalw",
                        "specs": []
                    },
                    {
                        "name": "perl-bio-tools-run-alignment-tcoffee",
                        "specs": []
                    },
                    {
                        "name": "perl-bioperl-core",
                        "specs": [
                            [
                                "==",
                                "1.007002"
                            ]
                        ]
                    },
                    {
                        "name": "perl-bioperl-run",
                        "specs": []
                    }
                ]
            },
            "description": null,
            "distribution_type": "conda",
            "download_url": "//api.anaconda.org/download/bioconda/perl-bioperl/1.7.2/linux-64/perl-bioperl-1.7.2-pl526_10.tar.bz2",
            "full_name": "bioconda/perl-bioperl/1.7.2/linux-64/perl-bioperl-1.7.2-pl526_10.tar.bz2",
            "labels": [
                "main"
            ],
            "md5": "be14c93b15ee4f84b5cbdd25ebb757d0",
            "ndownloads": 6718,
            "owner": "bioconda",
            "size": 12893,
            "type": "conda",
            "upload_time": "2019-05-16 16:33:00.433000+00:00",
            "version": "1.7.2"
        },
        {
            "attrs": {
                "arch": "x86_64",
                "build": "pl526_10",
                "build_number": 10,
                "depends": [
                    "perl >=5.26.2,<5.26.3.0a0",
                    "perl-bio-asn1-entrezgene",
                    "perl-bio-coordinate",
                    "perl-bio-featureio",
                    "perl-bio-samtools",
                    "perl-bio-tools-phylo-paml",
                    "perl-bio-tools-run-alignment-clustalw",
                    "perl-bioperl-core 1.007002",
                    "perl-bioperl-run"
                ],
                "has_prefix": false,
                "license": "perl_5",
                "machine": "x86_64",
                "operatingsystem": "darwin",
                "platform": "osx",
                "subdir": "osx-64",
                "target-triplet": "x86_64-any-darwin",
                "timestamp": 1558019686269
            },
            "basename": "osx-64/perl-bioperl-1.7.2-pl526_10.tar.bz2",
            "dependencies": {
                "depends": [
                    {
                        "name": "perl",
                        "specs": [
                            [
                                ">=",
                                "5.26.2,<5.26.3.0a0"
                            ]
                        ]
                    },
                    {
                        "name": "perl-bio-asn1-entrezgene",
                        "specs": []
                    },
                    {
                        "name": "perl-bio-coordinate",
                        "specs": []
                    },
                    {
                        "name": "perl-bio-featureio",
                        "specs": []
                    },
                    {
                        "name": "perl-bio-samtools",
                        "specs": []
                    },
                    {
                        "name": "perl-bio-tools-phylo-paml",
                        "specs": []
                    },
                    {
                        "name": "perl-bio-tools-run-alignment-clustalw",
                        "specs": []
                    },
                    {
                        "name": "perl-bioperl-core",
                        "specs": [
                            [
                                "==",
                                "1.007002"
                            ]
                        ]
                    },
                    {
                        "name": "perl-bioperl-run",
                        "specs": []
                    }
                ]
            },
            "description": null,
            "distribution_type": "conda",
            "download_url": "//api.anaconda.org/download/bioconda/perl-bioperl/1.7.2/osx-64/perl-bioperl-1.7.2-pl526_10.tar.bz2",
            "full_name": "bioconda/perl-bioperl/1.7.2/osx-64/perl-bioperl-1.7.2-pl526_10.tar.bz2",
            "labels": [
                "main"
            ],
            "md5": "c67c53f5182b9af2492c77bd00eb73a9",
            "ndownloads": 632,
            "owner": "bioconda",
            "size": 12647,
            "type": "conda",
            "upload_time": "2019-05-16 16:33:02.996000+00:00",
            "version": "1.7.2"
        },
        {
            "attrs": {
                "arch": null,
                "build": "pl526_11",
                "build_number": 11,
                "depends": [
                    "perl >=5.26.2,<5.26.3.0a0",
                    "perl-bio-asn1-entrezgene",
                    "perl-bio-coordinate",
                    "perl-bio-featureio",
                    "perl-bio-samtools",
                    "perl-bio-tools-phylo-paml",
                    "perl-bio-tools-run-alignment-clustalw",
                    "perl-bio-tools-run-alignment-tcoffee",
                    "perl-bioperl-core 1.007002",
                    "perl-bioperl-run"
                ],
                "has_prefix": false,
                "license": "perl_5",
                "machine": null,
                "noarch": "generic",
                "operatingsystem": null,
                "platform": null,
                "subdir": "noarch",
                "target-triplet": "None-any-None",
                "timestamp": 1572260946817
            },
            "basename": "noarch/perl-bioperl-1.7.2-pl526_11.tar.bz2",
            "dependencies": {
                "depends": [
                    {
                        "name": "perl",
                        "specs": [
                            [
                                ">=",
                                "5.26.2,<5.26.3.0a0"
                            ]
                        ]
                    },
                    {
                        "name": "perl-bio-asn1-entrezgene",
                        "specs": []
                    },
                    {
                        "name": "perl-bio-coordinate",
                        "specs": []
                    },
                    {
                        "name": "perl-bio-featureio",
                        "specs": []
                    },
                    {
                        "name": "perl-bio-samtools",
                        "specs": []
                    },
                    {
                        "name": "perl-bio-tools-phylo-paml",
                        "specs": []
                    },
                    {
                        "name": "perl-bio-tools-run-alignment-clustalw",
                        "specs": []
                    },
                    {
                        "name": "perl-bio-tools-run-alignment-tcoffee",
                        "specs": []
                    },
                    {
                        "name": "perl-bioperl-core",
                        "specs": [
                            [
                                "==",
                                "1.007002"
                            ]
                        ]
                    },
                    {
                        "name": "perl-bioperl-run",
                        "specs": []
                    }
                ]
            },
            "description": null,
            "distribution_type": "conda",
            "download_url": "//api.anaconda.org/download/bioconda/perl-bioperl/1.7.2/noarch/perl-bioperl-1.7.2-pl526_11.tar.bz2",
            "full_name": "bioconda/perl-bioperl/1.7.2/noarch/perl-bioperl-1.7.2-pl526_11.tar.bz2",
            "labels": [
                "main"
            ],
            "md5": "2fe21b69efb39401d28f27f398f7d26e",
            "ndownloads": 1326,
            "owner": "bioconda",
            "size": 13275,
            "type": "conda",
            "upload_time": "2019-10-28 11:15:15.829000+00:00",
            "version": "1.7.2"
        }
    ],
    "full_name": "bioconda/perl-bioperl",
    "home": "None",
    "html_url": "http://anaconda.org/bioconda/perl-bioperl",
    "id": "5666c6efea546b0b3e9cc5a9",
    "latest_version": "1.7.2",
    "license": "perl_5",
    "license_url": null,
    "modified_at": "2019-10-28 11:15:16.057000+00:00",
    "name": "perl-bioperl",
    "owner": {
        "company": "",
        "created_at": "2015-09-11 22:59:20.880000+00:00",
        "description": "Bioconda is a distribution of bioinformatics software realized as a channel for the versatile Conda package manager.",
        "location": "",
        "login": "bioconda",
        "name": "bioconda",
        "url": "",
        "user_type": "org"
    },
    "package_types": [
        "conda"
    ],
    "public": true,
    "releases": [
        {
            "distributions": [
                "linux-64/perl-bioperl-1.6.924-pl5.22.0_0.tar.bz2",
                "linux-64/perl-bioperl-1.6.924-1.tar.bz2",
                "linux-64/perl-bioperl-1.6.924-2.tar.bz2",
                "linux-64/perl-bioperl-1.6.924-3.tar.bz2",
                "linux-64/perl-bioperl-1.6.924-4.tar.bz2",
                "osx-64/perl-bioperl-1.6.924-4.tar.bz2",
                "linux-64/perl-bioperl-1.6.924-pl5.22.0_5.tar.bz2",
                "osx-64/perl-bioperl-1.6.924-pl5.22.0_5.tar.bz2",
                "linux-64/perl-bioperl-1.6.924-6.tar.bz2",
                "osx-64/perl-bioperl-1.6.924-6.tar.bz2"
            ],
            "full_name": "bioconda/perl-bioperl/1.6.924",
            "version": "1.6.924"
        },
        {
            "distributions": [],
            "full_name": "bioconda/perl-bioperl/1.7.2",
            "version": "1.7.2"
        }
    ],
    "revision": 13,
    "source_git_tag": null,
    "source_git_url": null,
    "summary": "Bioinformatics Toolkit",
    "upvoted": 0,
    "url": "http://api.anaconda.org/packages/bioconda/perl-bioperl",
    "versions": [
        "1.6.924",
        "1.7.2"
    ],
    "watchers": 1
}