{
    "app_entry": {},
    "app_summary": {},
    "app_type": {},
    "builds": [
        "0"
    ],
    "conda_platforms": [
        "noarch"
    ],
    "created_at": "2019-12-06 16:46:10.662000+00:00",
    "description": "",
    "dev_url": null,
    "doc_url": null,
    "files": [
        {
            "attrs": {
                "arch": null,
                "build": "0",
                "build_number": 0,
                "depends": [
                    "perl",
                    "perl-bio-bigfile",
                    "perl-bio-db-hts",
                    "perl-ensembl-core",
                    "perl-json",
                    "perl-sereal",
                    "perl-set-intervaltree",
                    "perl-string-approx"
                ],
                "has_prefix": false,
                "license": "apache_2_0",
                "machine": null,
                "noarch": "generic",
                "operatingsystem": null,
                "platform": null,
                "subdir": "noarch",
                "target-triplet": "None-any-None",
                "timestamp": 1575639724789
            },
            "basename": "noarch/perl-ensembl-variation-98-0.tar.bz2",
            "dependencies": {
                "depends": [
                    {
                        "name": "perl",
                        "specs": []
                    },
                    {
                        "name": "perl-bio-bigfile",
                        "specs": []
                    },
                    {
                        "name": "perl-bio-db-hts",
                        "specs": []
                    },
                    {
                        "name": "perl-ensembl-core",
                        "specs": []
                    },
                    {
                        "name": "perl-json",
                        "specs": []
                    },
                    {
                        "name": "perl-sereal",
                        "specs": []
                    },
                    {
                        "name": "perl-set-intervaltree",
                        "specs": []
                    },
                    {
                        "name": "perl-string-approx",
                        "specs": []
                    }
                ]
            },
            "description": null,
            "distribution_type": "conda",
            "download_url": "//api.anaconda.org/download/bioconda/perl-ensembl-variation/98/noarch/perl-ensembl-variation-98-0.tar.bz2",
            "full_name": "bioconda/perl-ensembl-variation/98/noarch/perl-ensembl-variation-98-0.tar.bz2",
            "labels": [
                "main"
            ],
            "md5": "c7078ea44b39ce4755d91cb4b039af82",
            "ndownloads": 23,
            "owner": "bioconda",
            "size": 449214,
            "type": "conda",
            "upload_time": "2019-12-06 16:46:11.521000+00:00",
            "version": "98"
        }
    ],
    "full_name": "bioconda/perl-ensembl-variation",
    "home": "https://www.ensembl.org/info/docs/api/index.html",
    "html_url": "http://anaconda.org/bioconda/perl-ensembl-variation",
    "id": "5dea85d278705809c63c35e3",
    "latest_version": "98",
    "license": "apache_2_0",
    "license_url": null,
    "modified_at": "2019-12-06 16:46:11.882000+00:00",
    "name": "perl-ensembl-variation",
    "owner": {
        "company": "",
        "created_at": "2015-09-11 22:59:20.880000+00:00",
        "description": "Bioconda is a distribution of bioinformatics software realized as a channel for the versatile Conda package manager.",
        "location": "",
        "login": "bioconda",
        "name": "bioconda",
        "url": "",
        "user_type": "org"
    },
    "package_types": [
        "conda"
    ],
    "public": true,
    "releases": [
        {
            "distributions": [],
            "full_name": "bioconda/perl-ensembl-variation/98",
            "version": "98"
        }
    ],
    "revision": 2,
    "source_git_tag": null,
    "source_git_url": null,
    "summary": "The Ensembl Core Perl API and",
    "upvoted": 0,
    "url": "http://api.anaconda.org/packages/bioconda/perl-ensembl-variation",
    "versions": [
        "98"
    ],
    "watchers": 1
}