{
    "app_entry": {},
    "app_summary": {},
    "app_type": {},
    "builds": [
        "pl5.22.0_0",
        "pl526_1",
        "pl526_0"
    ],
    "conda_platforms": [
        "linux-64",
        "osx-64"
    ],
    "created_at": "2017-05-22 06:38:07.632000+00:00",
    "description": "",
    "dev_url": null,
    "doc_url": null,
    "files": [
        {
            "attrs": {
                "arch": "x86_64",
                "build": "pl5.22.0_0",
                "build_number": 0,
                "depends": [
                    "perl 5.22.0*"
                ],
                "has_prefix": true,
                "license": "perl",
                "machine": "x86_64",
                "operatingsystem": "darwin",
                "platform": "osx",
                "subdir": "osx-64",
                "target-triplet": "x86_64-any-darwin"
            },
            "basename": "osx-64/perl-yaml-tiny-1.70-pl5.22.0_0.tar.bz2",
            "dependencies": {
                "depends": [
                    {
                        "name": "perl",
                        "specs": [
                            [
                                "==",
                                "5.22.0"
                            ]
                        ]
                    }
                ]
            },
            "description": null,
            "distribution_type": "conda",
            "download_url": "//api.anaconda.org/download/bioconda/perl-yaml-tiny/1.70/osx-64/perl-yaml-tiny-1.70-pl5.22.0_0.tar.bz2",
            "full_name": "bioconda/perl-yaml-tiny/1.70/osx-64/perl-yaml-tiny-1.70-pl5.22.0_0.tar.bz2",
            "labels": [
                "main",
                "cf201901"
            ],
            "md5": "7d900e56352c12f673b2ddd8c946165e",
            "ndownloads": 31,
            "owner": "bioconda",
            "size": 18617,
            "type": "conda",
            "upload_time": "2017-05-22 06:38:08.054000+00:00",
            "version": "1.70"
        },
        {
            "attrs": {
                "arch": "x86_64",
                "build": "pl526_1",
                "build_number": 1,
                "depends": [
                    "perl >=5.26.0,<5.27.0a0"
                ],
                "has_prefix": true,
                "license": "perl",
                "machine": "x86_64",
                "operatingsystem": "darwin",
                "platform": "osx",
                "subdir": "osx-64",
                "target-triplet": "x86_64-any-darwin",
                "timestamp": 1529799497745
            },
            "basename": "osx-64/perl-yaml-tiny-1.70-pl526_1.tar.bz2",
            "dependencies": {
                "depends": [
                    {
                        "name": "perl",
                        "specs": [
                            [
                                ">=",
                                "5.26.0,<5.27.0a0"
                            ]
                        ]
                    }
                ]
            },
            "description": null,
            "distribution_type": "conda",
            "download_url": "//api.anaconda.org/download/bioconda/perl-yaml-tiny/1.70/osx-64/perl-yaml-tiny-1.70-pl526_1.tar.bz2",
            "full_name": "bioconda/perl-yaml-tiny/1.70/osx-64/perl-yaml-tiny-1.70-pl526_1.tar.bz2",
            "labels": [
                "main",
                "cf201901"
            ],
            "md5": "76b3cc687e760b6d5743d0d8da98da8c",
            "ndownloads": 737,
            "owner": "bioconda",
            "size": 21025,
            "type": "conda",
            "upload_time": "2018-06-24 00:18:30.247000+00:00",
            "version": "1.70"
        },
        {
            "attrs": {
                "arch": "x86_64",
                "build": "pl526_1",
                "build_number": 1,
                "depends": [
                    "perl >=5.26.2,<5.27.0a0"
                ],
                "has_prefix": true,
                "license": "perl",
                "machine": "x86_64",
                "operatingsystem": "linux",
                "platform": "linux",
                "subdir": "linux-64",
                "target-triplet": "x86_64-any-linux",
                "timestamp": 1531658300824
            },
            "basename": "linux-64/perl-yaml-tiny-1.70-pl526_1.tar.bz2",
            "dependencies": {
                "depends": [
                    {
                        "name": "perl",
                        "specs": [
                            [
                                ">=",
                                "5.26.2,<5.27.0a0"
                            ]
                        ]
                    }
                ]
            },
            "description": null,
            "distribution_type": "conda",
            "download_url": "//api.anaconda.org/download/bioconda/perl-yaml-tiny/1.70/linux-64/perl-yaml-tiny-1.70-pl526_1.tar.bz2",
            "full_name": "bioconda/perl-yaml-tiny/1.70/linux-64/perl-yaml-tiny-1.70-pl526_1.tar.bz2",
            "labels": [
                "main",
                "cf201901"
            ],
            "md5": "d5cc09208d3208cf92ba8db8e2d26690",
            "ndownloads": 250,
            "owner": "bioconda",
            "size": 20832,
            "type": "conda",
            "upload_time": "2018-07-15 12:39:36.691000+00:00",
            "version": "1.70"
        },
        {
            "attrs": {
                "arch": "x86_64",
                "build": "pl526_0",
                "build_number": 0,
                "depends": [
                    "perl >=5.26.2,<5.26.3.0a0"
                ],
                "has_prefix": true,
                "license": "perl",
                "machine": "x86_64",
                "operatingsystem": "linux",
                "platform": "linux",
                "subdir": "linux-64",
                "target-triplet": "x86_64-any-linux",
                "timestamp": 1541916335203
            },
            "basename": "linux-64/perl-yaml-tiny-1.73-pl526_0.tar.bz2",
            "dependencies": {
                "depends": [
                    {
                        "name": "perl",
                        "specs": [
                            [
                                ">=",
                                "5.26.2,<5.26.3.0a0"
                            ]
                        ]
                    }
                ]
            },
            "description": null,
            "distribution_type": "conda",
            "download_url": "//api.anaconda.org/download/bioconda/perl-yaml-tiny/1.73/linux-64/perl-yaml-tiny-1.73-pl526_0.tar.bz2",
            "full_name": "bioconda/perl-yaml-tiny/1.73/linux-64/perl-yaml-tiny-1.73-pl526_0.tar.bz2",
            "labels": [
                "main",
                "cf201901"
            ],
            "md5": "7be91b31905cab65779474fb38fa5b48",
            "ndownloads": 443,
            "owner": "bioconda",
            "size": 21295,
            "type": "conda",
            "upload_time": "2018-11-11 06:07:54.838000+00:00",
            "version": "1.73"
        },
        {
            "attrs": {
                "arch": "x86_64",
                "build": "pl526_0",
                "build_number": 0,
                "depends": [
                    "perl >=5.26.2,<5.26.3.0a0"
                ],
                "has_prefix": true,
                "license": "perl",
                "machine": "x86_64",
                "operatingsystem": "darwin",
                "platform": "osx",
                "subdir": "osx-64",
                "target-triplet": "x86_64-any-darwin",
                "timestamp": 1541916942131
            },
            "basename": "osx-64/perl-yaml-tiny-1.73-pl526_0.tar.bz2",
            "dependencies": {
                "depends": [
                    {
                        "name": "perl",
                        "specs": [
                            [
                                ">=",
                                "5.26.2,<5.26.3.0a0"
                            ]
                        ]
                    }
                ]
            },
            "description": null,
            "distribution_type": "conda",
            "download_url": "//api.anaconda.org/download/bioconda/perl-yaml-tiny/1.73/osx-64/perl-yaml-tiny-1.73-pl526_0.tar.bz2",
            "full_name": "bioconda/perl-yaml-tiny/1.73/osx-64/perl-yaml-tiny-1.73-pl526_0.tar.bz2",
            "labels": [
                "main",
                "cf201901"
            ],
            "md5": "ce0707bf60ee2968654f5748ac6f08b3",
            "ndownloads": 733,
            "owner": "bioconda",
            "size": 21358,
            "type": "conda",
            "upload_time": "2018-11-11 06:15:54.688000+00:00",
            "version": "1.73"
        },
        {
            "attrs": {
                "arch": "x86_64",
                "build": "pl5.22.0_0",
                "build_number": 0,
                "depends": [
                    "perl 5.22.0*"
                ],
                "has_prefix": true,
                "license": "perl",
                "machine": "x86_64",
                "operatingsystem": "linux",
                "platform": "linux",
                "subdir": "linux-64",
                "target-triplet": "x86_64-any-linux"
            },
            "basename": "linux-64/perl-yaml-tiny-1.70-pl5.22.0_0.tar.bz2",
            "dependencies": {
                "depends": [
                    {
                        "name": "perl",
                        "specs": [
                            [
                                "==",
                                "5.22.0"
                            ]
                        ]
                    }
                ]
            },
            "description": null,
            "distribution_type": "conda",
            "download_url": "//api.anaconda.org/download/bioconda/perl-yaml-tiny/1.70/linux-64/perl-yaml-tiny-1.70-pl5.22.0_0.tar.bz2",
            "full_name": "bioconda/perl-yaml-tiny/1.70/linux-64/perl-yaml-tiny-1.70-pl5.22.0_0.tar.bz2",
            "labels": [
                "main",
                "cf201901"
            ],
            "md5": "e96d4e1b6c0e217783004c7df050935f",
            "ndownloads": 418,
            "owner": "bioconda",
            "size": 19272,
            "type": "conda",
            "upload_time": "2017-05-22 07:42:29.656000+00:00",
            "version": "1.70"
        }
    ],
    "full_name": "bioconda/perl-yaml-tiny",
    "home": "None",
    "html_url": "http://anaconda.org/bioconda/perl-yaml-tiny",
    "id": "5922874fb9a9c4123b5b8a4f",
    "latest_version": "1.73",
    "license": "perl",
    "license_url": null,
    "modified_at": "2018-11-11 06:15:55.288000+00:00",
    "name": "perl-yaml-tiny",
    "owner": {
        "company": "",
        "created_at": "2015-09-11 22:59:20.880000+00:00",
        "description": "Bioconda is a distribution of bioinformatics software realized as a channel for the versatile Conda package manager.",
        "location": "",
        "login": "bioconda",
        "name": "bioconda",
        "url": "",
        "user_type": "org"
    },
    "package_types": [
        "conda"
    ],
    "public": true,
    "releases": [
        {
            "distributions": [],
            "full_name": "bioconda/perl-yaml-tiny/1.70",
            "version": "1.70"
        },
        {
            "distributions": [],
            "full_name": "bioconda/perl-yaml-tiny/1.73",
            "version": "1.73"
        }
    ],
    "revision": 4,
    "source_git_tag": null,
    "source_git_url": null,
    "summary": "Read/Write YAML files with as little code as possible",
    "upvoted": 0,
    "url": "http://api.anaconda.org/packages/bioconda/perl-yaml-tiny",
    "versions": [
        "1.70",
        "1.73"
    ],
    "watchers": 1
}