{
    "app_entry": {},
    "app_summary": {},
    "app_type": {},
    "builds": [
        "pl5.22.0_0",
        "pl526_1"
    ],
    "conda_platforms": [
        "linux-64",
        "osx-64"
    ],
    "created_at": "2017-02-24 10:23:00.233000+00:00",
    "description": "None",
    "dev_url": {},
    "doc_url": {},
    "files": [
        {
            "attrs": {
                "arch": "x86_64",
                "build": "pl5.22.0_0",
                "build_number": 0,
                "depends": [
                    "perl 5.22.0*"
                ],
                "has_prefix": false,
                "license": "perl_5",
                "machine": "x86_64",
                "operatingsystem": "linux",
                "platform": "linux",
                "subdir": "linux-64",
                "target-triplet": "x86_64-any-linux"
            },
            "basename": "linux-64/perl-module-load-0.32-pl5.22.0_0.tar.bz2",
            "dependencies": {
                "depends": [
                    {
                        "name": "perl",
                        "specs": [
                            [
                                "==",
                                "5.22.0"
                            ]
                        ]
                    }
                ]
            },
            "description": null,
            "distribution_type": "conda",
            "download_url": "//api.anaconda.org/download/bioconda/perl-module-load/0.32/linux-64/perl-module-load-0.32-pl5.22.0_0.tar.bz2",
            "full_name": "bioconda/perl-module-load/0.32/linux-64/perl-module-load-0.32-pl5.22.0_0.tar.bz2",
            "labels": [
                "main",
                "cf201901"
            ],
            "md5": "abaab860465764a57a9346b8cb562cf6",
            "ndownloads": 904,
            "owner": "bioconda",
            "size": 2226,
            "type": "conda",
            "upload_time": "2017-02-24 10:23:00.601000+00:00",
            "version": "0.32"
        },
        {
            "attrs": {
                "arch": "x86_64",
                "build": "pl5.22.0_0",
                "build_number": 0,
                "depends": [
                    "perl 5.22.0*"
                ],
                "has_prefix": false,
                "license": "perl_5",
                "machine": "x86_64",
                "operatingsystem": "darwin",
                "platform": "osx",
                "subdir": "osx-64",
                "target-triplet": "x86_64-any-darwin"
            },
            "basename": "osx-64/perl-module-load-0.32-pl5.22.0_0.tar.bz2",
            "dependencies": {
                "depends": [
                    {
                        "name": "perl",
                        "specs": [
                            [
                                "==",
                                "5.22.0"
                            ]
                        ]
                    }
                ]
            },
            "description": null,
            "distribution_type": "conda",
            "download_url": "//api.anaconda.org/download/bioconda/perl-module-load/0.32/osx-64/perl-module-load-0.32-pl5.22.0_0.tar.bz2",
            "full_name": "bioconda/perl-module-load/0.32/osx-64/perl-module-load-0.32-pl5.22.0_0.tar.bz2",
            "labels": [
                "main",
                "cf201901"
            ],
            "md5": "6ae5d427dc96fbc88643b47703101235",
            "ndownloads": 225,
            "owner": "bioconda",
            "size": 1933,
            "type": "conda",
            "upload_time": "2017-02-24 10:57:38.503000+00:00",
            "version": "0.32"
        },
        {
            "attrs": {
                "arch": "x86_64",
                "build": "pl526_1",
                "build_number": 1,
                "depends": [
                    "perl >=5.26.2,<5.27.0a0"
                ],
                "has_prefix": false,
                "license": "perl_5",
                "machine": "x86_64",
                "operatingsystem": "linux",
                "platform": "linux",
                "subdir": "linux-64",
                "target-triplet": "x86_64-any-linux",
                "timestamp": 1530919261781
            },
            "basename": "linux-64/perl-module-load-0.32-pl526_1.tar.bz2",
            "dependencies": {
                "depends": [
                    {
                        "name": "perl",
                        "specs": [
                            [
                                ">=",
                                "5.26.2,<5.27.0a0"
                            ]
                        ]
                    }
                ]
            },
            "description": null,
            "distribution_type": "conda",
            "download_url": "//api.anaconda.org/download/bioconda/perl-module-load/0.32/linux-64/perl-module-load-0.32-pl526_1.tar.bz2",
            "full_name": "bioconda/perl-module-load/0.32/linux-64/perl-module-load-0.32-pl526_1.tar.bz2",
            "labels": [
                "main",
                "cf201901"
            ],
            "md5": "539e2c45324a943a659339bb239a65d3",
            "ndownloads": 13799,
            "owner": "bioconda",
            "size": 3681,
            "type": "conda",
            "upload_time": "2018-07-06 23:22:19.846000+00:00",
            "version": "0.32"
        },
        {
            "attrs": {
                "arch": "x86_64",
                "build": "pl526_1",
                "build_number": 1,
                "depends": [
                    "perl >=5.26.0,<5.27.0a0"
                ],
                "has_prefix": false,
                "license": "perl_5",
                "machine": "x86_64",
                "operatingsystem": "darwin",
                "platform": "osx",
                "subdir": "osx-64",
                "target-triplet": "x86_64-any-darwin",
                "timestamp": 1529810971034
            },
            "basename": "osx-64/perl-module-load-0.32-pl526_1.tar.bz2",
            "dependencies": {
                "depends": [
                    {
                        "name": "perl",
                        "specs": [
                            [
                                ">=",
                                "5.26.0,<5.27.0a0"
                            ]
                        ]
                    }
                ]
            },
            "description": null,
            "distribution_type": "conda",
            "download_url": "//api.anaconda.org/download/bioconda/perl-module-load/0.32/osx-64/perl-module-load-0.32-pl526_1.tar.bz2",
            "full_name": "bioconda/perl-module-load/0.32/osx-64/perl-module-load-0.32-pl526_1.tar.bz2",
            "labels": [
                "main",
                "cf201901"
            ],
            "md5": "d1d02932a39d957e2a7395b3c80ff4d9",
            "ndownloads": 1527,
            "owner": "bioconda",
            "size": 3850,
            "type": "conda",
            "upload_time": "2018-06-24 03:29:42.411000+00:00",
            "version": "0.32"
        }
    ],
    "full_name": "bioconda/perl-module-load",
    "home": "None",
    "html_url": "http://anaconda.org/bioconda/perl-module-load",
    "id": "58b0098469ee7e0a8e55ee50",
    "latest_version": "0.32",
    "license": {},
    "license_url": {},
    "modified_at": "2018-07-06 23:22:20.208000+00:00",
    "name": "perl-module-load",
    "owner": {
        "company": "",
        "created_at": "2015-09-11 22:59:20.880000+00:00",
        "description": "Bioconda is a distribution of bioinformatics software realized as a channel for the versatile Conda package manager.",
        "location": "",
        "login": "bioconda",
        "name": "bioconda",
        "url": "",
        "user_type": "org"
    },
    "package_types": [
        "conda"
    ],
    "public": true,
    "releases": [
        {
            "distributions": [],
            "full_name": "bioconda/perl-module-load/0.32",
            "version": "0.32"
        }
    ],
    "revision": 1,
    "source_git_tag": {},
    "source_git_url": {},
    "summary": "",
    "upvoted": 0,
    "url": "http://api.anaconda.org/packages/bioconda/perl-module-load",
    "versions": [
        "0.32"
    ],
    "watchers": 1
}