{
    "app_entry": {},
    "app_summary": {},
    "app_type": {},
    "builds": [
        "pl5.22.0_0",
        "pl526_0",
        "1",
        "pl526h470a237_4",
        "3",
        "2"
    ],
    "conda_platforms": [
        "linux-64",
        "osx-64"
    ],
    "created_at": "2015-12-09 12:09:12.859000+00:00",
    "description": "",
    "dev_url": null,
    "doc_url": null,
    "files": [
        {
            "attrs": {
                "arch": "x86_64",
                "build": "2",
                "build_number": 2,
                "depends": [
                    "libgcc",
                    "perl-threaded"
                ],
                "license": "Perl",
                "machine": "x86_64",
                "operatingsystem": "linux",
                "platform": "linux",
                "subdir": "linux-64",
                "target-triplet": "x86_64-any-linux"
            },
            "basename": "linux-64/perl-file-sharedir-install-0.10-2.tar.bz2",
            "dependencies": {
                "depends": [
                    {
                        "name": "libgcc",
                        "specs": []
                    },
                    {
                        "name": "perl-threaded",
                        "specs": []
                    }
                ]
            },
            "description": null,
            "distribution_type": "conda",
            "download_url": "//api.anaconda.org/download/bioconda/perl-file-sharedir-install/0.10/linux-64/perl-file-sharedir-install-0.10-2.tar.bz2",
            "full_name": "bioconda/perl-file-sharedir-install/0.10/linux-64/perl-file-sharedir-install-0.10-2.tar.bz2",
            "labels": [
                "main",
                "cf201901"
            ],
            "md5": "71beb7de5d95062009196bfb55e0e5cf",
            "ndownloads": 805,
            "owner": "bioconda",
            "size": 4516,
            "type": "conda",
            "upload_time": "2016-02-05 11:26:03.427000+00:00",
            "version": "0.10"
        },
        {
            "attrs": {
                "arch": "x86_64",
                "build": "1",
                "build_number": 1,
                "depends": [
                    "perl-threaded"
                ],
                "license": "Perl",
                "machine": "x86_64",
                "operatingsystem": "linux",
                "platform": "linux",
                "subdir": "linux-64",
                "target-triplet": "x86_64-any-linux"
            },
            "basename": "linux-64/perl-file-sharedir-install-0.10-1.tar.bz2",
            "dependencies": {
                "depends": [
                    {
                        "name": "perl-threaded",
                        "specs": []
                    }
                ]
            },
            "description": null,
            "distribution_type": "conda",
            "download_url": "//api.anaconda.org/download/bioconda/perl-file-sharedir-install/0.10/linux-64/perl-file-sharedir-install-0.10-1.tar.bz2",
            "full_name": "bioconda/perl-file-sharedir-install/0.10/linux-64/perl-file-sharedir-install-0.10-1.tar.bz2",
            "labels": [
                "main",
                "cf201901"
            ],
            "md5": "1626398bd37ad478d71ee287b17b5ca6",
            "ndownloads": 527,
            "owner": "bioconda",
            "size": 4476,
            "type": "conda",
            "upload_time": "2016-02-01 11:26:07.410000+00:00",
            "version": "0.10"
        },
        {
            "attrs": {
                "arch": "x86_64",
                "build": "pl5.22.0_0",
                "build_number": 0,
                "depends": [
                    "perl 5.22.0*"
                ],
                "license": "Perl",
                "machine": "x86_64",
                "operatingsystem": "linux",
                "platform": "linux",
                "subdir": "linux-64",
                "target-triplet": "x86_64-any-linux"
            },
            "basename": "linux-64/perl-file-sharedir-install-0.10-pl5.22.0_0.tar.bz2",
            "dependencies": {
                "depends": [
                    {
                        "name": "perl",
                        "specs": [
                            [
                                "==",
                                "5.22.0"
                            ]
                        ]
                    }
                ]
            },
            "description": null,
            "distribution_type": "conda",
            "download_url": "//api.anaconda.org/download/bioconda/perl-file-sharedir-install/0.10/linux-64/perl-file-sharedir-install-0.10-pl5.22.0_0.tar.bz2",
            "full_name": "bioconda/perl-file-sharedir-install/0.10/linux-64/perl-file-sharedir-install-0.10-pl5.22.0_0.tar.bz2",
            "labels": [
                "main",
                "cf201901"
            ],
            "md5": "17f81b2c7ba507173b78b1b6a4485fce",
            "ndownloads": 697,
            "owner": "bioconda",
            "size": 4475,
            "type": "conda",
            "upload_time": "2015-12-09 12:09:13.063000+00:00",
            "version": "0.10"
        },
        {
            "attrs": {
                "arch": "x86_64",
                "build": "3",
                "build_number": 3,
                "depends": [
                    "libgcc",
                    "perl-threaded"
                ],
                "license": "Perl",
                "machine": "x86_64",
                "operatingsystem": "darwin",
                "platform": "osx",
                "subdir": "osx-64",
                "target-triplet": "x86_64-any-darwin"
            },
            "basename": "osx-64/perl-file-sharedir-install-0.10-3.tar.bz2",
            "dependencies": {
                "depends": [
                    {
                        "name": "libgcc",
                        "specs": []
                    },
                    {
                        "name": "perl-threaded",
                        "specs": []
                    }
                ]
            },
            "description": null,
            "distribution_type": "conda",
            "download_url": "//api.anaconda.org/download/bioconda/perl-file-sharedir-install/0.10/osx-64/perl-file-sharedir-install-0.10-3.tar.bz2",
            "full_name": "bioconda/perl-file-sharedir-install/0.10/osx-64/perl-file-sharedir-install-0.10-3.tar.bz2",
            "labels": [
                "main",
                "cf201901"
            ],
            "md5": "428a900aa70535ef86b5d20f629fb9f9",
            "ndownloads": 934,
            "owner": "bioconda",
            "size": 6597,
            "type": "conda",
            "upload_time": "2016-04-14 21:00:39.642000+00:00",
            "version": "0.10"
        },
        {
            "attrs": {
                "arch": "x86_64",
                "build": "3",
                "build_number": 3,
                "depends": [
                    "libgcc",
                    "perl-threaded"
                ],
                "license": "Perl",
                "machine": "x86_64",
                "operatingsystem": "linux",
                "platform": "linux",
                "subdir": "linux-64",
                "target-triplet": "x86_64-any-linux"
            },
            "basename": "linux-64/perl-file-sharedir-install-0.10-3.tar.bz2",
            "dependencies": {
                "depends": [
                    {
                        "name": "libgcc",
                        "specs": []
                    },
                    {
                        "name": "perl-threaded",
                        "specs": []
                    }
                ]
            },
            "description": null,
            "distribution_type": "conda",
            "download_url": "//api.anaconda.org/download/bioconda/perl-file-sharedir-install/0.10/linux-64/perl-file-sharedir-install-0.10-3.tar.bz2",
            "full_name": "bioconda/perl-file-sharedir-install/0.10/linux-64/perl-file-sharedir-install-0.10-3.tar.bz2",
            "labels": [
                "main",
                "cf201901"
            ],
            "md5": "3f089e76b28ce899c280a7a655a83513",
            "ndownloads": 8217,
            "owner": "bioconda",
            "size": 4511,
            "type": "conda",
            "upload_time": "2016-04-14 21:20:17.555000+00:00",
            "version": "0.10"
        },
        {
            "attrs": {
                "arch": "x86_64",
                "build": "pl526h470a237_4",
                "build_number": 4,
                "depends": [
                    "libgcc-ng >=4.9",
                    "perl >=5.26.2,<5.27.0a0"
                ],
                "has_prefix": true,
                "license": "Perl",
                "machine": "x86_64",
                "operatingsystem": "linux",
                "platform": "linux",
                "subdir": "linux-64",
                "target-triplet": "x86_64-any-linux",
                "timestamp": 1531002225759
            },
            "basename": "linux-64/perl-file-sharedir-install-0.10-pl526h470a237_4.tar.bz2",
            "dependencies": {
                "depends": [
                    {
                        "name": "libgcc-ng",
                        "specs": [
                            [
                                ">=",
                                "4.9"
                            ]
                        ]
                    },
                    {
                        "name": "perl",
                        "specs": [
                            [
                                ">=",
                                "5.26.2,<5.27.0a0"
                            ]
                        ]
                    }
                ]
            },
            "description": null,
            "distribution_type": "conda",
            "download_url": "//api.anaconda.org/download/bioconda/perl-file-sharedir-install/0.10/linux-64/perl-file-sharedir-install-0.10-pl526h470a237_4.tar.bz2",
            "full_name": "bioconda/perl-file-sharedir-install/0.10/linux-64/perl-file-sharedir-install-0.10-pl526h470a237_4.tar.bz2",
            "labels": [
                "main",
                "cf201901"
            ],
            "md5": "8394510d2ca1f98638a5b1bedf07821c",
            "ndownloads": 154,
            "owner": "bioconda",
            "size": 9683,
            "type": "conda",
            "upload_time": "2018-07-07 22:25:02.841000+00:00",
            "version": "0.10"
        },
        {
            "attrs": {
                "arch": "x86_64",
                "build": "pl526_0",
                "build_number": 0,
                "depends": [
                    "perl >=5.26.2,<5.26.3.0a0",
                    "perl-carp",
                    "perl-exporter"
                ],
                "has_prefix": true,
                "license": "perl_5",
                "machine": "x86_64",
                "operatingsystem": "linux",
                "platform": "linux",
                "subdir": "linux-64",
                "target-triplet": "x86_64-any-linux",
                "timestamp": 1533498295710
            },
            "basename": "linux-64/perl-file-sharedir-install-0.13-pl526_0.tar.bz2",
            "dependencies": {
                "depends": [
                    {
                        "name": "perl",
                        "specs": [
                            [
                                ">=",
                                "5.26.2,<5.26.3.0a0"
                            ]
                        ]
                    },
                    {
                        "name": "perl-carp",
                        "specs": []
                    },
                    {
                        "name": "perl-exporter",
                        "specs": []
                    }
                ]
            },
            "description": null,
            "distribution_type": "conda",
            "download_url": "//api.anaconda.org/download/bioconda/perl-file-sharedir-install/0.13/linux-64/perl-file-sharedir-install-0.13-pl526_0.tar.bz2",
            "full_name": "bioconda/perl-file-sharedir-install/0.13/linux-64/perl-file-sharedir-install-0.13-pl526_0.tar.bz2",
            "labels": [
                "main",
                "cf201901"
            ],
            "md5": "89cf03c802221abfa88b707797f1c342",
            "ndownloads": 4959,
            "owner": "bioconda",
            "size": 10157,
            "type": "conda",
            "upload_time": "2018-08-05 19:46:11.903000+00:00",
            "version": "0.13"
        },
        {
            "attrs": {
                "arch": "x86_64",
                "build": "pl526_0",
                "build_number": 0,
                "depends": [
                    "perl >=5.26.2,<5.26.3.0a0",
                    "perl-carp",
                    "perl-exporter"
                ],
                "has_prefix": true,
                "license": "perl_5",
                "machine": "x86_64",
                "operatingsystem": "darwin",
                "platform": "osx",
                "subdir": "osx-64",
                "target-triplet": "x86_64-any-darwin",
                "timestamp": 1533498031769
            },
            "basename": "osx-64/perl-file-sharedir-install-0.13-pl526_0.tar.bz2",
            "dependencies": {
                "depends": [
                    {
                        "name": "perl",
                        "specs": [
                            [
                                ">=",
                                "5.26.2,<5.26.3.0a0"
                            ]
                        ]
                    },
                    {
                        "name": "perl-carp",
                        "specs": []
                    },
                    {
                        "name": "perl-exporter",
                        "specs": []
                    }
                ]
            },
            "description": null,
            "distribution_type": "conda",
            "download_url": "//api.anaconda.org/download/bioconda/perl-file-sharedir-install/0.13/osx-64/perl-file-sharedir-install-0.13-pl526_0.tar.bz2",
            "full_name": "bioconda/perl-file-sharedir-install/0.13/osx-64/perl-file-sharedir-install-0.13-pl526_0.tar.bz2",
            "labels": [
                "main",
                "cf201901"
            ],
            "md5": "ae3c209f0cc97f8448e150c6cf67c6ef",
            "ndownloads": 826,
            "owner": "bioconda",
            "size": 10271,
            "type": "conda",
            "upload_time": "2018-08-05 19:40:46.835000+00:00",
            "version": "0.13"
        }
    ],
    "full_name": "bioconda/perl-file-sharedir-install",
    "home": "None",
    "html_url": "http://anaconda.org/bioconda/perl-file-sharedir-install",
    "id": "566819e8eaad3706da6ea22f",
    "latest_version": "0.13",
    "license": "perl_5",
    "license_url": null,
    "modified_at": "2018-08-05 19:46:12.341000+00:00",
    "name": "perl-file-sharedir-install",
    "owner": {
        "company": "",
        "created_at": "2015-09-11 22:59:20.880000+00:00",
        "description": "Bioconda is a distribution of bioinformatics software realized as a channel for the versatile Conda package manager.",
        "location": "",
        "login": "bioconda",
        "name": "bioconda",
        "url": "",
        "user_type": "org"
    },
    "package_types": [
        "conda"
    ],
    "public": true,
    "releases": [
        {
            "distributions": [
                "linux-64/perl-file-sharedir-install-0.10-pl5.22.0_0.tar.bz2",
                "linux-64/perl-file-sharedir-install-0.10-1.tar.bz2",
                "linux-64/perl-file-sharedir-install-0.10-2.tar.bz2",
                "osx-64/perl-file-sharedir-install-0.10-3.tar.bz2",
                "linux-64/perl-file-sharedir-install-0.10-3.tar.bz2"
            ],
            "full_name": "bioconda/perl-file-sharedir-install/0.10",
            "version": "0.10"
        },
        {
            "distributions": [],
            "full_name": "bioconda/perl-file-sharedir-install/0.13",
            "version": "0.13"
        }
    ],
    "revision": 8,
    "source_git_tag": null,
    "source_git_url": null,
    "summary": "Install shared files",
    "upvoted": 0,
    "url": "http://api.anaconda.org/packages/bioconda/perl-file-sharedir-install",
    "versions": [
        "0.10",
        "0.13"
    ],
    "watchers": 1
}