{
    "app_entry": {},
    "app_summary": {},
    "app_type": {},
    "builds": [
        "pl5.22.0_0",
        "pl526_1"
    ],
    "conda_platforms": [
        "linux-64",
        "osx-64"
    ],
    "created_at": "2017-05-29 12:55:28.706000+00:00",
    "description": "",
    "dev_url": {},
    "doc_url": {},
    "files": [
        {
            "attrs": {
                "arch": "x86_64",
                "build": "pl5.22.0_0",
                "build_number": 0,
                "depends": [
                    "perl 5.22.0*",
                    "perl-exporter",
                    "perl-parent"
                ],
                "has_prefix": true,
                "license": "perl_5",
                "machine": "x86_64",
                "operatingsystem": "linux",
                "platform": "linux",
                "subdir": "linux-64",
                "target-triplet": "x86_64-any-linux"
            },
            "basename": "linux-64/perl-encode-2.88-pl5.22.0_0.tar.bz2",
            "dependencies": {
                "depends": [
                    {
                        "name": "perl",
                        "specs": [
                            [
                                "==",
                                "5.22.0"
                            ]
                        ]
                    },
                    {
                        "name": "perl-exporter",
                        "specs": []
                    },
                    {
                        "name": "perl-parent",
                        "specs": []
                    }
                ]
            },
            "description": null,
            "distribution_type": "conda",
            "download_url": "//api.anaconda.org/download/bioconda/perl-encode/2.88/linux-64/perl-encode-2.88-pl5.22.0_0.tar.bz2",
            "full_name": "bioconda/perl-encode/2.88/linux-64/perl-encode-2.88-pl5.22.0_0.tar.bz2",
            "labels": [
                "main",
                "cf201901"
            ],
            "md5": "4c93ccd0ad8e3518f8eb1745cccefded",
            "ndownloads": 845,
            "owner": "bioconda",
            "size": 2226151,
            "type": "conda",
            "upload_time": "2017-05-29 13:22:56.732000+00:00",
            "version": "2.88"
        },
        {
            "attrs": {
                "arch": "x86_64",
                "build": "pl5.22.0_0",
                "build_number": 0,
                "depends": [
                    "perl 5.22.0*",
                    "perl-exporter",
                    "perl-parent"
                ],
                "has_prefix": true,
                "license": "perl_5",
                "machine": "x86_64",
                "operatingsystem": "darwin",
                "platform": "osx",
                "subdir": "osx-64",
                "target-triplet": "x86_64-any-darwin"
            },
            "basename": "osx-64/perl-encode-2.88-pl5.22.0_0.tar.bz2",
            "dependencies": {
                "depends": [
                    {
                        "name": "perl",
                        "specs": [
                            [
                                "==",
                                "5.22.0"
                            ]
                        ]
                    },
                    {
                        "name": "perl-exporter",
                        "specs": []
                    },
                    {
                        "name": "perl-parent",
                        "specs": []
                    }
                ]
            },
            "description": null,
            "distribution_type": "conda",
            "download_url": "//api.anaconda.org/download/bioconda/perl-encode/2.88/osx-64/perl-encode-2.88-pl5.22.0_0.tar.bz2",
            "full_name": "bioconda/perl-encode/2.88/osx-64/perl-encode-2.88-pl5.22.0_0.tar.bz2",
            "labels": [
                "main",
                "cf201901"
            ],
            "md5": "96a09b6c40f0c6a6cdcb436e2689824d",
            "ndownloads": 116,
            "owner": "bioconda",
            "size": 1807574,
            "type": "conda",
            "upload_time": "2017-05-29 12:55:29.076000+00:00",
            "version": "2.88"
        },
        {
            "attrs": {
                "arch": "x86_64",
                "build": "pl526_1",
                "build_number": 1,
                "depends": [
                    "perl >=5.26.2,<5.27.0a0",
                    "perl-exporter",
                    "perl-parent"
                ],
                "has_prefix": true,
                "license": "perl_5",
                "machine": "x86_64",
                "operatingsystem": "linux",
                "platform": "linux",
                "subdir": "linux-64",
                "target-triplet": "x86_64-any-linux",
                "timestamp": 1531071533326
            },
            "basename": "linux-64/perl-encode-2.88-pl526_1.tar.bz2",
            "dependencies": {
                "depends": [
                    {
                        "name": "perl",
                        "specs": [
                            [
                                ">=",
                                "5.26.2,<5.27.0a0"
                            ]
                        ]
                    },
                    {
                        "name": "perl-exporter",
                        "specs": []
                    },
                    {
                        "name": "perl-parent",
                        "specs": []
                    }
                ]
            },
            "description": null,
            "distribution_type": "conda",
            "download_url": "//api.anaconda.org/download/bioconda/perl-encode/2.88/linux-64/perl-encode-2.88-pl526_1.tar.bz2",
            "full_name": "bioconda/perl-encode/2.88/linux-64/perl-encode-2.88-pl526_1.tar.bz2",
            "labels": [
                "main",
                "cf201901"
            ],
            "md5": "0db0d9088045596254fb8a88a9a37294",
            "ndownloads": 58207,
            "owner": "bioconda",
            "size": 2229948,
            "type": "conda",
            "upload_time": "2018-07-08 17:40:15.039000+00:00",
            "version": "2.88"
        },
        {
            "attrs": {
                "arch": "x86_64",
                "build": "pl526_1",
                "build_number": 1,
                "depends": [
                    "perl >=5.26.2,<5.27.0a0",
                    "perl-exporter",
                    "perl-parent"
                ],
                "has_prefix": false,
                "license": "perl_5",
                "machine": "x86_64",
                "operatingsystem": "darwin",
                "platform": "osx",
                "subdir": "osx-64",
                "target-triplet": "x86_64-any-darwin",
                "timestamp": 1531055151464
            },
            "basename": "osx-64/perl-encode-2.88-pl526_1.tar.bz2",
            "dependencies": {
                "depends": [
                    {
                        "name": "perl",
                        "specs": [
                            [
                                ">=",
                                "5.26.2,<5.27.0a0"
                            ]
                        ]
                    },
                    {
                        "name": "perl-exporter",
                        "specs": []
                    },
                    {
                        "name": "perl-parent",
                        "specs": []
                    }
                ]
            },
            "description": null,
            "distribution_type": "conda",
            "download_url": "//api.anaconda.org/download/bioconda/perl-encode/2.88/osx-64/perl-encode-2.88-pl526_1.tar.bz2",
            "full_name": "bioconda/perl-encode/2.88/osx-64/perl-encode-2.88-pl526_1.tar.bz2",
            "labels": [
                "main",
                "cf201901"
            ],
            "md5": "c856452e01d67fac94f99e91b3e089b1",
            "ndownloads": 7194,
            "owner": "bioconda",
            "size": 1370331,
            "type": "conda",
            "upload_time": "2018-07-08 13:06:05.371000+00:00",
            "version": "2.88"
        }
    ],
    "full_name": "bioconda/perl-encode",
    "home": "None",
    "html_url": "http://anaconda.org/bioconda/perl-encode",
    "id": "592c1a401fbaaf1276337435",
    "latest_version": "2.88",
    "license": {},
    "license_url": {},
    "modified_at": "2018-07-08 17:40:15.574000+00:00",
    "name": "perl-encode",
    "owner": {
        "company": "",
        "created_at": "2015-09-11 22:59:20.880000+00:00",
        "description": "Bioconda is a distribution of bioinformatics software realized as a channel for the versatile Conda package manager.",
        "location": "",
        "login": "bioconda",
        "name": "bioconda",
        "url": "",
        "user_type": "org"
    },
    "package_types": [
        "conda"
    ],
    "public": true,
    "releases": [
        {
            "distributions": [],
            "full_name": "bioconda/perl-encode/2.88",
            "version": "2.88"
        }
    ],
    "revision": 2,
    "source_git_tag": {},
    "source_git_url": {},
    "summary": "",
    "upvoted": 0,
    "url": "http://api.anaconda.org/packages/bioconda/perl-encode",
    "versions": [
        "2.88"
    ],
    "watchers": 1
}