{
    "app_entry": {},
    "app_summary": {},
    "app_type": {},
    "builds": [
        "0",
        "pl526_2",
        "pl526_1"
    ],
    "conda_platforms": [
        "linux-64",
        "osx-64"
    ],
    "created_at": "2016-06-15 18:25:36.497000+00:00",
    "description": "None",
    "dev_url": {},
    "doc_url": {},
    "files": [
        {
            "attrs": {
                "arch": "x86_64",
                "build": "pl526_1",
                "build_number": 1,
                "depends": [
                    "perl >=5.26.0,<5.27.0a0"
                ],
                "has_prefix": true,
                "license": "unknown",
                "machine": "x86_64",
                "operatingsystem": "darwin",
                "platform": "osx",
                "subdir": "osx-64",
                "target-triplet": "x86_64-any-darwin",
                "timestamp": 1529809353709
            },
            "basename": "osx-64/perl-postscript-0.06-pl526_1.tar.bz2",
            "dependencies": {
                "depends": [
                    {
                        "name": "perl",
                        "specs": [
                            [
                                ">=",
                                "5.26.0,<5.27.0a0"
                            ]
                        ]
                    }
                ]
            },
            "description": null,
            "distribution_type": "conda",
            "download_url": "//api.anaconda.org/download/bioconda/perl-postscript/0.06/osx-64/perl-postscript-0.06-pl526_1.tar.bz2",
            "full_name": "bioconda/perl-postscript/0.06/osx-64/perl-postscript-0.06-pl526_1.tar.bz2",
            "labels": [
                "main",
                "cf201901"
            ],
            "md5": "fab6be00881684889cd7d5234adb6e35",
            "ndownloads": 374,
            "owner": "bioconda",
            "size": 22501,
            "type": "conda",
            "upload_time": "2018-06-24 03:02:45.322000+00:00",
            "version": "0.06"
        },
        {
            "attrs": {
                "arch": "x86_64",
                "build": "0",
                "build_number": 0,
                "depends": [
                    "perl-threaded"
                ],
                "license": "unknown",
                "machine": "x86_64",
                "operatingsystem": "darwin",
                "platform": "osx",
                "subdir": "osx-64",
                "target-triplet": "x86_64-any-darwin"
            },
            "basename": "osx-64/perl-postscript-0.06-0.tar.bz2",
            "dependencies": {
                "depends": [
                    {
                        "name": "perl-threaded",
                        "specs": []
                    }
                ]
            },
            "description": null,
            "distribution_type": "conda",
            "download_url": "//api.anaconda.org/download/bioconda/perl-postscript/0.06/osx-64/perl-postscript-0.06-0.tar.bz2",
            "full_name": "bioconda/perl-postscript/0.06/osx-64/perl-postscript-0.06-0.tar.bz2",
            "labels": [
                "main",
                "cf201901"
            ],
            "md5": "1881f2cbb7fb5a27ffd51b7b53bd151d",
            "ndownloads": 1251,
            "owner": "bioconda",
            "size": 19092,
            "type": "conda",
            "upload_time": "2016-06-16 03:27:29.578000+00:00",
            "version": "0.06"
        },
        {
            "attrs": {
                "arch": "x86_64",
                "build": "pl526_1",
                "build_number": 1,
                "depends": [
                    "perl >=5.26.2,<5.27.0a0"
                ],
                "has_prefix": true,
                "license": "unknown",
                "machine": "x86_64",
                "operatingsystem": "linux",
                "platform": "linux",
                "subdir": "linux-64",
                "target-triplet": "x86_64-any-linux",
                "timestamp": 1530917274375
            },
            "basename": "linux-64/perl-postscript-0.06-pl526_1.tar.bz2",
            "dependencies": {
                "depends": [
                    {
                        "name": "perl",
                        "specs": [
                            [
                                ">=",
                                "5.26.2,<5.27.0a0"
                            ]
                        ]
                    }
                ]
            },
            "description": null,
            "distribution_type": "conda",
            "download_url": "//api.anaconda.org/download/bioconda/perl-postscript/0.06/linux-64/perl-postscript-0.06-pl526_1.tar.bz2",
            "full_name": "bioconda/perl-postscript/0.06/linux-64/perl-postscript-0.06-pl526_1.tar.bz2",
            "labels": [
                "main",
                "cf201901"
            ],
            "md5": "2243087de2c372bf3aba06c147736845",
            "ndownloads": 505,
            "owner": "bioconda",
            "size": 22290,
            "type": "conda",
            "upload_time": "2018-07-06 22:49:11.793000+00:00",
            "version": "0.06"
        },
        {
            "attrs": {
                "arch": "x86_64",
                "build": "0",
                "build_number": 0,
                "depends": [
                    "perl-threaded"
                ],
                "license": "unknown",
                "machine": "x86_64",
                "operatingsystem": "linux",
                "platform": "linux",
                "subdir": "linux-64",
                "target-triplet": "x86_64-any-linux"
            },
            "basename": "linux-64/perl-postscript-0.06-0.tar.bz2",
            "dependencies": {
                "depends": [
                    {
                        "name": "perl-threaded",
                        "specs": []
                    }
                ]
            },
            "description": null,
            "distribution_type": "conda",
            "download_url": "//api.anaconda.org/download/bioconda/perl-postscript/0.06/linux-64/perl-postscript-0.06-0.tar.bz2",
            "full_name": "bioconda/perl-postscript/0.06/linux-64/perl-postscript-0.06-0.tar.bz2",
            "labels": [
                "main",
                "cf201901"
            ],
            "md5": "bfcbe0edbfb73f7874609dde3111040c",
            "ndownloads": 12007,
            "owner": "bioconda",
            "size": 15832,
            "type": "conda",
            "upload_time": "2016-06-15 18:25:36.952000+00:00",
            "version": "0.06"
        },
        {
            "attrs": {
                "arch": "x86_64",
                "build": "pl526_2",
                "build_number": 2,
                "depends": [
                    "perl >=5.26.2,<5.26.3.0a0"
                ],
                "has_prefix": true,
                "license": "unknown",
                "machine": "x86_64",
                "operatingsystem": "linux",
                "platform": "linux",
                "subdir": "linux-64",
                "target-triplet": "x86_64-any-linux",
                "timestamp": 1533798613235
            },
            "basename": "linux-64/perl-postscript-0.06-pl526_2.tar.bz2",
            "dependencies": {
                "depends": [
                    {
                        "name": "perl",
                        "specs": [
                            [
                                ">=",
                                "5.26.2,<5.26.3.0a0"
                            ]
                        ]
                    }
                ]
            },
            "description": null,
            "distribution_type": "conda",
            "download_url": "//api.anaconda.org/download/bioconda/perl-postscript/0.06/linux-64/perl-postscript-0.06-pl526_2.tar.bz2",
            "full_name": "bioconda/perl-postscript/0.06/linux-64/perl-postscript-0.06-pl526_2.tar.bz2",
            "labels": [
                "main",
                "cf201901"
            ],
            "md5": "0275574a4df776cac13dec7b312a5b07",
            "ndownloads": 21217,
            "owner": "bioconda",
            "size": 22557,
            "type": "conda",
            "upload_time": "2018-08-09 07:11:29.615000+00:00",
            "version": "0.06"
        },
        {
            "attrs": {
                "arch": "x86_64",
                "build": "pl526_2",
                "build_number": 2,
                "depends": [
                    "perl >=5.26.2,<5.26.3.0a0"
                ],
                "has_prefix": true,
                "license": "unknown",
                "machine": "x86_64",
                "operatingsystem": "darwin",
                "platform": "osx",
                "subdir": "osx-64",
                "target-triplet": "x86_64-any-darwin",
                "timestamp": 1533797438824
            },
            "basename": "osx-64/perl-postscript-0.06-pl526_2.tar.bz2",
            "dependencies": {
                "depends": [
                    {
                        "name": "perl",
                        "specs": [
                            [
                                ">=",
                                "5.26.2,<5.26.3.0a0"
                            ]
                        ]
                    }
                ]
            },
            "description": null,
            "distribution_type": "conda",
            "download_url": "//api.anaconda.org/download/bioconda/perl-postscript/0.06/osx-64/perl-postscript-0.06-pl526_2.tar.bz2",
            "full_name": "bioconda/perl-postscript/0.06/osx-64/perl-postscript-0.06-pl526_2.tar.bz2",
            "labels": [
                "main",
                "cf201901"
            ],
            "md5": "a29d308c20318c94f73da0d94b9cbec3",
            "ndownloads": 2352,
            "owner": "bioconda",
            "size": 22693,
            "type": "conda",
            "upload_time": "2018-08-09 06:50:51.306000+00:00",
            "version": "0.06"
        }
    ],
    "full_name": "bioconda/perl-postscript",
    "home": "None",
    "html_url": "http://anaconda.org/bioconda/perl-postscript",
    "id": "57619da085581c0658fb5a79",
    "latest_version": "0.06",
    "license": "unknown",
    "license_url": {},
    "modified_at": "2018-08-09 07:11:29.974000+00:00",
    "name": "perl-postscript",
    "owner": {
        "company": "",
        "created_at": "2015-09-11 22:59:20.880000+00:00",
        "description": "Bioconda is a distribution of bioinformatics software realized as a channel for the versatile Conda package manager.",
        "location": "",
        "login": "bioconda",
        "name": "bioconda",
        "url": "",
        "user_type": "org"
    },
    "package_types": [
        "conda"
    ],
    "public": true,
    "releases": [
        {
            "distributions": [
                "linux-64/perl-postscript-0.06-0.tar.bz2",
                "osx-64/perl-postscript-0.06-0.tar.bz2"
            ],
            "full_name": "bioconda/perl-postscript/0.06",
            "version": "0.06"
        }
    ],
    "revision": 3,
    "source_git_tag": {},
    "source_git_url": {},
    "summary": "helper module for PostScript::TextBlock",
    "upvoted": 0,
    "url": "http://api.anaconda.org/packages/bioconda/perl-postscript",
    "versions": [
        "0.06"
    ],
    "watchers": 1
}