{
    "app_entry": {},
    "app_summary": {},
    "app_type": {},
    "builds": [
        "pl5.22.0_0",
        "pl526_1"
    ],
    "conda_platforms": [
        "linux-64",
        "osx-64"
    ],
    "created_at": "2017-02-24 10:21:34.540000+00:00",
    "description": "None",
    "dev_url": {},
    "doc_url": {},
    "files": [
        {
            "attrs": {
                "arch": "x86_64",
                "build": "pl526_1",
                "build_number": 1,
                "depends": [
                    "perl >=5.26.2,<5.27.0a0"
                ],
                "has_prefix": false,
                "license": "perl_5",
                "machine": "x86_64",
                "operatingsystem": "linux",
                "platform": "linux",
                "subdir": "linux-64",
                "target-triplet": "x86_64-any-linux",
                "timestamp": 1531652315600
            },
            "basename": "linux-64/perl-digest-sha-5.88-pl526_1.tar.bz2",
            "dependencies": {
                "depends": [
                    {
                        "name": "perl",
                        "specs": [
                            [
                                ">=",
                                "5.26.2,<5.27.0a0"
                            ]
                        ]
                    }
                ]
            },
            "description": null,
            "distribution_type": "conda",
            "download_url": "//api.anaconda.org/download/bioconda/perl-digest-sha/5.88/linux-64/perl-digest-sha-5.88-pl526_1.tar.bz2",
            "full_name": "bioconda/perl-digest-sha/5.88/linux-64/perl-digest-sha-5.88-pl526_1.tar.bz2",
            "labels": [
                "main",
                "cf201901"
            ],
            "md5": "214873d102c1384a8b8ab1b2374db3ca",
            "ndownloads": 254,
            "owner": "bioconda",
            "size": 3541,
            "type": "conda",
            "upload_time": "2018-07-15 10:59:50.518000+00:00",
            "version": "5.88"
        },
        {
            "attrs": {
                "arch": "x86_64",
                "build": "pl526_1",
                "build_number": 1,
                "depends": [
                    "perl >=5.26.2,<5.27.0a0"
                ],
                "has_prefix": false,
                "license": "perl_5",
                "machine": "x86_64",
                "operatingsystem": "darwin",
                "platform": "osx",
                "subdir": "osx-64",
                "target-triplet": "x86_64-any-darwin",
                "timestamp": 1531693868069
            },
            "basename": "osx-64/perl-digest-sha-5.88-pl526_1.tar.bz2",
            "dependencies": {
                "depends": [
                    {
                        "name": "perl",
                        "specs": [
                            [
                                ">=",
                                "5.26.2,<5.27.0a0"
                            ]
                        ]
                    }
                ]
            },
            "description": null,
            "distribution_type": "conda",
            "download_url": "//api.anaconda.org/download/bioconda/perl-digest-sha/5.88/osx-64/perl-digest-sha-5.88-pl526_1.tar.bz2",
            "full_name": "bioconda/perl-digest-sha/5.88/osx-64/perl-digest-sha-5.88-pl526_1.tar.bz2",
            "labels": [
                "main",
                "cf201901"
            ],
            "md5": "7018c640a324ba72495568435bb4549f",
            "ndownloads": 765,
            "owner": "bioconda",
            "size": 3743,
            "type": "conda",
            "upload_time": "2018-07-15 22:31:19.797000+00:00",
            "version": "5.88"
        },
        {
            "attrs": {
                "arch": "x86_64",
                "build": "pl5.22.0_0",
                "build_number": 0,
                "depends": [
                    "perl 5.22.0*"
                ],
                "has_prefix": false,
                "license": "perl_5",
                "machine": "x86_64",
                "operatingsystem": "linux",
                "platform": "linux",
                "subdir": "linux-64",
                "target-triplet": "x86_64-any-linux"
            },
            "basename": "linux-64/perl-digest-sha-5.88-pl5.22.0_0.tar.bz2",
            "dependencies": {
                "depends": [
                    {
                        "name": "perl",
                        "specs": [
                            [
                                "==",
                                "5.22.0"
                            ]
                        ]
                    }
                ]
            },
            "description": null,
            "distribution_type": "conda",
            "download_url": "//api.anaconda.org/download/bioconda/perl-digest-sha/5.88/linux-64/perl-digest-sha-5.88-pl5.22.0_0.tar.bz2",
            "full_name": "bioconda/perl-digest-sha/5.88/linux-64/perl-digest-sha-5.88-pl5.22.0_0.tar.bz2",
            "labels": [
                "main",
                "cf201901"
            ],
            "md5": "2a21802cdba63ab2fb0e757a4e3fefeb",
            "ndownloads": 414,
            "owner": "bioconda",
            "size": 2238,
            "type": "conda",
            "upload_time": "2017-02-24 10:21:34.886000+00:00",
            "version": "5.88"
        },
        {
            "attrs": {
                "arch": "x86_64",
                "build": "pl5.22.0_0",
                "build_number": 0,
                "depends": [
                    "perl 5.22.0*"
                ],
                "has_prefix": false,
                "license": "perl_5",
                "machine": "x86_64",
                "operatingsystem": "darwin",
                "platform": "osx",
                "subdir": "osx-64",
                "target-triplet": "x86_64-any-darwin"
            },
            "basename": "osx-64/perl-digest-sha-5.88-pl5.22.0_0.tar.bz2",
            "dependencies": {
                "depends": [
                    {
                        "name": "perl",
                        "specs": [
                            [
                                "==",
                                "5.22.0"
                            ]
                        ]
                    }
                ]
            },
            "description": null,
            "distribution_type": "conda",
            "download_url": "//api.anaconda.org/download/bioconda/perl-digest-sha/5.88/osx-64/perl-digest-sha-5.88-pl5.22.0_0.tar.bz2",
            "full_name": "bioconda/perl-digest-sha/5.88/osx-64/perl-digest-sha-5.88-pl5.22.0_0.tar.bz2",
            "labels": [
                "main",
                "cf201901"
            ],
            "md5": "c121911f5c2a35a8944fb17d28ae9fb4",
            "ndownloads": 21,
            "owner": "bioconda",
            "size": 1955,
            "type": "conda",
            "upload_time": "2017-02-24 10:58:36.895000+00:00",
            "version": "5.88"
        }
    ],
    "full_name": "bioconda/perl-digest-sha",
    "home": "None",
    "html_url": "http://anaconda.org/bioconda/perl-digest-sha",
    "id": "58b0092eeb3ae60a96e1e617",
    "latest_version": "5.88",
    "license": {},
    "license_url": {},
    "modified_at": "2018-07-15 22:31:20.228000+00:00",
    "name": "perl-digest-sha",
    "owner": {
        "company": "",
        "created_at": "2015-09-11 22:59:20.880000+00:00",
        "description": "Bioconda is a distribution of bioinformatics software realized as a channel for the versatile Conda package manager.",
        "location": "",
        "login": "bioconda",
        "name": "bioconda",
        "url": "",
        "user_type": "org"
    },
    "package_types": [
        "conda"
    ],
    "public": true,
    "releases": [
        {
            "distributions": [],
            "full_name": "bioconda/perl-digest-sha/5.88",
            "version": "5.88"
        }
    ],
    "revision": 1,
    "source_git_tag": {},
    "source_git_url": {},
    "summary": "",
    "upvoted": 0,
    "url": "http://api.anaconda.org/packages/bioconda/perl-digest-sha",
    "versions": [
        "5.88"
    ],
    "watchers": 1
}