{
    "app_entry": {},
    "app_summary": {},
    "app_type": {},
    "builds": [
        "0",
        "pl522_1",
        "pl526_1"
    ],
    "conda_platforms": [
        "linux-64",
        "osx-64"
    ],
    "created_at": "2018-03-24 11:06:41.341000+00:00",
    "description": "",
    "dev_url": null,
    "doc_url": null,
    "files": [
        {
            "attrs": {
                "arch": "x86_64",
                "build": "0",
                "build_number": 0,
                "depends": [
                    "perl >=5.22,<6.0",
                    "perl-archive-tar",
                    "perl-carp",
                    "perl-file-copy-recursive",
                    "perl-lib",
                    "perl-list-moreutils",
                    "perl-parent",
                    "perl-pathtools",
                    "perl-perl-version",
                    "perl-scalar-list-utils",
                    "perl-test-deep",
                    "perl-test-simple",
                    "perl-version-next"
                ],
                "has_prefix": true,
                "license": "perl_5",
                "machine": "x86_64",
                "operatingsystem": "darwin",
                "platform": "osx",
                "subdir": "osx-64",
                "target-triplet": "x86_64-any-darwin"
            },
            "basename": "osx-64/perl-module-fromperlver-0.008002-0.tar.bz2",
            "dependencies": {
                "depends": [
                    {
                        "name": "perl",
                        "specs": [
                            [
                                ">=",
                                "5.22,<6.0"
                            ]
                        ]
                    },
                    {
                        "name": "perl-archive-tar",
                        "specs": []
                    },
                    {
                        "name": "perl-carp",
                        "specs": []
                    },
                    {
                        "name": "perl-file-copy-recursive",
                        "specs": []
                    },
                    {
                        "name": "perl-lib",
                        "specs": []
                    },
                    {
                        "name": "perl-list-moreutils",
                        "specs": []
                    },
                    {
                        "name": "perl-parent",
                        "specs": []
                    },
                    {
                        "name": "perl-pathtools",
                        "specs": []
                    },
                    {
                        "name": "perl-perl-version",
                        "specs": []
                    },
                    {
                        "name": "perl-scalar-list-utils",
                        "specs": []
                    },
                    {
                        "name": "perl-test-deep",
                        "specs": []
                    },
                    {
                        "name": "perl-test-simple",
                        "specs": []
                    },
                    {
                        "name": "perl-version-next",
                        "specs": []
                    }
                ]
            },
            "description": null,
            "distribution_type": "conda",
            "download_url": "//api.anaconda.org/download/bioconda/perl-module-fromperlver/0.008002/osx-64/perl-module-fromperlver-0.008002-0.tar.bz2",
            "full_name": "bioconda/perl-module-fromperlver/0.008002/osx-64/perl-module-fromperlver-0.008002-0.tar.bz2",
            "labels": [
                "main",
                "cf201901"
            ],
            "md5": "bd7711e1eb3e3c9183dbd8a3fef02365",
            "ndownloads": 282,
            "owner": "bioconda",
            "size": 21062,
            "type": "conda",
            "upload_time": "2018-03-24 11:06:42.277000+00:00",
            "version": "0.008002"
        },
        {
            "attrs": {
                "arch": "x86_64",
                "build": "0",
                "build_number": 0,
                "depends": [
                    "perl >=5.22,<6.0",
                    "perl-archive-tar",
                    "perl-carp",
                    "perl-file-copy-recursive",
                    "perl-lib",
                    "perl-list-moreutils",
                    "perl-parent",
                    "perl-pathtools",
                    "perl-perl-version",
                    "perl-scalar-list-utils",
                    "perl-test-deep",
                    "perl-test-simple",
                    "perl-version-next"
                ],
                "has_prefix": true,
                "license": "perl_5",
                "machine": "x86_64",
                "operatingsystem": "linux",
                "platform": "linux",
                "subdir": "linux-64",
                "target-triplet": "x86_64-any-linux"
            },
            "basename": "linux-64/perl-module-fromperlver-0.008002-0.tar.bz2",
            "dependencies": {
                "depends": [
                    {
                        "name": "perl",
                        "specs": [
                            [
                                ">=",
                                "5.22,<6.0"
                            ]
                        ]
                    },
                    {
                        "name": "perl-archive-tar",
                        "specs": []
                    },
                    {
                        "name": "perl-carp",
                        "specs": []
                    },
                    {
                        "name": "perl-file-copy-recursive",
                        "specs": []
                    },
                    {
                        "name": "perl-lib",
                        "specs": []
                    },
                    {
                        "name": "perl-list-moreutils",
                        "specs": []
                    },
                    {
                        "name": "perl-parent",
                        "specs": []
                    },
                    {
                        "name": "perl-pathtools",
                        "specs": []
                    },
                    {
                        "name": "perl-perl-version",
                        "specs": []
                    },
                    {
                        "name": "perl-scalar-list-utils",
                        "specs": []
                    },
                    {
                        "name": "perl-test-deep",
                        "specs": []
                    },
                    {
                        "name": "perl-test-simple",
                        "specs": []
                    },
                    {
                        "name": "perl-version-next",
                        "specs": []
                    }
                ]
            },
            "description": null,
            "distribution_type": "conda",
            "download_url": "//api.anaconda.org/download/bioconda/perl-module-fromperlver/0.008002/linux-64/perl-module-fromperlver-0.008002-0.tar.bz2",
            "full_name": "bioconda/perl-module-fromperlver/0.008002/linux-64/perl-module-fromperlver-0.008002-0.tar.bz2",
            "labels": [
                "main",
                "cf201901"
            ],
            "md5": "d23fd75a852b6f1296a04a60b455f31a",
            "ndownloads": 377,
            "owner": "bioconda",
            "size": 21260,
            "type": "conda",
            "upload_time": "2018-03-24 11:10:13.330000+00:00",
            "version": "0.008002"
        },
        {
            "attrs": {
                "arch": "x86_64",
                "build": "pl522_1",
                "build_number": 1,
                "depends": [
                    "perl >=5.22.0.1,<5.23.0a0",
                    "perl-archive-tar",
                    "perl-carp",
                    "perl-file-copy-recursive",
                    "perl-lib",
                    "perl-list-moreutils",
                    "perl-parent",
                    "perl-pathtools",
                    "perl-perl-version",
                    "perl-scalar-list-utils",
                    "perl-test-deep",
                    "perl-test-simple",
                    "perl-version-next"
                ],
                "has_prefix": true,
                "license": "perl_5",
                "machine": "x86_64",
                "operatingsystem": "darwin",
                "platform": "osx",
                "subdir": "osx-64",
                "target-triplet": "x86_64-any-darwin",
                "timestamp": 1529811075403
            },
            "basename": "osx-64/perl-module-fromperlver-0.008002-pl522_1.tar.bz2",
            "dependencies": {
                "depends": [
                    {
                        "name": "perl",
                        "specs": [
                            [
                                ">=",
                                "5.22.0.1,<5.23.0a0"
                            ]
                        ]
                    },
                    {
                        "name": "perl-archive-tar",
                        "specs": []
                    },
                    {
                        "name": "perl-carp",
                        "specs": []
                    },
                    {
                        "name": "perl-file-copy-recursive",
                        "specs": []
                    },
                    {
                        "name": "perl-lib",
                        "specs": []
                    },
                    {
                        "name": "perl-list-moreutils",
                        "specs": []
                    },
                    {
                        "name": "perl-parent",
                        "specs": []
                    },
                    {
                        "name": "perl-pathtools",
                        "specs": []
                    },
                    {
                        "name": "perl-perl-version",
                        "specs": []
                    },
                    {
                        "name": "perl-scalar-list-utils",
                        "specs": []
                    },
                    {
                        "name": "perl-test-deep",
                        "specs": []
                    },
                    {
                        "name": "perl-test-simple",
                        "specs": []
                    },
                    {
                        "name": "perl-version-next",
                        "specs": []
                    }
                ]
            },
            "description": null,
            "distribution_type": "conda",
            "download_url": "//api.anaconda.org/download/bioconda/perl-module-fromperlver/0.008002/osx-64/perl-module-fromperlver-0.008002-pl522_1.tar.bz2",
            "full_name": "bioconda/perl-module-fromperlver/0.008002/osx-64/perl-module-fromperlver-0.008002-pl522_1.tar.bz2",
            "labels": [
                "main",
                "cf201901"
            ],
            "md5": "eab553a7479de4bbeba749da4b5603be",
            "ndownloads": 534,
            "owner": "bioconda",
            "size": 21603,
            "type": "conda",
            "upload_time": "2018-06-24 03:31:29.894000+00:00",
            "version": "0.008002"
        },
        {
            "attrs": {
                "arch": "x86_64",
                "build": "pl526_1",
                "build_number": 1,
                "depends": [
                    "perl >=5.26.2,<5.26.3.0a0",
                    "perl-archive-tar",
                    "perl-carp",
                    "perl-file-copy-recursive",
                    "perl-lib",
                    "perl-list-moreutils",
                    "perl-parent",
                    "perl-pathtools",
                    "perl-perl-version",
                    "perl-scalar-list-utils",
                    "perl-test-deep",
                    "perl-test-simple",
                    "perl-version-next"
                ],
                "has_prefix": true,
                "license": "perl_5",
                "machine": "x86_64",
                "operatingsystem": "linux",
                "platform": "linux",
                "subdir": "linux-64",
                "target-triplet": "x86_64-any-linux",
                "timestamp": 1556183143849
            },
            "basename": "linux-64/perl-module-fromperlver-0.008002-pl526_1.tar.bz2",
            "dependencies": {
                "depends": [
                    {
                        "name": "perl",
                        "specs": [
                            [
                                ">=",
                                "5.26.2,<5.26.3.0a0"
                            ]
                        ]
                    },
                    {
                        "name": "perl-archive-tar",
                        "specs": []
                    },
                    {
                        "name": "perl-carp",
                        "specs": []
                    },
                    {
                        "name": "perl-file-copy-recursive",
                        "specs": []
                    },
                    {
                        "name": "perl-lib",
                        "specs": []
                    },
                    {
                        "name": "perl-list-moreutils",
                        "specs": []
                    },
                    {
                        "name": "perl-parent",
                        "specs": []
                    },
                    {
                        "name": "perl-pathtools",
                        "specs": []
                    },
                    {
                        "name": "perl-perl-version",
                        "specs": []
                    },
                    {
                        "name": "perl-scalar-list-utils",
                        "specs": []
                    },
                    {
                        "name": "perl-test-deep",
                        "specs": []
                    },
                    {
                        "name": "perl-test-simple",
                        "specs": []
                    },
                    {
                        "name": "perl-version-next",
                        "specs": []
                    }
                ]
            },
            "description": null,
            "distribution_type": "conda",
            "download_url": "//api.anaconda.org/download/bioconda/perl-module-fromperlver/0.008002/linux-64/perl-module-fromperlver-0.008002-pl526_1.tar.bz2",
            "full_name": "bioconda/perl-module-fromperlver/0.008002/linux-64/perl-module-fromperlver-0.008002-pl526_1.tar.bz2",
            "labels": [
                "main"
            ],
            "md5": "5215648f837c2534f5fa31e844a125cd",
            "ndownloads": 81,
            "owner": "bioconda",
            "size": 22348,
            "type": "conda",
            "upload_time": "2019-04-25 09:07:28.169000+00:00",
            "version": "0.008002"
        }
    ],
    "full_name": "bioconda/perl-module-fromperlver",
    "home": "http://metacpan.org/pod/Module::FromPerlVer",
    "html_url": "http://anaconda.org/bioconda/perl-module-fromperlver",
    "id": "5ab63141e586bb11ea082e97",
    "latest_version": "0.008002",
    "license": "perl_5",
    "license_url": null,
    "modified_at": "2019-04-25 09:07:28.664000+00:00",
    "name": "perl-module-fromperlver",
    "owner": {
        "company": "",
        "created_at": "2015-09-11 22:59:20.880000+00:00",
        "description": "Bioconda is a distribution of bioinformatics software realized as a channel for the versatile Conda package manager.",
        "location": "",
        "login": "bioconda",
        "name": "bioconda",
        "url": "",
        "user_type": "org"
    },
    "package_types": [
        "conda"
    ],
    "public": true,
    "releases": [
        {
            "distributions": [],
            "full_name": "bioconda/perl-module-fromperlver/0.008002",
            "version": "0.008002"
        }
    ],
    "revision": 2,
    "source_git_tag": null,
    "source_git_url": null,
    "summary": "install modules compatible with the running perl.",
    "upvoted": 0,
    "url": "http://api.anaconda.org/packages/bioconda/perl-module-fromperlver",
    "versions": [
        "0.008002"
    ],
    "watchers": 1
}