{
    "app_entry": {},
    "app_summary": {},
    "app_type": {},
    "builds": [
        "0",
        "pl526_2",
        "pl526_1",
        "pl526_0"
    ],
    "conda_platforms": [
        "linux-64",
        "osx-64"
    ],
    "created_at": "2016-06-18 01:21:52.949000+00:00",
    "description": "",
    "dev_url": null,
    "doc_url": null,
    "files": [
        {
            "attrs": {
                "arch": "x86_64",
                "build": "pl526_2",
                "build_number": 2,
                "depends": [
                    "perl >=5.26.2,<5.26.3.0a0",
                    "perl-xml-parser"
                ],
                "has_prefix": true,
                "license": "perl_5",
                "machine": "x86_64",
                "operatingsystem": "linux",
                "platform": "linux",
                "subdir": "linux-64",
                "target-triplet": "x86_64-any-linux",
                "timestamp": 1532467171264
            },
            "basename": "linux-64/perl-xml-semanticdiff-1.0004-pl526_2.tar.bz2",
            "dependencies": {
                "depends": [
                    {
                        "name": "perl",
                        "specs": [
                            [
                                ">=",
                                "5.26.2,<5.26.3.0a0"
                            ]
                        ]
                    },
                    {
                        "name": "perl-xml-parser",
                        "specs": []
                    }
                ]
            },
            "description": null,
            "distribution_type": "conda",
            "download_url": "//api.anaconda.org/download/bioconda/perl-xml-semanticdiff/1.0004/linux-64/perl-xml-semanticdiff-1.0004-pl526_2.tar.bz2",
            "full_name": "bioconda/perl-xml-semanticdiff/1.0004/linux-64/perl-xml-semanticdiff-1.0004-pl526_2.tar.bz2",
            "labels": [
                "main",
                "cf201901"
            ],
            "md5": "4d83f7e3411da414a4943e89280b67c3",
            "ndownloads": 158,
            "owner": "bioconda",
            "size": 14601,
            "type": "conda",
            "upload_time": "2018-07-24 21:20:48.968000+00:00",
            "version": "1.0004"
        },
        {
            "attrs": {
                "arch": "x86_64",
                "build": "0",
                "build_number": 0,
                "depends": [
                    "perl-threaded",
                    "perl-xml-parser"
                ],
                "license": "perl_5",
                "machine": "x86_64",
                "operatingsystem": "darwin",
                "platform": "osx",
                "subdir": "osx-64",
                "target-triplet": "x86_64-any-darwin"
            },
            "basename": "osx-64/perl-xml-semanticdiff-1.0004-0.tar.bz2",
            "dependencies": {
                "depends": [
                    {
                        "name": "perl-threaded",
                        "specs": []
                    },
                    {
                        "name": "perl-xml-parser",
                        "specs": []
                    }
                ]
            },
            "description": null,
            "distribution_type": "conda",
            "download_url": "//api.anaconda.org/download/bioconda/perl-xml-semanticdiff/1.0004/osx-64/perl-xml-semanticdiff-1.0004-0.tar.bz2",
            "full_name": "bioconda/perl-xml-semanticdiff/1.0004/osx-64/perl-xml-semanticdiff-1.0004-0.tar.bz2",
            "labels": [
                "main",
                "cf201901"
            ],
            "md5": "6709d957645a55ee37e83693e49d3ee6",
            "ndownloads": 586,
            "owner": "bioconda",
            "size": 11330,
            "type": "conda",
            "upload_time": "2016-06-18 01:21:53.367000+00:00",
            "version": "1.0004"
        },
        {
            "attrs": {
                "arch": "x86_64",
                "build": "0",
                "build_number": 0,
                "depends": [
                    "perl-threaded",
                    "perl-xml-parser"
                ],
                "license": "perl_5",
                "machine": "x86_64",
                "operatingsystem": "linux",
                "platform": "linux",
                "subdir": "linux-64",
                "target-triplet": "x86_64-any-linux"
            },
            "basename": "linux-64/perl-xml-semanticdiff-1.0004-0.tar.bz2",
            "dependencies": {
                "depends": [
                    {
                        "name": "perl-threaded",
                        "specs": []
                    },
                    {
                        "name": "perl-xml-parser",
                        "specs": []
                    }
                ]
            },
            "description": null,
            "distribution_type": "conda",
            "download_url": "//api.anaconda.org/download/bioconda/perl-xml-semanticdiff/1.0004/linux-64/perl-xml-semanticdiff-1.0004-0.tar.bz2",
            "full_name": "bioconda/perl-xml-semanticdiff/1.0004/linux-64/perl-xml-semanticdiff-1.0004-0.tar.bz2",
            "labels": [
                "main",
                "cf201901"
            ],
            "md5": "1813ca3ab51f6298c9a4e27f348bd3e3",
            "ndownloads": 924,
            "owner": "bioconda",
            "size": 7672,
            "type": "conda",
            "upload_time": "2016-06-18 02:29:23.877000+00:00",
            "version": "1.0004"
        },
        {
            "attrs": {
                "arch": "x86_64",
                "build": "pl526_1",
                "build_number": 1,
                "depends": [
                    "perl >=5.26.0,<5.27.0a0",
                    "perl-xml-parser"
                ],
                "has_prefix": true,
                "license": "perl_5",
                "machine": "x86_64",
                "operatingsystem": "darwin",
                "platform": "osx",
                "subdir": "osx-64",
                "target-triplet": "x86_64-any-darwin",
                "timestamp": 1529799803601
            },
            "basename": "osx-64/perl-xml-semanticdiff-1.0004-pl526_1.tar.bz2",
            "dependencies": {
                "depends": [
                    {
                        "name": "perl",
                        "specs": [
                            [
                                ">=",
                                "5.26.0,<5.27.0a0"
                            ]
                        ]
                    },
                    {
                        "name": "perl-xml-parser",
                        "specs": []
                    }
                ]
            },
            "description": null,
            "distribution_type": "conda",
            "download_url": "//api.anaconda.org/download/bioconda/perl-xml-semanticdiff/1.0004/osx-64/perl-xml-semanticdiff-1.0004-pl526_1.tar.bz2",
            "full_name": "bioconda/perl-xml-semanticdiff/1.0004/osx-64/perl-xml-semanticdiff-1.0004-pl526_1.tar.bz2",
            "labels": [
                "main",
                "cf201901"
            ],
            "md5": "1289e8a70fddcb562784c4890a944acb",
            "ndownloads": 28,
            "owner": "bioconda",
            "size": 14564,
            "type": "conda",
            "upload_time": "2018-06-24 00:23:44.301000+00:00",
            "version": "1.0004"
        },
        {
            "attrs": {
                "arch": "x86_64",
                "build": "pl526_2",
                "build_number": 2,
                "depends": [
                    "perl >=5.26.2,<5.26.3.0a0",
                    "perl-xml-parser"
                ],
                "has_prefix": true,
                "license": "perl_5",
                "machine": "x86_64",
                "operatingsystem": "darwin",
                "platform": "osx",
                "subdir": "osx-64",
                "target-triplet": "x86_64-any-darwin",
                "timestamp": 1532466720110
            },
            "basename": "osx-64/perl-xml-semanticdiff-1.0004-pl526_2.tar.bz2",
            "dependencies": {
                "depends": [
                    {
                        "name": "perl",
                        "specs": [
                            [
                                ">=",
                                "5.26.2,<5.26.3.0a0"
                            ]
                        ]
                    },
                    {
                        "name": "perl-xml-parser",
                        "specs": []
                    }
                ]
            },
            "description": null,
            "distribution_type": "conda",
            "download_url": "//api.anaconda.org/download/bioconda/perl-xml-semanticdiff/1.0004/osx-64/perl-xml-semanticdiff-1.0004-pl526_2.tar.bz2",
            "full_name": "bioconda/perl-xml-semanticdiff/1.0004/osx-64/perl-xml-semanticdiff-1.0004-pl526_2.tar.bz2",
            "labels": [
                "main",
                "cf201901"
            ],
            "md5": "62e40dbb54da1f7e9c6dbd9d52dab67d",
            "ndownloads": 506,
            "owner": "bioconda",
            "size": 14753,
            "type": "conda",
            "upload_time": "2018-07-24 21:12:13.524000+00:00",
            "version": "1.0004"
        },
        {
            "attrs": {
                "arch": "x86_64",
                "build": "pl526_0",
                "build_number": 0,
                "depends": [
                    "perl >=5.26.2,<5.26.3.0a0",
                    "perl-digest-md5",
                    "perl-encode",
                    "perl-xml-parser"
                ],
                "has_prefix": true,
                "license": "perl_5",
                "machine": "x86_64",
                "operatingsystem": "linux",
                "platform": "linux",
                "subdir": "linux-64",
                "target-triplet": "x86_64-any-linux",
                "timestamp": 1542289997542
            },
            "basename": "linux-64/perl-xml-semanticdiff-1.0007-pl526_0.tar.bz2",
            "dependencies": {
                "depends": [
                    {
                        "name": "perl",
                        "specs": [
                            [
                                ">=",
                                "5.26.2,<5.26.3.0a0"
                            ]
                        ]
                    },
                    {
                        "name": "perl-digest-md5",
                        "specs": []
                    },
                    {
                        "name": "perl-encode",
                        "specs": []
                    },
                    {
                        "name": "perl-xml-parser",
                        "specs": []
                    }
                ]
            },
            "description": null,
            "distribution_type": "conda",
            "download_url": "//api.anaconda.org/download/bioconda/perl-xml-semanticdiff/1.0007/linux-64/perl-xml-semanticdiff-1.0007-pl526_0.tar.bz2",
            "full_name": "bioconda/perl-xml-semanticdiff/1.0007/linux-64/perl-xml-semanticdiff-1.0007-pl526_0.tar.bz2",
            "labels": [
                "main",
                "cf201901"
            ],
            "md5": "fa5c6b85b77e9877e15c41d3abcce5a1",
            "ndownloads": 184,
            "owner": "bioconda",
            "size": 17146,
            "type": "conda",
            "upload_time": "2018-11-15 13:55:39.715000+00:00",
            "version": "1.0007"
        },
        {
            "attrs": {
                "arch": "x86_64",
                "build": "pl526_0",
                "build_number": 0,
                "depends": [
                    "perl >=5.26.2,<5.26.3.0a0",
                    "perl-digest-md5",
                    "perl-encode",
                    "perl-xml-parser"
                ],
                "has_prefix": true,
                "license": "perl_5",
                "machine": "x86_64",
                "operatingsystem": "darwin",
                "platform": "osx",
                "subdir": "osx-64",
                "target-triplet": "x86_64-any-darwin",
                "timestamp": 1542290373966
            },
            "basename": "osx-64/perl-xml-semanticdiff-1.0007-pl526_0.tar.bz2",
            "dependencies": {
                "depends": [
                    {
                        "name": "perl",
                        "specs": [
                            [
                                ">=",
                                "5.26.2,<5.26.3.0a0"
                            ]
                        ]
                    },
                    {
                        "name": "perl-digest-md5",
                        "specs": []
                    },
                    {
                        "name": "perl-encode",
                        "specs": []
                    },
                    {
                        "name": "perl-xml-parser",
                        "specs": []
                    }
                ]
            },
            "description": null,
            "distribution_type": "conda",
            "download_url": "//api.anaconda.org/download/bioconda/perl-xml-semanticdiff/1.0007/osx-64/perl-xml-semanticdiff-1.0007-pl526_0.tar.bz2",
            "full_name": "bioconda/perl-xml-semanticdiff/1.0007/osx-64/perl-xml-semanticdiff-1.0007-pl526_0.tar.bz2",
            "labels": [
                "main",
                "cf201901"
            ],
            "md5": "29ec939be451ccd782b3898e2e3fa8c1",
            "ndownloads": 756,
            "owner": "bioconda",
            "size": 17196,
            "type": "conda",
            "upload_time": "2018-11-15 13:59:52.524000+00:00",
            "version": "1.0007"
        }
    ],
    "full_name": "bioconda/perl-xml-semanticdiff",
    "home": "None",
    "html_url": "http://anaconda.org/bioconda/perl-xml-semanticdiff",
    "id": "5764a23074b2b214d0557ba7",
    "latest_version": "1.0007",
    "license": "perl_5",
    "license_url": null,
    "modified_at": "2018-11-15 13:59:53.269000+00:00",
    "name": "perl-xml-semanticdiff",
    "owner": {
        "company": "",
        "created_at": "2015-09-11 22:59:20.880000+00:00",
        "description": "Bioconda is a distribution of bioinformatics software realized as a channel for the versatile Conda package manager.",
        "location": "",
        "login": "bioconda",
        "name": "bioconda",
        "url": "",
        "user_type": "org"
    },
    "package_types": [
        "conda"
    ],
    "public": true,
    "releases": [
        {
            "distributions": [
                "osx-64/perl-xml-semanticdiff-1.0004-0.tar.bz2",
                "linux-64/perl-xml-semanticdiff-1.0004-0.tar.bz2"
            ],
            "full_name": "bioconda/perl-xml-semanticdiff/1.0004",
            "version": "1.0004"
        },
        {
            "distributions": [],
            "full_name": "bioconda/perl-xml-semanticdiff/1.0007",
            "version": "1.0007"
        }
    ],
    "revision": 5,
    "source_git_tag": null,
    "source_git_url": null,
    "summary": "Perl extension for comparing XML documents.",
    "upvoted": 0,
    "url": "http://api.anaconda.org/packages/bioconda/perl-xml-semanticdiff",
    "versions": [
        "1.0004",
        "1.0007"
    ],
    "watchers": 1
}