{
    "app_entry": {},
    "app_summary": {},
    "app_type": {},
    "builds": [
        "0",
        "pl5.22.0_2",
        "pl526_4",
        "pl526_3"
    ],
    "conda_platforms": [
        "linux-64",
        "osx-64"
    ],
    "created_at": "2016-08-30 16:00:53.528000+00:00",
    "description": "None",
    "dev_url": {},
    "doc_url": {},
    "files": [
        {
            "attrs": {
                "arch": "x86_64",
                "build": "0",
                "build_number": 0,
                "depends": [
                    "perl-moosex-types",
                    "perl-path-class",
                    "perl-threaded"
                ],
                "license": "perl_5",
                "machine": "x86_64",
                "operatingsystem": "linux",
                "platform": "linux",
                "subdir": "linux-64",
                "target-triplet": "x86_64-any-linux"
            },
            "basename": "linux-64/perl-moosex-types-path-class-0.09-0.tar.bz2",
            "dependencies": {
                "depends": [
                    {
                        "name": "perl-moosex-types",
                        "specs": []
                    },
                    {
                        "name": "perl-path-class",
                        "specs": []
                    },
                    {
                        "name": "perl-threaded",
                        "specs": []
                    }
                ]
            },
            "description": null,
            "distribution_type": "conda",
            "download_url": "//api.anaconda.org/download/bioconda/perl-moosex-types-path-class/0.09/linux-64/perl-moosex-types-path-class-0.09-0.tar.bz2",
            "full_name": "bioconda/perl-moosex-types-path-class/0.09/linux-64/perl-moosex-types-path-class-0.09-0.tar.bz2",
            "labels": [
                "main",
                "cf201901"
            ],
            "md5": "e918b698514549d8d4b23465e1b213c4",
            "ndownloads": 992,
            "owner": "bioconda",
            "size": 3637,
            "type": "conda",
            "upload_time": "2016-08-30 16:00:53.906000+00:00",
            "version": "0.09"
        },
        {
            "attrs": {
                "arch": "x86_64",
                "build": "pl5.22.0_2",
                "build_number": 2,
                "depends": [
                    "perl 5.22.0*",
                    "perl-moosex-types",
                    "perl-path-class"
                ],
                "has_prefix": true,
                "license": "perl_5",
                "machine": "x86_64",
                "operatingsystem": "linux",
                "platform": "linux",
                "subdir": "linux-64",
                "target-triplet": "x86_64-any-linux"
            },
            "basename": "linux-64/perl-moosex-types-path-class-0.09-pl5.22.0_2.tar.bz2",
            "dependencies": {
                "depends": [
                    {
                        "name": "perl",
                        "specs": [
                            [
                                "==",
                                "5.22.0"
                            ]
                        ]
                    },
                    {
                        "name": "perl-moosex-types",
                        "specs": []
                    },
                    {
                        "name": "perl-path-class",
                        "specs": []
                    }
                ]
            },
            "description": null,
            "distribution_type": "conda",
            "download_url": "//api.anaconda.org/download/bioconda/perl-moosex-types-path-class/0.09/linux-64/perl-moosex-types-path-class-0.09-pl5.22.0_2.tar.bz2",
            "full_name": "bioconda/perl-moosex-types-path-class/0.09/linux-64/perl-moosex-types-path-class-0.09-pl5.22.0_2.tar.bz2",
            "labels": [
                "main",
                "cf201901"
            ],
            "md5": "db0c9639abb6f2140995b9ded1f0d6b5",
            "ndownloads": 729,
            "owner": "bioconda",
            "size": 8589,
            "type": "conda",
            "upload_time": "2017-12-15 08:25:20.066000+00:00",
            "version": "0.09"
        },
        {
            "attrs": {
                "arch": "x86_64",
                "build": "pl5.22.0_2",
                "build_number": 2,
                "depends": [
                    "perl 5.22.0*",
                    "perl-moosex-types",
                    "perl-path-class"
                ],
                "has_prefix": true,
                "license": "perl_5",
                "machine": "x86_64",
                "operatingsystem": "darwin",
                "platform": "osx",
                "subdir": "osx-64",
                "target-triplet": "x86_64-any-darwin"
            },
            "basename": "osx-64/perl-moosex-types-path-class-0.09-pl5.22.0_2.tar.bz2",
            "dependencies": {
                "depends": [
                    {
                        "name": "perl",
                        "specs": [
                            [
                                "==",
                                "5.22.0"
                            ]
                        ]
                    },
                    {
                        "name": "perl-moosex-types",
                        "specs": []
                    },
                    {
                        "name": "perl-path-class",
                        "specs": []
                    }
                ]
            },
            "description": null,
            "distribution_type": "conda",
            "download_url": "//api.anaconda.org/download/bioconda/perl-moosex-types-path-class/0.09/osx-64/perl-moosex-types-path-class-0.09-pl5.22.0_2.tar.bz2",
            "full_name": "bioconda/perl-moosex-types-path-class/0.09/osx-64/perl-moosex-types-path-class-0.09-pl5.22.0_2.tar.bz2",
            "labels": [
                "main",
                "cf201901"
            ],
            "md5": "76e5a226d71843997b98f71ad840b444",
            "ndownloads": 47,
            "owner": "bioconda",
            "size": 8370,
            "type": "conda",
            "upload_time": "2017-12-15 08:17:40.956000+00:00",
            "version": "0.09"
        },
        {
            "attrs": {
                "arch": "x86_64",
                "build": "pl526_4",
                "build_number": 4,
                "depends": [
                    "perl >=5.26.2,<5.26.3.0a0",
                    "perl-moosex-types",
                    "perl-path-class"
                ],
                "has_prefix": true,
                "license": "perl_5",
                "machine": "x86_64",
                "operatingsystem": "linux",
                "platform": "linux",
                "subdir": "linux-64",
                "target-triplet": "x86_64-any-linux",
                "timestamp": 1534967442794
            },
            "basename": "linux-64/perl-moosex-types-path-class-0.09-pl526_4.tar.bz2",
            "dependencies": {
                "depends": [
                    {
                        "name": "perl",
                        "specs": [
                            [
                                ">=",
                                "5.26.2,<5.26.3.0a0"
                            ]
                        ]
                    },
                    {
                        "name": "perl-moosex-types",
                        "specs": []
                    },
                    {
                        "name": "perl-path-class",
                        "specs": []
                    }
                ]
            },
            "description": null,
            "distribution_type": "conda",
            "download_url": "//api.anaconda.org/download/bioconda/perl-moosex-types-path-class/0.09/linux-64/perl-moosex-types-path-class-0.09-pl526_4.tar.bz2",
            "full_name": "bioconda/perl-moosex-types-path-class/0.09/linux-64/perl-moosex-types-path-class-0.09-pl526_4.tar.bz2",
            "labels": [
                "main",
                "cf201901"
            ],
            "md5": "b2fba1e70ea1305a75f084e6b150ffa3",
            "ndownloads": 254,
            "owner": "bioconda",
            "size": 9480,
            "type": "conda",
            "upload_time": "2018-08-22 19:53:03.747000+00:00",
            "version": "0.09"
        },
        {
            "attrs": {
                "arch": "x86_64",
                "build": "pl526_3",
                "build_number": 3,
                "depends": [
                    "perl >=5.26.2,<5.27.0a0",
                    "perl-moosex-types",
                    "perl-path-class"
                ],
                "has_prefix": true,
                "license": "perl_5",
                "machine": "x86_64",
                "operatingsystem": "linux",
                "platform": "linux",
                "subdir": "linux-64",
                "target-triplet": "x86_64-any-linux",
                "timestamp": 1531762068563
            },
            "basename": "linux-64/perl-moosex-types-path-class-0.09-pl526_3.tar.bz2",
            "dependencies": {
                "depends": [
                    {
                        "name": "perl",
                        "specs": [
                            [
                                ">=",
                                "5.26.2,<5.27.0a0"
                            ]
                        ]
                    },
                    {
                        "name": "perl-moosex-types",
                        "specs": []
                    },
                    {
                        "name": "perl-path-class",
                        "specs": []
                    }
                ]
            },
            "description": null,
            "distribution_type": "conda",
            "download_url": "//api.anaconda.org/download/bioconda/perl-moosex-types-path-class/0.09/linux-64/perl-moosex-types-path-class-0.09-pl526_3.tar.bz2",
            "full_name": "bioconda/perl-moosex-types-path-class/0.09/linux-64/perl-moosex-types-path-class-0.09-pl526_3.tar.bz2",
            "labels": [
                "main",
                "cf201901"
            ],
            "md5": "b02669c4c0503a8a35c850bf174d4d1a",
            "ndownloads": 238,
            "owner": "bioconda",
            "size": 8508,
            "type": "conda",
            "upload_time": "2018-07-16 17:29:06.658000+00:00",
            "version": "0.09"
        },
        {
            "attrs": {
                "arch": "x86_64",
                "build": "pl526_4",
                "build_number": 4,
                "depends": [
                    "perl >=5.26.2,<5.26.3.0a0",
                    "perl-moosex-types",
                    "perl-path-class"
                ],
                "has_prefix": true,
                "license": "perl_5",
                "machine": "x86_64",
                "operatingsystem": "darwin",
                "platform": "osx",
                "subdir": "osx-64",
                "target-triplet": "x86_64-any-darwin",
                "timestamp": 1534967716982
            },
            "basename": "osx-64/perl-moosex-types-path-class-0.09-pl526_4.tar.bz2",
            "dependencies": {
                "depends": [
                    {
                        "name": "perl",
                        "specs": [
                            [
                                ">=",
                                "5.26.2,<5.26.3.0a0"
                            ]
                        ]
                    },
                    {
                        "name": "perl-moosex-types",
                        "specs": []
                    },
                    {
                        "name": "perl-path-class",
                        "specs": []
                    }
                ]
            },
            "description": null,
            "distribution_type": "conda",
            "download_url": "//api.anaconda.org/download/bioconda/perl-moosex-types-path-class/0.09/osx-64/perl-moosex-types-path-class-0.09-pl526_4.tar.bz2",
            "full_name": "bioconda/perl-moosex-types-path-class/0.09/osx-64/perl-moosex-types-path-class-0.09-pl526_4.tar.bz2",
            "labels": [
                "main",
                "cf201901"
            ],
            "md5": "1cf463c07929fbdb1f66349cb4fa117b",
            "ndownloads": 780,
            "owner": "bioconda",
            "size": 9603,
            "type": "conda",
            "upload_time": "2018-08-22 19:55:35.313000+00:00",
            "version": "0.09"
        }
    ],
    "full_name": "bioconda/perl-moosex-types-path-class",
    "home": "None",
    "html_url": "http://anaconda.org/bioconda/perl-moosex-types-path-class",
    "id": "57c5adb5a05b44639eccae27",
    "latest_version": "0.09",
    "license": "perl_5",
    "license_url": {},
    "modified_at": "2018-08-22 19:55:35.825000+00:00",
    "name": "perl-moosex-types-path-class",
    "owner": {
        "company": "",
        "created_at": "2015-09-11 22:59:20.880000+00:00",
        "description": "Bioconda is a distribution of bioinformatics software realized as a channel for the versatile Conda package manager.",
        "location": "",
        "login": "bioconda",
        "name": "bioconda",
        "url": "",
        "user_type": "org"
    },
    "package_types": [
        "conda"
    ],
    "public": true,
    "releases": [
        {
            "distributions": [],
            "full_name": "bioconda/perl-moosex-types-path-class/0.09",
            "version": "0.09"
        }
    ],
    "revision": 1,
    "source_git_tag": {},
    "source_git_url": {},
    "summary": "A Path::Class type library for Moose",
    "upvoted": 0,
    "url": "http://api.anaconda.org/packages/bioconda/perl-moosex-types-path-class",
    "versions": [
        "0.09"
    ],
    "watchers": 1
}