{
    "app_entry": {},
    "app_summary": {},
    "app_type": {},
    "builds": [
        "0",
        "pl526_1",
        "pl526_0"
    ],
    "conda_platforms": [
        "linux-64",
        "osx-64"
    ],
    "created_at": "2016-06-15 18:19:09.941000+00:00",
    "description": "",
    "dev_url": null,
    "doc_url": null,
    "files": [
        {
            "attrs": {
                "arch": "x86_64",
                "build": "0",
                "build_number": 0,
                "depends": [
                    "perl-threaded"
                ],
                "license": "perl_5",
                "machine": "x86_64",
                "operatingsystem": "darwin",
                "platform": "osx",
                "subdir": "osx-64",
                "target-triplet": "x86_64-any-darwin"
            },
            "basename": "osx-64/perl-mime-types-2.12-0.tar.bz2",
            "dependencies": {
                "depends": [
                    {
                        "name": "perl-threaded",
                        "specs": []
                    }
                ]
            },
            "description": null,
            "distribution_type": "conda",
            "download_url": "//api.anaconda.org/download/bioconda/perl-mime-types/2.12/osx-64/perl-mime-types-2.12-0.tar.bz2",
            "full_name": "bioconda/perl-mime-types/2.12/osx-64/perl-mime-types-2.12-0.tar.bz2",
            "labels": [
                "main",
                "cf201901"
            ],
            "md5": "8c1bd466c167d1dff8cc27d0b0364753",
            "ndownloads": 1343,
            "owner": "bioconda",
            "size": 48117,
            "type": "conda",
            "upload_time": "2016-06-15 18:32:47.572000+00:00",
            "version": "2.12"
        },
        {
            "attrs": {
                "arch": "x86_64",
                "build": "0",
                "build_number": 0,
                "depends": [
                    "perl-threaded"
                ],
                "license": "perl_5",
                "machine": "x86_64",
                "operatingsystem": "linux",
                "platform": "linux",
                "subdir": "linux-64",
                "target-triplet": "x86_64-any-linux"
            },
            "basename": "linux-64/perl-mime-types-2.12-0.tar.bz2",
            "dependencies": {
                "depends": [
                    {
                        "name": "perl-threaded",
                        "specs": []
                    }
                ]
            },
            "description": null,
            "distribution_type": "conda",
            "download_url": "//api.anaconda.org/download/bioconda/perl-mime-types/2.12/linux-64/perl-mime-types-2.12-0.tar.bz2",
            "full_name": "bioconda/perl-mime-types/2.12/linux-64/perl-mime-types-2.12-0.tar.bz2",
            "labels": [
                "main",
                "cf201901"
            ],
            "md5": "f648c613d36568dca46c92694e16600e",
            "ndownloads": 11698,
            "owner": "bioconda",
            "size": 42420,
            "type": "conda",
            "upload_time": "2016-06-15 18:19:10.396000+00:00",
            "version": "2.12"
        },
        {
            "attrs": {
                "arch": "x86_64",
                "build": "pl526_1",
                "build_number": 1,
                "depends": [
                    "perl >=5.26.2,<5.27.0a0"
                ],
                "has_prefix": true,
                "license": "perl_5",
                "machine": "x86_64",
                "operatingsystem": "linux",
                "platform": "linux",
                "subdir": "linux-64",
                "target-triplet": "x86_64-any-linux",
                "timestamp": 1530919550169
            },
            "basename": "linux-64/perl-mime-types-2.12-pl526_1.tar.bz2",
            "dependencies": {
                "depends": [
                    {
                        "name": "perl",
                        "specs": [
                            [
                                ">=",
                                "5.26.2,<5.27.0a0"
                            ]
                        ]
                    }
                ]
            },
            "description": null,
            "distribution_type": "conda",
            "download_url": "//api.anaconda.org/download/bioconda/perl-mime-types/2.12/linux-64/perl-mime-types-2.12-pl526_1.tar.bz2",
            "full_name": "bioconda/perl-mime-types/2.12/linux-64/perl-mime-types-2.12-pl526_1.tar.bz2",
            "labels": [
                "main",
                "cf201901"
            ],
            "md5": "0c4223efdf4a254a361edbad01389aa6",
            "ndownloads": 4277,
            "owner": "bioconda",
            "size": 51344,
            "type": "conda",
            "upload_time": "2018-07-06 23:27:09.319000+00:00",
            "version": "2.12"
        },
        {
            "attrs": {
                "arch": "x86_64",
                "build": "pl526_1",
                "build_number": 1,
                "depends": [
                    "perl >=5.26.0,<5.27.0a0"
                ],
                "has_prefix": true,
                "license": "perl_5",
                "machine": "x86_64",
                "operatingsystem": "darwin",
                "platform": "osx",
                "subdir": "osx-64",
                "target-triplet": "x86_64-any-darwin",
                "timestamp": 1529811320395
            },
            "basename": "osx-64/perl-mime-types-2.12-pl526_1.tar.bz2",
            "dependencies": {
                "depends": [
                    {
                        "name": "perl",
                        "specs": [
                            [
                                ">=",
                                "5.26.0,<5.27.0a0"
                            ]
                        ]
                    }
                ]
            },
            "description": null,
            "distribution_type": "conda",
            "download_url": "//api.anaconda.org/download/bioconda/perl-mime-types/2.12/osx-64/perl-mime-types-2.12-pl526_1.tar.bz2",
            "full_name": "bioconda/perl-mime-types/2.12/osx-64/perl-mime-types-2.12-pl526_1.tar.bz2",
            "labels": [
                "main",
                "cf201901"
            ],
            "md5": "d9915175ac9449028423bc429e98391b",
            "ndownloads": 1244,
            "owner": "bioconda",
            "size": 51534,
            "type": "conda",
            "upload_time": "2018-06-24 03:35:32.220000+00:00",
            "version": "2.12"
        },
        {
            "attrs": {
                "arch": "x86_64",
                "build": "pl526_0",
                "build_number": 0,
                "depends": [
                    "perl >=5.26.2,<5.26.3.0a0"
                ],
                "has_prefix": true,
                "license": "perl_5",
                "machine": "x86_64",
                "operatingsystem": "linux",
                "platform": "linux",
                "subdir": "linux-64",
                "target-triplet": "x86_64-any-linux",
                "timestamp": 1541915557857
            },
            "basename": "linux-64/perl-mime-types-2.17-pl526_0.tar.bz2",
            "dependencies": {
                "depends": [
                    {
                        "name": "perl",
                        "specs": [
                            [
                                ">=",
                                "5.26.2,<5.26.3.0a0"
                            ]
                        ]
                    }
                ]
            },
            "description": null,
            "distribution_type": "conda",
            "download_url": "//api.anaconda.org/download/bioconda/perl-mime-types/2.17/linux-64/perl-mime-types-2.17-pl526_0.tar.bz2",
            "full_name": "bioconda/perl-mime-types/2.17/linux-64/perl-mime-types-2.17-pl526_0.tar.bz2",
            "labels": [
                "main",
                "cf201901"
            ],
            "md5": "a2b8a924ddd48c80098dcbc31f3fd789",
            "ndownloads": 17976,
            "owner": "bioconda",
            "size": 57646,
            "type": "conda",
            "upload_time": "2018-11-11 05:53:56.815000+00:00",
            "version": "2.17"
        },
        {
            "attrs": {
                "arch": "x86_64",
                "build": "pl526_0",
                "build_number": 0,
                "depends": [
                    "perl >=5.26.2,<5.26.3.0a0"
                ],
                "has_prefix": true,
                "license": "perl_5",
                "machine": "x86_64",
                "operatingsystem": "darwin",
                "platform": "osx",
                "subdir": "osx-64",
                "target-triplet": "x86_64-any-darwin",
                "timestamp": 1541915715176
            },
            "basename": "osx-64/perl-mime-types-2.17-pl526_0.tar.bz2",
            "dependencies": {
                "depends": [
                    {
                        "name": "perl",
                        "specs": [
                            [
                                ">=",
                                "5.26.2,<5.26.3.0a0"
                            ]
                        ]
                    }
                ]
            },
            "description": null,
            "distribution_type": "conda",
            "download_url": "//api.anaconda.org/download/bioconda/perl-mime-types/2.17/osx-64/perl-mime-types-2.17-pl526_0.tar.bz2",
            "full_name": "bioconda/perl-mime-types/2.17/osx-64/perl-mime-types-2.17-pl526_0.tar.bz2",
            "labels": [
                "main",
                "cf201901"
            ],
            "md5": "7d979f66edf3e1854f53272e59703c3d",
            "ndownloads": 2288,
            "owner": "bioconda",
            "size": 57690,
            "type": "conda",
            "upload_time": "2018-11-11 05:55:28.445000+00:00",
            "version": "2.17"
        }
    ],
    "full_name": "bioconda/perl-mime-types",
    "home": "None",
    "html_url": "http://anaconda.org/bioconda/perl-mime-types",
    "id": "57619c1d85581c0658fa843e",
    "latest_version": "2.17",
    "license": "perl_5",
    "license_url": null,
    "modified_at": "2018-11-11 05:55:28.983000+00:00",
    "name": "perl-mime-types",
    "owner": {
        "company": "",
        "created_at": "2015-09-11 22:59:20.880000+00:00",
        "description": "Bioconda is a distribution of bioinformatics software realized as a channel for the versatile Conda package manager.",
        "location": "",
        "login": "bioconda",
        "name": "bioconda",
        "url": "",
        "user_type": "org"
    },
    "package_types": [
        "conda"
    ],
    "public": true,
    "releases": [
        {
            "distributions": [
                "linux-64/perl-mime-types-2.12-0.tar.bz2",
                "osx-64/perl-mime-types-2.12-0.tar.bz2"
            ],
            "full_name": "bioconda/perl-mime-types/2.12",
            "version": "2.12"
        },
        {
            "distributions": [],
            "full_name": "bioconda/perl-mime-types/2.17",
            "version": "2.17"
        }
    ],
    "revision": 5,
    "source_git_tag": null,
    "source_git_url": null,
    "summary": "Definition of MIME types",
    "upvoted": 0,
    "url": "http://api.anaconda.org/packages/bioconda/perl-mime-types",
    "versions": [
        "2.12",
        "2.17"
    ],
    "watchers": 1
}