{
    "app_entry": {},
    "app_summary": {},
    "app_type": {},
    "builds": [
        "1",
        "0",
        "pl526_2"
    ],
    "conda_platforms": [
        "linux-64",
        "osx-64"
    ],
    "created_at": "2016-06-21 06:54:42.761000+00:00",
    "description": "None",
    "dev_url": {},
    "doc_url": {},
    "files": [
        {
            "attrs": {
                "arch": "x86_64",
                "build": "0",
                "build_number": 0,
                "depends": [
                    "perl-number-format",
                    "perl-scalar-list-utils",
                    "perl-threaded"
                ],
                "license": "open_source",
                "machine": "x86_64",
                "operatingsystem": "linux",
                "platform": "linux",
                "subdir": "linux-64",
                "target-triplet": "x86_64-any-linux"
            },
            "basename": "linux-64/perl-statistics-basic-1.6611-0.tar.bz2",
            "dependencies": {
                "depends": [
                    {
                        "name": "perl-number-format",
                        "specs": []
                    },
                    {
                        "name": "perl-scalar-list-utils",
                        "specs": []
                    },
                    {
                        "name": "perl-threaded",
                        "specs": []
                    }
                ]
            },
            "description": null,
            "distribution_type": "conda",
            "download_url": "//api.anaconda.org/download/bioconda/perl-statistics-basic/1.6611/linux-64/perl-statistics-basic-1.6611-0.tar.bz2",
            "full_name": "bioconda/perl-statistics-basic/1.6611/linux-64/perl-statistics-basic-1.6611-0.tar.bz2",
            "labels": [
                "main",
                "cf201901"
            ],
            "md5": "508ceea7c41a2faf36e40da5eb67304b",
            "ndownloads": 699,
            "owner": "bioconda",
            "size": 19322,
            "type": "conda",
            "upload_time": "2016-06-21 06:54:43.164000+00:00",
            "version": "1.6611"
        },
        {
            "attrs": {
                "arch": "x86_64",
                "build": "1",
                "build_number": 1,
                "depends": [
                    "perl-number-format",
                    "perl-scalar-list-utils",
                    "perl-threaded"
                ],
                "license": "open_source",
                "machine": "x86_64",
                "operatingsystem": "linux",
                "platform": "linux",
                "subdir": "linux-64",
                "target-triplet": "x86_64-any-linux"
            },
            "basename": "linux-64/perl-statistics-basic-1.6611-1.tar.bz2",
            "dependencies": {
                "depends": [
                    {
                        "name": "perl-number-format",
                        "specs": []
                    },
                    {
                        "name": "perl-scalar-list-utils",
                        "specs": []
                    },
                    {
                        "name": "perl-threaded",
                        "specs": []
                    }
                ]
            },
            "description": null,
            "distribution_type": "conda",
            "download_url": "//api.anaconda.org/download/bioconda/perl-statistics-basic/1.6611/linux-64/perl-statistics-basic-1.6611-1.tar.bz2",
            "full_name": "bioconda/perl-statistics-basic/1.6611/linux-64/perl-statistics-basic-1.6611-1.tar.bz2",
            "labels": [
                "main",
                "cf201901"
            ],
            "md5": "0fa113b03100f4ce2ed52c6ccab23d44",
            "ndownloads": 4452,
            "owner": "bioconda",
            "size": 19371,
            "type": "conda",
            "upload_time": "2016-08-24 10:13:16.030000+00:00",
            "version": "1.6611"
        },
        {
            "attrs": {
                "arch": "x86_64",
                "build": "0",
                "build_number": 0,
                "depends": [
                    "perl-number-format",
                    "perl-scalar-list-utils",
                    "perl-threaded"
                ],
                "license": "open_source",
                "machine": "x86_64",
                "operatingsystem": "darwin",
                "platform": "osx",
                "subdir": "osx-64",
                "target-triplet": "x86_64-any-darwin"
            },
            "basename": "osx-64/perl-statistics-basic-1.6611-0.tar.bz2",
            "dependencies": {
                "depends": [
                    {
                        "name": "perl-number-format",
                        "specs": []
                    },
                    {
                        "name": "perl-scalar-list-utils",
                        "specs": []
                    },
                    {
                        "name": "perl-threaded",
                        "specs": []
                    }
                ]
            },
            "description": null,
            "distribution_type": "conda",
            "download_url": "//api.anaconda.org/download/bioconda/perl-statistics-basic/1.6611/osx-64/perl-statistics-basic-1.6611-0.tar.bz2",
            "full_name": "bioconda/perl-statistics-basic/1.6611/osx-64/perl-statistics-basic-1.6611-0.tar.bz2",
            "labels": [
                "main",
                "cf201901"
            ],
            "md5": "58dc7f4eec86f0551a94e20f36848343",
            "ndownloads": 2487,
            "owner": "bioconda",
            "size": 27641,
            "type": "conda",
            "upload_time": "2016-06-21 07:06:02.498000+00:00",
            "version": "1.6611"
        },
        {
            "attrs": {
                "arch": "x86_64",
                "build": "pl526_2",
                "build_number": 2,
                "depends": [
                    "perl >=5.26.2,<5.27.0a0",
                    "perl-number-format",
                    "perl-scalar-list-utils"
                ],
                "has_prefix": true,
                "license": "open_source",
                "machine": "x86_64",
                "operatingsystem": "linux",
                "platform": "linux",
                "subdir": "linux-64",
                "target-triplet": "x86_64-any-linux",
                "timestamp": 1531064968333
            },
            "basename": "linux-64/perl-statistics-basic-1.6611-pl526_2.tar.bz2",
            "dependencies": {
                "depends": [
                    {
                        "name": "perl",
                        "specs": [
                            [
                                ">=",
                                "5.26.2,<5.27.0a0"
                            ]
                        ]
                    },
                    {
                        "name": "perl-number-format",
                        "specs": []
                    },
                    {
                        "name": "perl-scalar-list-utils",
                        "specs": []
                    }
                ]
            },
            "description": null,
            "distribution_type": "conda",
            "download_url": "//api.anaconda.org/download/bioconda/perl-statistics-basic/1.6611/linux-64/perl-statistics-basic-1.6611-pl526_2.tar.bz2",
            "full_name": "bioconda/perl-statistics-basic/1.6611/linux-64/perl-statistics-basic-1.6611-pl526_2.tar.bz2",
            "labels": [
                "main",
                "cf201901"
            ],
            "md5": "8dba2a6759633ea44783046b19fcc582",
            "ndownloads": 8105,
            "owner": "bioconda",
            "size": 32479,
            "type": "conda",
            "upload_time": "2018-07-08 15:50:58.395000+00:00",
            "version": "1.6611"
        }
    ],
    "full_name": "bioconda/perl-statistics-basic",
    "home": "None",
    "html_url": "http://anaconda.org/bioconda/perl-statistics-basic",
    "id": "5768e4b227079810c96a4286",
    "latest_version": "1.6611",
    "license": "open_source",
    "license_url": {},
    "modified_at": "2018-07-08 15:50:58.760000+00:00",
    "name": "perl-statistics-basic",
    "owner": {
        "company": "",
        "created_at": "2015-09-11 22:59:20.880000+00:00",
        "description": "Bioconda is a distribution of bioinformatics software realized as a channel for the versatile Conda package manager.",
        "location": "",
        "login": "bioconda",
        "name": "bioconda",
        "url": "",
        "user_type": "org"
    },
    "package_types": [
        "conda"
    ],
    "public": true,
    "releases": [
        {
            "distributions": [
                "linux-64/perl-statistics-basic-1.6611-0.tar.bz2",
                "osx-64/perl-statistics-basic-1.6611-0.tar.bz2"
            ],
            "full_name": "bioconda/perl-statistics-basic/1.6611",
            "version": "1.6611"
        }
    ],
    "revision": 3,
    "source_git_tag": {},
    "source_git_url": {},
    "summary": "",
    "upvoted": 0,
    "url": "http://api.anaconda.org/packages/bioconda/perl-statistics-basic",
    "versions": [
        "1.6611"
    ],
    "watchers": 1
}