{
    "app_entry": {},
    "app_summary": {},
    "app_type": {},
    "builds": [
        "pl526_0"
    ],
    "conda_platforms": [
        "linux-64",
        "osx-64"
    ],
    "created_at": "2018-07-19 22:39:11.420000+00:00",
    "description": "",
    "dev_url": null,
    "doc_url": null,
    "files": [
        {
            "attrs": {
                "arch": "x86_64",
                "build": "pl526_0",
                "build_number": 0,
                "depends": [
                    "perl >=5.26.2,<5.26.3.0a0"
                ],
                "has_prefix": true,
                "license": "unknown",
                "machine": "x86_64",
                "operatingsystem": "darwin",
                "platform": "osx",
                "subdir": "osx-64",
                "target-triplet": "x86_64-any-darwin",
                "timestamp": 1532039935961
            },
            "basename": "osx-64/perl-class-singleton-1.5-pl526_0.tar.bz2",
            "dependencies": {
                "depends": [
                    {
                        "name": "perl",
                        "specs": [
                            [
                                ">=",
                                "5.26.2,<5.26.3.0a0"
                            ]
                        ]
                    }
                ]
            },
            "description": null,
            "distribution_type": "conda",
            "download_url": "//api.anaconda.org/download/bioconda/perl-class-singleton/1.5/osx-64/perl-class-singleton-1.5-pl526_0.tar.bz2",
            "full_name": "bioconda/perl-class-singleton/1.5/osx-64/perl-class-singleton-1.5-pl526_0.tar.bz2",
            "labels": [
                "main",
                "cf201901"
            ],
            "md5": "146d5eae42474f32c194344337d439f9",
            "ndownloads": 746,
            "owner": "bioconda",
            "size": 11275,
            "type": "conda",
            "upload_time": "2018-07-19 22:39:12.770000+00:00",
            "version": "1.5"
        },
        {
            "attrs": {
                "arch": "x86_64",
                "build": "pl526_0",
                "build_number": 0,
                "depends": [
                    "perl >=5.26.2,<5.26.3.0a0"
                ],
                "has_prefix": true,
                "license": "unknown",
                "machine": "x86_64",
                "operatingsystem": "linux",
                "platform": "linux",
                "subdir": "linux-64",
                "target-triplet": "x86_64-any-linux",
                "timestamp": 1532039885112
            },
            "basename": "linux-64/perl-class-singleton-1.5-pl526_0.tar.bz2",
            "dependencies": {
                "depends": [
                    {
                        "name": "perl",
                        "specs": [
                            [
                                ">=",
                                "5.26.2,<5.26.3.0a0"
                            ]
                        ]
                    }
                ]
            },
            "description": null,
            "distribution_type": "conda",
            "download_url": "//api.anaconda.org/download/bioconda/perl-class-singleton/1.5/linux-64/perl-class-singleton-1.5-pl526_0.tar.bz2",
            "full_name": "bioconda/perl-class-singleton/1.5/linux-64/perl-class-singleton-1.5-pl526_0.tar.bz2",
            "labels": [
                "main",
                "cf201901"
            ],
            "md5": "3b220ede10fba0232ffde20dac1a8c82",
            "ndownloads": 245,
            "owner": "bioconda",
            "size": 11119,
            "type": "conda",
            "upload_time": "2018-07-19 22:39:23.095000+00:00",
            "version": "1.5"
        }
    ],
    "full_name": "bioconda/perl-class-singleton",
    "home": "http://metacpan.org/pod/Class::Singleton",
    "html_url": "http://anaconda.org/bioconda/perl-class-singleton",
    "id": "5b51130f0219ba1324d1f9af",
    "latest_version": "1.5",
    "license": "unknown",
    "license_url": null,
    "modified_at": "2018-07-19 22:39:23.563000+00:00",
    "name": "perl-class-singleton",
    "owner": {
        "company": "",
        "created_at": "2015-09-11 22:59:20.880000+00:00",
        "description": "Bioconda is a distribution of bioinformatics software realized as a channel for the versatile Conda package manager.",
        "location": "",
        "login": "bioconda",
        "name": "bioconda",
        "url": "",
        "user_type": "org"
    },
    "package_types": [
        "conda"
    ],
    "public": true,
    "releases": [
        {
            "distributions": [],
            "full_name": "bioconda/perl-class-singleton/1.5",
            "version": "1.5"
        }
    ],
    "revision": 2,
    "source_git_tag": null,
    "source_git_url": null,
    "summary": "Base class for creating singleton objects",
    "upvoted": 0,
    "url": "http://api.anaconda.org/packages/bioconda/perl-class-singleton",
    "versions": [
        "1.5"
    ],
    "watchers": 1
}