{
    "app_entry": {},
    "app_summary": {},
    "app_type": {},
    "builds": [
        "pl526_0"
    ],
    "conda_platforms": [
        "linux-64",
        "osx-64"
    ],
    "created_at": "2019-01-10 10:49:03.523000+00:00",
    "description": "",
    "dev_url": null,
    "doc_url": null,
    "files": [
        {
            "attrs": {
                "arch": "x86_64",
                "build": "pl526_0",
                "build_number": 0,
                "depends": [
                    "perl >=5.26.2,<5.26.3.0a0",
                    "perl-extutils-makemaker",
                    "perl-module-build"
                ],
                "has_prefix": true,
                "license": "perl_5",
                "machine": "x86_64",
                "operatingsystem": "darwin",
                "platform": "osx",
                "subdir": "osx-64",
                "target-triplet": "x86_64-any-darwin",
                "timestamp": 1547117328445
            },
            "basename": "osx-64/perl-local-lib-2.000024-pl526_0.tar.bz2",
            "dependencies": {
                "depends": [
                    {
                        "name": "perl",
                        "specs": [
                            [
                                ">=",
                                "5.26.2,<5.26.3.0a0"
                            ]
                        ]
                    },
                    {
                        "name": "perl-extutils-makemaker",
                        "specs": []
                    },
                    {
                        "name": "perl-module-build",
                        "specs": []
                    }
                ]
            },
            "description": null,
            "distribution_type": "conda",
            "download_url": "//api.anaconda.org/download/bioconda/perl-local-lib/2.000024/osx-64/perl-local-lib-2.000024-pl526_0.tar.bz2",
            "full_name": "bioconda/perl-local-lib/2.000024/osx-64/perl-local-lib-2.000024-pl526_0.tar.bz2",
            "labels": [
                "main",
                "cf201901"
            ],
            "md5": "db9f260c9be2e88446eb4d4f49ba56b5",
            "ndownloads": 798,
            "owner": "bioconda",
            "size": 39592,
            "type": "conda",
            "upload_time": "2019-01-10 10:49:04.541000+00:00",
            "version": "2.000024"
        },
        {
            "attrs": {
                "arch": "x86_64",
                "build": "pl526_0",
                "build_number": 0,
                "depends": [
                    "perl >=5.26.2,<5.26.3.0a0",
                    "perl-extutils-makemaker",
                    "perl-module-build"
                ],
                "has_prefix": true,
                "license": "perl_5",
                "machine": "x86_64",
                "operatingsystem": "linux",
                "platform": "linux",
                "subdir": "linux-64",
                "target-triplet": "x86_64-any-linux",
                "timestamp": 1547117507368
            },
            "basename": "linux-64/perl-local-lib-2.000024-pl526_0.tar.bz2",
            "dependencies": {
                "depends": [
                    {
                        "name": "perl",
                        "specs": [
                            [
                                ">=",
                                "5.26.2,<5.26.3.0a0"
                            ]
                        ]
                    },
                    {
                        "name": "perl-extutils-makemaker",
                        "specs": []
                    },
                    {
                        "name": "perl-module-build",
                        "specs": []
                    }
                ]
            },
            "description": null,
            "distribution_type": "conda",
            "download_url": "//api.anaconda.org/download/bioconda/perl-local-lib/2.000024/linux-64/perl-local-lib-2.000024-pl526_0.tar.bz2",
            "full_name": "bioconda/perl-local-lib/2.000024/linux-64/perl-local-lib-2.000024-pl526_0.tar.bz2",
            "labels": [
                "main",
                "cf201901"
            ],
            "md5": "fc3157365fefb71a133aa2e47f2a559f",
            "ndownloads": 977,
            "owner": "bioconda",
            "size": 40131,
            "type": "conda",
            "upload_time": "2019-01-10 10:54:16.260000+00:00",
            "version": "2.000024"
        }
    ],
    "full_name": "bioconda/perl-local-lib",
    "home": "http://metacpan.org/pod/local::lib",
    "html_url": "http://anaconda.org/bioconda/perl-local-lib",
    "id": "5c37231f37f339207ac1f1bc",
    "latest_version": "2.000024",
    "license": "perl_5",
    "license_url": null,
    "modified_at": "2019-01-10 10:54:17.057000+00:00",
    "name": "perl-local-lib",
    "owner": {
        "company": "",
        "created_at": "2015-09-11 22:59:20.880000+00:00",
        "description": "Bioconda is a distribution of bioinformatics software realized as a channel for the versatile Conda package manager.",
        "location": "",
        "login": "bioconda",
        "name": "bioconda",
        "url": "",
        "user_type": "org"
    },
    "package_types": [
        "conda"
    ],
    "public": true,
    "releases": [
        {
            "distributions": [],
            "full_name": "bioconda/perl-local-lib/2.000024",
            "version": "2.000024"
        }
    ],
    "revision": 2,
    "source_git_tag": null,
    "source_git_url": null,
    "summary": "create and use a local lib/ for perl modules with PERL5LIB",
    "upvoted": 0,
    "url": "http://api.anaconda.org/packages/bioconda/perl-local-lib",
    "versions": [
        "2.000024"
    ],
    "watchers": 1
}