{
    "app_entry": {},
    "app_summary": {},
    "app_type": {},
    "builds": [
        "pl526_0"
    ],
    "conda_platforms": [
        "linux-64",
        "osx-64"
    ],
    "created_at": "2019-05-13 11:28:11.694000+00:00",
    "description": "",
    "dev_url": null,
    "doc_url": null,
    "files": [
        {
            "attrs": {
                "arch": "x86_64",
                "build": "pl526_0",
                "build_number": 0,
                "depends": [
                    "perl >=5.26.2,<5.26.3.0a0",
                    "perl-math-bigint",
                    "perl-math-bigrat"
                ],
                "has_prefix": true,
                "license": "perl_5",
                "machine": "x86_64",
                "operatingsystem": "linux",
                "platform": "linux",
                "subdir": "linux-64",
                "target-triplet": "x86_64-any-linux",
                "timestamp": 1557746786732
            },
            "basename": "linux-64/perl-bignum-0.51-pl526_0.tar.bz2",
            "dependencies": {
                "depends": [
                    {
                        "name": "perl",
                        "specs": [
                            [
                                ">=",
                                "5.26.2,<5.26.3.0a0"
                            ]
                        ]
                    },
                    {
                        "name": "perl-math-bigint",
                        "specs": []
                    },
                    {
                        "name": "perl-math-bigrat",
                        "specs": []
                    }
                ]
            },
            "description": null,
            "distribution_type": "conda",
            "download_url": "//api.anaconda.org/download/bioconda/perl-bignum/0.51/linux-64/perl-bignum-0.51-pl526_0.tar.bz2",
            "full_name": "bioconda/perl-bignum/0.51/linux-64/perl-bignum-0.51-pl526_0.tar.bz2",
            "labels": [
                "main"
            ],
            "md5": "2f99200637255894d14a93858a1d6534",
            "ndownloads": 83,
            "owner": "bioconda",
            "size": 18044,
            "type": "conda",
            "upload_time": "2019-05-13 11:28:12.319000+00:00",
            "version": "0.51"
        },
        {
            "attrs": {
                "arch": "x86_64",
                "build": "pl526_0",
                "build_number": 0,
                "depends": [
                    "perl >=5.26.2,<5.26.3.0a0",
                    "perl-math-bigint",
                    "perl-math-bigrat"
                ],
                "has_prefix": true,
                "license": "perl_5",
                "machine": "x86_64",
                "operatingsystem": "darwin",
                "platform": "osx",
                "subdir": "osx-64",
                "target-triplet": "x86_64-any-darwin",
                "timestamp": 1557747557155
            },
            "basename": "osx-64/perl-bignum-0.51-pl526_0.tar.bz2",
            "dependencies": {
                "depends": [
                    {
                        "name": "perl",
                        "specs": [
                            [
                                ">=",
                                "5.26.2,<5.26.3.0a0"
                            ]
                        ]
                    },
                    {
                        "name": "perl-math-bigint",
                        "specs": []
                    },
                    {
                        "name": "perl-math-bigrat",
                        "specs": []
                    }
                ]
            },
            "description": null,
            "distribution_type": "conda",
            "download_url": "//api.anaconda.org/download/bioconda/perl-bignum/0.51/osx-64/perl-bignum-0.51-pl526_0.tar.bz2",
            "full_name": "bioconda/perl-bignum/0.51/osx-64/perl-bignum-0.51-pl526_0.tar.bz2",
            "labels": [
                "main"
            ],
            "md5": "8390edf01f1d037ffccdd510cdc9bcd7",
            "ndownloads": 489,
            "owner": "bioconda",
            "size": 17964,
            "type": "conda",
            "upload_time": "2019-05-13 11:39:36.882000+00:00",
            "version": "0.51"
        }
    ],
    "full_name": "bioconda/perl-bignum",
    "home": "http://metacpan.org/pod/bignum",
    "html_url": "http://anaconda.org/bioconda/perl-bignum",
    "id": "5cd954cb2cff0315708ddc5b",
    "latest_version": "0.51",
    "license": "perl_5",
    "license_url": null,
    "modified_at": "2019-05-13 11:39:37.476000+00:00",
    "name": "perl-bignum",
    "owner": {
        "company": "",
        "created_at": "2015-09-11 22:59:20.880000+00:00",
        "description": "Bioconda is a distribution of bioinformatics software realized as a channel for the versatile Conda package manager.",
        "location": "",
        "login": "bioconda",
        "name": "bioconda",
        "url": "",
        "user_type": "org"
    },
    "package_types": [
        "conda"
    ],
    "public": true,
    "releases": [
        {
            "distributions": [],
            "full_name": "bioconda/perl-bignum/0.51",
            "version": "0.51"
        }
    ],
    "revision": 2,
    "source_git_tag": null,
    "source_git_url": null,
    "summary": "Transparent BigNumber support for Perl",
    "upvoted": 0,
    "url": "http://api.anaconda.org/packages/bioconda/perl-bignum",
    "versions": [
        "0.51"
    ],
    "watchers": 1
}