{
    "app_entry": {},
    "app_summary": {},
    "app_type": {},
    "builds": [
        "pl526_0"
    ],
    "conda_platforms": [
        "noarch"
    ],
    "created_at": "2019-09-21 06:33:21.595000+00:00",
    "description": "",
    "dev_url": null,
    "doc_url": null,
    "files": [
        {
            "attrs": {
                "arch": null,
                "build": "pl526_0",
                "build_number": 0,
                "depends": [
                    "perl >=5.26.2,<5.26.3.0a0",
                    "perl-carp",
                    "perl-mime-base64",
                    "perl-socket",
                    "perl-time-local"
                ],
                "has_prefix": false,
                "license": "perl_5",
                "machine": null,
                "noarch": "generic",
                "operatingsystem": null,
                "platform": null,
                "subdir": "noarch",
                "target-triplet": "None-any-None",
                "timestamp": 1569047493769
            },
            "basename": "noarch/perl-http-tiny-0.076-pl526_0.tar.bz2",
            "dependencies": {
                "depends": [
                    {
                        "name": "perl",
                        "specs": [
                            [
                                ">=",
                                "5.26.2,<5.26.3.0a0"
                            ]
                        ]
                    },
                    {
                        "name": "perl-carp",
                        "specs": []
                    },
                    {
                        "name": "perl-mime-base64",
                        "specs": []
                    },
                    {
                        "name": "perl-socket",
                        "specs": []
                    },
                    {
                        "name": "perl-time-local",
                        "specs": []
                    }
                ]
            },
            "description": null,
            "distribution_type": "conda",
            "download_url": "//api.anaconda.org/download/bioconda/perl-http-tiny/0.076/noarch/perl-http-tiny-0.076-pl526_0.tar.bz2",
            "full_name": "bioconda/perl-http-tiny/0.076/noarch/perl-http-tiny-0.076-pl526_0.tar.bz2",
            "labels": [
                "main"
            ],
            "md5": "bb5021516242e833f0f8f372010d290a",
            "ndownloads": 24,
            "owner": "bioconda",
            "size": 25864,
            "type": "conda",
            "upload_time": "2019-09-21 06:33:22.447000+00:00",
            "version": "0.076"
        }
    ],
    "full_name": "bioconda/perl-http-tiny",
    "home": "https://github.com/chansen/p5-http-tiny",
    "html_url": "http://anaconda.org/bioconda/perl-http-tiny",
    "id": "5d85c4317870580c527791f2",
    "latest_version": "0.076",
    "license": "perl_5",
    "license_url": null,
    "modified_at": "2019-09-21 06:33:22.792000+00:00",
    "name": "perl-http-tiny",
    "owner": {
        "company": "",
        "created_at": "2015-09-11 22:59:20.880000+00:00",
        "description": "Bioconda is a distribution of bioinformatics software realized as a channel for the versatile Conda package manager.",
        "location": "",
        "login": "bioconda",
        "name": "bioconda",
        "url": "",
        "user_type": "org"
    },
    "package_types": [
        "conda"
    ],
    "public": true,
    "releases": [
        {
            "distributions": [],
            "full_name": "bioconda/perl-http-tiny/0.076",
            "version": "0.076"
        }
    ],
    "revision": 2,
    "source_git_tag": null,
    "source_git_url": null,
    "summary": "A small, simple, correct HTTP/1.1 client",
    "upvoted": 0,
    "url": "http://api.anaconda.org/packages/bioconda/perl-http-tiny",
    "versions": [
        "0.076"
    ],
    "watchers": 1
}