{
    "app_entry": {},
    "app_summary": {},
    "app_type": {},
    "builds": [
        "pl526_0"
    ],
    "conda_platforms": [
        "linux-64",
        "osx-64"
    ],
    "created_at": "2018-08-21 20:24:57.407000+00:00",
    "description": "",
    "dev_url": null,
    "doc_url": null,
    "files": [
        {
            "attrs": {
                "arch": "x86_64",
                "build": "pl526_0",
                "build_number": 0,
                "depends": [
                    "perl >=5.26.2,<5.26.3.0a0"
                ],
                "has_prefix": true,
                "license": "perl_5",
                "machine": "x86_64",
                "operatingsystem": "linux",
                "platform": "linux",
                "subdir": "linux-64",
                "target-triplet": "x86_64-any-linux",
                "timestamp": 1534883351846
            },
            "basename": "linux-64/perl-module-util-1.09-pl526_0.tar.bz2",
            "dependencies": {
                "depends": [
                    {
                        "name": "perl",
                        "specs": [
                            [
                                ">=",
                                "5.26.2,<5.26.3.0a0"
                            ]
                        ]
                    }
                ]
            },
            "description": null,
            "distribution_type": "conda",
            "download_url": "//api.anaconda.org/download/bioconda/perl-module-util/1.09/linux-64/perl-module-util-1.09-pl526_0.tar.bz2",
            "full_name": "bioconda/perl-module-util/1.09/linux-64/perl-module-util-1.09-pl526_0.tar.bz2",
            "labels": [
                "main",
                "cf201901"
            ],
            "md5": "3ee136fe387d33665f0fa5ce5fb16b4e",
            "ndownloads": 306,
            "owner": "bioconda",
            "size": 13787,
            "type": "conda",
            "upload_time": "2018-08-21 20:30:29.402000+00:00",
            "version": "1.09"
        },
        {
            "attrs": {
                "arch": "x86_64",
                "build": "pl526_0",
                "build_number": 0,
                "depends": [
                    "perl >=5.26.2,<5.26.3.0a0"
                ],
                "has_prefix": true,
                "license": "perl_5",
                "machine": "x86_64",
                "operatingsystem": "darwin",
                "platform": "osx",
                "subdir": "osx-64",
                "target-triplet": "x86_64-any-darwin",
                "timestamp": 1534883083317
            },
            "basename": "osx-64/perl-module-util-1.09-pl526_0.tar.bz2",
            "dependencies": {
                "depends": [
                    {
                        "name": "perl",
                        "specs": [
                            [
                                ">=",
                                "5.26.2,<5.26.3.0a0"
                            ]
                        ]
                    }
                ]
            },
            "description": null,
            "distribution_type": "conda",
            "download_url": "//api.anaconda.org/download/bioconda/perl-module-util/1.09/osx-64/perl-module-util-1.09-pl526_0.tar.bz2",
            "full_name": "bioconda/perl-module-util/1.09/osx-64/perl-module-util-1.09-pl526_0.tar.bz2",
            "labels": [
                "main",
                "cf201901"
            ],
            "md5": "e14b92b2b8052b8dc627bc2e387203a0",
            "ndownloads": 773,
            "owner": "bioconda",
            "size": 13904,
            "type": "conda",
            "upload_time": "2018-08-21 20:24:58.318000+00:00",
            "version": "1.09"
        }
    ],
    "full_name": "bioconda/perl-module-util",
    "home": "http://metacpan.org/pod/Module::Util",
    "html_url": "http://anaconda.org/bioconda/perl-module-util",
    "id": "5b7c7519c77f6a135fe633fd",
    "latest_version": "1.09",
    "license": "perl_5",
    "license_url": null,
    "modified_at": "2018-08-21 20:30:29.832000+00:00",
    "name": "perl-module-util",
    "owner": {
        "company": "",
        "created_at": "2015-09-11 22:59:20.880000+00:00",
        "description": "Bioconda is a distribution of bioinformatics software realized as a channel for the versatile Conda package manager.",
        "location": "",
        "login": "bioconda",
        "name": "bioconda",
        "url": "",
        "user_type": "org"
    },
    "package_types": [
        "conda"
    ],
    "public": true,
    "releases": [
        {
            "distributions": [],
            "full_name": "bioconda/perl-module-util/1.09",
            "version": "1.09"
        }
    ],
    "revision": 2,
    "source_git_tag": null,
    "source_git_url": null,
    "summary": "Module name tools and transformations",
    "upvoted": 0,
    "url": "http://api.anaconda.org/packages/bioconda/perl-module-util",
    "versions": [
        "1.09"
    ],
    "watchers": 1
}