{
    "app_entry": {},
    "app_summary": {},
    "app_type": {},
    "builds": [
        "0"
    ],
    "conda_platforms": [
        "noarch"
    ],
    "created_at": "2020-01-28 08:26:17.142000+00:00",
    "description": "",
    "dev_url": "https://github.com/tseemann/phastaf",
    "doc_url": null,
    "files": [
        {
            "attrs": {
                "arch": null,
                "build": "0",
                "build_number": 0,
                "depends": [
                    "any2fasta >=0.4",
                    "bedtools >=2.0",
                    "coreutils",
                    "diamond >=0.9",
                    "perl"
                ],
                "has_prefix": false,
                "license": "GPLv3",
                "license_family": "GPL",
                "machine": null,
                "noarch": "generic",
                "operatingsystem": null,
                "platform": null,
                "subdir": "noarch",
                "target-triplet": "None-any-None",
                "timestamp": 1580199375893
            },
            "basename": "noarch/phastaf-0.1.0-0.tar.bz2",
            "dependencies": {
                "depends": [
                    {
                        "name": "any2fasta",
                        "specs": [
                            [
                                ">=",
                                "0.4"
                            ]
                        ]
                    },
                    {
                        "name": "bedtools",
                        "specs": [
                            [
                                ">=",
                                "2.0"
                            ]
                        ]
                    },
                    {
                        "name": "coreutils",
                        "specs": []
                    },
                    {
                        "name": "diamond",
                        "specs": [
                            [
                                ">=",
                                "0.9"
                            ]
                        ]
                    },
                    {
                        "name": "perl",
                        "specs": []
                    }
                ]
            },
            "description": null,
            "distribution_type": "conda",
            "download_url": "//api.anaconda.org/download/bioconda/phastaf/0.1.0/noarch/phastaf-0.1.0-0.tar.bz2",
            "full_name": "bioconda/phastaf/0.1.0/noarch/phastaf-0.1.0-0.tar.bz2",
            "labels": [
                "main"
            ],
            "md5": "b03a12b991fb8fd376aa8b5c1f11cbee",
            "ndownloads": 13,
            "owner": "bioconda",
            "size": 13611349,
            "type": "conda",
            "upload_time": "2020-01-28 08:26:17.896000+00:00",
            "version": "0.1.0"
        }
    ],
    "full_name": "bioconda/phastaf",
    "home": "https://github.com/tseemann/phastaf",
    "html_url": "http://anaconda.org/bioconda/phastaf",
    "id": "5e2ff02978705817c2c02b84",
    "latest_version": "0.1.0",
    "license": "GPLv3",
    "license_url": null,
    "modified_at": "2020-01-28 08:26:18.619000+00:00",
    "name": "phastaf",
    "owner": {
        "company": "",
        "created_at": "2015-09-11 22:59:20.880000+00:00",
        "description": "Bioconda is a distribution of bioinformatics software realized as a channel for the versatile Conda package manager.",
        "location": "",
        "login": "bioconda",
        "name": "bioconda",
        "url": "",
        "user_type": "org"
    },
    "package_types": [
        "conda"
    ],
    "public": true,
    "releases": [
        {
            "distributions": [],
            "full_name": "bioconda/phastaf/0.1.0",
            "version": "0.1.0"
        }
    ],
    "revision": 2,
    "source_git_tag": null,
    "source_git_url": null,
    "summary": "Identify phage regions in bacterial genomes for masking purposes",
    "upvoted": 0,
    "url": "http://api.anaconda.org/packages/bioconda/phastaf",
    "versions": [
        "0.1.0"
    ],
    "watchers": 1
}