{
    "app_entry": {},
    "app_summary": {},
    "app_type": {},
    "builds": [
        "py27_0",
        "py35_0",
        "py34_0"
    ],
    "conda_platforms": [
        "linux-64",
        "osx-64"
    ],
    "created_at": "2016-01-29 13:32:18.424000+00:00",
    "description": "None",
    "dev_url": {},
    "doc_url": {},
    "files": [
        {
            "attrs": {
                "arch": "x86_64",
                "build": "py34_0",
                "build_number": 0,
                "depends": [
                    "python 3.4*"
                ],
                "license": "Apache Software License",
                "machine": "x86_64",
                "operatingsystem": "linux",
                "platform": "linux",
                "subdir": "linux-64",
                "target-triplet": "x86_64-any-linux"
            },
            "basename": "linux-64/phonenumbers-7.2.4-py34_0.tar.bz2",
            "dependencies": {
                "depends": [
                    {
                        "name": "python",
                        "specs": [
                            [
                                "==",
                                "3.4"
                            ]
                        ]
                    }
                ]
            },
            "description": null,
            "distribution_type": "conda",
            "download_url": "//api.anaconda.org/download/bioconda/phonenumbers/7.2.4/linux-64/phonenumbers-7.2.4-py34_0.tar.bz2",
            "full_name": "bioconda/phonenumbers/7.2.4/linux-64/phonenumbers-7.2.4-py34_0.tar.bz2",
            "labels": [
                "main",
                "cf201901"
            ],
            "md5": "6ba0eb8619c872cca19060bdf3d45043",
            "ndownloads": 477,
            "owner": "bioconda",
            "size": 4910729,
            "type": "conda",
            "upload_time": "2016-01-29 13:32:18.687000+00:00",
            "version": "7.2.4"
        },
        {
            "attrs": {
                "arch": "x86_64",
                "build": "py27_0",
                "build_number": 0,
                "depends": [
                    "python 2.7*"
                ],
                "license": "Apache Software License",
                "machine": "x86_64",
                "operatingsystem": "linux",
                "platform": "linux",
                "subdir": "linux-64",
                "target-triplet": "x86_64-any-linux"
            },
            "basename": "linux-64/phonenumbers-7.2.4-py27_0.tar.bz2",
            "dependencies": {
                "depends": [
                    {
                        "name": "python",
                        "specs": [
                            [
                                "==",
                                "2.7"
                            ]
                        ]
                    }
                ]
            },
            "description": null,
            "distribution_type": "conda",
            "download_url": "//api.anaconda.org/download/bioconda/phonenumbers/7.2.4/linux-64/phonenumbers-7.2.4-py27_0.tar.bz2",
            "full_name": "bioconda/phonenumbers/7.2.4/linux-64/phonenumbers-7.2.4-py27_0.tar.bz2",
            "labels": [
                "main",
                "cf201901"
            ],
            "md5": "3bd98631ac5e523934785bd520ab66c7",
            "ndownloads": 790,
            "owner": "bioconda",
            "size": 4972123,
            "type": "conda",
            "upload_time": "2016-01-29 13:32:21.223000+00:00",
            "version": "7.2.4"
        },
        {
            "attrs": {
                "arch": "x86_64",
                "build": "py35_0",
                "build_number": 0,
                "depends": [
                    "python 3.5*"
                ],
                "license": "Apache Software License",
                "machine": "x86_64",
                "operatingsystem": "linux",
                "platform": "linux",
                "subdir": "linux-64",
                "target-triplet": "x86_64-any-linux"
            },
            "basename": "linux-64/phonenumbers-7.2.4-py35_0.tar.bz2",
            "dependencies": {
                "depends": [
                    {
                        "name": "python",
                        "specs": [
                            [
                                "==",
                                "3.5"
                            ]
                        ]
                    }
                ]
            },
            "description": null,
            "distribution_type": "conda",
            "download_url": "//api.anaconda.org/download/bioconda/phonenumbers/7.2.4/linux-64/phonenumbers-7.2.4-py35_0.tar.bz2",
            "full_name": "bioconda/phonenumbers/7.2.4/linux-64/phonenumbers-7.2.4-py35_0.tar.bz2",
            "labels": [
                "main",
                "cf201901"
            ],
            "md5": "7bf13ad38c95cfd86d391c752d56025a",
            "ndownloads": 517,
            "owner": "bioconda",
            "size": 4905853,
            "type": "conda",
            "upload_time": "2016-01-29 13:32:23.837000+00:00",
            "version": "7.2.4"
        },
        {
            "attrs": {
                "arch": "x86_64",
                "build": "py34_0",
                "build_number": 0,
                "depends": [
                    "python 3.4*"
                ],
                "license": "Apache Software License",
                "machine": "x86_64",
                "operatingsystem": "darwin",
                "platform": "osx",
                "subdir": "osx-64",
                "target-triplet": "x86_64-any-darwin"
            },
            "basename": "osx-64/phonenumbers-7.2.4-py34_0.tar.bz2",
            "dependencies": {
                "depends": [
                    {
                        "name": "python",
                        "specs": [
                            [
                                "==",
                                "3.4"
                            ]
                        ]
                    }
                ]
            },
            "description": null,
            "distribution_type": "conda",
            "download_url": "//api.anaconda.org/download/bioconda/phonenumbers/7.2.4/osx-64/phonenumbers-7.2.4-py34_0.tar.bz2",
            "full_name": "bioconda/phonenumbers/7.2.4/osx-64/phonenumbers-7.2.4-py34_0.tar.bz2",
            "labels": [
                "main",
                "cf201901"
            ],
            "md5": "ba2c20e6f3eb24ea60940a68c8c89d1f",
            "ndownloads": 78,
            "owner": "bioconda",
            "size": 4897725,
            "type": "conda",
            "upload_time": "2016-01-29 13:34:50.532000+00:00",
            "version": "7.2.4"
        },
        {
            "attrs": {
                "arch": "x86_64",
                "build": "py27_0",
                "build_number": 0,
                "depends": [
                    "python 2.7*"
                ],
                "license": "Apache Software License",
                "machine": "x86_64",
                "operatingsystem": "darwin",
                "platform": "osx",
                "subdir": "osx-64",
                "target-triplet": "x86_64-any-darwin"
            },
            "basename": "osx-64/phonenumbers-7.2.4-py27_0.tar.bz2",
            "dependencies": {
                "depends": [
                    {
                        "name": "python",
                        "specs": [
                            [
                                "==",
                                "2.7"
                            ]
                        ]
                    }
                ]
            },
            "description": null,
            "distribution_type": "conda",
            "download_url": "//api.anaconda.org/download/bioconda/phonenumbers/7.2.4/osx-64/phonenumbers-7.2.4-py27_0.tar.bz2",
            "full_name": "bioconda/phonenumbers/7.2.4/osx-64/phonenumbers-7.2.4-py27_0.tar.bz2",
            "labels": [
                "main",
                "cf201901"
            ],
            "md5": "1a5051930c999619ecfc4b2d79b4be48",
            "ndownloads": 417,
            "owner": "bioconda",
            "size": 4968347,
            "type": "conda",
            "upload_time": "2016-01-29 13:34:56.948000+00:00",
            "version": "7.2.4"
        },
        {
            "attrs": {
                "arch": "x86_64",
                "build": "py35_0",
                "build_number": 0,
                "depends": [
                    "python 3.5*"
                ],
                "license": "Apache Software License",
                "machine": "x86_64",
                "operatingsystem": "darwin",
                "platform": "osx",
                "subdir": "osx-64",
                "target-triplet": "x86_64-any-darwin"
            },
            "basename": "osx-64/phonenumbers-7.2.4-py35_0.tar.bz2",
            "dependencies": {
                "depends": [
                    {
                        "name": "python",
                        "specs": [
                            [
                                "==",
                                "3.5"
                            ]
                        ]
                    }
                ]
            },
            "description": null,
            "distribution_type": "conda",
            "download_url": "//api.anaconda.org/download/bioconda/phonenumbers/7.2.4/osx-64/phonenumbers-7.2.4-py35_0.tar.bz2",
            "full_name": "bioconda/phonenumbers/7.2.4/osx-64/phonenumbers-7.2.4-py35_0.tar.bz2",
            "labels": [
                "main",
                "cf201901"
            ],
            "md5": "30b3402c0f2691f1818ce19d59bc799e",
            "ndownloads": 633,
            "owner": "bioconda",
            "size": 4896415,
            "type": "conda",
            "upload_time": "2016-01-29 13:35:03.169000+00:00",
            "version": "7.2.4"
        }
    ],
    "full_name": "bioconda/phonenumbers",
    "home": "None",
    "html_url": "http://anaconda.org/bioconda/phonenumbers",
    "id": "56ab69e2c4714d598f58874d",
    "latest_version": "7.2.4",
    "license": "Apache Software License",
    "license_url": {},
    "modified_at": "2016-12-01 01:29:40.301000+00:00",
    "name": "phonenumbers",
    "owner": {
        "company": "",
        "created_at": "2015-09-11 22:59:20.880000+00:00",
        "description": "Bioconda is a distribution of bioinformatics software realized as a channel for the versatile Conda package manager.",
        "location": "",
        "login": "bioconda",
        "name": "bioconda",
        "url": "",
        "user_type": "org"
    },
    "package_types": [
        "conda"
    ],
    "public": true,
    "releases": [
        {
            "distributions": [
                "linux-64/phonenumbers-7.2.4-py34_0.tar.bz2",
                "linux-64/phonenumbers-7.2.4-py27_0.tar.bz2",
                "linux-64/phonenumbers-7.2.4-py35_0.tar.bz2",
                "osx-64/phonenumbers-7.2.4-py34_0.tar.bz2",
                "osx-64/phonenumbers-7.2.4-py27_0.tar.bz2",
                "osx-64/phonenumbers-7.2.4-py35_0.tar.bz2"
            ],
            "full_name": "bioconda/phonenumbers/7.2.4",
            "version": "7.2.4"
        }
    ],
    "revision": 7,
    "source_git_tag": {},
    "source_git_url": {},
    "summary": "Python version of Google's common library for parsing, formatting, storing and validating international phone numbers.",
    "upvoted": 0,
    "url": "http://api.anaconda.org/packages/bioconda/phonenumbers",
    "versions": [
        "7.2.4"
    ],
    "watchers": 1
}