{
    "app_entry": {},
    "app_summary": {},
    "app_type": {},
    "builds": [
        "py37_0",
        "py36_0",
        "py36_1",
        "py_2",
        "py37_1"
    ],
    "conda_platforms": [
        "linux-64",
        "noarch",
        "osx-64"
    ],
    "created_at": "2019-04-22 22:36:25.633000+00:00",
    "description": "",
    "dev_url": null,
    "doc_url": null,
    "files": [
        {
            "attrs": {
                "arch": "x86_64",
                "build": "py36_0",
                "build_number": 0,
                "depends": [
                    "biopython",
                    "cd-hit",
                    "ete3",
                    "hmmer",
                    "iqtree",
                    "joblib",
                    "mafft",
                    "python >=3.6,<3.7.0a0"
                ],
                "has_prefix": true,
                "license": "MIT",
                "machine": "x86_64",
                "operatingsystem": "linux",
                "platform": "linux",
                "subdir": "linux-64",
                "target-triplet": "x86_64-any-linux",
                "timestamp": 1555972151276
            },
            "basename": "linux-64/pipelign-0.2-py36_0.tar.bz2",
            "dependencies": {
                "depends": [
                    {
                        "name": "biopython",
                        "specs": []
                    },
                    {
                        "name": "cd-hit",
                        "specs": []
                    },
                    {
                        "name": "ete3",
                        "specs": []
                    },
                    {
                        "name": "hmmer",
                        "specs": []
                    },
                    {
                        "name": "iqtree",
                        "specs": []
                    },
                    {
                        "name": "joblib",
                        "specs": []
                    },
                    {
                        "name": "mafft",
                        "specs": []
                    },
                    {
                        "name": "python",
                        "specs": [
                            [
                                ">=",
                                "3.6,<3.7.0a0"
                            ]
                        ]
                    }
                ]
            },
            "description": null,
            "distribution_type": "conda",
            "download_url": "//api.anaconda.org/download/bioconda/pipelign/0.2/linux-64/pipelign-0.2-py36_0.tar.bz2",
            "full_name": "bioconda/pipelign/0.2/linux-64/pipelign-0.2-py36_0.tar.bz2",
            "labels": [
                "main"
            ],
            "md5": "11f015bb6de0c7f4d2a66141c794225d",
            "ndownloads": 72,
            "owner": "bioconda",
            "size": 37666,
            "type": "conda",
            "upload_time": "2019-04-22 22:36:26.310000+00:00",
            "version": "0.2"
        },
        {
            "attrs": {
                "arch": "x86_64",
                "build": "py37_0",
                "build_number": 0,
                "depends": [
                    "biopython",
                    "cd-hit",
                    "ete3",
                    "hmmer",
                    "iqtree",
                    "joblib",
                    "mafft",
                    "python >=3.7,<3.8.0a0"
                ],
                "has_prefix": true,
                "license": "MIT",
                "machine": "x86_64",
                "operatingsystem": "linux",
                "platform": "linux",
                "subdir": "linux-64",
                "target-triplet": "x86_64-any-linux",
                "timestamp": 1555972020628
            },
            "basename": "linux-64/pipelign-0.2-py37_0.tar.bz2",
            "dependencies": {
                "depends": [
                    {
                        "name": "biopython",
                        "specs": []
                    },
                    {
                        "name": "cd-hit",
                        "specs": []
                    },
                    {
                        "name": "ete3",
                        "specs": []
                    },
                    {
                        "name": "hmmer",
                        "specs": []
                    },
                    {
                        "name": "iqtree",
                        "specs": []
                    },
                    {
                        "name": "joblib",
                        "specs": []
                    },
                    {
                        "name": "mafft",
                        "specs": []
                    },
                    {
                        "name": "python",
                        "specs": [
                            [
                                ">=",
                                "3.7,<3.8.0a0"
                            ]
                        ]
                    }
                ]
            },
            "description": null,
            "distribution_type": "conda",
            "download_url": "//api.anaconda.org/download/bioconda/pipelign/0.2/linux-64/pipelign-0.2-py37_0.tar.bz2",
            "full_name": "bioconda/pipelign/0.2/linux-64/pipelign-0.2-py37_0.tar.bz2",
            "labels": [
                "main"
            ],
            "md5": "1e39c7863bf310fb6a3dd8bccf770481",
            "ndownloads": 52,
            "owner": "bioconda",
            "size": 37832,
            "type": "conda",
            "upload_time": "2019-04-22 22:36:28.573000+00:00",
            "version": "0.2"
        },
        {
            "attrs": {
                "arch": "x86_64",
                "build": "py36_0",
                "build_number": 0,
                "depends": [
                    "biopython",
                    "cd-hit",
                    "ete3",
                    "hmmer",
                    "iqtree",
                    "joblib",
                    "mafft",
                    "python >=3.6,<3.7.0a0"
                ],
                "has_prefix": true,
                "license": "MIT",
                "machine": "x86_64",
                "operatingsystem": "darwin",
                "platform": "osx",
                "subdir": "osx-64",
                "target-triplet": "x86_64-any-darwin",
                "timestamp": 1555973259934
            },
            "basename": "osx-64/pipelign-0.2-py36_0.tar.bz2",
            "dependencies": {
                "depends": [
                    {
                        "name": "biopython",
                        "specs": []
                    },
                    {
                        "name": "cd-hit",
                        "specs": []
                    },
                    {
                        "name": "ete3",
                        "specs": []
                    },
                    {
                        "name": "hmmer",
                        "specs": []
                    },
                    {
                        "name": "iqtree",
                        "specs": []
                    },
                    {
                        "name": "joblib",
                        "specs": []
                    },
                    {
                        "name": "mafft",
                        "specs": []
                    },
                    {
                        "name": "python",
                        "specs": [
                            [
                                ">=",
                                "3.6,<3.7.0a0"
                            ]
                        ]
                    }
                ]
            },
            "description": null,
            "distribution_type": "conda",
            "download_url": "//api.anaconda.org/download/bioconda/pipelign/0.2/osx-64/pipelign-0.2-py36_0.tar.bz2",
            "full_name": "bioconda/pipelign/0.2/osx-64/pipelign-0.2-py36_0.tar.bz2",
            "labels": [
                "main"
            ],
            "md5": "994db1d9a45cb66b6fc4ad4dabd0ab39",
            "ndownloads": 35,
            "owner": "bioconda",
            "size": 37675,
            "type": "conda",
            "upload_time": "2019-04-22 22:48:43.707000+00:00",
            "version": "0.2"
        },
        {
            "attrs": {
                "arch": "x86_64",
                "build": "py37_0",
                "build_number": 0,
                "depends": [
                    "biopython",
                    "cd-hit",
                    "ete3",
                    "hmmer",
                    "iqtree",
                    "joblib",
                    "mafft",
                    "python >=3.7,<3.8.0a0"
                ],
                "has_prefix": true,
                "license": "MIT",
                "machine": "x86_64",
                "operatingsystem": "darwin",
                "platform": "osx",
                "subdir": "osx-64",
                "target-triplet": "x86_64-any-darwin",
                "timestamp": 1555973136397
            },
            "basename": "osx-64/pipelign-0.2-py37_0.tar.bz2",
            "dependencies": {
                "depends": [
                    {
                        "name": "biopython",
                        "specs": []
                    },
                    {
                        "name": "cd-hit",
                        "specs": []
                    },
                    {
                        "name": "ete3",
                        "specs": []
                    },
                    {
                        "name": "hmmer",
                        "specs": []
                    },
                    {
                        "name": "iqtree",
                        "specs": []
                    },
                    {
                        "name": "joblib",
                        "specs": []
                    },
                    {
                        "name": "mafft",
                        "specs": []
                    },
                    {
                        "name": "python",
                        "specs": [
                            [
                                ">=",
                                "3.7,<3.8.0a0"
                            ]
                        ]
                    }
                ]
            },
            "description": null,
            "distribution_type": "conda",
            "download_url": "//api.anaconda.org/download/bioconda/pipelign/0.2/osx-64/pipelign-0.2-py37_0.tar.bz2",
            "full_name": "bioconda/pipelign/0.2/osx-64/pipelign-0.2-py37_0.tar.bz2",
            "labels": [
                "main"
            ],
            "md5": "84c4ff0e131c179dc6fef3a97c685a03",
            "ndownloads": 22,
            "owner": "bioconda",
            "size": 37813,
            "type": "conda",
            "upload_time": "2019-04-22 22:48:47.251000+00:00",
            "version": "0.2"
        },
        {
            "attrs": {
                "arch": "x86_64",
                "build": "py37_1",
                "build_number": 1,
                "depends": [
                    "biopython",
                    "cd-hit",
                    "ete3",
                    "hmmer",
                    "iqtree",
                    "joblib",
                    "mafft",
                    "parallel",
                    "python >=3.7,<3.8.0a0"
                ],
                "has_prefix": true,
                "license": "MIT",
                "machine": "x86_64",
                "operatingsystem": "darwin",
                "platform": "osx",
                "subdir": "osx-64",
                "target-triplet": "x86_64-any-darwin",
                "timestamp": 1556559127786
            },
            "basename": "osx-64/pipelign-0.2-py37_1.tar.bz2",
            "dependencies": {
                "depends": [
                    {
                        "name": "biopython",
                        "specs": []
                    },
                    {
                        "name": "cd-hit",
                        "specs": []
                    },
                    {
                        "name": "ete3",
                        "specs": []
                    },
                    {
                        "name": "hmmer",
                        "specs": []
                    },
                    {
                        "name": "iqtree",
                        "specs": []
                    },
                    {
                        "name": "joblib",
                        "specs": []
                    },
                    {
                        "name": "mafft",
                        "specs": []
                    },
                    {
                        "name": "parallel",
                        "specs": []
                    },
                    {
                        "name": "python",
                        "specs": [
                            [
                                ">=",
                                "3.7,<3.8.0a0"
                            ]
                        ]
                    }
                ]
            },
            "description": null,
            "distribution_type": "conda",
            "download_url": "//api.anaconda.org/download/bioconda/pipelign/0.2/osx-64/pipelign-0.2-py37_1.tar.bz2",
            "full_name": "bioconda/pipelign/0.2/osx-64/pipelign-0.2-py37_1.tar.bz2",
            "labels": [
                "main"
            ],
            "md5": "4e2d9bfec8f5b5c8b13e20cb14ecafd9",
            "ndownloads": 527,
            "owner": "bioconda",
            "size": 37811,
            "type": "conda",
            "upload_time": "2019-04-29 17:33:11.274000+00:00",
            "version": "0.2"
        },
        {
            "attrs": {
                "arch": "x86_64",
                "build": "py36_1",
                "build_number": 1,
                "depends": [
                    "biopython",
                    "cd-hit",
                    "ete3",
                    "hmmer",
                    "iqtree",
                    "joblib",
                    "mafft",
                    "parallel",
                    "python >=3.6,<3.7.0a0"
                ],
                "has_prefix": true,
                "license": "MIT",
                "machine": "x86_64",
                "operatingsystem": "darwin",
                "platform": "osx",
                "subdir": "osx-64",
                "target-triplet": "x86_64-any-darwin",
                "timestamp": 1556558993698
            },
            "basename": "osx-64/pipelign-0.2-py36_1.tar.bz2",
            "dependencies": {
                "depends": [
                    {
                        "name": "biopython",
                        "specs": []
                    },
                    {
                        "name": "cd-hit",
                        "specs": []
                    },
                    {
                        "name": "ete3",
                        "specs": []
                    },
                    {
                        "name": "hmmer",
                        "specs": []
                    },
                    {
                        "name": "iqtree",
                        "specs": []
                    },
                    {
                        "name": "joblib",
                        "specs": []
                    },
                    {
                        "name": "mafft",
                        "specs": []
                    },
                    {
                        "name": "parallel",
                        "specs": []
                    },
                    {
                        "name": "python",
                        "specs": [
                            [
                                ">=",
                                "3.6,<3.7.0a0"
                            ]
                        ]
                    }
                ]
            },
            "description": null,
            "distribution_type": "conda",
            "download_url": "//api.anaconda.org/download/bioconda/pipelign/0.2/osx-64/pipelign-0.2-py36_1.tar.bz2",
            "full_name": "bioconda/pipelign/0.2/osx-64/pipelign-0.2-py36_1.tar.bz2",
            "labels": [
                "main"
            ],
            "md5": "1b921df62a522d31ccd2e29748d47c1e",
            "ndownloads": 21,
            "owner": "bioconda",
            "size": 37674,
            "type": "conda",
            "upload_time": "2019-04-29 17:33:14.564000+00:00",
            "version": "0.2"
        },
        {
            "attrs": {
                "arch": "x86_64",
                "build": "py37_1",
                "build_number": 1,
                "depends": [
                    "biopython",
                    "cd-hit",
                    "ete3",
                    "hmmer",
                    "iqtree",
                    "joblib",
                    "mafft",
                    "parallel",
                    "python >=3.7,<3.8.0a0"
                ],
                "has_prefix": true,
                "license": "MIT",
                "machine": "x86_64",
                "operatingsystem": "linux",
                "platform": "linux",
                "subdir": "linux-64",
                "target-triplet": "x86_64-any-linux",
                "timestamp": 1556559282691
            },
            "basename": "linux-64/pipelign-0.2-py37_1.tar.bz2",
            "dependencies": {
                "depends": [
                    {
                        "name": "biopython",
                        "specs": []
                    },
                    {
                        "name": "cd-hit",
                        "specs": []
                    },
                    {
                        "name": "ete3",
                        "specs": []
                    },
                    {
                        "name": "hmmer",
                        "specs": []
                    },
                    {
                        "name": "iqtree",
                        "specs": []
                    },
                    {
                        "name": "joblib",
                        "specs": []
                    },
                    {
                        "name": "mafft",
                        "specs": []
                    },
                    {
                        "name": "parallel",
                        "specs": []
                    },
                    {
                        "name": "python",
                        "specs": [
                            [
                                ">=",
                                "3.7,<3.8.0a0"
                            ]
                        ]
                    }
                ]
            },
            "description": null,
            "distribution_type": "conda",
            "download_url": "//api.anaconda.org/download/bioconda/pipelign/0.2/linux-64/pipelign-0.2-py37_1.tar.bz2",
            "full_name": "bioconda/pipelign/0.2/linux-64/pipelign-0.2-py37_1.tar.bz2",
            "labels": [
                "main"
            ],
            "md5": "3a24c27cca5baced343a5bb52e5c99bd",
            "ndownloads": 57,
            "owner": "bioconda",
            "size": 37809,
            "type": "conda",
            "upload_time": "2019-04-29 17:41:53.819000+00:00",
            "version": "0.2"
        },
        {
            "attrs": {
                "arch": "x86_64",
                "build": "py36_1",
                "build_number": 1,
                "depends": [
                    "biopython",
                    "cd-hit",
                    "ete3",
                    "hmmer",
                    "iqtree",
                    "joblib",
                    "mafft",
                    "parallel",
                    "python >=3.6,<3.7.0a0"
                ],
                "has_prefix": true,
                "license": "MIT",
                "machine": "x86_64",
                "operatingsystem": "linux",
                "platform": "linux",
                "subdir": "linux-64",
                "target-triplet": "x86_64-any-linux",
                "timestamp": 1556559131968
            },
            "basename": "linux-64/pipelign-0.2-py36_1.tar.bz2",
            "dependencies": {
                "depends": [
                    {
                        "name": "biopython",
                        "specs": []
                    },
                    {
                        "name": "cd-hit",
                        "specs": []
                    },
                    {
                        "name": "ete3",
                        "specs": []
                    },
                    {
                        "name": "hmmer",
                        "specs": []
                    },
                    {
                        "name": "iqtree",
                        "specs": []
                    },
                    {
                        "name": "joblib",
                        "specs": []
                    },
                    {
                        "name": "mafft",
                        "specs": []
                    },
                    {
                        "name": "parallel",
                        "specs": []
                    },
                    {
                        "name": "python",
                        "specs": [
                            [
                                ">=",
                                "3.6,<3.7.0a0"
                            ]
                        ]
                    }
                ]
            },
            "description": null,
            "distribution_type": "conda",
            "download_url": "//api.anaconda.org/download/bioconda/pipelign/0.2/linux-64/pipelign-0.2-py36_1.tar.bz2",
            "full_name": "bioconda/pipelign/0.2/linux-64/pipelign-0.2-py36_1.tar.bz2",
            "labels": [
                "main"
            ],
            "md5": "226b4cdd53adbda0a59396396396002e",
            "ndownloads": 70,
            "owner": "bioconda",
            "size": 37684,
            "type": "conda",
            "upload_time": "2019-04-29 17:41:55.989000+00:00",
            "version": "0.2"
        },
        {
            "attrs": {
                "arch": null,
                "build": "py_2",
                "build_number": 2,
                "depends": [
                    "biopython",
                    "cd-hit",
                    "ete3",
                    "hmmer",
                    "iqtree",
                    "joblib",
                    "mafft",
                    "parallel",
                    "python >=3"
                ],
                "has_prefix": false,
                "license": "MIT",
                "machine": null,
                "noarch": "python",
                "operatingsystem": null,
                "platform": null,
                "subdir": "noarch",
                "target-triplet": "None-any-None",
                "timestamp": 1566578682178
            },
            "basename": "noarch/pipelign-0.2-py_2.tar.bz2",
            "dependencies": {
                "depends": [
                    {
                        "name": "biopython",
                        "specs": []
                    },
                    {
                        "name": "cd-hit",
                        "specs": []
                    },
                    {
                        "name": "ete3",
                        "specs": []
                    },
                    {
                        "name": "hmmer",
                        "specs": []
                    },
                    {
                        "name": "iqtree",
                        "specs": []
                    },
                    {
                        "name": "joblib",
                        "specs": []
                    },
                    {
                        "name": "mafft",
                        "specs": []
                    },
                    {
                        "name": "parallel",
                        "specs": []
                    },
                    {
                        "name": "python",
                        "specs": [
                            [
                                ">=",
                                "3"
                            ]
                        ]
                    }
                ]
            },
            "description": null,
            "distribution_type": "conda",
            "download_url": "//api.anaconda.org/download/bioconda/pipelign/0.2/noarch/pipelign-0.2-py_2.tar.bz2",
            "full_name": "bioconda/pipelign/0.2/noarch/pipelign-0.2-py_2.tar.bz2",
            "labels": [
                "main"
            ],
            "md5": "daa9193a8f9d1abcd81a94f018bbd19f",
            "ndownloads": 34,
            "owner": "bioconda",
            "size": 23675,
            "type": "conda",
            "upload_time": "2019-08-23 16:51:11.438000+00:00",
            "version": "0.2"
        }
    ],
    "full_name": "bioconda/pipelign",
    "home": "https://github.com/asmmhossain/pipelign/",
    "html_url": "http://anaconda.org/bioconda/pipelign",
    "id": "5cbe41e9f350f577b8a83e0f",
    "latest_version": "0.2",
    "license": "MIT",
    "license_url": null,
    "modified_at": "2019-08-23 16:51:11.829000+00:00",
    "name": "pipelign",
    "owner": {
        "company": "",
        "created_at": "2015-09-11 22:59:20.880000+00:00",
        "description": "Bioconda is a distribution of bioinformatics software realized as a channel for the versatile Conda package manager.",
        "location": "",
        "login": "bioconda",
        "name": "bioconda",
        "url": "",
        "user_type": "org"
    },
    "package_types": [
        "conda"
    ],
    "public": true,
    "releases": [
        {
            "distributions": [],
            "full_name": "bioconda/pipelign/0.2",
            "version": "0.2"
        }
    ],
    "revision": 2,
    "source_git_tag": null,
    "source_git_url": null,
    "summary": "A pipeline for automated multiple sequence alignment, particularly of viral sequences.",
    "upvoted": 0,
    "url": "http://api.anaconda.org/packages/bioconda/pipelign",
    "versions": [
        "0.2"
    ],
    "watchers": 1
}