{
    "app_entry": {},
    "app_summary": {},
    "app_type": {},
    "builds": [
        "py_0"
    ],
    "conda_platforms": [
        "noarch"
    ],
    "created_at": "2018-10-11 08:34:07.853000+00:00",
    "description": "",
    "dev_url": null,
    "doc_url": null,
    "files": [
        {
            "attrs": {
                "arch": null,
                "build": "py_0",
                "build_number": 0,
                "depends": [
                    "biopython",
                    "numpy",
                    "python",
                    "scipy"
                ],
                "has_prefix": false,
                "license": "MIT",
                "machine": null,
                "noarch": "python",
                "operatingsystem": null,
                "platform": null,
                "subdir": "noarch",
                "target-triplet": "None-any-None",
                "timestamp": 1541786323005
            },
            "basename": "noarch/prince-1.2-py_0.tar.bz2",
            "dependencies": {
                "depends": [
                    {
                        "name": "biopython",
                        "specs": []
                    },
                    {
                        "name": "numpy",
                        "specs": []
                    },
                    {
                        "name": "python",
                        "specs": []
                    },
                    {
                        "name": "scipy",
                        "specs": []
                    }
                ]
            },
            "description": null,
            "distribution_type": "conda",
            "download_url": "//api.anaconda.org/download/bioconda/prince/1.2/noarch/prince-1.2-py_0.tar.bz2",
            "full_name": "bioconda/prince/1.2/noarch/prince-1.2-py_0.tar.bz2",
            "labels": [
                "main",
                "cf201901"
            ],
            "md5": "554a346aac2e9be3b163fee5d8bd3180",
            "ndownloads": 107,
            "owner": "bioconda",
            "size": 27610,
            "type": "conda",
            "upload_time": "2018-11-09 18:02:57.391000+00:00",
            "version": "1.2"
        },
        {
            "attrs": {
                "arch": null,
                "build": "py_0",
                "build_number": 0,
                "depends": [
                    "biopython",
                    "numpy",
                    "python",
                    "scipy"
                ],
                "has_prefix": false,
                "license": "MIT",
                "machine": null,
                "noarch": "python",
                "operatingsystem": null,
                "platform": null,
                "subdir": "noarch",
                "target-triplet": "None-any-None",
                "timestamp": 1539246584766
            },
            "basename": "noarch/prince-1.0-py_0.tar.bz2",
            "dependencies": {
                "depends": [
                    {
                        "name": "biopython",
                        "specs": []
                    },
                    {
                        "name": "numpy",
                        "specs": []
                    },
                    {
                        "name": "python",
                        "specs": []
                    },
                    {
                        "name": "scipy",
                        "specs": []
                    }
                ]
            },
            "description": null,
            "distribution_type": "conda",
            "download_url": "//api.anaconda.org/download/bioconda/prince/1.0/noarch/prince-1.0-py_0.tar.bz2",
            "full_name": "bioconda/prince/1.0/noarch/prince-1.0-py_0.tar.bz2",
            "labels": [
                "main",
                "cf201901"
            ],
            "md5": "6b431ab8a71ff5226b2c86274db99b78",
            "ndownloads": 72,
            "owner": "bioconda",
            "size": 10203,
            "type": "conda",
            "upload_time": "2018-10-11 08:34:08.665000+00:00",
            "version": "1.0"
        },
        {
            "attrs": {
                "arch": null,
                "build": "py_0",
                "build_number": 0,
                "depends": [
                    "biopython",
                    "numpy",
                    "python",
                    "scipy"
                ],
                "has_prefix": false,
                "license": "MIT",
                "machine": null,
                "noarch": "python",
                "operatingsystem": null,
                "platform": null,
                "subdir": "noarch",
                "target-triplet": "None-any-None",
                "timestamp": 1541259975790
            },
            "basename": "noarch/prince-1.1-py_0.tar.bz2",
            "dependencies": {
                "depends": [
                    {
                        "name": "biopython",
                        "specs": []
                    },
                    {
                        "name": "numpy",
                        "specs": []
                    },
                    {
                        "name": "python",
                        "specs": []
                    },
                    {
                        "name": "scipy",
                        "specs": []
                    }
                ]
            },
            "description": null,
            "distribution_type": "conda",
            "download_url": "//api.anaconda.org/download/bioconda/prince/1.1/noarch/prince-1.1-py_0.tar.bz2",
            "full_name": "bioconda/prince/1.1/noarch/prince-1.1-py_0.tar.bz2",
            "labels": [
                "main",
                "cf201901"
            ],
            "md5": "d8c736e5d5959a2af538b39d3076e6be",
            "ndownloads": 76,
            "owner": "bioconda",
            "size": 27604,
            "type": "conda",
            "upload_time": "2018-11-03 15:51:31.822000+00:00",
            "version": "1.1"
        },
        {
            "attrs": {
                "arch": null,
                "build": "py_0",
                "build_number": 0,
                "depends": [
                    "biopython",
                    "numpy",
                    "python",
                    "scipy"
                ],
                "has_prefix": false,
                "license": "MIT",
                "machine": null,
                "noarch": "python",
                "operatingsystem": null,
                "platform": null,
                "subdir": "noarch",
                "target-triplet": "None-any-None",
                "timestamp": 1549039066485
            },
            "basename": "noarch/prince-2.0-py_0.tar.bz2",
            "dependencies": {
                "depends": [
                    {
                        "name": "biopython",
                        "specs": []
                    },
                    {
                        "name": "numpy",
                        "specs": []
                    },
                    {
                        "name": "python",
                        "specs": []
                    },
                    {
                        "name": "scipy",
                        "specs": []
                    }
                ]
            },
            "description": null,
            "distribution_type": "conda",
            "download_url": "//api.anaconda.org/download/bioconda/prince/2.0/noarch/prince-2.0-py_0.tar.bz2",
            "full_name": "bioconda/prince/2.0/noarch/prince-2.0-py_0.tar.bz2",
            "labels": [
                "main"
            ],
            "md5": "895f0be5ff524bfc2d24d8395f431c1f",
            "ndownloads": 57,
            "owner": "bioconda",
            "size": 12531,
            "type": "conda",
            "upload_time": "2019-02-01 16:41:51.473000+00:00",
            "version": "2.0"
        },
        {
            "attrs": {
                "arch": null,
                "build": "py_0",
                "build_number": 0,
                "depends": [
                    "biopython",
                    "numpy",
                    "python",
                    "scipy"
                ],
                "has_prefix": false,
                "license": "MIT",
                "machine": null,
                "noarch": "python",
                "operatingsystem": null,
                "platform": null,
                "subdir": "noarch",
                "target-triplet": "None-any-None",
                "timestamp": 1549194465943
            },
            "basename": "noarch/prince-2.1-py_0.tar.bz2",
            "dependencies": {
                "depends": [
                    {
                        "name": "biopython",
                        "specs": []
                    },
                    {
                        "name": "numpy",
                        "specs": []
                    },
                    {
                        "name": "python",
                        "specs": []
                    },
                    {
                        "name": "scipy",
                        "specs": []
                    }
                ]
            },
            "description": null,
            "distribution_type": "conda",
            "download_url": "//api.anaconda.org/download/bioconda/prince/2.1/noarch/prince-2.1-py_0.tar.bz2",
            "full_name": "bioconda/prince/2.1/noarch/prince-2.1-py_0.tar.bz2",
            "labels": [
                "main"
            ],
            "md5": "23b6d1492e74c2b5dce24f8f37c25441",
            "ndownloads": 129,
            "owner": "bioconda",
            "size": 44352,
            "type": "conda",
            "upload_time": "2019-02-03 11:51:48.128000+00:00",
            "version": "2.1"
        },
        {
            "attrs": {
                "arch": null,
                "build": "py_0",
                "build_number": 0,
                "depends": [
                    "biopython",
                    "numpy",
                    "python",
                    "scipy"
                ],
                "has_prefix": false,
                "license": "MIT",
                "machine": null,
                "noarch": "python",
                "operatingsystem": null,
                "platform": null,
                "subdir": "noarch",
                "target-triplet": "None-any-None",
                "timestamp": 1554852067660
            },
            "basename": "noarch/prince-2.2-py_0.tar.bz2",
            "dependencies": {
                "depends": [
                    {
                        "name": "biopython",
                        "specs": []
                    },
                    {
                        "name": "numpy",
                        "specs": []
                    },
                    {
                        "name": "python",
                        "specs": []
                    },
                    {
                        "name": "scipy",
                        "specs": []
                    }
                ]
            },
            "description": null,
            "distribution_type": "conda",
            "download_url": "//api.anaconda.org/download/bioconda/prince/2.2/noarch/prince-2.2-py_0.tar.bz2",
            "full_name": "bioconda/prince/2.2/noarch/prince-2.2-py_0.tar.bz2",
            "labels": [
                "main"
            ],
            "md5": "a1f180d5f96102da21cd7333a8ee2ce3",
            "ndownloads": 92,
            "owner": "bioconda",
            "size": 44648,
            "type": "conda",
            "upload_time": "2019-04-09 23:24:21.823000+00:00",
            "version": "2.2"
        },
        {
            "attrs": {
                "arch": null,
                "build": "py_0",
                "build_number": 0,
                "depends": [
                    "biopython",
                    "numpy",
                    "python",
                    "scipy"
                ],
                "has_prefix": false,
                "license": "MIT",
                "machine": null,
                "noarch": "python",
                "operatingsystem": null,
                "platform": null,
                "subdir": "noarch",
                "target-triplet": "None-any-None",
                "timestamp": 1556873154428
            },
            "basename": "noarch/prince-2.3-py_0.tar.bz2",
            "dependencies": {
                "depends": [
                    {
                        "name": "biopython",
                        "specs": []
                    },
                    {
                        "name": "numpy",
                        "specs": []
                    },
                    {
                        "name": "python",
                        "specs": []
                    },
                    {
                        "name": "scipy",
                        "specs": []
                    }
                ]
            },
            "description": null,
            "distribution_type": "conda",
            "download_url": "//api.anaconda.org/download/bioconda/prince/2.3/noarch/prince-2.3-py_0.tar.bz2",
            "full_name": "bioconda/prince/2.3/noarch/prince-2.3-py_0.tar.bz2",
            "labels": [
                "main"
            ],
            "md5": "d9f50a78b56de7f5c076518bc23b6417",
            "ndownloads": 104,
            "owner": "bioconda",
            "size": 45551,
            "type": "conda",
            "upload_time": "2019-05-03 08:49:18.013000+00:00",
            "version": "2.3"
        }
    ],
    "full_name": "bioconda/prince",
    "home": "https://github.com/WGS-TB/PythonPrince",
    "html_url": "http://anaconda.org/bioconda/prince",
    "id": "5bbf0affbb74d4133d76085c",
    "latest_version": "2.3",
    "license": "MIT",
    "license_url": null,
    "modified_at": "2019-05-03 08:49:18.784000+00:00",
    "name": "prince",
    "owner": {
        "company": "",
        "created_at": "2015-09-11 22:59:20.880000+00:00",
        "description": "Bioconda is a distribution of bioinformatics software realized as a channel for the versatile Conda package manager.",
        "location": "",
        "login": "bioconda",
        "name": "bioconda",
        "url": "",
        "user_type": "org"
    },
    "package_types": [
        "conda"
    ],
    "public": true,
    "releases": [
        {
            "distributions": [],
            "full_name": "bioconda/prince/1.0",
            "version": "1.0"
        },
        {
            "distributions": [],
            "full_name": "bioconda/prince/1.1",
            "version": "1.1"
        },
        {
            "distributions": [],
            "full_name": "bioconda/prince/1.2",
            "version": "1.2"
        },
        {
            "distributions": [],
            "full_name": "bioconda/prince/2.0",
            "version": "2.0"
        },
        {
            "distributions": [],
            "full_name": "bioconda/prince/2.1",
            "version": "2.1"
        },
        {
            "distributions": [],
            "full_name": "bioconda/prince/2.2",
            "version": "2.2"
        },
        {
            "distributions": [],
            "full_name": "bioconda/prince/2.3",
            "version": "2.3"
        }
    ],
    "revision": 14,
    "source_git_tag": null,
    "source_git_url": null,
    "summary": "PRINCE estimates Variable Number Tandem Repeats (VNTR) copy number from raw next generation sequencing (NGS) data.",
    "upvoted": 0,
    "url": "http://api.anaconda.org/packages/bioconda/prince",
    "versions": [
        "1.0",
        "1.1",
        "1.2",
        "2.0",
        "2.1",
        "2.2",
        "2.3"
    ],
    "watchers": 1
}