{
    "app_entry": {},
    "app_summary": {},
    "app_type": {},
    "builds": [
        "py34_0",
        "py36_0",
        "py36h24bf2e0_1",
        "py35h24bf2e0_1",
        "py34r3.3.1_0",
        "pyh24bf2e0_0",
        "py_0",
        "py35_0",
        "py35r3.3.1_0"
    ],
    "conda_platforms": [
        "linux-64",
        "noarch",
        "osx-64"
    ],
    "created_at": "2016-11-23 09:42:02.487000+00:00",
    "description": "",
    "dev_url": null,
    "doc_url": null,
    "files": [
        {
            "attrs": {
                "arch": "x86_64",
                "build": "py36h24bf2e0_1",
                "build_number": 1,
                "depends": [
                    "biopython",
                    "blast",
                    "blast-legacy",
                    "matplotlib",
                    "mummer",
                    "numpy",
                    "pandas",
                    "python >=3.6,<3.7.0a0",
                    "scipy",
                    "seaborn"
                ],
                "has_prefix": true,
                "license": "MIT License",
                "license_family": "MIT",
                "machine": "x86_64",
                "operatingsystem": "linux",
                "platform": "linux",
                "subdir": "linux-64",
                "target-triplet": "x86_64-any-linux",
                "timestamp": 1530226925749
            },
            "basename": "linux-64/pyani-0.2.7-py36h24bf2e0_1.tar.bz2",
            "dependencies": {
                "depends": [
                    {
                        "name": "biopython",
                        "specs": []
                    },
                    {
                        "name": "blast",
                        "specs": []
                    },
                    {
                        "name": "blast-legacy",
                        "specs": []
                    },
                    {
                        "name": "matplotlib",
                        "specs": []
                    },
                    {
                        "name": "mummer",
                        "specs": []
                    },
                    {
                        "name": "numpy",
                        "specs": []
                    },
                    {
                        "name": "pandas",
                        "specs": []
                    },
                    {
                        "name": "python",
                        "specs": [
                            [
                                ">=",
                                "3.6,<3.7.0a0"
                            ]
                        ]
                    },
                    {
                        "name": "scipy",
                        "specs": []
                    },
                    {
                        "name": "seaborn",
                        "specs": []
                    }
                ]
            },
            "description": null,
            "distribution_type": "conda",
            "download_url": "//api.anaconda.org/download/bioconda/pyani/0.2.7/linux-64/pyani-0.2.7-py36h24bf2e0_1.tar.bz2",
            "full_name": "bioconda/pyani/0.2.7/linux-64/pyani-0.2.7-py36h24bf2e0_1.tar.bz2",
            "labels": [
                "main",
                "cf201901"
            ],
            "md5": "df56b9030d25aab5e9db30605f3726f0",
            "ndownloads": 2548,
            "owner": "bioconda",
            "size": 58238,
            "type": "conda",
            "upload_time": "2018-06-28 23:15:51.856000+00:00",
            "version": "0.2.7"
        },
        {
            "attrs": {
                "arch": "x86_64",
                "build": "py35r3.3.1_0",
                "build_number": 0,
                "depends": [
                    "biopython",
                    "blast",
                    "blast-legacy",
                    "matplotlib",
                    "mummer",
                    "numpy",
                    "pandas",
                    "python 3.5*",
                    "r 3.3.1*",
                    "rpy2",
                    "scipy",
                    "seaborn"
                ],
                "has_prefix": true,
                "license": "MIT License",
                "license_family": "MIT",
                "machine": "x86_64",
                "operatingsystem": "linux",
                "platform": "linux",
                "subdir": "linux-64",
                "target-triplet": "x86_64-any-linux"
            },
            "basename": "linux-64/pyani-0.2.0-py35r3.3.1_0.tar.bz2",
            "dependencies": {
                "depends": [
                    {
                        "name": "biopython",
                        "specs": []
                    },
                    {
                        "name": "blast",
                        "specs": []
                    },
                    {
                        "name": "blast-legacy",
                        "specs": []
                    },
                    {
                        "name": "matplotlib",
                        "specs": []
                    },
                    {
                        "name": "mummer",
                        "specs": []
                    },
                    {
                        "name": "numpy",
                        "specs": []
                    },
                    {
                        "name": "pandas",
                        "specs": []
                    },
                    {
                        "name": "python",
                        "specs": [
                            [
                                "==",
                                "3.5"
                            ]
                        ]
                    },
                    {
                        "name": "r",
                        "specs": [
                            [
                                "==",
                                "3.3.1"
                            ]
                        ]
                    },
                    {
                        "name": "rpy2",
                        "specs": []
                    },
                    {
                        "name": "scipy",
                        "specs": []
                    },
                    {
                        "name": "seaborn",
                        "specs": []
                    }
                ]
            },
            "description": null,
            "distribution_type": "conda",
            "download_url": "//api.anaconda.org/download/bioconda/pyani/0.2.0/linux-64/pyani-0.2.0-py35r3.3.1_0.tar.bz2",
            "full_name": "bioconda/pyani/0.2.0/linux-64/pyani-0.2.0-py35r3.3.1_0.tar.bz2",
            "labels": [
                "main",
                "cf201901"
            ],
            "md5": "bd7e425c8e5875e0f4c471a64785a8a8",
            "ndownloads": 474,
            "owner": "bioconda",
            "size": 75516,
            "type": "conda",
            "upload_time": "2016-11-23 09:42:02.929000+00:00",
            "version": "0.2.0"
        },
        {
            "attrs": {
                "arch": "x86_64",
                "build": "py34r3.3.1_0",
                "build_number": 0,
                "depends": [
                    "biopython",
                    "blast",
                    "blast-legacy",
                    "matplotlib",
                    "mummer",
                    "numpy",
                    "pandas",
                    "python 3.4*",
                    "r 3.3.1*",
                    "rpy2",
                    "scipy",
                    "seaborn"
                ],
                "has_prefix": true,
                "license": "MIT License",
                "license_family": "MIT",
                "machine": "x86_64",
                "operatingsystem": "linux",
                "platform": "linux",
                "subdir": "linux-64",
                "target-triplet": "x86_64-any-linux"
            },
            "basename": "linux-64/pyani-0.2.0-py34r3.3.1_0.tar.bz2",
            "dependencies": {
                "depends": [
                    {
                        "name": "biopython",
                        "specs": []
                    },
                    {
                        "name": "blast",
                        "specs": []
                    },
                    {
                        "name": "blast-legacy",
                        "specs": []
                    },
                    {
                        "name": "matplotlib",
                        "specs": []
                    },
                    {
                        "name": "mummer",
                        "specs": []
                    },
                    {
                        "name": "numpy",
                        "specs": []
                    },
                    {
                        "name": "pandas",
                        "specs": []
                    },
                    {
                        "name": "python",
                        "specs": [
                            [
                                "==",
                                "3.4"
                            ]
                        ]
                    },
                    {
                        "name": "r",
                        "specs": [
                            [
                                "==",
                                "3.3.1"
                            ]
                        ]
                    },
                    {
                        "name": "rpy2",
                        "specs": []
                    },
                    {
                        "name": "scipy",
                        "specs": []
                    },
                    {
                        "name": "seaborn",
                        "specs": []
                    }
                ]
            },
            "description": null,
            "distribution_type": "conda",
            "download_url": "//api.anaconda.org/download/bioconda/pyani/0.2.0/linux-64/pyani-0.2.0-py34r3.3.1_0.tar.bz2",
            "full_name": "bioconda/pyani/0.2.0/linux-64/pyani-0.2.0-py34r3.3.1_0.tar.bz2",
            "labels": [
                "main",
                "cf201901"
            ],
            "md5": "43ffd4cd8d9efd483ce8fcc45d6e1813",
            "ndownloads": 368,
            "owner": "bioconda",
            "size": 75609,
            "type": "conda",
            "upload_time": "2016-11-23 09:42:04.634000+00:00",
            "version": "0.2.0"
        },
        {
            "attrs": {
                "arch": "x86_64",
                "build": "py34r3.3.1_0",
                "build_number": 0,
                "depends": [
                    "biopython",
                    "blast",
                    "matplotlib",
                    "mummer",
                    "numpy",
                    "pandas",
                    "python 3.4*",
                    "r 3.3.1*",
                    "rpy2",
                    "scipy",
                    "seaborn"
                ],
                "has_prefix": true,
                "license": "MIT License",
                "license_family": "MIT",
                "machine": "x86_64",
                "operatingsystem": "darwin",
                "platform": "osx",
                "subdir": "osx-64",
                "target-triplet": "x86_64-any-darwin"
            },
            "basename": "osx-64/pyani-0.2.0-py34r3.3.1_0.tar.bz2",
            "dependencies": {
                "depends": [
                    {
                        "name": "biopython",
                        "specs": []
                    },
                    {
                        "name": "blast",
                        "specs": []
                    },
                    {
                        "name": "matplotlib",
                        "specs": []
                    },
                    {
                        "name": "mummer",
                        "specs": []
                    },
                    {
                        "name": "numpy",
                        "specs": []
                    },
                    {
                        "name": "pandas",
                        "specs": []
                    },
                    {
                        "name": "python",
                        "specs": [
                            [
                                "==",
                                "3.4"
                            ]
                        ]
                    },
                    {
                        "name": "r",
                        "specs": [
                            [
                                "==",
                                "3.3.1"
                            ]
                        ]
                    },
                    {
                        "name": "rpy2",
                        "specs": []
                    },
                    {
                        "name": "scipy",
                        "specs": []
                    },
                    {
                        "name": "seaborn",
                        "specs": []
                    }
                ]
            },
            "description": null,
            "distribution_type": "conda",
            "download_url": "//api.anaconda.org/download/bioconda/pyani/0.2.0/osx-64/pyani-0.2.0-py34r3.3.1_0.tar.bz2",
            "full_name": "bioconda/pyani/0.2.0/osx-64/pyani-0.2.0-py34r3.3.1_0.tar.bz2",
            "labels": [
                "main",
                "cf201901"
            ],
            "md5": "6acf6abeb2ad031a6e351f933111aeec",
            "ndownloads": 271,
            "owner": "bioconda",
            "size": 75801,
            "type": "conda",
            "upload_time": "2016-11-23 09:46:32.356000+00:00",
            "version": "0.2.0"
        },
        {
            "attrs": {
                "arch": "x86_64",
                "build": "py35r3.3.1_0",
                "build_number": 0,
                "depends": [
                    "biopython",
                    "blast",
                    "matplotlib",
                    "mummer",
                    "numpy",
                    "pandas",
                    "python 3.5*",
                    "r 3.3.1*",
                    "rpy2",
                    "scipy",
                    "seaborn"
                ],
                "has_prefix": true,
                "license": "MIT License",
                "license_family": "MIT",
                "machine": "x86_64",
                "operatingsystem": "darwin",
                "platform": "osx",
                "subdir": "osx-64",
                "target-triplet": "x86_64-any-darwin"
            },
            "basename": "osx-64/pyani-0.2.0-py35r3.3.1_0.tar.bz2",
            "dependencies": {
                "depends": [
                    {
                        "name": "biopython",
                        "specs": []
                    },
                    {
                        "name": "blast",
                        "specs": []
                    },
                    {
                        "name": "matplotlib",
                        "specs": []
                    },
                    {
                        "name": "mummer",
                        "specs": []
                    },
                    {
                        "name": "numpy",
                        "specs": []
                    },
                    {
                        "name": "pandas",
                        "specs": []
                    },
                    {
                        "name": "python",
                        "specs": [
                            [
                                "==",
                                "3.5"
                            ]
                        ]
                    },
                    {
                        "name": "r",
                        "specs": [
                            [
                                "==",
                                "3.3.1"
                            ]
                        ]
                    },
                    {
                        "name": "rpy2",
                        "specs": []
                    },
                    {
                        "name": "scipy",
                        "specs": []
                    },
                    {
                        "name": "seaborn",
                        "specs": []
                    }
                ]
            },
            "description": null,
            "distribution_type": "conda",
            "download_url": "//api.anaconda.org/download/bioconda/pyani/0.2.0/osx-64/pyani-0.2.0-py35r3.3.1_0.tar.bz2",
            "full_name": "bioconda/pyani/0.2.0/osx-64/pyani-0.2.0-py35r3.3.1_0.tar.bz2",
            "labels": [
                "main",
                "cf201901"
            ],
            "md5": "e274b015a4a37962e450c2baf75c11ab",
            "ndownloads": 619,
            "owner": "bioconda",
            "size": 75666,
            "type": "conda",
            "upload_time": "2016-11-23 09:46:35.207000+00:00",
            "version": "0.2.0"
        },
        {
            "attrs": {
                "arch": "x86_64",
                "build": "py34_0",
                "build_number": 0,
                "depends": [
                    "biopython",
                    "blast",
                    "blast-legacy",
                    "matplotlib",
                    "mummer",
                    "numpy",
                    "pandas",
                    "python 3.4*",
                    "scipy",
                    "seaborn"
                ],
                "has_prefix": true,
                "license": "MIT License",
                "license_family": "MIT",
                "machine": "x86_64",
                "operatingsystem": "linux",
                "platform": "linux",
                "subdir": "linux-64",
                "target-triplet": "x86_64-any-linux"
            },
            "basename": "linux-64/pyani-0.2.3-py34_0.tar.bz2",
            "dependencies": {
                "depends": [
                    {
                        "name": "biopython",
                        "specs": []
                    },
                    {
                        "name": "blast",
                        "specs": []
                    },
                    {
                        "name": "blast-legacy",
                        "specs": []
                    },
                    {
                        "name": "matplotlib",
                        "specs": []
                    },
                    {
                        "name": "mummer",
                        "specs": []
                    },
                    {
                        "name": "numpy",
                        "specs": []
                    },
                    {
                        "name": "pandas",
                        "specs": []
                    },
                    {
                        "name": "python",
                        "specs": [
                            [
                                "==",
                                "3.4"
                            ]
                        ]
                    },
                    {
                        "name": "scipy",
                        "specs": []
                    },
                    {
                        "name": "seaborn",
                        "specs": []
                    }
                ]
            },
            "description": null,
            "distribution_type": "conda",
            "download_url": "//api.anaconda.org/download/bioconda/pyani/0.2.3/linux-64/pyani-0.2.3-py34_0.tar.bz2",
            "full_name": "bioconda/pyani/0.2.3/linux-64/pyani-0.2.3-py34_0.tar.bz2",
            "labels": [
                "main",
                "cf201901"
            ],
            "md5": "fa40a32696148e400b09b1017159e0bb",
            "ndownloads": 336,
            "owner": "bioconda",
            "size": 81412,
            "type": "conda",
            "upload_time": "2017-04-13 23:01:43.966000+00:00",
            "version": "0.2.3"
        },
        {
            "attrs": {
                "arch": "x86_64",
                "build": "py34_0",
                "build_number": 0,
                "depends": [
                    "biopython",
                    "blast",
                    "matplotlib",
                    "mummer",
                    "numpy",
                    "pandas",
                    "python 3.4*",
                    "scipy",
                    "seaborn"
                ],
                "has_prefix": true,
                "license": "MIT License",
                "license_family": "MIT",
                "machine": "x86_64",
                "operatingsystem": "darwin",
                "platform": "osx",
                "subdir": "osx-64",
                "target-triplet": "x86_64-any-darwin"
            },
            "basename": "osx-64/pyani-0.2.3-py34_0.tar.bz2",
            "dependencies": {
                "depends": [
                    {
                        "name": "biopython",
                        "specs": []
                    },
                    {
                        "name": "blast",
                        "specs": []
                    },
                    {
                        "name": "matplotlib",
                        "specs": []
                    },
                    {
                        "name": "mummer",
                        "specs": []
                    },
                    {
                        "name": "numpy",
                        "specs": []
                    },
                    {
                        "name": "pandas",
                        "specs": []
                    },
                    {
                        "name": "python",
                        "specs": [
                            [
                                "==",
                                "3.4"
                            ]
                        ]
                    },
                    {
                        "name": "scipy",
                        "specs": []
                    },
                    {
                        "name": "seaborn",
                        "specs": []
                    }
                ]
            },
            "description": null,
            "distribution_type": "conda",
            "download_url": "//api.anaconda.org/download/bioconda/pyani/0.2.3/osx-64/pyani-0.2.3-py34_0.tar.bz2",
            "full_name": "bioconda/pyani/0.2.3/osx-64/pyani-0.2.3-py34_0.tar.bz2",
            "labels": [
                "main",
                "cf201901"
            ],
            "md5": "f6c0ed4e1a4212f82a1c96cd643ce427",
            "ndownloads": 32,
            "owner": "bioconda",
            "size": 81098,
            "type": "conda",
            "upload_time": "2017-04-13 22:37:04.582000+00:00",
            "version": "0.2.3"
        },
        {
            "attrs": {
                "arch": "x86_64",
                "build": "py35_0",
                "build_number": 0,
                "depends": [
                    "biopython",
                    "blast",
                    "matplotlib",
                    "mummer",
                    "numpy",
                    "pandas",
                    "python 3.5*",
                    "scipy",
                    "seaborn"
                ],
                "has_prefix": true,
                "license": "MIT License",
                "license_family": "MIT",
                "machine": "x86_64",
                "operatingsystem": "darwin",
                "platform": "osx",
                "subdir": "osx-64",
                "target-triplet": "x86_64-any-darwin"
            },
            "basename": "osx-64/pyani-0.2.3-py35_0.tar.bz2",
            "dependencies": {
                "depends": [
                    {
                        "name": "biopython",
                        "specs": []
                    },
                    {
                        "name": "blast",
                        "specs": []
                    },
                    {
                        "name": "matplotlib",
                        "specs": []
                    },
                    {
                        "name": "mummer",
                        "specs": []
                    },
                    {
                        "name": "numpy",
                        "specs": []
                    },
                    {
                        "name": "pandas",
                        "specs": []
                    },
                    {
                        "name": "python",
                        "specs": [
                            [
                                "==",
                                "3.5"
                            ]
                        ]
                    },
                    {
                        "name": "scipy",
                        "specs": []
                    },
                    {
                        "name": "seaborn",
                        "specs": []
                    }
                ]
            },
            "description": null,
            "distribution_type": "conda",
            "download_url": "//api.anaconda.org/download/bioconda/pyani/0.2.3/osx-64/pyani-0.2.3-py35_0.tar.bz2",
            "full_name": "bioconda/pyani/0.2.3/osx-64/pyani-0.2.3-py35_0.tar.bz2",
            "labels": [
                "main",
                "cf201901"
            ],
            "md5": "7a944cf89442f78020e3ec7989e8a933",
            "ndownloads": 272,
            "owner": "bioconda",
            "size": 80927,
            "type": "conda",
            "upload_time": "2017-04-13 22:37:06.938000+00:00",
            "version": "0.2.3"
        },
        {
            "attrs": {
                "arch": "x86_64",
                "build": "py35_0",
                "build_number": 0,
                "depends": [
                    "biopython",
                    "blast",
                    "blast-legacy",
                    "matplotlib",
                    "mummer",
                    "numpy",
                    "pandas",
                    "python 3.5*",
                    "scipy",
                    "seaborn"
                ],
                "has_prefix": true,
                "license": "MIT License",
                "license_family": "MIT",
                "machine": "x86_64",
                "operatingsystem": "linux",
                "platform": "linux",
                "subdir": "linux-64",
                "target-triplet": "x86_64-any-linux"
            },
            "basename": "linux-64/pyani-0.2.3-py35_0.tar.bz2",
            "dependencies": {
                "depends": [
                    {
                        "name": "biopython",
                        "specs": []
                    },
                    {
                        "name": "blast",
                        "specs": []
                    },
                    {
                        "name": "blast-legacy",
                        "specs": []
                    },
                    {
                        "name": "matplotlib",
                        "specs": []
                    },
                    {
                        "name": "mummer",
                        "specs": []
                    },
                    {
                        "name": "numpy",
                        "specs": []
                    },
                    {
                        "name": "pandas",
                        "specs": []
                    },
                    {
                        "name": "python",
                        "specs": [
                            [
                                "==",
                                "3.5"
                            ]
                        ]
                    },
                    {
                        "name": "scipy",
                        "specs": []
                    },
                    {
                        "name": "seaborn",
                        "specs": []
                    }
                ]
            },
            "description": null,
            "distribution_type": "conda",
            "download_url": "//api.anaconda.org/download/bioconda/pyani/0.2.3/linux-64/pyani-0.2.3-py35_0.tar.bz2",
            "full_name": "bioconda/pyani/0.2.3/linux-64/pyani-0.2.3-py35_0.tar.bz2",
            "labels": [
                "main",
                "cf201901"
            ],
            "md5": "148996babbc18961fabe59ec5afd8234",
            "ndownloads": 501,
            "owner": "bioconda",
            "size": 81277,
            "type": "conda",
            "upload_time": "2017-04-13 23:01:42.198000+00:00",
            "version": "0.2.3"
        },
        {
            "attrs": {
                "arch": "x86_64",
                "build": "py36_0",
                "build_number": 0,
                "depends": [
                    "biopython",
                    "blast",
                    "matplotlib",
                    "mummer",
                    "numpy",
                    "pandas",
                    "python 3.6*",
                    "scipy",
                    "seaborn"
                ],
                "has_prefix": true,
                "license": "MIT License",
                "license_family": "MIT",
                "machine": "x86_64",
                "operatingsystem": "darwin",
                "platform": "osx",
                "subdir": "osx-64",
                "target-triplet": "x86_64-any-darwin"
            },
            "basename": "osx-64/pyani-0.2.3-py36_0.tar.bz2",
            "dependencies": {
                "depends": [
                    {
                        "name": "biopython",
                        "specs": []
                    },
                    {
                        "name": "blast",
                        "specs": []
                    },
                    {
                        "name": "matplotlib",
                        "specs": []
                    },
                    {
                        "name": "mummer",
                        "specs": []
                    },
                    {
                        "name": "numpy",
                        "specs": []
                    },
                    {
                        "name": "pandas",
                        "specs": []
                    },
                    {
                        "name": "python",
                        "specs": [
                            [
                                "==",
                                "3.6"
                            ]
                        ]
                    },
                    {
                        "name": "scipy",
                        "specs": []
                    },
                    {
                        "name": "seaborn",
                        "specs": []
                    }
                ]
            },
            "description": null,
            "distribution_type": "conda",
            "download_url": "//api.anaconda.org/download/bioconda/pyani/0.2.3/osx-64/pyani-0.2.3-py36_0.tar.bz2",
            "full_name": "bioconda/pyani/0.2.3/osx-64/pyani-0.2.3-py36_0.tar.bz2",
            "labels": [
                "main",
                "cf201901"
            ],
            "md5": "d69542bf8c2a930528a9c3e4331e8d91",
            "ndownloads": 614,
            "owner": "bioconda",
            "size": 80105,
            "type": "conda",
            "upload_time": "2017-05-09 15:52:45.469000+00:00",
            "version": "0.2.3"
        },
        {
            "attrs": {
                "arch": "x86_64",
                "build": "py36_0",
                "build_number": 0,
                "depends": [
                    "biopython",
                    "blast",
                    "blast-legacy",
                    "matplotlib",
                    "mummer",
                    "numpy",
                    "pandas",
                    "python 3.6*",
                    "scipy",
                    "seaborn"
                ],
                "has_prefix": true,
                "license": "MIT License",
                "license_family": "MIT",
                "machine": "x86_64",
                "operatingsystem": "linux",
                "platform": "linux",
                "subdir": "linux-64",
                "target-triplet": "x86_64-any-linux"
            },
            "basename": "linux-64/pyani-0.2.3-py36_0.tar.bz2",
            "dependencies": {
                "depends": [
                    {
                        "name": "biopython",
                        "specs": []
                    },
                    {
                        "name": "blast",
                        "specs": []
                    },
                    {
                        "name": "blast-legacy",
                        "specs": []
                    },
                    {
                        "name": "matplotlib",
                        "specs": []
                    },
                    {
                        "name": "mummer",
                        "specs": []
                    },
                    {
                        "name": "numpy",
                        "specs": []
                    },
                    {
                        "name": "pandas",
                        "specs": []
                    },
                    {
                        "name": "python",
                        "specs": [
                            [
                                "==",
                                "3.6"
                            ]
                        ]
                    },
                    {
                        "name": "scipy",
                        "specs": []
                    },
                    {
                        "name": "seaborn",
                        "specs": []
                    }
                ]
            },
            "description": null,
            "distribution_type": "conda",
            "download_url": "//api.anaconda.org/download/bioconda/pyani/0.2.3/linux-64/pyani-0.2.3-py36_0.tar.bz2",
            "full_name": "bioconda/pyani/0.2.3/linux-64/pyani-0.2.3-py36_0.tar.bz2",
            "labels": [
                "main",
                "cf201901"
            ],
            "md5": "1abe8097a801433284a10e4f975ea6ae",
            "ndownloads": 385,
            "owner": "bioconda",
            "size": 80769,
            "type": "conda",
            "upload_time": "2017-05-24 22:29:09.735000+00:00",
            "version": "0.2.3"
        },
        {
            "attrs": {
                "arch": "x86_64",
                "build": "py36_0",
                "build_number": 0,
                "depends": [
                    "biopython",
                    "blast",
                    "blast-legacy",
                    "matplotlib",
                    "mummer",
                    "numpy",
                    "pandas",
                    "python 3.6*",
                    "scipy",
                    "seaborn"
                ],
                "has_prefix": true,
                "license": "MIT License",
                "license_family": "MIT",
                "machine": "x86_64",
                "operatingsystem": "linux",
                "platform": "linux",
                "subdir": "linux-64",
                "target-triplet": "x86_64-any-linux"
            },
            "basename": "linux-64/pyani-0.2.7-py36_0.tar.bz2",
            "dependencies": {
                "depends": [
                    {
                        "name": "biopython",
                        "specs": []
                    },
                    {
                        "name": "blast",
                        "specs": []
                    },
                    {
                        "name": "blast-legacy",
                        "specs": []
                    },
                    {
                        "name": "matplotlib",
                        "specs": []
                    },
                    {
                        "name": "mummer",
                        "specs": []
                    },
                    {
                        "name": "numpy",
                        "specs": []
                    },
                    {
                        "name": "pandas",
                        "specs": []
                    },
                    {
                        "name": "python",
                        "specs": [
                            [
                                "==",
                                "3.6"
                            ]
                        ]
                    },
                    {
                        "name": "scipy",
                        "specs": []
                    },
                    {
                        "name": "seaborn",
                        "specs": []
                    }
                ]
            },
            "description": null,
            "distribution_type": "conda",
            "download_url": "//api.anaconda.org/download/bioconda/pyani/0.2.7/linux-64/pyani-0.2.7-py36_0.tar.bz2",
            "full_name": "bioconda/pyani/0.2.7/linux-64/pyani-0.2.7-py36_0.tar.bz2",
            "labels": [
                "main",
                "cf201901"
            ],
            "md5": "d604453e956c98114c90060fae7d2036",
            "ndownloads": 586,
            "owner": "bioconda",
            "size": 57550,
            "type": "conda",
            "upload_time": "2017-10-25 20:24:29.242000+00:00",
            "version": "0.2.7"
        },
        {
            "attrs": {
                "arch": "x86_64",
                "build": "py35_0",
                "build_number": 0,
                "depends": [
                    "biopython",
                    "blast",
                    "blast-legacy",
                    "matplotlib",
                    "mummer",
                    "numpy",
                    "pandas",
                    "python 3.5*",
                    "scipy",
                    "seaborn"
                ],
                "has_prefix": true,
                "license": "MIT License",
                "license_family": "MIT",
                "machine": "x86_64",
                "operatingsystem": "linux",
                "platform": "linux",
                "subdir": "linux-64",
                "target-triplet": "x86_64-any-linux"
            },
            "basename": "linux-64/pyani-0.2.7-py35_0.tar.bz2",
            "dependencies": {
                "depends": [
                    {
                        "name": "biopython",
                        "specs": []
                    },
                    {
                        "name": "blast",
                        "specs": []
                    },
                    {
                        "name": "blast-legacy",
                        "specs": []
                    },
                    {
                        "name": "matplotlib",
                        "specs": []
                    },
                    {
                        "name": "mummer",
                        "specs": []
                    },
                    {
                        "name": "numpy",
                        "specs": []
                    },
                    {
                        "name": "pandas",
                        "specs": []
                    },
                    {
                        "name": "python",
                        "specs": [
                            [
                                "==",
                                "3.5"
                            ]
                        ]
                    },
                    {
                        "name": "scipy",
                        "specs": []
                    },
                    {
                        "name": "seaborn",
                        "specs": []
                    }
                ]
            },
            "description": null,
            "distribution_type": "conda",
            "download_url": "//api.anaconda.org/download/bioconda/pyani/0.2.7/linux-64/pyani-0.2.7-py35_0.tar.bz2",
            "full_name": "bioconda/pyani/0.2.7/linux-64/pyani-0.2.7-py35_0.tar.bz2",
            "labels": [
                "main",
                "cf201901"
            ],
            "md5": "3b0b9011c6349d7ea7146f235a3dfec8",
            "ndownloads": 387,
            "owner": "bioconda",
            "size": 57669,
            "type": "conda",
            "upload_time": "2017-10-25 20:45:49.195000+00:00",
            "version": "0.2.7"
        },
        {
            "attrs": {
                "arch": "x86_64",
                "build": "py35_0",
                "build_number": 0,
                "depends": [
                    "biopython",
                    "blast",
                    "matplotlib",
                    "mummer",
                    "numpy",
                    "pandas",
                    "python 3.5*",
                    "scipy",
                    "seaborn"
                ],
                "has_prefix": true,
                "license": "MIT License",
                "license_family": "MIT",
                "machine": "x86_64",
                "operatingsystem": "darwin",
                "platform": "osx",
                "subdir": "osx-64",
                "target-triplet": "x86_64-any-darwin"
            },
            "basename": "osx-64/pyani-0.2.7-py35_0.tar.bz2",
            "dependencies": {
                "depends": [
                    {
                        "name": "biopython",
                        "specs": []
                    },
                    {
                        "name": "blast",
                        "specs": []
                    },
                    {
                        "name": "matplotlib",
                        "specs": []
                    },
                    {
                        "name": "mummer",
                        "specs": []
                    },
                    {
                        "name": "numpy",
                        "specs": []
                    },
                    {
                        "name": "pandas",
                        "specs": []
                    },
                    {
                        "name": "python",
                        "specs": [
                            [
                                "==",
                                "3.5"
                            ]
                        ]
                    },
                    {
                        "name": "scipy",
                        "specs": []
                    },
                    {
                        "name": "seaborn",
                        "specs": []
                    }
                ]
            },
            "description": null,
            "distribution_type": "conda",
            "download_url": "//api.anaconda.org/download/bioconda/pyani/0.2.7/osx-64/pyani-0.2.7-py35_0.tar.bz2",
            "full_name": "bioconda/pyani/0.2.7/osx-64/pyani-0.2.7-py35_0.tar.bz2",
            "labels": [
                "main",
                "cf201901"
            ],
            "md5": "dbb6a17ee3496c787ccb3515dd400ab0",
            "ndownloads": 31,
            "owner": "bioconda",
            "size": 57161,
            "type": "conda",
            "upload_time": "2017-10-26 02:50:07.921000+00:00",
            "version": "0.2.7"
        },
        {
            "attrs": {
                "arch": "x86_64",
                "build": "py36_0",
                "build_number": 0,
                "depends": [
                    "biopython",
                    "blast",
                    "matplotlib",
                    "mummer",
                    "numpy",
                    "pandas",
                    "python 3.6*",
                    "scipy",
                    "seaborn"
                ],
                "has_prefix": true,
                "license": "MIT License",
                "license_family": "MIT",
                "machine": "x86_64",
                "operatingsystem": "darwin",
                "platform": "osx",
                "subdir": "osx-64",
                "target-triplet": "x86_64-any-darwin"
            },
            "basename": "osx-64/pyani-0.2.7-py36_0.tar.bz2",
            "dependencies": {
                "depends": [
                    {
                        "name": "biopython",
                        "specs": []
                    },
                    {
                        "name": "blast",
                        "specs": []
                    },
                    {
                        "name": "matplotlib",
                        "specs": []
                    },
                    {
                        "name": "mummer",
                        "specs": []
                    },
                    {
                        "name": "numpy",
                        "specs": []
                    },
                    {
                        "name": "pandas",
                        "specs": []
                    },
                    {
                        "name": "python",
                        "specs": [
                            [
                                "==",
                                "3.6"
                            ]
                        ]
                    },
                    {
                        "name": "scipy",
                        "specs": []
                    },
                    {
                        "name": "seaborn",
                        "specs": []
                    }
                ]
            },
            "description": null,
            "distribution_type": "conda",
            "download_url": "//api.anaconda.org/download/bioconda/pyani/0.2.7/osx-64/pyani-0.2.7-py36_0.tar.bz2",
            "full_name": "bioconda/pyani/0.2.7/osx-64/pyani-0.2.7-py36_0.tar.bz2",
            "labels": [
                "main",
                "cf201901"
            ],
            "md5": "acacb8481ba190fbabb24853f00c8a2e",
            "ndownloads": 32,
            "owner": "bioconda",
            "size": 57075,
            "type": "conda",
            "upload_time": "2017-10-26 02:54:13.792000+00:00",
            "version": "0.2.7"
        },
        {
            "attrs": {
                "arch": "x86_64",
                "build": "py35h24bf2e0_1",
                "build_number": 1,
                "depends": [
                    "biopython",
                    "blast",
                    "blast-legacy",
                    "matplotlib",
                    "mummer",
                    "numpy",
                    "pandas",
                    "python >=3.5,<3.6.0a0",
                    "scipy",
                    "seaborn"
                ],
                "has_prefix": true,
                "license": "MIT License",
                "license_family": "MIT",
                "machine": "x86_64",
                "operatingsystem": "linux",
                "platform": "linux",
                "subdir": "linux-64",
                "target-triplet": "x86_64-any-linux",
                "timestamp": 1530226776947
            },
            "basename": "linux-64/pyani-0.2.7-py35h24bf2e0_1.tar.bz2",
            "dependencies": {
                "depends": [
                    {
                        "name": "biopython",
                        "specs": []
                    },
                    {
                        "name": "blast",
                        "specs": []
                    },
                    {
                        "name": "blast-legacy",
                        "specs": []
                    },
                    {
                        "name": "matplotlib",
                        "specs": []
                    },
                    {
                        "name": "mummer",
                        "specs": []
                    },
                    {
                        "name": "numpy",
                        "specs": []
                    },
                    {
                        "name": "pandas",
                        "specs": []
                    },
                    {
                        "name": "python",
                        "specs": [
                            [
                                ">=",
                                "3.5,<3.6.0a0"
                            ]
                        ]
                    },
                    {
                        "name": "scipy",
                        "specs": []
                    },
                    {
                        "name": "seaborn",
                        "specs": []
                    }
                ]
            },
            "description": null,
            "distribution_type": "conda",
            "download_url": "//api.anaconda.org/download/bioconda/pyani/0.2.7/linux-64/pyani-0.2.7-py35h24bf2e0_1.tar.bz2",
            "full_name": "bioconda/pyani/0.2.7/linux-64/pyani-0.2.7-py35h24bf2e0_1.tar.bz2",
            "labels": [
                "main",
                "cf201901"
            ],
            "md5": "c706ee7edd95bb609e94a59945d7cdc5",
            "ndownloads": 134,
            "owner": "bioconda",
            "size": 58331,
            "type": "conda",
            "upload_time": "2018-06-28 23:15:54.944000+00:00",
            "version": "0.2.7"
        },
        {
            "attrs": {
                "arch": "x86_64",
                "build": "py36h24bf2e0_1",
                "build_number": 1,
                "depends": [
                    "biopython",
                    "blast",
                    "matplotlib",
                    "mummer",
                    "numpy",
                    "pandas",
                    "python >=3.6,<3.7.0a0",
                    "scipy",
                    "seaborn"
                ],
                "has_prefix": true,
                "license": "MIT License",
                "license_family": "MIT",
                "machine": "x86_64",
                "operatingsystem": "darwin",
                "platform": "osx",
                "subdir": "osx-64",
                "target-triplet": "x86_64-any-darwin",
                "timestamp": 1529940497193
            },
            "basename": "osx-64/pyani-0.2.7-py36h24bf2e0_1.tar.bz2",
            "dependencies": {
                "depends": [
                    {
                        "name": "biopython",
                        "specs": []
                    },
                    {
                        "name": "blast",
                        "specs": []
                    },
                    {
                        "name": "matplotlib",
                        "specs": []
                    },
                    {
                        "name": "mummer",
                        "specs": []
                    },
                    {
                        "name": "numpy",
                        "specs": []
                    },
                    {
                        "name": "pandas",
                        "specs": []
                    },
                    {
                        "name": "python",
                        "specs": [
                            [
                                ">=",
                                "3.6,<3.7.0a0"
                            ]
                        ]
                    },
                    {
                        "name": "scipy",
                        "specs": []
                    },
                    {
                        "name": "seaborn",
                        "specs": []
                    }
                ]
            },
            "description": null,
            "distribution_type": "conda",
            "download_url": "//api.anaconda.org/download/bioconda/pyani/0.2.7/osx-64/pyani-0.2.7-py36h24bf2e0_1.tar.bz2",
            "full_name": "bioconda/pyani/0.2.7/osx-64/pyani-0.2.7-py36h24bf2e0_1.tar.bz2",
            "labels": [
                "main",
                "cf201901"
            ],
            "md5": "7e27c00b79d78ec632c47aa294e4f264",
            "ndownloads": 1796,
            "owner": "bioconda",
            "size": 58198,
            "type": "conda",
            "upload_time": "2018-06-25 15:29:53.338000+00:00",
            "version": "0.2.7"
        },
        {
            "attrs": {
                "arch": "x86_64",
                "build": "py35h24bf2e0_1",
                "build_number": 1,
                "depends": [
                    "biopython",
                    "blast",
                    "matplotlib",
                    "mummer",
                    "numpy",
                    "pandas",
                    "python >=3.5,<3.6.0a0",
                    "scipy",
                    "seaborn"
                ],
                "has_prefix": true,
                "license": "MIT License",
                "license_family": "MIT",
                "machine": "x86_64",
                "operatingsystem": "darwin",
                "platform": "osx",
                "subdir": "osx-64",
                "target-triplet": "x86_64-any-darwin",
                "timestamp": 1529940298332
            },
            "basename": "osx-64/pyani-0.2.7-py35h24bf2e0_1.tar.bz2",
            "dependencies": {
                "depends": [
                    {
                        "name": "biopython",
                        "specs": []
                    },
                    {
                        "name": "blast",
                        "specs": []
                    },
                    {
                        "name": "matplotlib",
                        "specs": []
                    },
                    {
                        "name": "mummer",
                        "specs": []
                    },
                    {
                        "name": "numpy",
                        "specs": []
                    },
                    {
                        "name": "pandas",
                        "specs": []
                    },
                    {
                        "name": "python",
                        "specs": [
                            [
                                ">=",
                                "3.5,<3.6.0a0"
                            ]
                        ]
                    },
                    {
                        "name": "scipy",
                        "specs": []
                    },
                    {
                        "name": "seaborn",
                        "specs": []
                    }
                ]
            },
            "description": null,
            "distribution_type": "conda",
            "download_url": "//api.anaconda.org/download/bioconda/pyani/0.2.7/osx-64/pyani-0.2.7-py35h24bf2e0_1.tar.bz2",
            "full_name": "bioconda/pyani/0.2.7/osx-64/pyani-0.2.7-py35h24bf2e0_1.tar.bz2",
            "labels": [
                "main",
                "cf201901"
            ],
            "md5": "6d344ffd2a24bb43ac6fa0b9c027b5d4",
            "ndownloads": 35,
            "owner": "bioconda",
            "size": 58233,
            "type": "conda",
            "upload_time": "2018-06-25 15:29:57.405000+00:00",
            "version": "0.2.7"
        },
        {
            "attrs": {
                "arch": null,
                "build": "pyh24bf2e0_0",
                "build_number": 0,
                "depends": [
                    "biopython",
                    "blast",
                    "blast-legacy",
                    "matplotlib",
                    "mummer",
                    "numpy",
                    "pandas",
                    "python >3",
                    "scipy",
                    "seaborn"
                ],
                "has_prefix": false,
                "license": "MIT",
                "license_family": "MIT",
                "machine": null,
                "noarch": "python",
                "operatingsystem": null,
                "platform": null,
                "subdir": "noarch",
                "target-triplet": "None-any-None",
                "timestamp": 1558529862207
            },
            "basename": "noarch/pyani-0.2.9-pyh24bf2e0_0.tar.bz2",
            "dependencies": {
                "depends": [
                    {
                        "name": "biopython",
                        "specs": []
                    },
                    {
                        "name": "blast",
                        "specs": []
                    },
                    {
                        "name": "blast-legacy",
                        "specs": []
                    },
                    {
                        "name": "matplotlib",
                        "specs": []
                    },
                    {
                        "name": "mummer",
                        "specs": []
                    },
                    {
                        "name": "numpy",
                        "specs": []
                    },
                    {
                        "name": "pandas",
                        "specs": []
                    },
                    {
                        "name": "python",
                        "specs": [
                            [
                                ">",
                                "3"
                            ]
                        ]
                    },
                    {
                        "name": "scipy",
                        "specs": []
                    },
                    {
                        "name": "seaborn",
                        "specs": []
                    }
                ]
            },
            "description": null,
            "distribution_type": "conda",
            "download_url": "//api.anaconda.org/download/bioconda/pyani/0.2.9/noarch/pyani-0.2.9-pyh24bf2e0_0.tar.bz2",
            "full_name": "bioconda/pyani/0.2.9/noarch/pyani-0.2.9-pyh24bf2e0_0.tar.bz2",
            "labels": [
                "main"
            ],
            "md5": "b58103f2a20fe91abd5e0fbe6411e107",
            "ndownloads": 283,
            "owner": "bioconda",
            "size": 45970,
            "type": "conda",
            "upload_time": "2019-05-22 13:06:52.285000+00:00",
            "version": "0.2.9"
        },
        {
            "attrs": {
                "arch": null,
                "build": "py_0",
                "build_number": 0,
                "depends": [
                    "biopython",
                    "blast",
                    "blast-legacy",
                    "matplotlib-base",
                    "mummer",
                    "numpy",
                    "pandas",
                    "python >3",
                    "scipy",
                    "seaborn"
                ],
                "has_prefix": false,
                "license": "MIT",
                "license_family": "MIT",
                "machine": null,
                "noarch": "python",
                "operatingsystem": null,
                "platform": null,
                "subdir": "noarch",
                "target-triplet": "None-any-None",
                "timestamp": 1581510263389
            },
            "basename": "noarch/pyani-0.2.10-py_0.tar.bz2",
            "dependencies": {
                "depends": [
                    {
                        "name": "biopython",
                        "specs": []
                    },
                    {
                        "name": "blast",
                        "specs": []
                    },
                    {
                        "name": "blast-legacy",
                        "specs": []
                    },
                    {
                        "name": "matplotlib-base",
                        "specs": []
                    },
                    {
                        "name": "mummer",
                        "specs": []
                    },
                    {
                        "name": "numpy",
                        "specs": []
                    },
                    {
                        "name": "pandas",
                        "specs": []
                    },
                    {
                        "name": "python",
                        "specs": [
                            [
                                ">",
                                "3"
                            ]
                        ]
                    },
                    {
                        "name": "scipy",
                        "specs": []
                    },
                    {
                        "name": "seaborn",
                        "specs": []
                    }
                ]
            },
            "description": null,
            "distribution_type": "conda",
            "download_url": "//api.anaconda.org/download/bioconda/pyani/0.2.10/noarch/pyani-0.2.10-py_0.tar.bz2",
            "full_name": "bioconda/pyani/0.2.10/noarch/pyani-0.2.10-py_0.tar.bz2",
            "labels": [
                "main"
            ],
            "md5": "3acc4054bc1fada31e895f7338b5fd06",
            "ndownloads": 8,
            "owner": "bioconda",
            "size": 47874,
            "type": "conda",
            "upload_time": "2020-02-12 12:49:51.566000+00:00",
            "version": "0.2.10"
        }
    ],
    "full_name": "bioconda/pyani",
    "home": "None",
    "html_url": "http://anaconda.org/bioconda/pyani",
    "id": "5835646afe594310fd1b8ce1",
    "latest_version": "0.2.10",
    "license": "MIT",
    "license_url": null,
    "modified_at": "2020-02-12 12:49:51.940000+00:00",
    "name": "pyani",
    "owner": {
        "company": "",
        "created_at": "2015-09-11 22:59:20.880000+00:00",
        "description": "Bioconda is a distribution of bioinformatics software realized as a channel for the versatile Conda package manager.",
        "location": "",
        "login": "bioconda",
        "name": "bioconda",
        "url": "",
        "user_type": "org"
    },
    "package_types": [
        "conda"
    ],
    "public": true,
    "releases": [
        {
            "distributions": [],
            "full_name": "bioconda/pyani/0.2.0",
            "version": "0.2.0"
        },
        {
            "distributions": [],
            "full_name": "bioconda/pyani/0.2.3",
            "version": "0.2.3"
        },
        {
            "distributions": [],
            "full_name": "bioconda/pyani/0.2.7",
            "version": "0.2.7"
        },
        {
            "distributions": [],
            "full_name": "bioconda/pyani/0.2.9",
            "version": "0.2.9"
        },
        {
            "distributions": [],
            "full_name": "bioconda/pyani/0.2.10",
            "version": "0.2.10"
        }
    ],
    "revision": 9,
    "source_git_tag": null,
    "source_git_url": null,
    "summary": "pyani provides a package and script for calculation of genome-scale average nucleotide identity.",
    "upvoted": 0,
    "url": "http://api.anaconda.org/packages/bioconda/pyani",
    "versions": [
        "0.2.0",
        "0.2.3",
        "0.2.7",
        "0.2.9",
        "0.2.10"
    ],
    "watchers": 1
}