{
    "app_entry": {},
    "app_summary": {},
    "app_type": {},
    "builds": [
        "py_0",
        "py_1"
    ],
    "conda_platforms": [
        "noarch"
    ],
    "created_at": "2019-02-21 23:22:30.557000+00:00",
    "description": "",
    "dev_url": null,
    "doc_url": null,
    "files": [
        {
            "attrs": {
                "arch": null,
                "build": "py_0",
                "build_number": 0,
                "depends": [
                    "biopython",
                    "matplotlib",
                    "pandas",
                    "parasail-python",
                    "pytest",
                    "python >=3",
                    "six",
                    "tqdm"
                ],
                "has_prefix": false,
                "license": "MPL2",
                "machine": null,
                "noarch": "python",
                "operatingsystem": null,
                "platform": null,
                "subdir": "noarch",
                "target-triplet": "None-any-None",
                "timestamp": 1550790943947
            },
            "basename": "noarch/pychopper-0.4.0-py_0.tar.bz2",
            "dependencies": {
                "depends": [
                    {
                        "name": "biopython",
                        "specs": []
                    },
                    {
                        "name": "matplotlib",
                        "specs": []
                    },
                    {
                        "name": "pandas",
                        "specs": []
                    },
                    {
                        "name": "parasail-python",
                        "specs": []
                    },
                    {
                        "name": "pytest",
                        "specs": []
                    },
                    {
                        "name": "python",
                        "specs": [
                            [
                                ">=",
                                "3"
                            ]
                        ]
                    },
                    {
                        "name": "six",
                        "specs": []
                    },
                    {
                        "name": "tqdm",
                        "specs": []
                    }
                ]
            },
            "description": null,
            "distribution_type": "conda",
            "download_url": "//api.anaconda.org/download/bioconda/pychopper/0.4.0/noarch/pychopper-0.4.0-py_0.tar.bz2",
            "full_name": "bioconda/pychopper/0.4.0/noarch/pychopper-0.4.0-py_0.tar.bz2",
            "labels": [
                "main"
            ],
            "md5": "9a344ebf97c15a3769be2a30ddf3cc05",
            "ndownloads": 94,
            "owner": "bioconda",
            "size": 20290,
            "type": "conda",
            "upload_time": "2019-02-21 23:22:33.900000+00:00",
            "version": "0.4.0"
        },
        {
            "attrs": {
                "arch": null,
                "build": "py_0",
                "build_number": 0,
                "depends": [
                    "biopython",
                    "matplotlib",
                    "pandas",
                    "parasail-python",
                    "pytest",
                    "python >=3",
                    "six",
                    "tqdm"
                ],
                "has_prefix": false,
                "license": "MPL2",
                "machine": null,
                "noarch": "python",
                "operatingsystem": null,
                "platform": null,
                "subdir": "noarch",
                "target-triplet": "None-any-None",
                "timestamp": 1554886458740
            },
            "basename": "noarch/pychopper-0.5.0-py_0.tar.bz2",
            "dependencies": {
                "depends": [
                    {
                        "name": "biopython",
                        "specs": []
                    },
                    {
                        "name": "matplotlib",
                        "specs": []
                    },
                    {
                        "name": "pandas",
                        "specs": []
                    },
                    {
                        "name": "parasail-python",
                        "specs": []
                    },
                    {
                        "name": "pytest",
                        "specs": []
                    },
                    {
                        "name": "python",
                        "specs": [
                            [
                                ">=",
                                "3"
                            ]
                        ]
                    },
                    {
                        "name": "six",
                        "specs": []
                    },
                    {
                        "name": "tqdm",
                        "specs": []
                    }
                ]
            },
            "description": null,
            "distribution_type": "conda",
            "download_url": "//api.anaconda.org/download/bioconda/pychopper/0.5.0/noarch/pychopper-0.5.0-py_0.tar.bz2",
            "full_name": "bioconda/pychopper/0.5.0/noarch/pychopper-0.5.0-py_0.tar.bz2",
            "labels": [
                "main"
            ],
            "md5": "ef30b68d0830883361a47a0304fa90f4",
            "ndownloads": 94,
            "owner": "bioconda",
            "size": 20309,
            "type": "conda",
            "upload_time": "2019-04-10 08:59:25.525000+00:00",
            "version": "0.5.0"
        },
        {
            "attrs": {
                "arch": null,
                "build": "py_0",
                "build_number": 0,
                "depends": [
                    "biopython",
                    "matplotlib",
                    "pandas",
                    "parasail-python",
                    "pytest",
                    "python >=3",
                    "six",
                    "tqdm"
                ],
                "has_prefix": false,
                "license": "MPL2",
                "machine": null,
                "noarch": "python",
                "operatingsystem": null,
                "platform": null,
                "subdir": "noarch",
                "target-triplet": "None-any-None",
                "timestamp": 1556292670766
            },
            "basename": "noarch/pychopper-0.6.1-py_0.tar.bz2",
            "dependencies": {
                "depends": [
                    {
                        "name": "biopython",
                        "specs": []
                    },
                    {
                        "name": "matplotlib",
                        "specs": []
                    },
                    {
                        "name": "pandas",
                        "specs": []
                    },
                    {
                        "name": "parasail-python",
                        "specs": []
                    },
                    {
                        "name": "pytest",
                        "specs": []
                    },
                    {
                        "name": "python",
                        "specs": [
                            [
                                ">=",
                                "3"
                            ]
                        ]
                    },
                    {
                        "name": "six",
                        "specs": []
                    },
                    {
                        "name": "tqdm",
                        "specs": []
                    }
                ]
            },
            "description": null,
            "distribution_type": "conda",
            "download_url": "//api.anaconda.org/download/bioconda/pychopper/0.6.1/noarch/pychopper-0.6.1-py_0.tar.bz2",
            "full_name": "bioconda/pychopper/0.6.1/noarch/pychopper-0.6.1-py_0.tar.bz2",
            "labels": [
                "main"
            ],
            "md5": "9de9dc7f1c60c6ae22fb3752f0fc6ed1",
            "ndownloads": 147,
            "owner": "bioconda",
            "size": 20378,
            "type": "conda",
            "upload_time": "2019-04-26 15:35:41.521000+00:00",
            "version": "0.6.1"
        },
        {
            "attrs": {
                "arch": null,
                "build": "py_0",
                "build_number": 0,
                "depends": [
                    "biopython",
                    "matplotlib",
                    "pandas",
                    "parasail-python",
                    "python >=3",
                    "python-edlib",
                    "six",
                    "tqdm"
                ],
                "has_prefix": false,
                "license": "MPL2",
                "machine": null,
                "noarch": "python",
                "operatingsystem": null,
                "platform": null,
                "subdir": "noarch",
                "target-triplet": "None-any-None",
                "timestamp": 1568748045782
            },
            "basename": "noarch/pychopper-2.0.3-py_0.tar.bz2",
            "dependencies": {
                "depends": [
                    {
                        "name": "biopython",
                        "specs": []
                    },
                    {
                        "name": "matplotlib",
                        "specs": []
                    },
                    {
                        "name": "pandas",
                        "specs": []
                    },
                    {
                        "name": "parasail-python",
                        "specs": []
                    },
                    {
                        "name": "python",
                        "specs": [
                            [
                                ">=",
                                "3"
                            ]
                        ]
                    },
                    {
                        "name": "python-edlib",
                        "specs": []
                    },
                    {
                        "name": "six",
                        "specs": []
                    },
                    {
                        "name": "tqdm",
                        "specs": []
                    }
                ]
            },
            "description": null,
            "distribution_type": "conda",
            "download_url": "//api.anaconda.org/download/bioconda/pychopper/2.0.3/noarch/pychopper-2.0.3-py_0.tar.bz2",
            "full_name": "bioconda/pychopper/2.0.3/noarch/pychopper-2.0.3-py_0.tar.bz2",
            "labels": [
                "main"
            ],
            "md5": "474831f2da55f2c423dffe3fbbfbd804",
            "ndownloads": 49,
            "owner": "bioconda",
            "size": 69373,
            "type": "conda",
            "upload_time": "2019-09-17 19:37:25.927000+00:00",
            "version": "2.0.3"
        },
        {
            "attrs": {
                "arch": null,
                "build": "py_1",
                "build_number": 1,
                "depends": [
                    "hmmer >=3",
                    "matplotlib",
                    "pandas",
                    "parasail-python",
                    "python >=3",
                    "python-edlib",
                    "seaborn",
                    "six",
                    "tqdm"
                ],
                "has_prefix": false,
                "license": "MPL2",
                "machine": null,
                "noarch": "python",
                "operatingsystem": null,
                "platform": null,
                "subdir": "noarch",
                "target-triplet": "None-any-None",
                "timestamp": 1568797090067
            },
            "basename": "noarch/pychopper-2.0.3-py_1.tar.bz2",
            "dependencies": {
                "depends": [
                    {
                        "name": "hmmer",
                        "specs": [
                            [
                                ">=",
                                "3"
                            ]
                        ]
                    },
                    {
                        "name": "matplotlib",
                        "specs": []
                    },
                    {
                        "name": "pandas",
                        "specs": []
                    },
                    {
                        "name": "parasail-python",
                        "specs": []
                    },
                    {
                        "name": "python",
                        "specs": [
                            [
                                ">=",
                                "3"
                            ]
                        ]
                    },
                    {
                        "name": "python-edlib",
                        "specs": []
                    },
                    {
                        "name": "seaborn",
                        "specs": []
                    },
                    {
                        "name": "six",
                        "specs": []
                    },
                    {
                        "name": "tqdm",
                        "specs": []
                    }
                ]
            },
            "description": null,
            "distribution_type": "conda",
            "download_url": "//api.anaconda.org/download/bioconda/pychopper/2.0.3/noarch/pychopper-2.0.3-py_1.tar.bz2",
            "full_name": "bioconda/pychopper/2.0.3/noarch/pychopper-2.0.3-py_1.tar.bz2",
            "labels": [
                "main"
            ],
            "md5": "6efd11813e19e88d2416f6efcf137936",
            "ndownloads": 80,
            "owner": "bioconda",
            "size": 69432,
            "type": "conda",
            "upload_time": "2019-09-18 09:11:25.064000+00:00",
            "version": "2.0.3"
        },
        {
            "attrs": {
                "arch": null,
                "build": "py_0",
                "build_number": 0,
                "depends": [
                    "hmmer >=3",
                    "matplotlib",
                    "pandas",
                    "parasail-python",
                    "python >=3",
                    "python-edlib",
                    "seaborn",
                    "six",
                    "tqdm"
                ],
                "has_prefix": false,
                "license": "MPL2",
                "machine": null,
                "noarch": "python",
                "operatingsystem": null,
                "platform": null,
                "subdir": "noarch",
                "target-triplet": "None-any-None",
                "timestamp": 1573492797071
            },
            "basename": "noarch/pychopper-2.1.0-py_0.tar.bz2",
            "dependencies": {
                "depends": [
                    {
                        "name": "hmmer",
                        "specs": [
                            [
                                ">=",
                                "3"
                            ]
                        ]
                    },
                    {
                        "name": "matplotlib",
                        "specs": []
                    },
                    {
                        "name": "pandas",
                        "specs": []
                    },
                    {
                        "name": "parasail-python",
                        "specs": []
                    },
                    {
                        "name": "python",
                        "specs": [
                            [
                                ">=",
                                "3"
                            ]
                        ]
                    },
                    {
                        "name": "python-edlib",
                        "specs": []
                    },
                    {
                        "name": "seaborn",
                        "specs": []
                    },
                    {
                        "name": "six",
                        "specs": []
                    },
                    {
                        "name": "tqdm",
                        "specs": []
                    }
                ]
            },
            "description": null,
            "distribution_type": "conda",
            "download_url": "//api.anaconda.org/download/bioconda/pychopper/2.1.0/noarch/pychopper-2.1.0-py_0.tar.bz2",
            "full_name": "bioconda/pychopper/2.1.0/noarch/pychopper-2.1.0-py_0.tar.bz2",
            "labels": [
                "main"
            ],
            "md5": "1a163ac7c39925fca4e78d66cdfa044e",
            "ndownloads": 42,
            "owner": "bioconda",
            "size": 69773,
            "type": "conda",
            "upload_time": "2019-11-11 17:27:57.927000+00:00",
            "version": "2.1.0"
        },
        {
            "attrs": {
                "arch": null,
                "build": "py_0",
                "build_number": 0,
                "depends": [
                    "hmmer >=3",
                    "matplotlib",
                    "pandas",
                    "parasail-python",
                    "python >=3",
                    "python-edlib",
                    "seaborn",
                    "six",
                    "tqdm"
                ],
                "has_prefix": false,
                "license": "MPL2",
                "machine": null,
                "noarch": "python",
                "operatingsystem": null,
                "platform": null,
                "subdir": "noarch",
                "target-triplet": "None-any-None",
                "timestamp": 1573737486420
            },
            "basename": "noarch/pychopper-2.2.0-py_0.tar.bz2",
            "dependencies": {
                "depends": [
                    {
                        "name": "hmmer",
                        "specs": [
                            [
                                ">=",
                                "3"
                            ]
                        ]
                    },
                    {
                        "name": "matplotlib",
                        "specs": []
                    },
                    {
                        "name": "pandas",
                        "specs": []
                    },
                    {
                        "name": "parasail-python",
                        "specs": []
                    },
                    {
                        "name": "python",
                        "specs": [
                            [
                                ">=",
                                "3"
                            ]
                        ]
                    },
                    {
                        "name": "python-edlib",
                        "specs": []
                    },
                    {
                        "name": "seaborn",
                        "specs": []
                    },
                    {
                        "name": "six",
                        "specs": []
                    },
                    {
                        "name": "tqdm",
                        "specs": []
                    }
                ]
            },
            "description": null,
            "distribution_type": "conda",
            "download_url": "//api.anaconda.org/download/bioconda/pychopper/2.2.0/noarch/pychopper-2.2.0-py_0.tar.bz2",
            "full_name": "bioconda/pychopper/2.2.0/noarch/pychopper-2.2.0-py_0.tar.bz2",
            "labels": [
                "main"
            ],
            "md5": "5289abb695a0d84b3dc75371f9d4f2a2",
            "ndownloads": 40,
            "owner": "bioconda",
            "size": 69746,
            "type": "conda",
            "upload_time": "2019-11-14 13:25:00.338000+00:00",
            "version": "2.2.0"
        },
        {
            "attrs": {
                "arch": null,
                "build": "py_1",
                "build_number": 1,
                "depends": [
                    "hmmer >=3",
                    "matplotlib",
                    "pandas",
                    "parasail-python",
                    "python >=3",
                    "python-edlib",
                    "seaborn",
                    "six",
                    "tqdm"
                ],
                "has_prefix": false,
                "license": "MPL2",
                "machine": null,
                "noarch": "python",
                "operatingsystem": null,
                "platform": null,
                "subdir": "noarch",
                "target-triplet": "None-any-None",
                "timestamp": 1574073999607
            },
            "basename": "noarch/pychopper-2.2.0-py_1.tar.bz2",
            "dependencies": {
                "depends": [
                    {
                        "name": "hmmer",
                        "specs": [
                            [
                                ">=",
                                "3"
                            ]
                        ]
                    },
                    {
                        "name": "matplotlib",
                        "specs": []
                    },
                    {
                        "name": "pandas",
                        "specs": []
                    },
                    {
                        "name": "parasail-python",
                        "specs": []
                    },
                    {
                        "name": "python",
                        "specs": [
                            [
                                ">=",
                                "3"
                            ]
                        ]
                    },
                    {
                        "name": "python-edlib",
                        "specs": []
                    },
                    {
                        "name": "seaborn",
                        "specs": []
                    },
                    {
                        "name": "six",
                        "specs": []
                    },
                    {
                        "name": "tqdm",
                        "specs": []
                    }
                ]
            },
            "description": null,
            "distribution_type": "conda",
            "download_url": "//api.anaconda.org/download/bioconda/pychopper/2.2.0/noarch/pychopper-2.2.0-py_1.tar.bz2",
            "full_name": "bioconda/pychopper/2.2.0/noarch/pychopper-2.2.0-py_1.tar.bz2",
            "labels": [
                "main"
            ],
            "md5": "1a7227bcbf966eb372e79cf313adfbb5",
            "ndownloads": 43,
            "owner": "bioconda",
            "size": 69685,
            "type": "conda",
            "upload_time": "2019-11-18 10:53:32.678000+00:00",
            "version": "2.2.0"
        },
        {
            "attrs": {
                "arch": null,
                "build": "py_0",
                "build_number": 0,
                "depends": [
                    "hmmer >=3",
                    "matplotlib",
                    "pandas",
                    "parasail-python",
                    "python >=3",
                    "python-edlib",
                    "seaborn",
                    "six",
                    "tqdm"
                ],
                "has_prefix": false,
                "license": "MPL2",
                "machine": null,
                "noarch": "python",
                "operatingsystem": null,
                "platform": null,
                "subdir": "noarch",
                "target-triplet": "None-any-None",
                "timestamp": 1574700352421
            },
            "basename": "noarch/pychopper-2.2.1-py_0.tar.bz2",
            "dependencies": {
                "depends": [
                    {
                        "name": "hmmer",
                        "specs": [
                            [
                                ">=",
                                "3"
                            ]
                        ]
                    },
                    {
                        "name": "matplotlib",
                        "specs": []
                    },
                    {
                        "name": "pandas",
                        "specs": []
                    },
                    {
                        "name": "parasail-python",
                        "specs": []
                    },
                    {
                        "name": "python",
                        "specs": [
                            [
                                ">=",
                                "3"
                            ]
                        ]
                    },
                    {
                        "name": "python-edlib",
                        "specs": []
                    },
                    {
                        "name": "seaborn",
                        "specs": []
                    },
                    {
                        "name": "six",
                        "specs": []
                    },
                    {
                        "name": "tqdm",
                        "specs": []
                    }
                ]
            },
            "description": null,
            "distribution_type": "conda",
            "download_url": "//api.anaconda.org/download/bioconda/pychopper/2.2.1/noarch/pychopper-2.2.1-py_0.tar.bz2",
            "full_name": "bioconda/pychopper/2.2.1/noarch/pychopper-2.2.1-py_0.tar.bz2",
            "labels": [
                "main"
            ],
            "md5": "70f3cd2b33942d70020cb3c3d9ed0772",
            "ndownloads": 47,
            "owner": "bioconda",
            "size": 69736,
            "type": "conda",
            "upload_time": "2019-11-25 16:52:42.090000+00:00",
            "version": "2.2.1"
        },
        {
            "attrs": {
                "arch": null,
                "build": "py_0",
                "build_number": 0,
                "depends": [
                    "hmmer >=3",
                    "matplotlib",
                    "pandas",
                    "parasail-python",
                    "python >=3",
                    "python-edlib",
                    "seaborn",
                    "six",
                    "tqdm"
                ],
                "has_prefix": false,
                "license": "MPL2",
                "machine": null,
                "noarch": "python",
                "operatingsystem": null,
                "platform": null,
                "subdir": "noarch",
                "target-triplet": "None-any-None",
                "timestamp": 1575373168516
            },
            "basename": "noarch/pychopper-2.2.2-py_0.tar.bz2",
            "dependencies": {
                "depends": [
                    {
                        "name": "hmmer",
                        "specs": [
                            [
                                ">=",
                                "3"
                            ]
                        ]
                    },
                    {
                        "name": "matplotlib",
                        "specs": []
                    },
                    {
                        "name": "pandas",
                        "specs": []
                    },
                    {
                        "name": "parasail-python",
                        "specs": []
                    },
                    {
                        "name": "python",
                        "specs": [
                            [
                                ">=",
                                "3"
                            ]
                        ]
                    },
                    {
                        "name": "python-edlib",
                        "specs": []
                    },
                    {
                        "name": "seaborn",
                        "specs": []
                    },
                    {
                        "name": "six",
                        "specs": []
                    },
                    {
                        "name": "tqdm",
                        "specs": []
                    }
                ]
            },
            "description": null,
            "distribution_type": "conda",
            "download_url": "//api.anaconda.org/download/bioconda/pychopper/2.2.2/noarch/pychopper-2.2.2-py_0.tar.bz2",
            "full_name": "bioconda/pychopper/2.2.2/noarch/pychopper-2.2.2-py_0.tar.bz2",
            "labels": [
                "main"
            ],
            "md5": "4004fbbf73857ddf675c2292331b655c",
            "ndownloads": 58,
            "owner": "bioconda",
            "size": 69779,
            "type": "conda",
            "upload_time": "2019-12-03 12:16:10.513000+00:00",
            "version": "2.2.2"
        },
        {
            "attrs": {
                "arch": null,
                "build": "py_1",
                "build_number": 1,
                "depends": [
                    "hmmer >=3.2",
                    "matplotlib",
                    "pandas",
                    "parasail-python",
                    "python >=3",
                    "python-edlib",
                    "seaborn",
                    "six",
                    "tqdm"
                ],
                "has_prefix": false,
                "license": "MPL2",
                "machine": null,
                "noarch": "python",
                "operatingsystem": null,
                "platform": null,
                "subdir": "noarch",
                "target-triplet": "None-any-None",
                "timestamp": 1579600580833
            },
            "basename": "noarch/pychopper-2.2.2-py_1.tar.bz2",
            "dependencies": {
                "depends": [
                    {
                        "name": "hmmer",
                        "specs": [
                            [
                                ">=",
                                "3.2"
                            ]
                        ]
                    },
                    {
                        "name": "matplotlib",
                        "specs": []
                    },
                    {
                        "name": "pandas",
                        "specs": []
                    },
                    {
                        "name": "parasail-python",
                        "specs": []
                    },
                    {
                        "name": "python",
                        "specs": [
                            [
                                ">=",
                                "3"
                            ]
                        ]
                    },
                    {
                        "name": "python-edlib",
                        "specs": []
                    },
                    {
                        "name": "seaborn",
                        "specs": []
                    },
                    {
                        "name": "six",
                        "specs": []
                    },
                    {
                        "name": "tqdm",
                        "specs": []
                    }
                ]
            },
            "description": null,
            "distribution_type": "conda",
            "download_url": "//api.anaconda.org/download/bioconda/pychopper/2.2.2/noarch/pychopper-2.2.2-py_1.tar.bz2",
            "full_name": "bioconda/pychopper/2.2.2/noarch/pychopper-2.2.2-py_1.tar.bz2",
            "labels": [
                "main"
            ],
            "md5": "a6cc64372e1cf20dff1fed27aace3376",
            "ndownloads": 61,
            "owner": "bioconda",
            "size": 69781,
            "type": "conda",
            "upload_time": "2020-01-21 10:04:17.488000+00:00",
            "version": "2.2.2"
        },
        {
            "attrs": {
                "arch": null,
                "build": "py_0",
                "build_number": 0,
                "depends": [
                    "hmmer >=3.2",
                    "matplotlib",
                    "pandas",
                    "parasail-python",
                    "python >=3",
                    "python-edlib",
                    "seaborn",
                    "six",
                    "tqdm"
                ],
                "has_prefix": false,
                "license": "MPL2",
                "machine": null,
                "noarch": "python",
                "operatingsystem": null,
                "platform": null,
                "subdir": "noarch",
                "target-triplet": "None-any-None",
                "timestamp": 1584355876006
            },
            "basename": "noarch/pychopper-2.3.0-py_0.tar.bz2",
            "dependencies": {
                "depends": [
                    {
                        "name": "hmmer",
                        "specs": [
                            [
                                ">=",
                                "3.2"
                            ]
                        ]
                    },
                    {
                        "name": "matplotlib",
                        "specs": []
                    },
                    {
                        "name": "pandas",
                        "specs": []
                    },
                    {
                        "name": "parasail-python",
                        "specs": []
                    },
                    {
                        "name": "python",
                        "specs": [
                            [
                                ">=",
                                "3"
                            ]
                        ]
                    },
                    {
                        "name": "python-edlib",
                        "specs": []
                    },
                    {
                        "name": "seaborn",
                        "specs": []
                    },
                    {
                        "name": "six",
                        "specs": []
                    },
                    {
                        "name": "tqdm",
                        "specs": []
                    }
                ]
            },
            "description": null,
            "distribution_type": "conda",
            "download_url": "//api.anaconda.org/download/bioconda/pychopper/2.3.0/noarch/pychopper-2.3.0-py_0.tar.bz2",
            "full_name": "bioconda/pychopper/2.3.0/noarch/pychopper-2.3.0-py_0.tar.bz2",
            "labels": [
                "main"
            ],
            "md5": "3fc09098a1b436f45a80c9014f32c5f2",
            "ndownloads": 18,
            "owner": "bioconda",
            "size": 70303,
            "type": "conda",
            "upload_time": "2020-03-16 10:59:45.783000+00:00",
            "version": "2.3.0"
        },
        {
            "attrs": {
                "arch": null,
                "build": "py_0",
                "build_number": 0,
                "depends": [
                    "hmmer >=3.2",
                    "matplotlib",
                    "pandas",
                    "parasail-python",
                    "python >=3",
                    "python-edlib",
                    "seaborn",
                    "six",
                    "tqdm"
                ],
                "has_prefix": false,
                "license": "MPL2",
                "machine": null,
                "noarch": "python",
                "operatingsystem": null,
                "platform": null,
                "subdir": "noarch",
                "target-triplet": "None-any-None",
                "timestamp": 1584378929377
            },
            "basename": "noarch/pychopper-2.3.1-py_0.tar.bz2",
            "dependencies": {
                "depends": [
                    {
                        "name": "hmmer",
                        "specs": [
                            [
                                ">=",
                                "3.2"
                            ]
                        ]
                    },
                    {
                        "name": "matplotlib",
                        "specs": []
                    },
                    {
                        "name": "pandas",
                        "specs": []
                    },
                    {
                        "name": "parasail-python",
                        "specs": []
                    },
                    {
                        "name": "python",
                        "specs": [
                            [
                                ">=",
                                "3"
                            ]
                        ]
                    },
                    {
                        "name": "python-edlib",
                        "specs": []
                    },
                    {
                        "name": "seaborn",
                        "specs": []
                    },
                    {
                        "name": "six",
                        "specs": []
                    },
                    {
                        "name": "tqdm",
                        "specs": []
                    }
                ]
            },
            "description": null,
            "distribution_type": "conda",
            "download_url": "//api.anaconda.org/download/bioconda/pychopper/2.3.1/noarch/pychopper-2.3.1-py_0.tar.bz2",
            "full_name": "bioconda/pychopper/2.3.1/noarch/pychopper-2.3.1-py_0.tar.bz2",
            "labels": [
                "main"
            ],
            "md5": "ebd5c3525c98e61cad74f146107d10c3",
            "ndownloads": 48,
            "owner": "bioconda",
            "size": 70299,
            "type": "conda",
            "upload_time": "2020-03-16 21:21:10.702000+00:00",
            "version": "2.3.1"
        },
        {
            "attrs": {
                "arch": null,
                "build": "py_1",
                "build_number": 1,
                "depends": [
                    "hmmer >=3.2",
                    "matplotlib-base",
                    "pandas",
                    "parasail-python",
                    "python >=3",
                    "python-edlib",
                    "seaborn",
                    "six",
                    "tqdm"
                ],
                "has_prefix": false,
                "license": "MPL2",
                "machine": null,
                "noarch": "python",
                "operatingsystem": null,
                "platform": null,
                "subdir": "noarch",
                "target-triplet": "None-any-None",
                "timestamp": 1585825924778
            },
            "basename": "noarch/pychopper-2.3.1-py_1.tar.bz2",
            "dependencies": {
                "depends": [
                    {
                        "name": "hmmer",
                        "specs": [
                            [
                                ">=",
                                "3.2"
                            ]
                        ]
                    },
                    {
                        "name": "matplotlib-base",
                        "specs": []
                    },
                    {
                        "name": "pandas",
                        "specs": []
                    },
                    {
                        "name": "parasail-python",
                        "specs": []
                    },
                    {
                        "name": "python",
                        "specs": [
                            [
                                ">=",
                                "3"
                            ]
                        ]
                    },
                    {
                        "name": "python-edlib",
                        "specs": []
                    },
                    {
                        "name": "seaborn",
                        "specs": []
                    },
                    {
                        "name": "six",
                        "specs": []
                    },
                    {
                        "name": "tqdm",
                        "specs": []
                    }
                ]
            },
            "description": null,
            "distribution_type": "conda",
            "download_url": "//api.anaconda.org/download/bioconda/pychopper/2.3.1/noarch/pychopper-2.3.1-py_1.tar.bz2",
            "full_name": "bioconda/pychopper/2.3.1/noarch/pychopper-2.3.1-py_1.tar.bz2",
            "labels": [
                "main"
            ],
            "md5": "b38c2913ebed3aefe320c0602523adfd",
            "ndownloads": 36,
            "owner": "bioconda",
            "size": 70286,
            "type": "conda",
            "upload_time": "2020-04-02 11:17:10.797000+00:00",
            "version": "2.3.1"
        },
        {
            "attrs": {
                "arch": null,
                "build": "py_0",
                "build_number": 0,
                "depends": [
                    "hmmer >=3.2",
                    "matplotlib-base",
                    "pandas",
                    "parasail-python",
                    "python >=3",
                    "python-edlib",
                    "seaborn",
                    "six",
                    "tqdm"
                ],
                "has_prefix": false,
                "license": "MPL2",
                "machine": null,
                "noarch": "python",
                "operatingsystem": null,
                "platform": null,
                "subdir": "noarch",
                "target-triplet": "None-any-None",
                "timestamp": 1588267160448
            },
            "basename": "noarch/pychopper-2.4.0-py_0.tar.bz2",
            "dependencies": {
                "depends": [
                    {
                        "name": "hmmer",
                        "specs": [
                            [
                                ">=",
                                "3.2"
                            ]
                        ]
                    },
                    {
                        "name": "matplotlib-base",
                        "specs": []
                    },
                    {
                        "name": "pandas",
                        "specs": []
                    },
                    {
                        "name": "parasail-python",
                        "specs": []
                    },
                    {
                        "name": "python",
                        "specs": [
                            [
                                ">=",
                                "3"
                            ]
                        ]
                    },
                    {
                        "name": "python-edlib",
                        "specs": []
                    },
                    {
                        "name": "seaborn",
                        "specs": []
                    },
                    {
                        "name": "six",
                        "specs": []
                    },
                    {
                        "name": "tqdm",
                        "specs": []
                    }
                ]
            },
            "description": null,
            "distribution_type": "conda",
            "download_url": "//api.anaconda.org/download/bioconda/pychopper/2.4.0/noarch/pychopper-2.4.0-py_0.tar.bz2",
            "full_name": "bioconda/pychopper/2.4.0/noarch/pychopper-2.4.0-py_0.tar.bz2",
            "labels": [
                "main"
            ],
            "md5": "b32b57834642763b9df0c6474848d93b",
            "ndownloads": 60,
            "owner": "bioconda",
            "size": 71337,
            "type": "conda",
            "upload_time": "2020-04-30 17:24:11.749000+00:00",
            "version": "2.4.0"
        }
    ],
    "full_name": "bioconda/pychopper",
    "home": "https://github.com/nanoporetech/pychopper",
    "html_url": "http://anaconda.org/bioconda/pychopper",
    "id": "5c6f32b6036b8634adbcb7dc",
    "latest_version": "2.4.0",
    "license": "MPL2",
    "license_url": null,
    "modified_at": "2020-04-30 17:24:12.222000+00:00",
    "name": "pychopper",
    "owner": {
        "company": "",
        "created_at": "2015-09-11 22:59:20.880000+00:00",
        "description": "Bioconda is a distribution of bioinformatics software realized as a channel for the versatile Conda package manager.",
        "location": "",
        "login": "bioconda",
        "name": "bioconda",
        "url": "",
        "user_type": "org"
    },
    "package_types": [
        "conda"
    ],
    "public": true,
    "releases": [
        {
            "distributions": [],
            "full_name": "bioconda/pychopper/0.4.0",
            "version": "0.4.0"
        },
        {
            "distributions": [],
            "full_name": "bioconda/pychopper/0.5.0",
            "version": "0.5.0"
        },
        {
            "distributions": [],
            "full_name": "bioconda/pychopper/0.6.1",
            "version": "0.6.1"
        },
        {
            "distributions": [],
            "full_name": "bioconda/pychopper/2.0.3",
            "version": "2.0.3"
        },
        {
            "distributions": [],
            "full_name": "bioconda/pychopper/2.1.0",
            "version": "2.1.0"
        },
        {
            "distributions": [],
            "full_name": "bioconda/pychopper/2.2.0",
            "version": "2.2.0"
        },
        {
            "distributions": [],
            "full_name": "bioconda/pychopper/2.2.1",
            "version": "2.2.1"
        },
        {
            "distributions": [],
            "full_name": "bioconda/pychopper/2.2.2",
            "version": "2.2.2"
        },
        {
            "distributions": [],
            "full_name": "bioconda/pychopper/2.3.0",
            "version": "2.3.0"
        },
        {
            "distributions": [],
            "full_name": "bioconda/pychopper/2.3.1",
            "version": "2.3.1"
        },
        {
            "distributions": [],
            "full_name": "bioconda/pychopper/2.4.0",
            "version": "2.4.0"
        }
    ],
    "revision": 22,
    "source_git_tag": null,
    "source_git_url": null,
    "summary": "A tool to identify, orient and rescue full length cDNA reads from nanopore data.",
    "upvoted": 0,
    "url": "http://api.anaconda.org/packages/bioconda/pychopper",
    "versions": [
        "0.4.0",
        "0.5.0",
        "0.6.1",
        "2.0.3",
        "2.1.0",
        "2.2.0",
        "2.2.1",
        "2.2.2",
        "2.3.0",
        "2.3.1",
        "2.4.0"
    ],
    "watchers": 1
}