{
    "app_entry": {},
    "app_summary": {},
    "app_type": {},
    "builds": [
        "py27_0",
        "py36_0",
        "py_0",
        "py_1",
        "py_2",
        "py35_0"
    ],
    "conda_platforms": [
        "linux-64",
        "noarch",
        "osx-64"
    ],
    "created_at": "2017-07-08 20:23:30.521000+00:00",
    "description": "",
    "dev_url": null,
    "doc_url": "https://a-slide.github.io/pycoQC/",
    "files": [
        {
            "attrs": {
                "arch": "x86_64",
                "build": "py36_0",
                "build_number": 0,
                "depends": [
                    "matplotlib",
                    "notebook",
                    "numpy",
                    "pandas",
                    "python 3.6*",
                    "seaborn"
                ],
                "has_prefix": false,
                "license": "GPL-3.0",
                "machine": "x86_64",
                "operatingsystem": "darwin",
                "platform": "osx",
                "subdir": "osx-64",
                "target-triplet": "x86_64-any-darwin"
            },
            "basename": "osx-64/pycoqc-1.0.alpha1-py36_0.tar.bz2",
            "dependencies": {
                "depends": [
                    {
                        "name": "matplotlib",
                        "specs": []
                    },
                    {
                        "name": "notebook",
                        "specs": []
                    },
                    {
                        "name": "numpy",
                        "specs": []
                    },
                    {
                        "name": "pandas",
                        "specs": []
                    },
                    {
                        "name": "python",
                        "specs": [
                            [
                                "==",
                                "3.6"
                            ]
                        ]
                    },
                    {
                        "name": "seaborn",
                        "specs": []
                    }
                ]
            },
            "description": null,
            "distribution_type": "conda",
            "download_url": "//api.anaconda.org/download/bioconda/pycoqc/1.0.alpha1/osx-64/pycoqc-1.0.alpha1-py36_0.tar.bz2",
            "full_name": "bioconda/pycoqc/1.0.alpha1/osx-64/pycoqc-1.0.alpha1-py36_0.tar.bz2",
            "labels": [
                "main",
                "cf201901"
            ],
            "md5": "8ddb9a2de84456b9563271fe91168396",
            "ndownloads": 744,
            "owner": "bioconda",
            "size": 8756406,
            "type": "conda",
            "upload_time": "2017-07-08 20:31:45.909000+00:00",
            "version": "1.0.alpha1"
        },
        {
            "attrs": {
                "arch": "x86_64",
                "build": "py27_0",
                "build_number": 0,
                "depends": [
                    "matplotlib",
                    "notebook",
                    "numpy",
                    "pandas",
                    "python 2.7*",
                    "seaborn"
                ],
                "has_prefix": false,
                "license": "GPL-3.0",
                "machine": "x86_64",
                "operatingsystem": "linux",
                "platform": "linux",
                "subdir": "linux-64",
                "target-triplet": "x86_64-any-linux"
            },
            "basename": "linux-64/pycoqc-1.0.alpha1-py27_0.tar.bz2",
            "dependencies": {
                "depends": [
                    {
                        "name": "matplotlib",
                        "specs": []
                    },
                    {
                        "name": "notebook",
                        "specs": []
                    },
                    {
                        "name": "numpy",
                        "specs": []
                    },
                    {
                        "name": "pandas",
                        "specs": []
                    },
                    {
                        "name": "python",
                        "specs": [
                            [
                                "==",
                                "2.7"
                            ]
                        ]
                    },
                    {
                        "name": "seaborn",
                        "specs": []
                    }
                ]
            },
            "description": null,
            "distribution_type": "conda",
            "download_url": "//api.anaconda.org/download/bioconda/pycoqc/1.0.alpha1/linux-64/pycoqc-1.0.alpha1-py27_0.tar.bz2",
            "full_name": "bioconda/pycoqc/1.0.alpha1/linux-64/pycoqc-1.0.alpha1-py27_0.tar.bz2",
            "labels": [
                "main",
                "cf201901"
            ],
            "md5": "542c4ff29e2c0e1a1ffeabc927b6972c",
            "ndownloads": 438,
            "owner": "bioconda",
            "size": 8754338,
            "type": "conda",
            "upload_time": "2017-07-08 20:41:00.273000+00:00",
            "version": "1.0.alpha1"
        },
        {
            "attrs": {
                "arch": "x86_64",
                "build": "py27_0",
                "build_number": 0,
                "depends": [
                    "matplotlib",
                    "notebook",
                    "numpy",
                    "pandas",
                    "python 2.7*",
                    "seaborn"
                ],
                "has_prefix": false,
                "license": "GPL-3.0",
                "machine": "x86_64",
                "operatingsystem": "darwin",
                "platform": "osx",
                "subdir": "osx-64",
                "target-triplet": "x86_64-any-darwin"
            },
            "basename": "osx-64/pycoqc-1.0.alpha1-py27_0.tar.bz2",
            "dependencies": {
                "depends": [
                    {
                        "name": "matplotlib",
                        "specs": []
                    },
                    {
                        "name": "notebook",
                        "specs": []
                    },
                    {
                        "name": "numpy",
                        "specs": []
                    },
                    {
                        "name": "pandas",
                        "specs": []
                    },
                    {
                        "name": "python",
                        "specs": [
                            [
                                "==",
                                "2.7"
                            ]
                        ]
                    },
                    {
                        "name": "seaborn",
                        "specs": []
                    }
                ]
            },
            "description": null,
            "distribution_type": "conda",
            "download_url": "//api.anaconda.org/download/bioconda/pycoqc/1.0.alpha1/osx-64/pycoqc-1.0.alpha1-py27_0.tar.bz2",
            "full_name": "bioconda/pycoqc/1.0.alpha1/osx-64/pycoqc-1.0.alpha1-py27_0.tar.bz2",
            "labels": [
                "main",
                "cf201901"
            ],
            "md5": "c9af92a146b472cfbeca80be132e43d0",
            "ndownloads": 194,
            "owner": "bioconda",
            "size": 8754436,
            "type": "conda",
            "upload_time": "2017-07-08 20:23:30.924000+00:00",
            "version": "1.0.alpha1"
        },
        {
            "attrs": {
                "arch": "x86_64",
                "build": "py36_0",
                "build_number": 0,
                "depends": [
                    "matplotlib",
                    "notebook",
                    "numpy",
                    "pandas",
                    "python 3.6*",
                    "seaborn"
                ],
                "has_prefix": false,
                "license": "GPL-3.0",
                "machine": "x86_64",
                "operatingsystem": "linux",
                "platform": "linux",
                "subdir": "linux-64",
                "target-triplet": "x86_64-any-linux"
            },
            "basename": "linux-64/pycoqc-1.0.alpha1-py36_0.tar.bz2",
            "dependencies": {
                "depends": [
                    {
                        "name": "matplotlib",
                        "specs": []
                    },
                    {
                        "name": "notebook",
                        "specs": []
                    },
                    {
                        "name": "numpy",
                        "specs": []
                    },
                    {
                        "name": "pandas",
                        "specs": []
                    },
                    {
                        "name": "python",
                        "specs": [
                            [
                                "==",
                                "3.6"
                            ]
                        ]
                    },
                    {
                        "name": "seaborn",
                        "specs": []
                    }
                ]
            },
            "description": null,
            "distribution_type": "conda",
            "download_url": "//api.anaconda.org/download/bioconda/pycoqc/1.0.alpha1/linux-64/pycoqc-1.0.alpha1-py36_0.tar.bz2",
            "full_name": "bioconda/pycoqc/1.0.alpha1/linux-64/pycoqc-1.0.alpha1-py36_0.tar.bz2",
            "labels": [
                "main",
                "cf201901"
            ],
            "md5": "a6fbbe56e44c5c63a43944165b60b53c",
            "ndownloads": 468,
            "owner": "bioconda",
            "size": 8755497,
            "type": "conda",
            "upload_time": "2017-07-08 20:52:35.128000+00:00",
            "version": "1.0.alpha1"
        },
        {
            "attrs": {
                "arch": "x86_64",
                "build": "py35_0",
                "build_number": 0,
                "depends": [
                    "matplotlib",
                    "notebook",
                    "numpy",
                    "pandas",
                    "python 3.5*",
                    "seaborn"
                ],
                "has_prefix": false,
                "license": "GPL-3.0",
                "machine": "x86_64",
                "operatingsystem": "darwin",
                "platform": "osx",
                "subdir": "osx-64",
                "target-triplet": "x86_64-any-darwin"
            },
            "basename": "osx-64/pycoqc-1.0.alpha1-py35_0.tar.bz2",
            "dependencies": {
                "depends": [
                    {
                        "name": "matplotlib",
                        "specs": []
                    },
                    {
                        "name": "notebook",
                        "specs": []
                    },
                    {
                        "name": "numpy",
                        "specs": []
                    },
                    {
                        "name": "pandas",
                        "specs": []
                    },
                    {
                        "name": "python",
                        "specs": [
                            [
                                "==",
                                "3.5"
                            ]
                        ]
                    },
                    {
                        "name": "seaborn",
                        "specs": []
                    }
                ]
            },
            "description": null,
            "distribution_type": "conda",
            "download_url": "//api.anaconda.org/download/bioconda/pycoqc/1.0.alpha1/osx-64/pycoqc-1.0.alpha1-py35_0.tar.bz2",
            "full_name": "bioconda/pycoqc/1.0.alpha1/osx-64/pycoqc-1.0.alpha1-py35_0.tar.bz2",
            "labels": [
                "main",
                "cf201901"
            ],
            "md5": "f664e9143e59a38ee0624a285f5a14af",
            "ndownloads": 111,
            "owner": "bioconda",
            "size": 8754050,
            "type": "conda",
            "upload_time": "2017-07-08 20:27:38.894000+00:00",
            "version": "1.0.alpha1"
        },
        {
            "attrs": {
                "arch": "x86_64",
                "build": "py35_0",
                "build_number": 0,
                "depends": [
                    "matplotlib",
                    "notebook",
                    "numpy",
                    "pandas",
                    "python 3.5*",
                    "seaborn"
                ],
                "has_prefix": false,
                "license": "GPL-3.0",
                "machine": "x86_64",
                "operatingsystem": "linux",
                "platform": "linux",
                "subdir": "linux-64",
                "target-triplet": "x86_64-any-linux"
            },
            "basename": "linux-64/pycoqc-1.0.alpha1-py35_0.tar.bz2",
            "dependencies": {
                "depends": [
                    {
                        "name": "matplotlib",
                        "specs": []
                    },
                    {
                        "name": "notebook",
                        "specs": []
                    },
                    {
                        "name": "numpy",
                        "specs": []
                    },
                    {
                        "name": "pandas",
                        "specs": []
                    },
                    {
                        "name": "python",
                        "specs": [
                            [
                                "==",
                                "3.5"
                            ]
                        ]
                    },
                    {
                        "name": "seaborn",
                        "specs": []
                    }
                ]
            },
            "description": null,
            "distribution_type": "conda",
            "download_url": "//api.anaconda.org/download/bioconda/pycoqc/1.0.alpha1/linux-64/pycoqc-1.0.alpha1-py35_0.tar.bz2",
            "full_name": "bioconda/pycoqc/1.0.alpha1/linux-64/pycoqc-1.0.alpha1-py35_0.tar.bz2",
            "labels": [
                "main",
                "cf201901"
            ],
            "md5": "fda7bc3e58ccba11a7d695825797269e",
            "ndownloads": 519,
            "owner": "bioconda",
            "size": 8753004,
            "type": "conda",
            "upload_time": "2017-07-08 20:29:35.445000+00:00",
            "version": "1.0.alpha1"
        },
        {
            "attrs": {
                "arch": null,
                "build": "py_1",
                "build_number": 1,
                "depends": [
                    "matplotlib",
                    "notebook",
                    "numpy",
                    "pandas",
                    "python >=3",
                    "seaborn"
                ],
                "has_prefix": false,
                "license": "GPL-3.0",
                "license_family": "GPL",
                "machine": null,
                "noarch": "python",
                "operatingsystem": null,
                "platform": null,
                "subdir": "noarch",
                "target-triplet": "None-any-None",
                "timestamp": 1556796160014
            },
            "basename": "noarch/pycoqc-2.2.3-py_1.tar.bz2",
            "dependencies": {
                "depends": [
                    {
                        "name": "matplotlib",
                        "specs": []
                    },
                    {
                        "name": "notebook",
                        "specs": []
                    },
                    {
                        "name": "numpy",
                        "specs": []
                    },
                    {
                        "name": "pandas",
                        "specs": []
                    },
                    {
                        "name": "python",
                        "specs": [
                            [
                                ">=",
                                "3"
                            ]
                        ]
                    },
                    {
                        "name": "seaborn",
                        "specs": []
                    }
                ]
            },
            "description": null,
            "distribution_type": "conda",
            "download_url": "//api.anaconda.org/download/bioconda/pycoqc/2.2.3/noarch/pycoqc-2.2.3-py_1.tar.bz2",
            "full_name": "bioconda/pycoqc/2.2.3/noarch/pycoqc-2.2.3-py_1.tar.bz2",
            "labels": [
                "main"
            ],
            "md5": "bd88f4ffcf618c7a48ff3342af0699df",
            "ndownloads": 98,
            "owner": "bioconda",
            "size": 35852,
            "type": "conda",
            "upload_time": "2019-05-02 11:29:36.589000+00:00",
            "version": "2.2.3"
        },
        {
            "attrs": {
                "arch": null,
                "build": "py_2",
                "build_number": 2,
                "depends": [
                    "h5py >=2.8.0",
                    "jinja2 >=2.10",
                    "matplotlib",
                    "notebook",
                    "numpy",
                    "pandas >=0.23",
                    "plotly >=3.4",
                    "python >=3",
                    "scipy >=1.1",
                    "seaborn",
                    "tqdm >=4.23"
                ],
                "has_prefix": false,
                "license": "GPL-3.0",
                "license_family": "GPL",
                "machine": null,
                "noarch": "python",
                "operatingsystem": null,
                "platform": null,
                "subdir": "noarch",
                "target-triplet": "None-any-None",
                "timestamp": 1558605168847
            },
            "basename": "noarch/pycoqc-2.2.3-py_2.tar.bz2",
            "dependencies": {
                "depends": [
                    {
                        "name": "h5py",
                        "specs": [
                            [
                                ">=",
                                "2.8.0"
                            ]
                        ]
                    },
                    {
                        "name": "jinja2",
                        "specs": [
                            [
                                ">=",
                                "2.10"
                            ]
                        ]
                    },
                    {
                        "name": "matplotlib",
                        "specs": []
                    },
                    {
                        "name": "notebook",
                        "specs": []
                    },
                    {
                        "name": "numpy",
                        "specs": []
                    },
                    {
                        "name": "pandas",
                        "specs": [
                            [
                                ">=",
                                "0.23"
                            ]
                        ]
                    },
                    {
                        "name": "plotly",
                        "specs": [
                            [
                                ">=",
                                "3.4"
                            ]
                        ]
                    },
                    {
                        "name": "python",
                        "specs": [
                            [
                                ">=",
                                "3"
                            ]
                        ]
                    },
                    {
                        "name": "scipy",
                        "specs": [
                            [
                                ">=",
                                "1.1"
                            ]
                        ]
                    },
                    {
                        "name": "seaborn",
                        "specs": []
                    },
                    {
                        "name": "tqdm",
                        "specs": [
                            [
                                ">=",
                                "4.23"
                            ]
                        ]
                    }
                ]
            },
            "description": null,
            "distribution_type": "conda",
            "download_url": "//api.anaconda.org/download/bioconda/pycoqc/2.2.3/noarch/pycoqc-2.2.3-py_2.tar.bz2",
            "full_name": "bioconda/pycoqc/2.2.3/noarch/pycoqc-2.2.3-py_2.tar.bz2",
            "labels": [
                "main"
            ],
            "md5": "eba1c8701e463aabf95146fb31104cae",
            "ndownloads": 91,
            "owner": "bioconda",
            "size": 35965,
            "type": "conda",
            "upload_time": "2019-05-23 10:01:08.315000+00:00",
            "version": "2.2.3"
        },
        {
            "attrs": {
                "arch": null,
                "build": "py_0",
                "build_number": 0,
                "depends": [
                    "h5py >=2.8.0",
                    "jinja2 >=2.10",
                    "jupyter_contrib_nbextensions",
                    "jupyterthemes",
                    "notebook >=4.0.0",
                    "numpy >=1.13",
                    "pandas >=0.23",
                    "plotly >=3.4",
                    "python >=3",
                    "scipy >=1.1",
                    "tqdm >=4.23"
                ],
                "has_prefix": false,
                "license": "GPL-3.0",
                "license_family": "GPL",
                "machine": null,
                "noarch": "python",
                "operatingsystem": null,
                "platform": null,
                "subdir": "noarch",
                "target-triplet": "None-any-None",
                "timestamp": 1559139871146
            },
            "basename": "noarch/pycoqc-2.2.4-py_0.tar.bz2",
            "dependencies": {
                "depends": [
                    {
                        "name": "h5py",
                        "specs": [
                            [
                                ">=",
                                "2.8.0"
                            ]
                        ]
                    },
                    {
                        "name": "jinja2",
                        "specs": [
                            [
                                ">=",
                                "2.10"
                            ]
                        ]
                    },
                    {
                        "name": "jupyter_contrib_nbextensions",
                        "specs": []
                    },
                    {
                        "name": "jupyterthemes",
                        "specs": []
                    },
                    {
                        "name": "notebook",
                        "specs": [
                            [
                                ">=",
                                "4.0.0"
                            ]
                        ]
                    },
                    {
                        "name": "numpy",
                        "specs": [
                            [
                                ">=",
                                "1.13"
                            ]
                        ]
                    },
                    {
                        "name": "pandas",
                        "specs": [
                            [
                                ">=",
                                "0.23"
                            ]
                        ]
                    },
                    {
                        "name": "plotly",
                        "specs": [
                            [
                                ">=",
                                "3.4"
                            ]
                        ]
                    },
                    {
                        "name": "python",
                        "specs": [
                            [
                                ">=",
                                "3"
                            ]
                        ]
                    },
                    {
                        "name": "scipy",
                        "specs": [
                            [
                                ">=",
                                "1.1"
                            ]
                        ]
                    },
                    {
                        "name": "tqdm",
                        "specs": [
                            [
                                ">=",
                                "4.23"
                            ]
                        ]
                    }
                ]
            },
            "description": null,
            "distribution_type": "conda",
            "download_url": "//api.anaconda.org/download/bioconda/pycoqc/2.2.4/noarch/pycoqc-2.2.4-py_0.tar.bz2",
            "full_name": "bioconda/pycoqc/2.2.4/noarch/pycoqc-2.2.4-py_0.tar.bz2",
            "labels": [
                "main"
            ],
            "md5": "a56dda43649df16e000320281e09bf2a",
            "ndownloads": 156,
            "owner": "bioconda",
            "size": 41605,
            "type": "conda",
            "upload_time": "2019-05-29 15:25:18.252000+00:00",
            "version": "2.2.4"
        },
        {
            "attrs": {
                "arch": null,
                "build": "py_0",
                "build_number": 0,
                "depends": [
                    "h5py >=2.8.0",
                    "jinja2 >=2.10",
                    "jupyter_contrib_nbextensions",
                    "jupyterthemes",
                    "notebook >=4.0.0",
                    "numpy >=1.13",
                    "pandas >=0.23",
                    "plotly >=3.4",
                    "python >=3",
                    "scipy >=1.1",
                    "tqdm >=4.23"
                ],
                "has_prefix": false,
                "license": "GPL-3.0",
                "license_family": "GPL",
                "machine": null,
                "noarch": "python",
                "operatingsystem": null,
                "platform": null,
                "subdir": "noarch",
                "target-triplet": "None-any-None",
                "timestamp": 1569587936699
            },
            "basename": "noarch/pycoqc-2.5.0.3-py_0.tar.bz2",
            "dependencies": {
                "depends": [
                    {
                        "name": "h5py",
                        "specs": [
                            [
                                ">=",
                                "2.8.0"
                            ]
                        ]
                    },
                    {
                        "name": "jinja2",
                        "specs": [
                            [
                                ">=",
                                "2.10"
                            ]
                        ]
                    },
                    {
                        "name": "jupyter_contrib_nbextensions",
                        "specs": []
                    },
                    {
                        "name": "jupyterthemes",
                        "specs": []
                    },
                    {
                        "name": "notebook",
                        "specs": [
                            [
                                ">=",
                                "4.0.0"
                            ]
                        ]
                    },
                    {
                        "name": "numpy",
                        "specs": [
                            [
                                ">=",
                                "1.13"
                            ]
                        ]
                    },
                    {
                        "name": "pandas",
                        "specs": [
                            [
                                ">=",
                                "0.23"
                            ]
                        ]
                    },
                    {
                        "name": "plotly",
                        "specs": [
                            [
                                ">=",
                                "3.4"
                            ]
                        ]
                    },
                    {
                        "name": "python",
                        "specs": [
                            [
                                ">=",
                                "3"
                            ]
                        ]
                    },
                    {
                        "name": "scipy",
                        "specs": [
                            [
                                ">=",
                                "1.1"
                            ]
                        ]
                    },
                    {
                        "name": "tqdm",
                        "specs": [
                            [
                                ">=",
                                "4.23"
                            ]
                        ]
                    }
                ]
            },
            "description": null,
            "distribution_type": "conda",
            "download_url": "//api.anaconda.org/download/bioconda/pycoqc/2.5.0.3/noarch/pycoqc-2.5.0.3-py_0.tar.bz2",
            "full_name": "bioconda/pycoqc/2.5.0.3/noarch/pycoqc-2.5.0.3-py_0.tar.bz2",
            "labels": [
                "main"
            ],
            "md5": "9b5915eeda8deceff361698f66337ddc",
            "ndownloads": 90,
            "owner": "bioconda",
            "size": 50929,
            "type": "conda",
            "upload_time": "2019-09-27 12:46:57.962000+00:00",
            "version": "2.5.0.3"
        },
        {
            "attrs": {
                "arch": null,
                "build": "py_0",
                "build_number": 0,
                "depends": [
                    "h5py 2.9.0.*",
                    "jinja2 2.10.1.*",
                    "numpy 1.17.1.*",
                    "pandas 0.25.1.*",
                    "plotly 4.1.0.*",
                    "pysam 0.15.3.*",
                    "python >=3.6",
                    "scipy 1.3.1.*",
                    "tqdm 4.35.0.*"
                ],
                "has_prefix": false,
                "license": "GNU General Public v3 (GPLv3)",
                "license_family": "GPL",
                "machine": null,
                "noarch": "python",
                "operatingsystem": null,
                "platform": null,
                "subdir": "noarch",
                "target-triplet": "None-any-None",
                "timestamp": 1583496766031
            },
            "basename": "noarch/pycoqc-2.5.0.21-py_0.tar.bz2",
            "dependencies": {
                "depends": [
                    {
                        "name": "h5py",
                        "specs": [
                            [
                                "==",
                                "2.9.0."
                            ]
                        ]
                    },
                    {
                        "name": "jinja2",
                        "specs": [
                            [
                                "==",
                                "2.10.1."
                            ]
                        ]
                    },
                    {
                        "name": "numpy",
                        "specs": [
                            [
                                "==",
                                "1.17.1."
                            ]
                        ]
                    },
                    {
                        "name": "pandas",
                        "specs": [
                            [
                                "==",
                                "0.25.1."
                            ]
                        ]
                    },
                    {
                        "name": "plotly",
                        "specs": [
                            [
                                "==",
                                "4.1.0."
                            ]
                        ]
                    },
                    {
                        "name": "pysam",
                        "specs": [
                            [
                                "==",
                                "0.15.3."
                            ]
                        ]
                    },
                    {
                        "name": "python",
                        "specs": [
                            [
                                ">=",
                                "3.6"
                            ]
                        ]
                    },
                    {
                        "name": "scipy",
                        "specs": [
                            [
                                "==",
                                "1.3.1."
                            ]
                        ]
                    },
                    {
                        "name": "tqdm",
                        "specs": [
                            [
                                "==",
                                "4.35.0."
                            ]
                        ]
                    }
                ]
            },
            "description": null,
            "distribution_type": "conda",
            "download_url": "//api.anaconda.org/download/bioconda/pycoqc/2.5.0.21/noarch/pycoqc-2.5.0.21-py_0.tar.bz2",
            "full_name": "bioconda/pycoqc/2.5.0.21/noarch/pycoqc-2.5.0.21-py_0.tar.bz2",
            "labels": [
                "main"
            ],
            "md5": "378a6755aa8e6f4290a24c6797667835",
            "ndownloads": 12,
            "owner": "bioconda",
            "size": 36774,
            "type": "conda",
            "upload_time": "2020-03-08 13:13:33.225000+00:00",
            "version": "2.5.0.21"
        }
    ],
    "full_name": "bioconda/pycoqc",
    "home": "https://github.com/EnrightLab/pycoQC",
    "html_url": "http://anaconda.org/bioconda/pycoqc",
    "id": "59613f42a1af1469b294fd3f",
    "latest_version": "2.5.0.21",
    "license": "GNU General Public v3 (GPLv3)",
    "license_url": null,
    "modified_at": "2020-03-08 13:13:33.955000+00:00",
    "name": "pycoqc",
    "owner": {
        "company": "",
        "created_at": "2015-09-11 22:59:20.880000+00:00",
        "description": "Bioconda is a distribution of bioinformatics software realized as a channel for the versatile Conda package manager.",
        "location": "",
        "login": "bioconda",
        "name": "bioconda",
        "url": "",
        "user_type": "org"
    },
    "package_types": [
        "conda"
    ],
    "public": true,
    "releases": [
        {
            "distributions": [],
            "full_name": "bioconda/pycoqc/1.0.alpha1",
            "version": "1.0.alpha1"
        },
        {
            "distributions": [],
            "full_name": "bioconda/pycoqc/2.2.3",
            "version": "2.2.3"
        },
        {
            "distributions": [],
            "full_name": "bioconda/pycoqc/2.2.4",
            "version": "2.2.4"
        },
        {
            "distributions": [],
            "full_name": "bioconda/pycoqc/2.5.0.3",
            "version": "2.5.0.3"
        },
        {
            "distributions": [],
            "full_name": "bioconda/pycoqc/2.5.0.21",
            "version": "2.5.0.21"
        }
    ],
    "revision": 10,
    "source_git_tag": null,
    "source_git_url": null,
    "summary": "PycoQC computes metrics and generates interactive QC plots for Oxford Nanopore technologies sequencing data",
    "upvoted": 0,
    "url": "http://api.anaconda.org/packages/bioconda/pycoqc",
    "versions": [
        "1.0.alpha1",
        "2.2.3",
        "2.2.4",
        "2.5.0.3",
        "2.5.0.21"
    ],
    "watchers": 1
}