{
    "app_entry": {},
    "app_summary": {},
    "app_type": {},
    "builds": [
        "py_1",
        "py36_0",
        "py27_0",
        "py35_0",
        "py34_0"
    ],
    "conda_platforms": [
        "linux-64",
        "noarch",
        "osx-64"
    ],
    "created_at": "2016-03-01 23:42:16.343000+00:00",
    "description": "None",
    "dev_url": {},
    "doc_url": {},
    "files": [
        {
            "attrs": {
                "arch": "x86_64",
                "build": "py35_0",
                "build_number": 0,
                "depends": [
                    "python 3.5*",
                    "six"
                ],
                "license": "CC BY-SA 3.0",
                "machine": "x86_64",
                "operatingsystem": "linux",
                "platform": "linux",
                "subdir": "linux-64",
                "target-triplet": "x86_64-any-linux"
            },
            "basename": "linux-64/qiime-default-reference-0.1.3-py35_0.tar.bz2",
            "dependencies": {
                "depends": [
                    {
                        "name": "python",
                        "specs": [
                            [
                                "==",
                                "3.5"
                            ]
                        ]
                    },
                    {
                        "name": "six",
                        "specs": []
                    }
                ]
            },
            "description": null,
            "distribution_type": "conda",
            "download_url": "//api.anaconda.org/download/bioconda/qiime-default-reference/0.1.3/linux-64/qiime-default-reference-0.1.3-py35_0.tar.bz2",
            "full_name": "bioconda/qiime-default-reference/0.1.3/linux-64/qiime-default-reference-0.1.3-py35_0.tar.bz2",
            "labels": [
                "main",
                "cf201901"
            ],
            "md5": "233a640c50d81bddcfe777d2fbfc2f72",
            "ndownloads": 429,
            "owner": "bioconda",
            "size": 21585482,
            "type": "conda",
            "upload_time": "2016-03-01 23:42:16.640000+00:00",
            "version": "0.1.3"
        },
        {
            "attrs": {
                "arch": "x86_64",
                "build": "py34_0",
                "build_number": 0,
                "depends": [
                    "python 3.4*",
                    "six"
                ],
                "license": "CC BY-SA 3.0",
                "machine": "x86_64",
                "operatingsystem": "linux",
                "platform": "linux",
                "subdir": "linux-64",
                "target-triplet": "x86_64-any-linux"
            },
            "basename": "linux-64/qiime-default-reference-0.1.3-py34_0.tar.bz2",
            "dependencies": {
                "depends": [
                    {
                        "name": "python",
                        "specs": [
                            [
                                "==",
                                "3.4"
                            ]
                        ]
                    },
                    {
                        "name": "six",
                        "specs": []
                    }
                ]
            },
            "description": null,
            "distribution_type": "conda",
            "download_url": "//api.anaconda.org/download/bioconda/qiime-default-reference/0.1.3/linux-64/qiime-default-reference-0.1.3-py34_0.tar.bz2",
            "full_name": "bioconda/qiime-default-reference/0.1.3/linux-64/qiime-default-reference-0.1.3-py34_0.tar.bz2",
            "labels": [
                "main",
                "cf201901"
            ],
            "md5": "93e5f4f6d7d442784553fac30fd7cc6a",
            "ndownloads": 436,
            "owner": "bioconda",
            "size": 21585333,
            "type": "conda",
            "upload_time": "2016-03-01 23:42:29.999000+00:00",
            "version": "0.1.3"
        },
        {
            "attrs": {
                "arch": "x86_64",
                "build": "py36_0",
                "build_number": 0,
                "depends": [
                    "python 3.6*",
                    "six"
                ],
                "has_prefix": false,
                "license": "CC BY-SA 3.0",
                "machine": "x86_64",
                "operatingsystem": "darwin",
                "platform": "osx",
                "subdir": "osx-64",
                "target-triplet": "x86_64-any-darwin"
            },
            "basename": "osx-64/qiime-default-reference-0.1.3-py36_0.tar.bz2",
            "dependencies": {
                "depends": [
                    {
                        "name": "python",
                        "specs": [
                            [
                                "==",
                                "3.6"
                            ]
                        ]
                    },
                    {
                        "name": "six",
                        "specs": []
                    }
                ]
            },
            "description": null,
            "distribution_type": "conda",
            "download_url": "//api.anaconda.org/download/bioconda/qiime-default-reference/0.1.3/osx-64/qiime-default-reference-0.1.3-py36_0.tar.bz2",
            "full_name": "bioconda/qiime-default-reference/0.1.3/osx-64/qiime-default-reference-0.1.3-py36_0.tar.bz2",
            "labels": [
                "main",
                "cf201901"
            ],
            "md5": "af2b1344e3d18a0673012359e5167afe",
            "ndownloads": 500,
            "owner": "bioconda",
            "size": 21585228,
            "type": "conda",
            "upload_time": "2017-05-09 06:40:07.002000+00:00",
            "version": "0.1.3"
        },
        {
            "attrs": {
                "arch": "x86_64",
                "build": "py34_0",
                "build_number": 0,
                "depends": [
                    "python 3.4*",
                    "six"
                ],
                "license": "CC BY-SA 3.0",
                "machine": "x86_64",
                "operatingsystem": "darwin",
                "platform": "osx",
                "subdir": "osx-64",
                "target-triplet": "x86_64-any-darwin"
            },
            "basename": "osx-64/qiime-default-reference-0.1.3-py34_0.tar.bz2",
            "dependencies": {
                "depends": [
                    {
                        "name": "python",
                        "specs": [
                            [
                                "==",
                                "3.4"
                            ]
                        ]
                    },
                    {
                        "name": "six",
                        "specs": []
                    }
                ]
            },
            "description": null,
            "distribution_type": "conda",
            "download_url": "//api.anaconda.org/download/bioconda/qiime-default-reference/0.1.3/osx-64/qiime-default-reference-0.1.3-py34_0.tar.bz2",
            "full_name": "bioconda/qiime-default-reference/0.1.3/osx-64/qiime-default-reference-0.1.3-py34_0.tar.bz2",
            "labels": [
                "main",
                "cf201901"
            ],
            "md5": "928151d26fc147b07b28a36fcaa9a963",
            "ndownloads": 302,
            "owner": "bioconda",
            "size": 21585773,
            "type": "conda",
            "upload_time": "2016-03-05 17:17:26.989000+00:00",
            "version": "0.1.3"
        },
        {
            "attrs": {
                "arch": "x86_64",
                "build": "py35_0",
                "build_number": 0,
                "depends": [
                    "python 3.5*",
                    "six"
                ],
                "license": "CC BY-SA 3.0",
                "machine": "x86_64",
                "operatingsystem": "darwin",
                "platform": "osx",
                "subdir": "osx-64",
                "target-triplet": "x86_64-any-darwin"
            },
            "basename": "osx-64/qiime-default-reference-0.1.3-py35_0.tar.bz2",
            "dependencies": {
                "depends": [
                    {
                        "name": "python",
                        "specs": [
                            [
                                "==",
                                "3.5"
                            ]
                        ]
                    },
                    {
                        "name": "six",
                        "specs": []
                    }
                ]
            },
            "description": null,
            "distribution_type": "conda",
            "download_url": "//api.anaconda.org/download/bioconda/qiime-default-reference/0.1.3/osx-64/qiime-default-reference-0.1.3-py35_0.tar.bz2",
            "full_name": "bioconda/qiime-default-reference/0.1.3/osx-64/qiime-default-reference-0.1.3-py35_0.tar.bz2",
            "labels": [
                "main",
                "cf201901"
            ],
            "md5": "11d0eab6e5ef085a888c8259980cb6fb",
            "ndownloads": 83,
            "owner": "bioconda",
            "size": 21585904,
            "type": "conda",
            "upload_time": "2016-03-05 17:18:10.123000+00:00",
            "version": "0.1.3"
        },
        {
            "attrs": {
                "arch": "x86_64",
                "build": "py27_0",
                "build_number": 0,
                "depends": [
                    "python 2.7*",
                    "six"
                ],
                "license": "CC BY-SA 3.0",
                "machine": "x86_64",
                "operatingsystem": "darwin",
                "platform": "osx",
                "subdir": "osx-64",
                "target-triplet": "x86_64-any-darwin"
            },
            "basename": "osx-64/qiime-default-reference-0.1.3-py27_0.tar.bz2",
            "dependencies": {
                "depends": [
                    {
                        "name": "python",
                        "specs": [
                            [
                                "==",
                                "2.7"
                            ]
                        ]
                    },
                    {
                        "name": "six",
                        "specs": []
                    }
                ]
            },
            "description": null,
            "distribution_type": "conda",
            "download_url": "//api.anaconda.org/download/bioconda/qiime-default-reference/0.1.3/osx-64/qiime-default-reference-0.1.3-py27_0.tar.bz2",
            "full_name": "bioconda/qiime-default-reference/0.1.3/osx-64/qiime-default-reference-0.1.3-py27_0.tar.bz2",
            "labels": [
                "main",
                "cf201901"
            ],
            "md5": "4cc24cca3b8523df9a504bff0ca79ec9",
            "ndownloads": 3579,
            "owner": "bioconda",
            "size": 21586051,
            "type": "conda",
            "upload_time": "2016-03-05 17:16:34.284000+00:00",
            "version": "0.1.3"
        },
        {
            "attrs": {
                "arch": "x86_64",
                "build": "py27_0",
                "build_number": 0,
                "depends": [
                    "python 2.7*",
                    "six"
                ],
                "license": "CC BY-SA 3.0",
                "machine": "x86_64",
                "operatingsystem": "linux",
                "platform": "linux",
                "subdir": "linux-64",
                "target-triplet": "x86_64-any-linux"
            },
            "basename": "linux-64/qiime-default-reference-0.1.3-py27_0.tar.bz2",
            "dependencies": {
                "depends": [
                    {
                        "name": "python",
                        "specs": [
                            [
                                "==",
                                "2.7"
                            ]
                        ]
                    },
                    {
                        "name": "six",
                        "specs": []
                    }
                ]
            },
            "description": null,
            "distribution_type": "conda",
            "download_url": "//api.anaconda.org/download/bioconda/qiime-default-reference/0.1.3/linux-64/qiime-default-reference-0.1.3-py27_0.tar.bz2",
            "full_name": "bioconda/qiime-default-reference/0.1.3/linux-64/qiime-default-reference-0.1.3-py27_0.tar.bz2",
            "labels": [
                "main",
                "cf201901"
            ],
            "md5": "20212a28ae05844b9f6dbe62455b13fd",
            "ndownloads": 16308,
            "owner": "bioconda",
            "size": 21584204,
            "type": "conda",
            "upload_time": "2016-03-01 23:42:43.830000+00:00",
            "version": "0.1.3"
        },
        {
            "attrs": {
                "arch": "x86_64",
                "build": "py36_0",
                "build_number": 0,
                "depends": [
                    "python 3.6*",
                    "six"
                ],
                "has_prefix": false,
                "license": "CC BY-SA 3.0",
                "machine": "x86_64",
                "operatingsystem": "linux",
                "platform": "linux",
                "subdir": "linux-64",
                "target-triplet": "x86_64-any-linux"
            },
            "basename": "linux-64/qiime-default-reference-0.1.3-py36_0.tar.bz2",
            "dependencies": {
                "depends": [
                    {
                        "name": "python",
                        "specs": [
                            [
                                "==",
                                "3.6"
                            ]
                        ]
                    },
                    {
                        "name": "six",
                        "specs": []
                    }
                ]
            },
            "description": null,
            "distribution_type": "conda",
            "download_url": "//api.anaconda.org/download/bioconda/qiime-default-reference/0.1.3/linux-64/qiime-default-reference-0.1.3-py36_0.tar.bz2",
            "full_name": "bioconda/qiime-default-reference/0.1.3/linux-64/qiime-default-reference-0.1.3-py36_0.tar.bz2",
            "labels": [
                "main",
                "cf201901"
            ],
            "md5": "7970ccf55586af1c481f28fd0156c226",
            "ndownloads": 530,
            "owner": "bioconda",
            "size": 21584963,
            "type": "conda",
            "upload_time": "2017-05-04 16:19:55.276000+00:00",
            "version": "0.1.3"
        },
        {
            "attrs": {
                "arch": null,
                "build": "py_1",
                "build_number": 1,
                "depends": [
                    "python",
                    "six"
                ],
                "has_prefix": false,
                "license": "CC BY-SA 3.0",
                "machine": null,
                "noarch": "python",
                "operatingsystem": null,
                "platform": null,
                "subdir": "noarch",
                "target-triplet": "None-any-None",
                "timestamp": 1530243249309
            },
            "basename": "noarch/qiime-default-reference-0.1.3-py_1.tar.bz2",
            "dependencies": {
                "depends": [
                    {
                        "name": "python",
                        "specs": []
                    },
                    {
                        "name": "six",
                        "specs": []
                    }
                ]
            },
            "description": null,
            "distribution_type": "conda",
            "download_url": "//api.anaconda.org/download/bioconda/qiime-default-reference/0.1.3/noarch/qiime-default-reference-0.1.3-py_1.tar.bz2",
            "full_name": "bioconda/qiime-default-reference/0.1.3/noarch/qiime-default-reference-0.1.3-py_1.tar.bz2",
            "labels": [
                "main",
                "cf201901"
            ],
            "md5": "2d594013d2b902851a7a1383fdf98149",
            "ndownloads": 9988,
            "owner": "bioconda",
            "size": 21585166,
            "type": "conda",
            "upload_time": "2018-06-29 03:36:44.044000+00:00",
            "version": "0.1.3"
        }
    ],
    "full_name": "bioconda/qiime-default-reference",
    "home": "None",
    "html_url": "http://anaconda.org/bioconda/qiime-default-reference",
    "id": "56d628d85b4892045c0024fd",
    "latest_version": "0.1.3",
    "license": "CC BY-SA 3.0",
    "license_url": {},
    "modified_at": "2018-06-29 03:36:45.468000+00:00",
    "name": "qiime-default-reference",
    "owner": {
        "company": "",
        "created_at": "2015-09-11 22:59:20.880000+00:00",
        "description": "Bioconda is a distribution of bioinformatics software realized as a channel for the versatile Conda package manager.",
        "location": "",
        "login": "bioconda",
        "name": "bioconda",
        "url": "",
        "user_type": "org"
    },
    "package_types": [
        "conda"
    ],
    "public": true,
    "releases": [
        {
            "distributions": [
                "linux-64/qiime-default-reference-0.1.3-py35_0.tar.bz2",
                "linux-64/qiime-default-reference-0.1.3-py34_0.tar.bz2",
                "linux-64/qiime-default-reference-0.1.3-py27_0.tar.bz2",
                "osx-64/qiime-default-reference-0.1.3-py27_0.tar.bz2",
                "osx-64/qiime-default-reference-0.1.3-py34_0.tar.bz2",
                "osx-64/qiime-default-reference-0.1.3-py35_0.tar.bz2"
            ],
            "full_name": "bioconda/qiime-default-reference/0.1.3",
            "version": "0.1.3"
        }
    ],
    "revision": 7,
    "source_git_tag": {},
    "source_git_url": {},
    "summary": "Default reference data files for use with QIIME.",
    "upvoted": 0,
    "url": "http://api.anaconda.org/packages/bioconda/qiime-default-reference",
    "versions": [
        "0.1.3"
    ],
    "watchers": 1
}