{
    "app_entry": {},
    "app_summary": {},
    "app_type": {},
    "builds": [
        "r36_0",
        "r40_0",
        "r40_1"
    ],
    "conda_platforms": [
        "noarch"
    ],
    "created_at": "2019-10-23 14:57:23.602000+00:00",
    "description": "",
    "dev_url": "https://github.com/acidgenomics/acidbase",
    "doc_url": null,
    "files": [
        {
            "attrs": {
                "arch": null,
                "build": "r36_0",
                "build_number": 0,
                "depends": [
                    "r-base >=3.6,<3.7.0a0"
                ],
                "has_prefix": false,
                "license": "MIT",
                "machine": null,
                "noarch": "generic",
                "operatingsystem": null,
                "platform": null,
                "subdir": "noarch",
                "target-triplet": "None-any-None",
                "timestamp": 1571842409046
            },
            "basename": "noarch/r-acidbase-0.1.1-r36_0.tar.bz2",
            "dependencies": {
                "depends": [
                    {
                        "name": "r-base",
                        "specs": [
                            [
                                ">=",
                                "3.6,<3.7.0a0"
                            ]
                        ]
                    }
                ]
            },
            "description": null,
            "distribution_type": "conda",
            "download_url": "//api.anaconda.org/download/bioconda/r-acidbase/0.1.1/noarch/r-acidbase-0.1.1-r36_0.tar.bz2",
            "full_name": "bioconda/r-acidbase/0.1.1/noarch/r-acidbase-0.1.1-r36_0.tar.bz2",
            "labels": [
                "main"
            ],
            "md5": "2e54d018f02aaf4482186c327a82b31f",
            "ndownloads": 111,
            "owner": "bioconda",
            "size": 82200,
            "type": "conda",
            "upload_time": "2019-10-23 14:57:24.509000+00:00",
            "version": "0.1.1"
        },
        {
            "attrs": {
                "arch": null,
                "build": "r36_0",
                "build_number": 0,
                "depends": [
                    "r-base >=3.6,<3.7.0a0"
                ],
                "has_prefix": false,
                "license": "MIT",
                "machine": null,
                "noarch": "generic",
                "operatingsystem": null,
                "platform": null,
                "subdir": "noarch",
                "target-triplet": "None-any-None",
                "timestamp": 1575583865686
            },
            "basename": "noarch/r-acidbase-0.1.2-r36_0.tar.bz2",
            "dependencies": {
                "depends": [
                    {
                        "name": "r-base",
                        "specs": [
                            [
                                ">=",
                                "3.6,<3.7.0a0"
                            ]
                        ]
                    }
                ]
            },
            "description": null,
            "distribution_type": "conda",
            "download_url": "//api.anaconda.org/download/bioconda/r-acidbase/0.1.2/noarch/r-acidbase-0.1.2-r36_0.tar.bz2",
            "full_name": "bioconda/r-acidbase/0.1.2/noarch/r-acidbase-0.1.2-r36_0.tar.bz2",
            "labels": [
                "main"
            ],
            "md5": "c338a5be7eb3b701c4ddf491741e9bf5",
            "ndownloads": 73,
            "owner": "bioconda",
            "size": 85013,
            "type": "conda",
            "upload_time": "2019-12-06 07:35:27.485000+00:00",
            "version": "0.1.2"
        },
        {
            "attrs": {
                "arch": null,
                "build": "r36_0",
                "build_number": 0,
                "depends": [
                    "r-base >=3.6,<3.7.0a0"
                ],
                "has_prefix": false,
                "license": "MIT",
                "machine": null,
                "noarch": "generic",
                "operatingsystem": null,
                "platform": null,
                "subdir": "noarch",
                "target-triplet": "None-any-None",
                "timestamp": 1578658611770
            },
            "basename": "noarch/r-acidbase-0.1.3-r36_0.tar.bz2",
            "dependencies": {
                "depends": [
                    {
                        "name": "r-base",
                        "specs": [
                            [
                                ">=",
                                "3.6,<3.7.0a0"
                            ]
                        ]
                    }
                ]
            },
            "description": null,
            "distribution_type": "conda",
            "download_url": "//api.anaconda.org/download/bioconda/r-acidbase/0.1.3/noarch/r-acidbase-0.1.3-r36_0.tar.bz2",
            "full_name": "bioconda/r-acidbase/0.1.3/noarch/r-acidbase-0.1.3-r36_0.tar.bz2",
            "labels": [
                "main"
            ],
            "md5": "08fe973ff6c949c3a23b248ffa4b425e",
            "ndownloads": 41,
            "owner": "bioconda",
            "size": 84697,
            "type": "conda",
            "upload_time": "2020-01-10 12:51:49.330000+00:00",
            "version": "0.1.3"
        },
        {
            "attrs": {
                "arch": null,
                "build": "r36_0",
                "build_number": 0,
                "depends": [
                    "r-base >=3.6,<3.7.0a0"
                ],
                "has_prefix": false,
                "license": "MIT",
                "machine": null,
                "noarch": "generic",
                "operatingsystem": null,
                "platform": null,
                "subdir": "noarch",
                "target-triplet": "None-any-None",
                "timestamp": 1579481556704
            },
            "basename": "noarch/r-acidbase-0.1.4-r36_0.tar.bz2",
            "dependencies": {
                "depends": [
                    {
                        "name": "r-base",
                        "specs": [
                            [
                                ">=",
                                "3.6,<3.7.0a0"
                            ]
                        ]
                    }
                ]
            },
            "description": null,
            "distribution_type": "conda",
            "download_url": "//api.anaconda.org/download/bioconda/r-acidbase/0.1.4/noarch/r-acidbase-0.1.4-r36_0.tar.bz2",
            "full_name": "bioconda/r-acidbase/0.1.4/noarch/r-acidbase-0.1.4-r36_0.tar.bz2",
            "labels": [
                "main"
            ],
            "md5": "8248c2cf5bea568faa054475bcd1750b",
            "ndownloads": 48,
            "owner": "bioconda",
            "size": 96671,
            "type": "conda",
            "upload_time": "2020-01-20 00:56:41.758000+00:00",
            "version": "0.1.4"
        },
        {
            "attrs": {
                "arch": null,
                "build": "r36_0",
                "build_number": 0,
                "depends": [
                    "r-base >=3.6,<3.7.0a0"
                ],
                "has_prefix": false,
                "license": "MIT",
                "machine": null,
                "noarch": "generic",
                "operatingsystem": null,
                "platform": null,
                "subdir": "noarch",
                "target-triplet": "None-any-None",
                "timestamp": 1580464844071
            },
            "basename": "noarch/r-acidbase-0.1.5-r36_0.tar.bz2",
            "dependencies": {
                "depends": [
                    {
                        "name": "r-base",
                        "specs": [
                            [
                                ">=",
                                "3.6,<3.7.0a0"
                            ]
                        ]
                    }
                ]
            },
            "description": null,
            "distribution_type": "conda",
            "download_url": "//api.anaconda.org/download/bioconda/r-acidbase/0.1.5/noarch/r-acidbase-0.1.5-r36_0.tar.bz2",
            "full_name": "bioconda/r-acidbase/0.1.5/noarch/r-acidbase-0.1.5-r36_0.tar.bz2",
            "labels": [
                "main"
            ],
            "md5": "335ed258f42e04bf35cb33154d49f15d",
            "ndownloads": 62,
            "owner": "bioconda",
            "size": 96993,
            "type": "conda",
            "upload_time": "2020-01-31 10:41:06.058000+00:00",
            "version": "0.1.5"
        },
        {
            "attrs": {
                "arch": null,
                "build": "r36_0",
                "build_number": 0,
                "depends": [
                    "r-base >=3.6,<3.7.0a0"
                ],
                "has_prefix": false,
                "license": "MIT",
                "machine": null,
                "noarch": "generic",
                "operatingsystem": null,
                "platform": null,
                "subdir": "noarch",
                "target-triplet": "None-any-None",
                "timestamp": 1586352895561
            },
            "basename": "noarch/r-acidbase-0.1.6-r36_0.tar.bz2",
            "dependencies": {
                "depends": [
                    {
                        "name": "r-base",
                        "specs": [
                            [
                                ">=",
                                "3.6,<3.7.0a0"
                            ]
                        ]
                    }
                ]
            },
            "description": null,
            "distribution_type": "conda",
            "download_url": "//api.anaconda.org/download/bioconda/r-acidbase/0.1.6/noarch/r-acidbase-0.1.6-r36_0.tar.bz2",
            "full_name": "bioconda/r-acidbase/0.1.6/noarch/r-acidbase-0.1.6-r36_0.tar.bz2",
            "labels": [
                "main"
            ],
            "md5": "7764444e5afbf09858a0a3b015f12b0c",
            "ndownloads": 23,
            "owner": "bioconda",
            "size": 119962,
            "type": "conda",
            "upload_time": "2020-04-08 13:40:06.764000+00:00",
            "version": "0.1.6"
        },
        {
            "attrs": {
                "arch": null,
                "build": "r36_0",
                "build_number": 0,
                "depends": [
                    "r-base >=3.6,<3.7.0a0"
                ],
                "has_prefix": false,
                "license": "MIT",
                "machine": null,
                "noarch": "generic",
                "operatingsystem": null,
                "platform": null,
                "subdir": "noarch",
                "target-triplet": "None-any-None",
                "timestamp": 1586459642053
            },
            "basename": "noarch/r-acidbase-0.1.7-r36_0.tar.bz2",
            "dependencies": {
                "depends": [
                    {
                        "name": "r-base",
                        "specs": [
                            [
                                ">=",
                                "3.6,<3.7.0a0"
                            ]
                        ]
                    }
                ]
            },
            "description": null,
            "distribution_type": "conda",
            "download_url": "//api.anaconda.org/download/bioconda/r-acidbase/0.1.7/noarch/r-acidbase-0.1.7-r36_0.tar.bz2",
            "full_name": "bioconda/r-acidbase/0.1.7/noarch/r-acidbase-0.1.7-r36_0.tar.bz2",
            "labels": [
                "main"
            ],
            "md5": "bdba7963b184228d683c8b161350ba11",
            "ndownloads": 30,
            "owner": "bioconda",
            "size": 129610,
            "type": "conda",
            "upload_time": "2020-04-09 19:26:29.704000+00:00",
            "version": "0.1.7"
        },
        {
            "attrs": {
                "arch": null,
                "build": "r36_0",
                "build_number": 0,
                "depends": [
                    "r-base >=3.6,<3.7.0a0"
                ],
                "has_prefix": false,
                "license": "MIT",
                "machine": null,
                "noarch": "generic",
                "operatingsystem": null,
                "platform": null,
                "subdir": "noarch",
                "target-triplet": "None-any-None",
                "timestamp": 1588811042245
            },
            "basename": "noarch/r-acidbase-0.1.8-r36_0.tar.bz2",
            "dependencies": {
                "depends": [
                    {
                        "name": "r-base",
                        "specs": [
                            [
                                ">=",
                                "3.6,<3.7.0a0"
                            ]
                        ]
                    }
                ]
            },
            "description": null,
            "distribution_type": "conda",
            "download_url": "//api.anaconda.org/download/bioconda/r-acidbase/0.1.8/noarch/r-acidbase-0.1.8-r36_0.tar.bz2",
            "full_name": "bioconda/r-acidbase/0.1.8/noarch/r-acidbase-0.1.8-r36_0.tar.bz2",
            "labels": [
                "main"
            ],
            "md5": "be0b4d1ac7e0c57390a237ba2cc2f2b2",
            "ndownloads": 13,
            "owner": "bioconda",
            "size": 129925,
            "type": "conda",
            "upload_time": "2020-05-07 00:28:14.498000+00:00",
            "version": "0.1.8"
        },
        {
            "attrs": {
                "arch": null,
                "build": "r36_0",
                "build_number": 0,
                "depends": [
                    "r-base >=3.6,<3.7.0a0"
                ],
                "has_prefix": false,
                "license": "MIT",
                "machine": null,
                "noarch": "generic",
                "operatingsystem": null,
                "platform": null,
                "subdir": "noarch",
                "target-triplet": "None-any-None",
                "timestamp": 1589109579520
            },
            "basename": "noarch/r-acidbase-0.1.9-r36_0.tar.bz2",
            "dependencies": {
                "depends": [
                    {
                        "name": "r-base",
                        "specs": [
                            [
                                ">=",
                                "3.6,<3.7.0a0"
                            ]
                        ]
                    }
                ]
            },
            "description": null,
            "distribution_type": "conda",
            "download_url": "//api.anaconda.org/download/bioconda/r-acidbase/0.1.9/noarch/r-acidbase-0.1.9-r36_0.tar.bz2",
            "full_name": "bioconda/r-acidbase/0.1.9/noarch/r-acidbase-0.1.9-r36_0.tar.bz2",
            "labels": [
                "main"
            ],
            "md5": "c7296e994d3bcb2fcff611aa76aaf0bd",
            "ndownloads": 29,
            "owner": "bioconda",
            "size": 130592,
            "type": "conda",
            "upload_time": "2020-05-10 11:23:50.991000+00:00",
            "version": "0.1.9"
        },
        {
            "attrs": {
                "arch": null,
                "build": "r40_1",
                "build_number": 1,
                "depends": [
                    "r-base >=4.0,<4.1.0a0"
                ],
                "has_prefix": false,
                "license": "MIT",
                "machine": null,
                "noarch": "generic",
                "operatingsystem": null,
                "platform": null,
                "subdir": "noarch",
                "target-triplet": "None-any-None",
                "timestamp": 1589403565089
            },
            "basename": "noarch/r-acidbase-0.1.8-r40_1.tar.bz2",
            "dependencies": {
                "depends": [
                    {
                        "name": "r-base",
                        "specs": [
                            [
                                ">=",
                                "4.0,<4.1.0a0"
                            ]
                        ]
                    }
                ]
            },
            "description": null,
            "distribution_type": "conda",
            "download_url": "//api.anaconda.org/download/bioconda/r-acidbase/0.1.8/noarch/r-acidbase-0.1.8-r40_1.tar.bz2",
            "full_name": "bioconda/r-acidbase/0.1.8/noarch/r-acidbase-0.1.8-r40_1.tar.bz2",
            "labels": [
                "main"
            ],
            "md5": "e6d46b5434da9d2d044eb73530a048f3",
            "ndownloads": 25,
            "owner": "bioconda",
            "size": 131531,
            "type": "conda",
            "upload_time": "2020-05-13 21:03:43.563000+00:00",
            "version": "0.1.8"
        },
        {
            "attrs": {
                "arch": null,
                "build": "r40_1",
                "build_number": 1,
                "depends": [
                    "r-base >=4.0,<4.1.0a0"
                ],
                "has_prefix": false,
                "license": "MIT",
                "machine": null,
                "noarch": "generic",
                "operatingsystem": null,
                "platform": null,
                "subdir": "noarch",
                "target-triplet": "None-any-None",
                "timestamp": 1589577938268
            },
            "basename": "noarch/r-acidbase-0.1.9-r40_1.tar.bz2",
            "dependencies": {
                "depends": [
                    {
                        "name": "r-base",
                        "specs": [
                            [
                                ">=",
                                "4.0,<4.1.0a0"
                            ]
                        ]
                    }
                ]
            },
            "description": null,
            "distribution_type": "conda",
            "download_url": "//api.anaconda.org/download/bioconda/r-acidbase/0.1.9/noarch/r-acidbase-0.1.9-r40_1.tar.bz2",
            "full_name": "bioconda/r-acidbase/0.1.9/noarch/r-acidbase-0.1.9-r40_1.tar.bz2",
            "labels": [
                "main"
            ],
            "md5": "59ad949c11213bfa129552285e146ec2",
            "ndownloads": 62,
            "owner": "bioconda",
            "size": 132161,
            "type": "conda",
            "upload_time": "2020-05-15 21:29:51.625000+00:00",
            "version": "0.1.9"
        },
        {
            "attrs": {
                "arch": null,
                "build": "r40_0",
                "build_number": 0,
                "depends": [
                    "r-base >=4.0,<4.1.0a0"
                ],
                "has_prefix": false,
                "license": "MIT",
                "machine": null,
                "noarch": "generic",
                "operatingsystem": null,
                "platform": null,
                "subdir": "noarch",
                "target-triplet": "None-any-None",
                "timestamp": 1594138596296
            },
            "basename": "noarch/r-acidbase-0.1.10-r40_0.tar.bz2",
            "dependencies": {
                "depends": [
                    {
                        "name": "r-base",
                        "specs": [
                            [
                                ">=",
                                "4.0,<4.1.0a0"
                            ]
                        ]
                    }
                ]
            },
            "description": null,
            "distribution_type": "conda",
            "download_url": "//api.anaconda.org/download/bioconda/r-acidbase/0.1.10/noarch/r-acidbase-0.1.10-r40_0.tar.bz2",
            "full_name": "bioconda/r-acidbase/0.1.10/noarch/r-acidbase-0.1.10-r40_0.tar.bz2",
            "labels": [
                "main"
            ],
            "md5": "3b9a238d451e6179a077f15b8036bf1a",
            "ndownloads": 28,
            "owner": "bioconda",
            "size": 130817,
            "type": "conda",
            "upload_time": "2020-07-07 17:28:17.860000+00:00",
            "version": "0.1.10"
        },
        {
            "attrs": {
                "arch": null,
                "build": "r40_0",
                "build_number": 0,
                "depends": [
                    "r-base >=4.0,<4.1.0a0"
                ],
                "has_prefix": false,
                "license": "MIT",
                "machine": null,
                "noarch": "generic",
                "operatingsystem": null,
                "platform": null,
                "subdir": "noarch",
                "target-triplet": "None-any-None",
                "timestamp": 1595607488299
            },
            "basename": "noarch/r-acidbase-0.1.11-r40_0.tar.bz2",
            "dependencies": {
                "depends": [
                    {
                        "name": "r-base",
                        "specs": [
                            [
                                ">=",
                                "4.0,<4.1.0a0"
                            ]
                        ]
                    }
                ]
            },
            "description": null,
            "distribution_type": "conda",
            "download_url": "//api.anaconda.org/download/bioconda/r-acidbase/0.1.11/noarch/r-acidbase-0.1.11-r40_0.tar.bz2",
            "full_name": "bioconda/r-acidbase/0.1.11/noarch/r-acidbase-0.1.11-r40_0.tar.bz2",
            "labels": [
                "main"
            ],
            "md5": "23a8ed3b80fedb33f5bc85144bb5d4d8",
            "ndownloads": 43,
            "owner": "bioconda",
            "size": 130913,
            "type": "conda",
            "upload_time": "2020-07-25 10:47:10.689000+00:00",
            "version": "0.1.11"
        }
    ],
    "full_name": "bioconda/r-acidbase",
    "home": "https://acidbase.acidgenomics.com/",
    "html_url": "http://anaconda.org/bioconda/r-acidbase",
    "id": "5db06a537870581cf015c2d4",
    "latest_version": "0.1.11",
    "license": "MIT",
    "license_url": null,
    "modified_at": "2020-07-25 10:47:10.965000+00:00",
    "name": "r-acidbase",
    "owner": {
        "company": "",
        "created_at": "2015-09-11 22:59:20.880000+00:00",
        "description": "Bioconda is a distribution of bioinformatics software realized as a channel for the versatile Conda package manager.",
        "location": "",
        "login": "bioconda",
        "name": "bioconda",
        "url": "",
        "user_type": "org"
    },
    "package_types": [
        "conda"
    ],
    "public": true,
    "releases": [
        {
            "distributions": [],
            "full_name": "bioconda/r-acidbase/0.1.1",
            "version": "0.1.1"
        },
        {
            "distributions": [],
            "full_name": "bioconda/r-acidbase/0.1.2",
            "version": "0.1.2"
        },
        {
            "distributions": [],
            "full_name": "bioconda/r-acidbase/0.1.3",
            "version": "0.1.3"
        },
        {
            "distributions": [],
            "full_name": "bioconda/r-acidbase/0.1.4",
            "version": "0.1.4"
        },
        {
            "distributions": [],
            "full_name": "bioconda/r-acidbase/0.1.5",
            "version": "0.1.5"
        },
        {
            "distributions": [],
            "full_name": "bioconda/r-acidbase/0.1.6",
            "version": "0.1.6"
        },
        {
            "distributions": [],
            "full_name": "bioconda/r-acidbase/0.1.7",
            "version": "0.1.7"
        },
        {
            "distributions": [],
            "full_name": "bioconda/r-acidbase/0.1.8",
            "version": "0.1.8"
        },
        {
            "distributions": [],
            "full_name": "bioconda/r-acidbase/0.1.9",
            "version": "0.1.9"
        },
        {
            "distributions": [],
            "full_name": "bioconda/r-acidbase/0.1.10",
            "version": "0.1.10"
        },
        {
            "distributions": [],
            "full_name": "bioconda/r-acidbase/0.1.11",
            "version": "0.1.11"
        }
    ],
    "revision": 22,
    "source_git_tag": null,
    "source_git_url": null,
    "summary": "Low-level base functions imported by Acid Genomics packages.",
    "upvoted": 0,
    "url": "http://api.anaconda.org/packages/bioconda/r-acidbase",
    "versions": [
        "0.1.1",
        "0.1.2",
        "0.1.3",
        "0.1.4",
        "0.1.5",
        "0.1.6",
        "0.1.7",
        "0.1.8",
        "0.1.9",
        "0.1.10",
        "0.1.11"
    ],
    "watchers": 1
}