{
    "app_entry": {},
    "app_summary": {},
    "app_type": {},
    "builds": [
        "r3.3.1_0",
        "r3.3.2_0"
    ],
    "conda_platforms": [
        "linux-64",
        "osx-64"
    ],
    "created_at": "2017-01-28 21:58:03.889000+00:00",
    "description": "None",
    "dev_url": {},
    "doc_url": {},
    "files": [
        {
            "attrs": {
                "arch": "x86_64",
                "build": "r3.3.2_0",
                "build_number": 0,
                "depends": [
                    "r-base 3.3.2*"
                ],
                "has_prefix": false,
                "license": "GPL (>= 2)",
                "license_family": "GPL3",
                "machine": "x86_64",
                "operatingsystem": "linux",
                "platform": "linux",
                "subdir": "linux-64",
                "target-triplet": "x86_64-any-linux"
            },
            "basename": "linux-64/r-aod-1.3-r3.3.2_0.tar.bz2",
            "dependencies": {
                "depends": [
                    {
                        "name": "r-base",
                        "specs": [
                            [
                                "==",
                                "3.3.2"
                            ]
                        ]
                    }
                ]
            },
            "description": null,
            "distribution_type": "conda",
            "download_url": "//api.anaconda.org/download/bioconda/r-aod/1.3/linux-64/r-aod-1.3-r3.3.2_0.tar.bz2",
            "full_name": "bioconda/r-aod/1.3/linux-64/r-aod-1.3-r3.3.2_0.tar.bz2",
            "labels": [
                "main",
                "cf201901"
            ],
            "md5": "6c3383bb65dd0fd3c566faa95a8bdf18",
            "ndownloads": 549,
            "owner": "bioconda",
            "size": 248497,
            "type": "conda",
            "upload_time": "2017-06-04 05:15:56.848000+00:00",
            "version": "1.3"
        },
        {
            "attrs": {
                "arch": "x86_64",
                "build": "r3.3.1_0",
                "build_number": 0,
                "depends": [
                    "r 3.3.1*"
                ],
                "has_prefix": false,
                "license": "GPL (>= 2)",
                "license_family": "GPL3",
                "machine": "x86_64",
                "operatingsystem": "darwin",
                "platform": "osx",
                "subdir": "osx-64",
                "target-triplet": "x86_64-any-darwin"
            },
            "basename": "osx-64/r-aod-1.3-r3.3.1_0.tar.bz2",
            "dependencies": {
                "depends": [
                    {
                        "name": "r",
                        "specs": [
                            [
                                "==",
                                "3.3.1"
                            ]
                        ]
                    }
                ]
            },
            "description": null,
            "distribution_type": "conda",
            "download_url": "//api.anaconda.org/download/bioconda/r-aod/1.3/osx-64/r-aod-1.3-r3.3.1_0.tar.bz2",
            "full_name": "bioconda/r-aod/1.3/osx-64/r-aod-1.3-r3.3.1_0.tar.bz2",
            "labels": [
                "main",
                "cf201901"
            ],
            "md5": "ebae71ee96c6ee7633377c442d5e105d",
            "ndownloads": 293,
            "owner": "bioconda",
            "size": 245227,
            "type": "conda",
            "upload_time": "2017-01-28 22:09:15.401000+00:00",
            "version": "1.3"
        },
        {
            "attrs": {
                "arch": "x86_64",
                "build": "r3.3.2_0",
                "build_number": 0,
                "depends": [
                    "r-base 3.3.2*"
                ],
                "has_prefix": false,
                "license": "GPL (>= 2)",
                "license_family": "GPL3",
                "machine": "x86_64",
                "operatingsystem": "darwin",
                "platform": "osx",
                "subdir": "osx-64",
                "target-triplet": "x86_64-any-darwin"
            },
            "basename": "osx-64/r-aod-1.3-r3.3.2_0.tar.bz2",
            "dependencies": {
                "depends": [
                    {
                        "name": "r-base",
                        "specs": [
                            [
                                "==",
                                "3.3.2"
                            ]
                        ]
                    }
                ]
            },
            "description": null,
            "distribution_type": "conda",
            "download_url": "//api.anaconda.org/download/bioconda/r-aod/1.3/osx-64/r-aod-1.3-r3.3.2_0.tar.bz2",
            "full_name": "bioconda/r-aod/1.3/osx-64/r-aod-1.3-r3.3.2_0.tar.bz2",
            "labels": [
                "main",
                "cf201901"
            ],
            "md5": "1e168461772f794e46d1a5a6a1d5133b",
            "ndownloads": 522,
            "owner": "bioconda",
            "size": 247977,
            "type": "conda",
            "upload_time": "2017-06-04 02:06:17.022000+00:00",
            "version": "1.3"
        },
        {
            "attrs": {
                "arch": "x86_64",
                "build": "r3.3.1_0",
                "build_number": 0,
                "depends": [
                    "r 3.3.1*"
                ],
                "has_prefix": false,
                "license": "GPL (>= 2)",
                "license_family": "GPL3",
                "machine": "x86_64",
                "operatingsystem": "linux",
                "platform": "linux",
                "subdir": "linux-64",
                "target-triplet": "x86_64-any-linux"
            },
            "basename": "linux-64/r-aod-1.3-r3.3.1_0.tar.bz2",
            "dependencies": {
                "depends": [
                    {
                        "name": "r",
                        "specs": [
                            [
                                "==",
                                "3.3.1"
                            ]
                        ]
                    }
                ]
            },
            "description": null,
            "distribution_type": "conda",
            "download_url": "//api.anaconda.org/download/bioconda/r-aod/1.3/linux-64/r-aod-1.3-r3.3.1_0.tar.bz2",
            "full_name": "bioconda/r-aod/1.3/linux-64/r-aod-1.3-r3.3.1_0.tar.bz2",
            "labels": [
                "main",
                "cf201901"
            ],
            "md5": "cb73df2b7a5c9e520df95d458355f241",
            "ndownloads": 564,
            "owner": "bioconda",
            "size": 245152,
            "type": "conda",
            "upload_time": "2017-01-28 21:58:04.247000+00:00",
            "version": "1.3"
        }
    ],
    "full_name": "bioconda/r-aod",
    "home": "None",
    "html_url": "http://anaconda.org/bioconda/r-aod",
    "id": "588d13eb966a5a10fbe680fd",
    "latest_version": "1.3",
    "license": {},
    "license_url": {},
    "modified_at": "2017-06-04 05:15:57.580000+00:00",
    "name": "r-aod",
    "owner": {
        "company": "",
        "created_at": "2015-09-11 22:59:20.880000+00:00",
        "description": "Bioconda is a distribution of bioinformatics software realized as a channel for the versatile Conda package manager.",
        "location": "",
        "login": "bioconda",
        "name": "bioconda",
        "url": "",
        "user_type": "org"
    },
    "package_types": [
        "conda"
    ],
    "public": true,
    "releases": [
        {
            "distributions": [],
            "full_name": "bioconda/r-aod/1.3",
            "version": "1.3"
        }
    ],
    "revision": 1,
    "source_git_tag": {},
    "source_git_url": {},
    "summary": "",
    "upvoted": 0,
    "url": "http://api.anaconda.org/packages/bioconda/r-aod",
    "versions": [
        "1.3"
    ],
    "watchers": 1
}