{
    "app_entry": {},
    "app_summary": {},
    "app_type": {},
    "builds": [
        "r36_0"
    ],
    "conda_platforms": [
        "noarch"
    ],
    "created_at": "2020-03-22 19:47:16.216000+00:00",
    "description": "",
    "dev_url": null,
    "doc_url": null,
    "files": [
        {
            "attrs": {
                "arch": null,
                "build": "r36_0",
                "build_number": 0,
                "depends": [
                    "r-base >=3.6,<3.7.0a0",
                    "r-rjsonio"
                ],
                "has_prefix": false,
                "license": "GPL2",
                "machine": null,
                "noarch": "generic",
                "operatingsystem": null,
                "platform": null,
                "subdir": "noarch",
                "target-triplet": "None-any-None",
                "timestamp": 1584902733128
            },
            "basename": "noarch/r-ddir-0.0.3-r36_0.tar.bz2",
            "dependencies": {
                "depends": [
                    {
                        "name": "r-base",
                        "specs": [
                            [
                                ">=",
                                "3.6,<3.7.0a0"
                            ]
                        ]
                    },
                    {
                        "name": "r-rjsonio",
                        "specs": []
                    }
                ]
            },
            "description": null,
            "distribution_type": "conda",
            "download_url": "//api.anaconda.org/download/bioconda/r-ddir/0.0.3/noarch/r-ddir-0.0.3-r36_0.tar.bz2",
            "full_name": "bioconda/r-ddir/0.0.3/noarch/r-ddir-0.0.3-r36_0.tar.bz2",
            "labels": [
                "main"
            ],
            "md5": "9314661806c3bb50d2f7e19d634eb19f",
            "ndownloads": 11,
            "owner": "bioconda",
            "size": 77629048,
            "type": "conda",
            "upload_time": "2020-03-22 19:47:16.921000+00:00",
            "version": "0.0.3"
        }
    ],
    "full_name": "bioconda/r-ddir",
    "home": "https://github.com/OmicsDI/ddiR",
    "html_url": "http://anaconda.org/bioconda/r-ddir",
    "id": "5e77c0c4fe6b2a019bda2630",
    "latest_version": "0.0.3",
    "license": "GPL2",
    "license_url": null,
    "modified_at": "2020-03-22 19:47:19.038000+00:00",
    "name": "r-ddir",
    "owner": {
        "company": "",
        "created_at": "2015-09-11 22:59:20.880000+00:00",
        "description": "Bioconda is a distribution of bioinformatics software realized as a channel for the versatile Conda package manager.",
        "location": "",
        "login": "bioconda",
        "name": "bioconda",
        "url": "",
        "user_type": "org"
    },
    "package_types": [
        "conda"
    ],
    "public": true,
    "releases": [
        {
            "distributions": [],
            "full_name": "bioconda/r-ddir/0.0.3",
            "version": "0.0.3"
        }
    ],
    "revision": 2,
    "source_git_tag": null,
    "source_git_url": null,
    "summary": "An R package to access to Omics Discovery Index API",
    "upvoted": 0,
    "url": "http://api.anaconda.org/packages/bioconda/r-ddir",
    "versions": [
        "0.0.3"
    ],
    "watchers": 1
}