{
    "app_entry": {},
    "app_summary": {},
    "app_type": {},
    "builds": [
        "r40_0"
    ],
    "conda_platforms": [
        "noarch"
    ],
    "created_at": "2020-06-15 20:45:16.363000+00:00",
    "description": "",
    "dev_url": "https://github.com/lehner-lab/DiMSum",
    "doc_url": null,
    "files": [
        {
            "attrs": {
                "arch": null,
                "build": "r40_0",
                "build_number": 0,
                "depends": [
                    "bioconductor-biostrings",
                    "bioconductor-iranges",
                    "bioconductor-shortread",
                    "cutadapt 2.4.*",
                    "fastqc 0.11.9.*",
                    "pandoc 1.17.2.*",
                    "r-base >=4.0,<4.1.0a0",
                    "r-cairo",
                    "r-cowplot",
                    "r-data.table",
                    "r-ggally",
                    "r-ggplot2",
                    "r-gridextra",
                    "r-hexbin",
                    "r-optparse",
                    "r-plyr",
                    "r-reshape2",
                    "r-rmarkdown",
                    "r-seqinr",
                    "r-stringr",
                    "starcode 1.3.*",
                    "vsearch 2.14.2.*"
                ],
                "has_prefix": false,
                "license": "MIT",
                "machine": null,
                "noarch": "generic",
                "operatingsystem": null,
                "platform": null,
                "subdir": "noarch",
                "target-triplet": "None-any-None",
                "timestamp": 1592235584571
            },
            "basename": "noarch/r-dimsum-1.1.3-r40_0.tar.bz2",
            "dependencies": {
                "depends": [
                    {
                        "name": "bioconductor-biostrings",
                        "specs": []
                    },
                    {
                        "name": "bioconductor-iranges",
                        "specs": []
                    },
                    {
                        "name": "bioconductor-shortread",
                        "specs": []
                    },
                    {
                        "name": "cutadapt",
                        "specs": [
                            [
                                "==",
                                "2.4."
                            ]
                        ]
                    },
                    {
                        "name": "fastqc",
                        "specs": [
                            [
                                "==",
                                "0.11.9."
                            ]
                        ]
                    },
                    {
                        "name": "pandoc",
                        "specs": [
                            [
                                "==",
                                "1.17.2."
                            ]
                        ]
                    },
                    {
                        "name": "r-base",
                        "specs": [
                            [
                                ">=",
                                "4.0,<4.1.0a0"
                            ]
                        ]
                    },
                    {
                        "name": "r-cairo",
                        "specs": []
                    },
                    {
                        "name": "r-cowplot",
                        "specs": []
                    },
                    {
                        "name": "r-data.table",
                        "specs": []
                    },
                    {
                        "name": "r-ggally",
                        "specs": []
                    },
                    {
                        "name": "r-ggplot2",
                        "specs": []
                    },
                    {
                        "name": "r-gridextra",
                        "specs": []
                    },
                    {
                        "name": "r-hexbin",
                        "specs": []
                    },
                    {
                        "name": "r-optparse",
                        "specs": []
                    },
                    {
                        "name": "r-plyr",
                        "specs": []
                    },
                    {
                        "name": "r-reshape2",
                        "specs": []
                    },
                    {
                        "name": "r-rmarkdown",
                        "specs": []
                    },
                    {
                        "name": "r-seqinr",
                        "specs": []
                    },
                    {
                        "name": "r-stringr",
                        "specs": []
                    },
                    {
                        "name": "starcode",
                        "specs": [
                            [
                                "==",
                                "1.3."
                            ]
                        ]
                    },
                    {
                        "name": "vsearch",
                        "specs": [
                            [
                                "==",
                                "2.14.2."
                            ]
                        ]
                    }
                ]
            },
            "description": null,
            "distribution_type": "conda",
            "download_url": "//api.anaconda.org/download/bioconda/r-dimsum/1.1.3/noarch/r-dimsum-1.1.3-r40_0.tar.bz2",
            "full_name": "bioconda/r-dimsum/1.1.3/noarch/r-dimsum-1.1.3-r40_0.tar.bz2",
            "labels": [
                "main"
            ],
            "md5": "c39fe0f3dc223849f034234dc6dcea14",
            "ndownloads": 19,
            "owner": "bioconda",
            "size": 1393611,
            "type": "conda",
            "upload_time": "2020-06-15 20:45:17.242000+00:00",
            "version": "1.1.3"
        },
        {
            "attrs": {
                "arch": null,
                "build": "r40_0",
                "build_number": 0,
                "depends": [
                    "bioconductor-biostrings",
                    "bioconductor-iranges",
                    "bioconductor-shortread",
                    "cutadapt 2.4.*",
                    "fastqc 0.11.9.*",
                    "pandoc 1.17.2.*",
                    "r-base >=4.0,<4.1.0a0",
                    "r-cairo",
                    "r-cowplot",
                    "r-data.table",
                    "r-ggally",
                    "r-ggplot2",
                    "r-gridextra",
                    "r-hexbin",
                    "r-optparse",
                    "r-plyr",
                    "r-reshape2",
                    "r-rmarkdown",
                    "r-seqinr",
                    "r-stringr",
                    "starcode 1.3.*",
                    "vsearch 2.14.2.*"
                ],
                "has_prefix": false,
                "license": "MIT",
                "machine": null,
                "noarch": "generic",
                "operatingsystem": null,
                "platform": null,
                "subdir": "noarch",
                "target-triplet": "None-any-None",
                "timestamp": 1593663578731
            },
            "basename": "noarch/r-dimsum-1.1.4-r40_0.tar.bz2",
            "dependencies": {
                "depends": [
                    {
                        "name": "bioconductor-biostrings",
                        "specs": []
                    },
                    {
                        "name": "bioconductor-iranges",
                        "specs": []
                    },
                    {
                        "name": "bioconductor-shortread",
                        "specs": []
                    },
                    {
                        "name": "cutadapt",
                        "specs": [
                            [
                                "==",
                                "2.4."
                            ]
                        ]
                    },
                    {
                        "name": "fastqc",
                        "specs": [
                            [
                                "==",
                                "0.11.9."
                            ]
                        ]
                    },
                    {
                        "name": "pandoc",
                        "specs": [
                            [
                                "==",
                                "1.17.2."
                            ]
                        ]
                    },
                    {
                        "name": "r-base",
                        "specs": [
                            [
                                ">=",
                                "4.0,<4.1.0a0"
                            ]
                        ]
                    },
                    {
                        "name": "r-cairo",
                        "specs": []
                    },
                    {
                        "name": "r-cowplot",
                        "specs": []
                    },
                    {
                        "name": "r-data.table",
                        "specs": []
                    },
                    {
                        "name": "r-ggally",
                        "specs": []
                    },
                    {
                        "name": "r-ggplot2",
                        "specs": []
                    },
                    {
                        "name": "r-gridextra",
                        "specs": []
                    },
                    {
                        "name": "r-hexbin",
                        "specs": []
                    },
                    {
                        "name": "r-optparse",
                        "specs": []
                    },
                    {
                        "name": "r-plyr",
                        "specs": []
                    },
                    {
                        "name": "r-reshape2",
                        "specs": []
                    },
                    {
                        "name": "r-rmarkdown",
                        "specs": []
                    },
                    {
                        "name": "r-seqinr",
                        "specs": []
                    },
                    {
                        "name": "r-stringr",
                        "specs": []
                    },
                    {
                        "name": "starcode",
                        "specs": [
                            [
                                "==",
                                "1.3."
                            ]
                        ]
                    },
                    {
                        "name": "vsearch",
                        "specs": [
                            [
                                "==",
                                "2.14.2."
                            ]
                        ]
                    }
                ]
            },
            "description": null,
            "distribution_type": "conda",
            "download_url": "//api.anaconda.org/download/bioconda/r-dimsum/1.1.4/noarch/r-dimsum-1.1.4-r40_0.tar.bz2",
            "full_name": "bioconda/r-dimsum/1.1.4/noarch/r-dimsum-1.1.4-r40_0.tar.bz2",
            "labels": [
                "main"
            ],
            "md5": "eb8f2252b91169c6b243d10a3b1c1227",
            "ndownloads": 12,
            "owner": "bioconda",
            "size": 1409160,
            "type": "conda",
            "upload_time": "2020-07-02 15:53:25.256000+00:00",
            "version": "1.1.4"
        }
    ],
    "full_name": "bioconda/r-dimsum",
    "home": "https://github.com/lehner-lab/DiMSum",
    "html_url": "http://anaconda.org/bioconda/r-dimsum",
    "id": "5ee7dddc83b66372f6841553",
    "latest_version": "1.1.4",
    "license": "MIT",
    "license_url": null,
    "modified_at": "2020-07-02 15:53:25.635000+00:00",
    "name": "r-dimsum",
    "owner": {
        "company": "",
        "created_at": "2015-09-11 22:59:20.880000+00:00",
        "description": "Bioconda is a distribution of bioinformatics software realized as a channel for the versatile Conda package manager.",
        "location": "",
        "login": "bioconda",
        "name": "bioconda",
        "url": "",
        "user_type": "org"
    },
    "package_types": [
        "conda"
    ],
    "public": true,
    "releases": [
        {
            "distributions": [],
            "full_name": "bioconda/r-dimsum/1.1.3",
            "version": "1.1.3"
        },
        {
            "distributions": [],
            "full_name": "bioconda/r-dimsum/1.1.4",
            "version": "1.1.4"
        }
    ],
    "revision": 4,
    "source_git_tag": null,
    "source_git_url": null,
    "summary": "An error model and pipeline for analyzing deep mutational scanning (DMS) data and diagnosing common experimental pathologies",
    "upvoted": 0,
    "url": "http://api.anaconda.org/packages/bioconda/r-dimsum",
    "versions": [
        "1.1.3",
        "1.1.4"
    ],
    "watchers": 1
}