{
    "app_entry": {},
    "app_summary": {},
    "app_type": {},
    "builds": [
        "r36_0"
    ],
    "conda_platforms": [
        "noarch"
    ],
    "created_at": "2019-10-01 14:02:21.544000+00:00",
    "description": "",
    "dev_url": "https://github.com/cole-trapnell-lab/garnett",
    "doc_url": null,
    "files": [
        {
            "attrs": {
                "arch": null,
                "build": "r36_0",
                "build_number": 0,
                "depends": [
                    "bioconductor-biocinstaller",
                    "bioconductor-delayedarray",
                    "bioconductor-delayedmatrixstats",
                    "bioconductor-monocle",
                    "bioconductor-org.hs.eg.db",
                    "bioconductor-org.mm.eg.db",
                    "r-assertthat",
                    "r-base >=3.6,<3.7.0a0",
                    "r-covr",
                    "r-doparallel",
                    "r-forcats",
                    "r-ggplot2",
                    "r-ggrepel",
                    "r-glasso",
                    "r-glmnet",
                    "r-igraph",
                    "r-irlba",
                    "r-matrix",
                    "r-plyr",
                    "r-rann",
                    "r-reshape2",
                    "r-rly",
                    "r-stringr",
                    "r-tibble",
                    "r-vgam",
                    "r-viridis"
                ],
                "has_prefix": false,
                "license": "MIT",
                "license_family": "MIT",
                "machine": null,
                "noarch": "generic",
                "operatingsystem": null,
                "platform": null,
                "subdir": "noarch",
                "target-triplet": "None-any-None",
                "timestamp": 1569938107963
            },
            "basename": "noarch/r-garnett-0.1.4-r36_0.tar.bz2",
            "dependencies": {
                "depends": [
                    {
                        "name": "bioconductor-biocinstaller",
                        "specs": []
                    },
                    {
                        "name": "bioconductor-delayedarray",
                        "specs": []
                    },
                    {
                        "name": "bioconductor-delayedmatrixstats",
                        "specs": []
                    },
                    {
                        "name": "bioconductor-monocle",
                        "specs": []
                    },
                    {
                        "name": "bioconductor-org.hs.eg.db",
                        "specs": []
                    },
                    {
                        "name": "bioconductor-org.mm.eg.db",
                        "specs": []
                    },
                    {
                        "name": "r-assertthat",
                        "specs": []
                    },
                    {
                        "name": "r-base",
                        "specs": [
                            [
                                ">=",
                                "3.6,<3.7.0a0"
                            ]
                        ]
                    },
                    {
                        "name": "r-covr",
                        "specs": []
                    },
                    {
                        "name": "r-doparallel",
                        "specs": []
                    },
                    {
                        "name": "r-forcats",
                        "specs": []
                    },
                    {
                        "name": "r-ggplot2",
                        "specs": []
                    },
                    {
                        "name": "r-ggrepel",
                        "specs": []
                    },
                    {
                        "name": "r-glasso",
                        "specs": []
                    },
                    {
                        "name": "r-glmnet",
                        "specs": []
                    },
                    {
                        "name": "r-igraph",
                        "specs": []
                    },
                    {
                        "name": "r-irlba",
                        "specs": []
                    },
                    {
                        "name": "r-matrix",
                        "specs": []
                    },
                    {
                        "name": "r-plyr",
                        "specs": []
                    },
                    {
                        "name": "r-rann",
                        "specs": []
                    },
                    {
                        "name": "r-reshape2",
                        "specs": []
                    },
                    {
                        "name": "r-rly",
                        "specs": []
                    },
                    {
                        "name": "r-stringr",
                        "specs": []
                    },
                    {
                        "name": "r-tibble",
                        "specs": []
                    },
                    {
                        "name": "r-vgam",
                        "specs": []
                    },
                    {
                        "name": "r-viridis",
                        "specs": []
                    }
                ]
            },
            "description": null,
            "distribution_type": "conda",
            "download_url": "//api.anaconda.org/download/bioconda/r-garnett/0.1.4/noarch/r-garnett-0.1.4-r36_0.tar.bz2",
            "full_name": "bioconda/r-garnett/0.1.4/noarch/r-garnett-0.1.4-r36_0.tar.bz2",
            "labels": [
                "main"
            ],
            "md5": "27f3bcad0f6d208b43cff3fee27db51f",
            "ndownloads": 34,
            "owner": "bioconda",
            "size": 5456066,
            "type": "conda",
            "upload_time": "2019-10-01 14:02:22.532000+00:00",
            "version": "0.1.4"
        },
        {
            "attrs": {
                "arch": null,
                "build": "r36_0",
                "build_number": 0,
                "depends": [
                    "bioconductor-annotationdbi >=1.44.0",
                    "bioconductor-biobase >=2.42.0",
                    "bioconductor-delayedarray >=0.8.0",
                    "bioconductor-delayedmatrixstats >=1.4.0",
                    "bioconductor-org.hs.eg.db >=3.7.0",
                    "bioconductor-org.mm.eg.db",
                    "r-assertthat >=0.2.0",
                    "r-base >=3.6,<3.7.0a0",
                    "r-doparallel >=1.0.14",
                    "r-forcats >=0.3.0",
                    "r-ggplot2 >=3.1.0",
                    "r-ggrepel >=0.8.0",
                    "r-glmnet >=2.0_16",
                    "r-igraph >=1.2.2",
                    "r-irlba >=2.3.2",
                    "r-matrix >=1.2_15",
                    "r-monocle3",
                    "r-plyr >=1.8.4",
                    "r-rann >=2.6",
                    "r-reshape2 >=1.4.3",
                    "r-rly >=1.6.2",
                    "r-stringr >=1.3.1",
                    "r-viridis >=0.5.1"
                ],
                "has_prefix": false,
                "license": "MIT",
                "license_family": "MIT",
                "machine": null,
                "noarch": "generic",
                "operatingsystem": null,
                "platform": null,
                "subdir": "noarch",
                "target-triplet": "None-any-None",
                "timestamp": 1571688630682
            },
            "basename": "noarch/r-garnett-0.2.8-r36_0.tar.bz2",
            "dependencies": {
                "depends": [
                    {
                        "name": "bioconductor-annotationdbi",
                        "specs": [
                            [
                                ">=",
                                "1.44.0"
                            ]
                        ]
                    },
                    {
                        "name": "bioconductor-biobase",
                        "specs": [
                            [
                                ">=",
                                "2.42.0"
                            ]
                        ]
                    },
                    {
                        "name": "bioconductor-delayedarray",
                        "specs": [
                            [
                                ">=",
                                "0.8.0"
                            ]
                        ]
                    },
                    {
                        "name": "bioconductor-delayedmatrixstats",
                        "specs": [
                            [
                                ">=",
                                "1.4.0"
                            ]
                        ]
                    },
                    {
                        "name": "bioconductor-org.hs.eg.db",
                        "specs": [
                            [
                                ">=",
                                "3.7.0"
                            ]
                        ]
                    },
                    {
                        "name": "bioconductor-org.mm.eg.db",
                        "specs": []
                    },
                    {
                        "name": "r-assertthat",
                        "specs": [
                            [
                                ">=",
                                "0.2.0"
                            ]
                        ]
                    },
                    {
                        "name": "r-base",
                        "specs": [
                            [
                                ">=",
                                "3.6,<3.7.0a0"
                            ]
                        ]
                    },
                    {
                        "name": "r-doparallel",
                        "specs": [
                            [
                                ">=",
                                "1.0.14"
                            ]
                        ]
                    },
                    {
                        "name": "r-forcats",
                        "specs": [
                            [
                                ">=",
                                "0.3.0"
                            ]
                        ]
                    },
                    {
                        "name": "r-ggplot2",
                        "specs": [
                            [
                                ">=",
                                "3.1.0"
                            ]
                        ]
                    },
                    {
                        "name": "r-ggrepel",
                        "specs": [
                            [
                                ">=",
                                "0.8.0"
                            ]
                        ]
                    },
                    {
                        "name": "r-glmnet",
                        "specs": [
                            [
                                ">=",
                                "2.0_16"
                            ]
                        ]
                    },
                    {
                        "name": "r-igraph",
                        "specs": [
                            [
                                ">=",
                                "1.2.2"
                            ]
                        ]
                    },
                    {
                        "name": "r-irlba",
                        "specs": [
                            [
                                ">=",
                                "2.3.2"
                            ]
                        ]
                    },
                    {
                        "name": "r-matrix",
                        "specs": [
                            [
                                ">=",
                                "1.2_15"
                            ]
                        ]
                    },
                    {
                        "name": "r-monocle3",
                        "specs": []
                    },
                    {
                        "name": "r-plyr",
                        "specs": [
                            [
                                ">=",
                                "1.8.4"
                            ]
                        ]
                    },
                    {
                        "name": "r-rann",
                        "specs": [
                            [
                                ">=",
                                "2.6"
                            ]
                        ]
                    },
                    {
                        "name": "r-reshape2",
                        "specs": [
                            [
                                ">=",
                                "1.4.3"
                            ]
                        ]
                    },
                    {
                        "name": "r-rly",
                        "specs": [
                            [
                                ">=",
                                "1.6.2"
                            ]
                        ]
                    },
                    {
                        "name": "r-stringr",
                        "specs": [
                            [
                                ">=",
                                "1.3.1"
                            ]
                        ]
                    },
                    {
                        "name": "r-viridis",
                        "specs": [
                            [
                                ">=",
                                "0.5.1"
                            ]
                        ]
                    }
                ]
            },
            "description": null,
            "distribution_type": "conda",
            "download_url": "//api.anaconda.org/download/bioconda/r-garnett/0.2.8/noarch/r-garnett-0.2.8-r36_0.tar.bz2",
            "full_name": "bioconda/r-garnett/0.2.8/noarch/r-garnett-0.2.8-r36_0.tar.bz2",
            "labels": [
                "main"
            ],
            "md5": "48ad36d104ce747a5a902af16aac5365",
            "ndownloads": 36,
            "owner": "bioconda",
            "size": 4632563,
            "type": "conda",
            "upload_time": "2019-10-21 20:23:12.616000+00:00",
            "version": "0.2.8"
        }
    ],
    "full_name": "bioconda/r-garnett",
    "home": "https://cole-trapnell-lab.github.io/garnett/",
    "html_url": "http://anaconda.org/bioconda/r-garnett",
    "id": "5d935c6d83b663161b112b61",
    "latest_version": "0.2.8",
    "license": "MIT",
    "license_url": null,
    "modified_at": "2019-10-21 20:23:13.103000+00:00",
    "name": "r-garnett",
    "owner": {
        "company": "",
        "created_at": "2015-09-11 22:59:20.880000+00:00",
        "description": "Bioconda is a distribution of bioinformatics software realized as a channel for the versatile Conda package manager.",
        "location": "",
        "login": "bioconda",
        "name": "bioconda",
        "url": "",
        "user_type": "org"
    },
    "package_types": [
        "conda"
    ],
    "public": true,
    "releases": [
        {
            "distributions": [],
            "full_name": "bioconda/r-garnett/0.1.4",
            "version": "0.1.4"
        },
        {
            "distributions": [],
            "full_name": "bioconda/r-garnett/0.2.8",
            "version": "0.2.8"
        }
    ],
    "revision": 4,
    "source_git_tag": null,
    "source_git_url": null,
    "summary": "Bioconda-installable version of Garnett cell classification tool.",
    "upvoted": 0,
    "url": "http://api.anaconda.org/packages/bioconda/r-garnett",
    "versions": [
        "0.1.4",
        "0.2.8"
    ],
    "watchers": 1
}