{
    "app_entry": {},
    "app_summary": {},
    "app_type": {},
    "builds": [
        "r3.2.2_0",
        "r3.3.1_0",
        "r3.3.2_0"
    ],
    "conda_platforms": [
        "linux-64",
        "osx-64"
    ],
    "created_at": "2015-10-19 18:26:16.582000+00:00",
    "description": "None",
    "dev_url": {},
    "doc_url": {},
    "files": [
        {
            "attrs": {
                "arch": "x86_64",
                "build": "r3.2.2_0",
                "build_number": 0,
                "depends": [
                    "r 3.2.2*",
                    "r-ggplot2 >=1.0.0",
                    "r-gtable >=0.1.2",
                    "r-plyr >=1.8",
                    "r-reshape >=0.8.4",
                    "r-stringr >=0.6.2"
                ],
                "license": "GPL (>= 2.0)",
                "machine": "x86_64",
                "operatingsystem": "linux",
                "platform": "linux",
                "subdir": "linux-64",
                "target-triplet": "x86_64-any-linux"
            },
            "basename": "linux-64/r-ggally-0.5.0-r3.2.2_0.tar.bz2",
            "dependencies": {
                "depends": [
                    {
                        "name": "r",
                        "specs": [
                            [
                                "==",
                                "3.2.2"
                            ]
                        ]
                    },
                    {
                        "name": "r-ggplot2",
                        "specs": [
                            [
                                ">=",
                                "1.0.0"
                            ]
                        ]
                    },
                    {
                        "name": "r-gtable",
                        "specs": [
                            [
                                ">=",
                                "0.1.2"
                            ]
                        ]
                    },
                    {
                        "name": "r-plyr",
                        "specs": [
                            [
                                ">=",
                                "1.8"
                            ]
                        ]
                    },
                    {
                        "name": "r-reshape",
                        "specs": [
                            [
                                ">=",
                                "0.8.4"
                            ]
                        ]
                    },
                    {
                        "name": "r-stringr",
                        "specs": [
                            [
                                ">=",
                                "0.6.2"
                            ]
                        ]
                    }
                ]
            },
            "description": null,
            "distribution_type": "conda",
            "download_url": "//api.anaconda.org/download/bioconda/r-ggally/0.5.0/linux-64/r-ggally-0.5.0-r3.2.2_0.tar.bz2",
            "full_name": "bioconda/r-ggally/0.5.0/linux-64/r-ggally-0.5.0-r3.2.2_0.tar.bz2",
            "labels": [
                "main",
                "cf201901"
            ],
            "md5": "082e1f53500a524df46192aca57ec051",
            "ndownloads": 694,
            "owner": "bioconda",
            "size": 674425,
            "type": "conda",
            "upload_time": "2015-10-19 18:26:16.795000+00:00",
            "version": "0.5.0"
        },
        {
            "attrs": {
                "arch": "x86_64",
                "build": "r3.2.2_0",
                "build_number": 0,
                "depends": [
                    "r 3.2.2*",
                    "r-ggplot2 >=1.0.0",
                    "r-gtable >=0.1.2",
                    "r-plyr >=1.8",
                    "r-reshape >=0.8.4",
                    "r-stringr >=0.6.2"
                ],
                "license": "GPL (>= 2.0)",
                "machine": "x86_64",
                "operatingsystem": "darwin",
                "platform": "osx",
                "subdir": "osx-64",
                "target-triplet": "x86_64-any-darwin"
            },
            "basename": "osx-64/r-ggally-0.5.0-r3.2.2_0.tar.bz2",
            "dependencies": {
                "depends": [
                    {
                        "name": "r",
                        "specs": [
                            [
                                "==",
                                "3.2.2"
                            ]
                        ]
                    },
                    {
                        "name": "r-ggplot2",
                        "specs": [
                            [
                                ">=",
                                "1.0.0"
                            ]
                        ]
                    },
                    {
                        "name": "r-gtable",
                        "specs": [
                            [
                                ">=",
                                "0.1.2"
                            ]
                        ]
                    },
                    {
                        "name": "r-plyr",
                        "specs": [
                            [
                                ">=",
                                "1.8"
                            ]
                        ]
                    },
                    {
                        "name": "r-reshape",
                        "specs": [
                            [
                                ">=",
                                "0.8.4"
                            ]
                        ]
                    },
                    {
                        "name": "r-stringr",
                        "specs": [
                            [
                                ">=",
                                "0.6.2"
                            ]
                        ]
                    }
                ]
            },
            "description": null,
            "distribution_type": "conda",
            "download_url": "//api.anaconda.org/download/bioconda/r-ggally/0.5.0/osx-64/r-ggally-0.5.0-r3.2.2_0.tar.bz2",
            "full_name": "bioconda/r-ggally/0.5.0/osx-64/r-ggally-0.5.0-r3.2.2_0.tar.bz2",
            "labels": [
                "main",
                "cf201901"
            ],
            "md5": "6b1a69a9ba0f0687b47d8b44dc1851a9",
            "ndownloads": 432,
            "owner": "bioconda",
            "size": 674297,
            "type": "conda",
            "upload_time": "2015-12-17 21:24:13.147000+00:00",
            "version": "0.5.0"
        },
        {
            "attrs": {
                "arch": "x86_64",
                "build": "r3.3.1_0",
                "build_number": 0,
                "depends": [
                    "r 3.3.1*",
                    "r-ggplot2 >=1.0.0",
                    "r-gtable >=0.1.2",
                    "r-plyr >=1.8",
                    "r-reshape >=0.8.4",
                    "r-stringr >=0.6.2"
                ],
                "license": "GPL (>= 2.0)",
                "machine": "x86_64",
                "operatingsystem": "linux",
                "platform": "linux",
                "subdir": "linux-64",
                "target-triplet": "x86_64-any-linux"
            },
            "basename": "linux-64/r-ggally-0.5.0-r3.3.1_0.tar.bz2",
            "dependencies": {
                "depends": [
                    {
                        "name": "r",
                        "specs": [
                            [
                                "==",
                                "3.3.1"
                            ]
                        ]
                    },
                    {
                        "name": "r-ggplot2",
                        "specs": [
                            [
                                ">=",
                                "1.0.0"
                            ]
                        ]
                    },
                    {
                        "name": "r-gtable",
                        "specs": [
                            [
                                ">=",
                                "0.1.2"
                            ]
                        ]
                    },
                    {
                        "name": "r-plyr",
                        "specs": [
                            [
                                ">=",
                                "1.8"
                            ]
                        ]
                    },
                    {
                        "name": "r-reshape",
                        "specs": [
                            [
                                ">=",
                                "0.8.4"
                            ]
                        ]
                    },
                    {
                        "name": "r-stringr",
                        "specs": [
                            [
                                ">=",
                                "0.6.2"
                            ]
                        ]
                    }
                ]
            },
            "description": null,
            "distribution_type": "conda",
            "download_url": "//api.anaconda.org/download/bioconda/r-ggally/0.5.0/linux-64/r-ggally-0.5.0-r3.3.1_0.tar.bz2",
            "full_name": "bioconda/r-ggally/0.5.0/linux-64/r-ggally-0.5.0-r3.3.1_0.tar.bz2",
            "labels": [
                "main",
                "cf201901"
            ],
            "md5": "00469d67683cb124f6234ba41d0b0ba9",
            "ndownloads": 560,
            "owner": "bioconda",
            "size": 677847,
            "type": "conda",
            "upload_time": "2016-10-08 19:11:46.969000+00:00",
            "version": "0.5.0"
        },
        {
            "attrs": {
                "arch": "x86_64",
                "build": "r3.3.1_0",
                "build_number": 0,
                "depends": [
                    "r 3.3.1*",
                    "r-ggplot2 >=1.0.0",
                    "r-gtable >=0.1.2",
                    "r-plyr >=1.8",
                    "r-reshape >=0.8.4",
                    "r-stringr >=0.6.2"
                ],
                "license": "GPL (>= 2.0)",
                "machine": "x86_64",
                "operatingsystem": "darwin",
                "platform": "osx",
                "subdir": "osx-64",
                "target-triplet": "x86_64-any-darwin"
            },
            "basename": "osx-64/r-ggally-0.5.0-r3.3.1_0.tar.bz2",
            "dependencies": {
                "depends": [
                    {
                        "name": "r",
                        "specs": [
                            [
                                "==",
                                "3.3.1"
                            ]
                        ]
                    },
                    {
                        "name": "r-ggplot2",
                        "specs": [
                            [
                                ">=",
                                "1.0.0"
                            ]
                        ]
                    },
                    {
                        "name": "r-gtable",
                        "specs": [
                            [
                                ">=",
                                "0.1.2"
                            ]
                        ]
                    },
                    {
                        "name": "r-plyr",
                        "specs": [
                            [
                                ">=",
                                "1.8"
                            ]
                        ]
                    },
                    {
                        "name": "r-reshape",
                        "specs": [
                            [
                                ">=",
                                "0.8.4"
                            ]
                        ]
                    },
                    {
                        "name": "r-stringr",
                        "specs": [
                            [
                                ">=",
                                "0.6.2"
                            ]
                        ]
                    }
                ]
            },
            "description": null,
            "distribution_type": "conda",
            "download_url": "//api.anaconda.org/download/bioconda/r-ggally/0.5.0/osx-64/r-ggally-0.5.0-r3.3.1_0.tar.bz2",
            "full_name": "bioconda/r-ggally/0.5.0/osx-64/r-ggally-0.5.0-r3.3.1_0.tar.bz2",
            "labels": [
                "main",
                "cf201901"
            ],
            "md5": "1950e3c8c11283d9486cb08d78ad3c44",
            "ndownloads": 196,
            "owner": "bioconda",
            "size": 677840,
            "type": "conda",
            "upload_time": "2016-10-08 19:16:14.626000+00:00",
            "version": "0.5.0"
        },
        {
            "attrs": {
                "arch": "x86_64",
                "build": "r3.3.1_0",
                "build_number": 0,
                "depends": [
                    "r 3.3.1*",
                    "r-ggplot2 >=2.2.0",
                    "r-gtable >=0.2.0",
                    "r-plyr >=1.8.3",
                    "r-progress",
                    "r-rcolorbrewer",
                    "r-reshape >=0.8.5"
                ],
                "has_prefix": false,
                "license": "GPL (>= 2.0)",
                "license_family": "GPL3",
                "machine": "x86_64",
                "operatingsystem": "linux",
                "platform": "linux",
                "subdir": "linux-64",
                "target-triplet": "x86_64-any-linux"
            },
            "basename": "linux-64/r-ggally-1.3.0-r3.3.1_0.tar.bz2",
            "dependencies": {
                "depends": [
                    {
                        "name": "r",
                        "specs": [
                            [
                                "==",
                                "3.3.1"
                            ]
                        ]
                    },
                    {
                        "name": "r-ggplot2",
                        "specs": [
                            [
                                ">=",
                                "2.2.0"
                            ]
                        ]
                    },
                    {
                        "name": "r-gtable",
                        "specs": [
                            [
                                ">=",
                                "0.2.0"
                            ]
                        ]
                    },
                    {
                        "name": "r-plyr",
                        "specs": [
                            [
                                ">=",
                                "1.8.3"
                            ]
                        ]
                    },
                    {
                        "name": "r-progress",
                        "specs": []
                    },
                    {
                        "name": "r-rcolorbrewer",
                        "specs": []
                    },
                    {
                        "name": "r-reshape",
                        "specs": [
                            [
                                ">=",
                                "0.8.5"
                            ]
                        ]
                    }
                ]
            },
            "description": null,
            "distribution_type": "conda",
            "download_url": "//api.anaconda.org/download/bioconda/r-ggally/1.3.0/linux-64/r-ggally-1.3.0-r3.3.1_0.tar.bz2",
            "full_name": "bioconda/r-ggally/1.3.0/linux-64/r-ggally-1.3.0-r3.3.1_0.tar.bz2",
            "labels": [
                "main",
                "cf201901"
            ],
            "md5": "95d741fbb2f89733993c934815e1cb3b",
            "ndownloads": 546,
            "owner": "bioconda",
            "size": 1258312,
            "type": "conda",
            "upload_time": "2016-12-07 19:05:07.432000+00:00",
            "version": "1.3.0"
        },
        {
            "attrs": {
                "arch": "x86_64",
                "build": "r3.3.1_0",
                "build_number": 0,
                "depends": [
                    "r 3.3.1*",
                    "r-ggplot2 >=2.2.0",
                    "r-gtable >=0.2.0",
                    "r-plyr >=1.8.3",
                    "r-progress",
                    "r-rcolorbrewer",
                    "r-reshape >=0.8.5"
                ],
                "has_prefix": false,
                "license": "GPL (>= 2.0)",
                "license_family": "GPL3",
                "machine": "x86_64",
                "operatingsystem": "darwin",
                "platform": "osx",
                "subdir": "osx-64",
                "target-triplet": "x86_64-any-darwin"
            },
            "basename": "osx-64/r-ggally-1.3.0-r3.3.1_0.tar.bz2",
            "dependencies": {
                "depends": [
                    {
                        "name": "r",
                        "specs": [
                            [
                                "==",
                                "3.3.1"
                            ]
                        ]
                    },
                    {
                        "name": "r-ggplot2",
                        "specs": [
                            [
                                ">=",
                                "2.2.0"
                            ]
                        ]
                    },
                    {
                        "name": "r-gtable",
                        "specs": [
                            [
                                ">=",
                                "0.2.0"
                            ]
                        ]
                    },
                    {
                        "name": "r-plyr",
                        "specs": [
                            [
                                ">=",
                                "1.8.3"
                            ]
                        ]
                    },
                    {
                        "name": "r-progress",
                        "specs": []
                    },
                    {
                        "name": "r-rcolorbrewer",
                        "specs": []
                    },
                    {
                        "name": "r-reshape",
                        "specs": [
                            [
                                ">=",
                                "0.8.5"
                            ]
                        ]
                    }
                ]
            },
            "description": null,
            "distribution_type": "conda",
            "download_url": "//api.anaconda.org/download/bioconda/r-ggally/1.3.0/osx-64/r-ggally-1.3.0-r3.3.1_0.tar.bz2",
            "full_name": "bioconda/r-ggally/1.3.0/osx-64/r-ggally-1.3.0-r3.3.1_0.tar.bz2",
            "labels": [
                "main",
                "cf201901"
            ],
            "md5": "03dea1358b57f272629e6f0b3f081e7d",
            "ndownloads": 277,
            "owner": "bioconda",
            "size": 1258081,
            "type": "conda",
            "upload_time": "2016-12-07 20:21:41.770000+00:00",
            "version": "1.3.0"
        },
        {
            "attrs": {
                "arch": "x86_64",
                "build": "r3.3.2_0",
                "build_number": 0,
                "depends": [
                    "r-base 3.3.2*",
                    "r-ggplot2 >=2.2.0",
                    "r-gtable >=0.2.0",
                    "r-plyr >=1.8.3",
                    "r-progress",
                    "r-rcolorbrewer",
                    "r-reshape >=0.8.5"
                ],
                "has_prefix": false,
                "license": "GPL (>= 2.0)",
                "license_family": "GPL3",
                "machine": "x86_64",
                "operatingsystem": "darwin",
                "platform": "osx",
                "subdir": "osx-64",
                "target-triplet": "x86_64-any-darwin"
            },
            "basename": "osx-64/r-ggally-1.3.0-r3.3.2_0.tar.bz2",
            "dependencies": {
                "depends": [
                    {
                        "name": "r-base",
                        "specs": [
                            [
                                "==",
                                "3.3.2"
                            ]
                        ]
                    },
                    {
                        "name": "r-ggplot2",
                        "specs": [
                            [
                                ">=",
                                "2.2.0"
                            ]
                        ]
                    },
                    {
                        "name": "r-gtable",
                        "specs": [
                            [
                                ">=",
                                "0.2.0"
                            ]
                        ]
                    },
                    {
                        "name": "r-plyr",
                        "specs": [
                            [
                                ">=",
                                "1.8.3"
                            ]
                        ]
                    },
                    {
                        "name": "r-progress",
                        "specs": []
                    },
                    {
                        "name": "r-rcolorbrewer",
                        "specs": []
                    },
                    {
                        "name": "r-reshape",
                        "specs": [
                            [
                                ">=",
                                "0.8.5"
                            ]
                        ]
                    }
                ]
            },
            "description": null,
            "distribution_type": "conda",
            "download_url": "//api.anaconda.org/download/bioconda/r-ggally/1.3.0/osx-64/r-ggally-1.3.0-r3.3.2_0.tar.bz2",
            "full_name": "bioconda/r-ggally/1.3.0/osx-64/r-ggally-1.3.0-r3.3.2_0.tar.bz2",
            "labels": [
                "main",
                "cf201901"
            ],
            "md5": "1461f48e10f3636b83b918fc063e22cb",
            "ndownloads": 552,
            "owner": "bioconda",
            "size": 1262209,
            "type": "conda",
            "upload_time": "2017-06-04 07:05:12.169000+00:00",
            "version": "1.3.0"
        },
        {
            "attrs": {
                "arch": "x86_64",
                "build": "r3.3.2_0",
                "build_number": 0,
                "depends": [
                    "r-base 3.3.2*",
                    "r-ggplot2 >=1.0.0",
                    "r-gtable >=0.1.2",
                    "r-plyr >=1.8",
                    "r-progress",
                    "r-reshape >=0.8.4",
                    "r-stringr >=0.6.2"
                ],
                "has_prefix": false,
                "license": "GPL (>= 2.0)",
                "machine": "x86_64",
                "operatingsystem": "darwin",
                "platform": "osx",
                "subdir": "osx-64",
                "target-triplet": "x86_64-any-darwin"
            },
            "basename": "osx-64/r-ggally-0.5.0-r3.3.2_0.tar.bz2",
            "dependencies": {
                "depends": [
                    {
                        "name": "r-base",
                        "specs": [
                            [
                                "==",
                                "3.3.2"
                            ]
                        ]
                    },
                    {
                        "name": "r-ggplot2",
                        "specs": [
                            [
                                ">=",
                                "1.0.0"
                            ]
                        ]
                    },
                    {
                        "name": "r-gtable",
                        "specs": [
                            [
                                ">=",
                                "0.1.2"
                            ]
                        ]
                    },
                    {
                        "name": "r-plyr",
                        "specs": [
                            [
                                ">=",
                                "1.8"
                            ]
                        ]
                    },
                    {
                        "name": "r-progress",
                        "specs": []
                    },
                    {
                        "name": "r-reshape",
                        "specs": [
                            [
                                ">=",
                                "0.8.4"
                            ]
                        ]
                    },
                    {
                        "name": "r-stringr",
                        "specs": [
                            [
                                ">=",
                                "0.6.2"
                            ]
                        ]
                    }
                ]
            },
            "description": null,
            "distribution_type": "conda",
            "download_url": "//api.anaconda.org/download/bioconda/r-ggally/0.5.0/osx-64/r-ggally-0.5.0-r3.3.2_0.tar.bz2",
            "full_name": "bioconda/r-ggally/0.5.0/osx-64/r-ggally-0.5.0-r3.3.2_0.tar.bz2",
            "labels": [
                "main",
                "cf201901"
            ],
            "md5": "6319841bce850895929f91ac886b0c1c",
            "ndownloads": 527,
            "owner": "bioconda",
            "size": 1260608,
            "type": "conda",
            "upload_time": "2017-06-05 19:46:13.624000+00:00",
            "version": "0.5.0"
        },
        {
            "attrs": {
                "arch": "x86_64",
                "build": "r3.3.2_0",
                "build_number": 0,
                "depends": [
                    "r-base 3.3.2*",
                    "r-ggplot2 >=1.0.0",
                    "r-gtable >=0.1.2",
                    "r-plyr >=1.8",
                    "r-progress",
                    "r-reshape >=0.8.4",
                    "r-stringr >=0.6.2"
                ],
                "has_prefix": false,
                "license": "GPL (>= 2.0)",
                "machine": "x86_64",
                "operatingsystem": "linux",
                "platform": "linux",
                "subdir": "linux-64",
                "target-triplet": "x86_64-any-linux"
            },
            "basename": "linux-64/r-ggally-0.5.0-r3.3.2_0.tar.bz2",
            "dependencies": {
                "depends": [
                    {
                        "name": "r-base",
                        "specs": [
                            [
                                "==",
                                "3.3.2"
                            ]
                        ]
                    },
                    {
                        "name": "r-ggplot2",
                        "specs": [
                            [
                                ">=",
                                "1.0.0"
                            ]
                        ]
                    },
                    {
                        "name": "r-gtable",
                        "specs": [
                            [
                                ">=",
                                "0.1.2"
                            ]
                        ]
                    },
                    {
                        "name": "r-plyr",
                        "specs": [
                            [
                                ">=",
                                "1.8"
                            ]
                        ]
                    },
                    {
                        "name": "r-progress",
                        "specs": []
                    },
                    {
                        "name": "r-reshape",
                        "specs": [
                            [
                                ">=",
                                "0.8.4"
                            ]
                        ]
                    },
                    {
                        "name": "r-stringr",
                        "specs": [
                            [
                                ">=",
                                "0.6.2"
                            ]
                        ]
                    }
                ]
            },
            "description": null,
            "distribution_type": "conda",
            "download_url": "//api.anaconda.org/download/bioconda/r-ggally/0.5.0/linux-64/r-ggally-0.5.0-r3.3.2_0.tar.bz2",
            "full_name": "bioconda/r-ggally/0.5.0/linux-64/r-ggally-0.5.0-r3.3.2_0.tar.bz2",
            "labels": [
                "main",
                "cf201901"
            ],
            "md5": "2175a8f0508c494721e7a153744341ab",
            "ndownloads": 384,
            "owner": "bioconda",
            "size": 1259738,
            "type": "conda",
            "upload_time": "2017-06-05 22:13:54.556000+00:00",
            "version": "0.5.0"
        },
        {
            "attrs": {
                "arch": "x86_64",
                "build": "r3.3.2_0",
                "build_number": 0,
                "depends": [
                    "r-base 3.3.2*",
                    "r-ggplot2 >=2.2.0",
                    "r-gtable >=0.2.0",
                    "r-plyr >=1.8.3",
                    "r-progress",
                    "r-rcolorbrewer",
                    "r-reshape >=0.8.5"
                ],
                "has_prefix": false,
                "license": "GPL (>= 2.0)",
                "license_family": "GPL3",
                "machine": "x86_64",
                "operatingsystem": "linux",
                "platform": "linux",
                "subdir": "linux-64",
                "target-triplet": "x86_64-any-linux"
            },
            "basename": "linux-64/r-ggally-1.3.0-r3.3.2_0.tar.bz2",
            "dependencies": {
                "depends": [
                    {
                        "name": "r-base",
                        "specs": [
                            [
                                "==",
                                "3.3.2"
                            ]
                        ]
                    },
                    {
                        "name": "r-ggplot2",
                        "specs": [
                            [
                                ">=",
                                "2.2.0"
                            ]
                        ]
                    },
                    {
                        "name": "r-gtable",
                        "specs": [
                            [
                                ">=",
                                "0.2.0"
                            ]
                        ]
                    },
                    {
                        "name": "r-plyr",
                        "specs": [
                            [
                                ">=",
                                "1.8.3"
                            ]
                        ]
                    },
                    {
                        "name": "r-progress",
                        "specs": []
                    },
                    {
                        "name": "r-rcolorbrewer",
                        "specs": []
                    },
                    {
                        "name": "r-reshape",
                        "specs": [
                            [
                                ">=",
                                "0.8.5"
                            ]
                        ]
                    }
                ]
            },
            "description": null,
            "distribution_type": "conda",
            "download_url": "//api.anaconda.org/download/bioconda/r-ggally/1.3.0/linux-64/r-ggally-1.3.0-r3.3.2_0.tar.bz2",
            "full_name": "bioconda/r-ggally/1.3.0/linux-64/r-ggally-1.3.0-r3.3.2_0.tar.bz2",
            "labels": [
                "main",
                "cf201901"
            ],
            "md5": "22473aafdf693724b7e10b896c981a34",
            "ndownloads": 761,
            "owner": "bioconda",
            "size": 1264008,
            "type": "conda",
            "upload_time": "2017-06-15 11:21:14.830000+00:00",
            "version": "1.3.0"
        }
    ],
    "full_name": "bioconda/r-ggally",
    "home": "None",
    "html_url": "http://anaconda.org/bioconda/r-ggally",
    "id": "562535c8ab59360b11d04cc1",
    "latest_version": "1.3.0",
    "license": "GPL (>= 2.0)",
    "license_url": {},
    "modified_at": "2017-06-15 11:21:15.720000+00:00",
    "name": "r-ggally",
    "owner": {
        "company": "",
        "created_at": "2015-09-11 22:59:20.880000+00:00",
        "description": "Bioconda is a distribution of bioinformatics software realized as a channel for the versatile Conda package manager.",
        "location": "",
        "login": "bioconda",
        "name": "bioconda",
        "url": "",
        "user_type": "org"
    },
    "package_types": [
        "conda"
    ],
    "public": true,
    "releases": [
        {
            "distributions": [
                "linux-64/r-ggally-0.5.0-r3.2.2_0.tar.bz2",
                "osx-64/r-ggally-0.5.0-r3.2.2_0.tar.bz2"
            ],
            "full_name": "bioconda/r-ggally/0.5.0",
            "version": "0.5.0"
        },
        {
            "distributions": [],
            "full_name": "bioconda/r-ggally/1.3.0",
            "version": "1.3.0"
        }
    ],
    "revision": 4,
    "source_git_tag": {},
    "source_git_url": {},
    "summary": "GGally is designed to be a helper to ggplot2. It contains templates for different plots to be combined into a plot matrix, a parallel coordinate plot function, as well as a function for making a network plot.",
    "upvoted": 0,
    "url": "http://api.anaconda.org/packages/bioconda/r-ggally",
    "versions": [
        "0.5.0",
        "1.3.0"
    ],
    "watchers": 1
}