{
    "app_entry": {},
    "app_summary": {},
    "app_type": {},
    "builds": [
        "r3.2.2_0",
        "r3.3.1_0",
        "r3.3.2_0"
    ],
    "conda_platforms": [
        "linux-64",
        "osx-64"
    ],
    "created_at": "2016-07-08 14:07:41.587000+00:00",
    "description": "None",
    "dev_url": {},
    "doc_url": {},
    "files": [
        {
            "attrs": {
                "arch": "x86_64",
                "build": "r3.3.2_0",
                "build_number": 0,
                "depends": [
                    "r-base 3.3.2*",
                    "r-bh",
                    "r-sp"
                ],
                "has_prefix": false,
                "license": "GPL (>= 2)",
                "license_family": "GPL3",
                "machine": "x86_64",
                "operatingsystem": "darwin",
                "platform": "osx",
                "subdir": "osx-64",
                "target-triplet": "x86_64-any-darwin"
            },
            "basename": "osx-64/r-mba-0.0_8-r3.3.2_0.tar.bz2",
            "dependencies": {
                "depends": [
                    {
                        "name": "r-base",
                        "specs": [
                            [
                                "==",
                                "3.3.2"
                            ]
                        ]
                    },
                    {
                        "name": "r-bh",
                        "specs": []
                    },
                    {
                        "name": "r-sp",
                        "specs": []
                    }
                ]
            },
            "description": null,
            "distribution_type": "conda",
            "download_url": "//api.anaconda.org/download/bioconda/r-mba/0.0_8/osx-64/r-mba-0.0_8-r3.3.2_0.tar.bz2",
            "full_name": "bioconda/r-mba/0.0_8/osx-64/r-mba-0.0_8-r3.3.2_0.tar.bz2",
            "labels": [
                "main",
                "cf201901"
            ],
            "md5": "ecb15bbbc6d585cd68d490d39ae3b006",
            "ndownloads": 787,
            "owner": "bioconda",
            "size": 189469,
            "type": "conda",
            "upload_time": "2017-06-04 18:29:15.004000+00:00",
            "version": "0.0_8"
        },
        {
            "attrs": {
                "arch": "x86_64",
                "build": "r3.2.2_0",
                "build_number": 0,
                "depends": [
                    "r 3.2.2*",
                    "r-bh",
                    "r-sp"
                ],
                "license": "GPL (>= 2)",
                "license_family": "GPL3",
                "machine": "x86_64",
                "operatingsystem": "linux",
                "platform": "linux",
                "subdir": "linux-64",
                "target-triplet": "x86_64-any-linux"
            },
            "basename": "linux-64/r-mba-0.0_8-r3.2.2_0.tar.bz2",
            "dependencies": {
                "depends": [
                    {
                        "name": "r",
                        "specs": [
                            [
                                "==",
                                "3.2.2"
                            ]
                        ]
                    },
                    {
                        "name": "r-bh",
                        "specs": []
                    },
                    {
                        "name": "r-sp",
                        "specs": []
                    }
                ]
            },
            "description": null,
            "distribution_type": "conda",
            "download_url": "//api.anaconda.org/download/bioconda/r-mba/0.0_8/linux-64/r-mba-0.0_8-r3.2.2_0.tar.bz2",
            "full_name": "bioconda/r-mba/0.0_8/linux-64/r-mba-0.0_8-r3.2.2_0.tar.bz2",
            "labels": [
                "main",
                "cf201901"
            ],
            "md5": "8170f56bab780e3f1caaa5119903bdf7",
            "ndownloads": 449,
            "owner": "bioconda",
            "size": 193166,
            "type": "conda",
            "upload_time": "2016-07-08 14:07:42.021000+00:00",
            "version": "0.0_8"
        },
        {
            "attrs": {
                "arch": "x86_64",
                "build": "r3.2.2_0",
                "build_number": 0,
                "depends": [
                    "r 3.2.2*",
                    "r-bh",
                    "r-sp"
                ],
                "license": "GPL (>= 2)",
                "license_family": "GPL3",
                "machine": "x86_64",
                "operatingsystem": "darwin",
                "platform": "osx",
                "subdir": "osx-64",
                "target-triplet": "x86_64-any-darwin"
            },
            "basename": "osx-64/r-mba-0.0_8-r3.2.2_0.tar.bz2",
            "dependencies": {
                "depends": [
                    {
                        "name": "r",
                        "specs": [
                            [
                                "==",
                                "3.2.2"
                            ]
                        ]
                    },
                    {
                        "name": "r-bh",
                        "specs": []
                    },
                    {
                        "name": "r-sp",
                        "specs": []
                    }
                ]
            },
            "description": null,
            "distribution_type": "conda",
            "download_url": "//api.anaconda.org/download/bioconda/r-mba/0.0_8/osx-64/r-mba-0.0_8-r3.2.2_0.tar.bz2",
            "full_name": "bioconda/r-mba/0.0_8/osx-64/r-mba-0.0_8-r3.2.2_0.tar.bz2",
            "labels": [
                "main",
                "cf201901"
            ],
            "md5": "50ec237d8746546052030b92bae1245b",
            "ndownloads": 41,
            "owner": "bioconda",
            "size": 190617,
            "type": "conda",
            "upload_time": "2016-07-08 14:23:44.497000+00:00",
            "version": "0.0_8"
        },
        {
            "attrs": {
                "arch": "x86_64",
                "build": "r3.3.1_0",
                "build_number": 0,
                "depends": [
                    "r 3.3.1*",
                    "r-bh",
                    "r-sp"
                ],
                "license": "GPL (>= 2)",
                "license_family": "GPL3",
                "machine": "x86_64",
                "operatingsystem": "darwin",
                "platform": "osx",
                "subdir": "osx-64",
                "target-triplet": "x86_64-any-darwin"
            },
            "basename": "osx-64/r-mba-0.0_8-r3.3.1_0.tar.bz2",
            "dependencies": {
                "depends": [
                    {
                        "name": "r",
                        "specs": [
                            [
                                "==",
                                "3.3.1"
                            ]
                        ]
                    },
                    {
                        "name": "r-bh",
                        "specs": []
                    },
                    {
                        "name": "r-sp",
                        "specs": []
                    }
                ]
            },
            "description": null,
            "distribution_type": "conda",
            "download_url": "//api.anaconda.org/download/bioconda/r-mba/0.0_8/osx-64/r-mba-0.0_8-r3.3.1_0.tar.bz2",
            "full_name": "bioconda/r-mba/0.0_8/osx-64/r-mba-0.0_8-r3.3.1_0.tar.bz2",
            "labels": [
                "main",
                "cf201901"
            ],
            "md5": "11f310d14f7aed9b0d5abc09c2fe604c",
            "ndownloads": 44,
            "owner": "bioconda",
            "size": 190560,
            "type": "conda",
            "upload_time": "2016-09-28 02:33:11.469000+00:00",
            "version": "0.0_8"
        },
        {
            "attrs": {
                "arch": "x86_64",
                "build": "r3.3.1_0",
                "build_number": 0,
                "depends": [
                    "r 3.3.1*",
                    "r-bh",
                    "r-sp"
                ],
                "license": "GPL (>= 2)",
                "license_family": "GPL3",
                "machine": "x86_64",
                "operatingsystem": "linux",
                "platform": "linux",
                "subdir": "linux-64",
                "target-triplet": "x86_64-any-linux"
            },
            "basename": "linux-64/r-mba-0.0_8-r3.3.1_0.tar.bz2",
            "dependencies": {
                "depends": [
                    {
                        "name": "r",
                        "specs": [
                            [
                                "==",
                                "3.3.1"
                            ]
                        ]
                    },
                    {
                        "name": "r-bh",
                        "specs": []
                    },
                    {
                        "name": "r-sp",
                        "specs": []
                    }
                ]
            },
            "description": null,
            "distribution_type": "conda",
            "download_url": "//api.anaconda.org/download/bioconda/r-mba/0.0_8/linux-64/r-mba-0.0_8-r3.3.1_0.tar.bz2",
            "full_name": "bioconda/r-mba/0.0_8/linux-64/r-mba-0.0_8-r3.3.1_0.tar.bz2",
            "labels": [
                "main",
                "cf201901"
            ],
            "md5": "a884bdc06f88f527ae5e5512f73f378d",
            "ndownloads": 524,
            "owner": "bioconda",
            "size": 192952,
            "type": "conda",
            "upload_time": "2016-09-28 02:39:42.059000+00:00",
            "version": "0.0_8"
        },
        {
            "attrs": {
                "arch": "x86_64",
                "build": "r3.3.2_0",
                "build_number": 0,
                "depends": [
                    "r-base 3.3.2*",
                    "r-bh",
                    "r-sp"
                ],
                "has_prefix": true,
                "license": "GPL (>= 2)",
                "license_family": "GPL3",
                "machine": "x86_64",
                "operatingsystem": "linux",
                "platform": "linux",
                "subdir": "linux-64",
                "target-triplet": "x86_64-any-linux"
            },
            "basename": "linux-64/r-mba-0.0_8-r3.3.2_0.tar.bz2",
            "dependencies": {
                "depends": [
                    {
                        "name": "r-base",
                        "specs": [
                            [
                                "==",
                                "3.3.2"
                            ]
                        ]
                    },
                    {
                        "name": "r-bh",
                        "specs": []
                    },
                    {
                        "name": "r-sp",
                        "specs": []
                    }
                ]
            },
            "description": null,
            "distribution_type": "conda",
            "download_url": "//api.anaconda.org/download/bioconda/r-mba/0.0_8/linux-64/r-mba-0.0_8-r3.3.2_0.tar.bz2",
            "full_name": "bioconda/r-mba/0.0_8/linux-64/r-mba-0.0_8-r3.3.2_0.tar.bz2",
            "labels": [
                "main",
                "cf201901"
            ],
            "md5": "d5f68ab486e4c3bab8a2b8af5efc72dd",
            "ndownloads": 633,
            "owner": "bioconda",
            "size": 195229,
            "type": "conda",
            "upload_time": "2017-06-04 16:29:44.960000+00:00",
            "version": "0.0_8"
        }
    ],
    "full_name": "bioconda/r-mba",
    "home": "None",
    "html_url": "http://anaconda.org/bioconda/r-mba",
    "id": "577fb3ad836aeb560dcfc404",
    "latest_version": "0.0_8",
    "license": "GPL (>= 2)",
    "license_url": {},
    "modified_at": "2017-06-04 18:29:16.347000+00:00",
    "name": "r-mba",
    "owner": {
        "company": "",
        "created_at": "2015-09-11 22:59:20.880000+00:00",
        "description": "Bioconda is a distribution of bioinformatics software realized as a channel for the versatile Conda package manager.",
        "location": "",
        "login": "bioconda",
        "name": "bioconda",
        "url": "",
        "user_type": "org"
    },
    "package_types": [
        "conda"
    ],
    "public": true,
    "releases": [
        {
            "distributions": [],
            "full_name": "bioconda/r-mba/0.0_8",
            "version": "0.0_8"
        }
    ],
    "revision": 1,
    "source_git_tag": {},
    "source_git_url": {},
    "summary": "Scattered data interpolation with Multilevel B-Splines",
    "upvoted": 0,
    "url": "http://api.anaconda.org/packages/bioconda/r-mba",
    "versions": [
        "0.0_8"
    ],
    "watchers": 1
}