{
    "app_entry": {},
    "app_summary": {},
    "app_type": {},
    "builds": [
        "r3.2.2_0",
        "r3.3.1_0",
        "r3.3.1_1",
        "r3.3.2_1"
    ],
    "conda_platforms": [
        "linux-64",
        "osx-64"
    ],
    "created_at": "2015-12-20 10:51:36.088000+00:00",
    "description": "None",
    "dev_url": {},
    "doc_url": {},
    "files": [
        {
            "attrs": {
                "arch": "x86_64",
                "build": "r3.3.2_1",
                "build_number": 1,
                "depends": [
                    "r-base 3.3.2*"
                ],
                "has_prefix": false,
                "license": "GPL",
                "machine": "x86_64",
                "operatingsystem": "linux",
                "platform": "linux",
                "subdir": "linux-64",
                "target-triplet": "x86_64-any-linux"
            },
            "basename": "linux-64/r-misc3d-0.8_4-r3.3.2_1.tar.bz2",
            "dependencies": {
                "depends": [
                    {
                        "name": "r-base",
                        "specs": [
                            [
                                "==",
                                "3.3.2"
                            ]
                        ]
                    }
                ]
            },
            "description": null,
            "distribution_type": "conda",
            "download_url": "//api.anaconda.org/download/bioconda/r-misc3d/0.8_4/linux-64/r-misc3d-0.8_4-r3.3.2_1.tar.bz2",
            "full_name": "bioconda/r-misc3d/0.8_4/linux-64/r-misc3d-0.8_4-r3.3.2_1.tar.bz2",
            "labels": [
                "main",
                "cf201901"
            ],
            "md5": "c837a83a7fc296b362f851b3c8178708",
            "ndownloads": 818,
            "owner": "bioconda",
            "size": 157655,
            "type": "conda",
            "upload_time": "2017-06-04 13:24:17.777000+00:00",
            "version": "0.8_4"
        },
        {
            "attrs": {
                "arch": "x86_64",
                "build": "r3.3.2_1",
                "build_number": 1,
                "depends": [
                    "r-base 3.3.2*"
                ],
                "has_prefix": false,
                "license": "GPL",
                "machine": "x86_64",
                "operatingsystem": "darwin",
                "platform": "osx",
                "subdir": "osx-64",
                "target-triplet": "x86_64-any-darwin"
            },
            "basename": "osx-64/r-misc3d-0.8_4-r3.3.2_1.tar.bz2",
            "dependencies": {
                "depends": [
                    {
                        "name": "r-base",
                        "specs": [
                            [
                                "==",
                                "3.3.2"
                            ]
                        ]
                    }
                ]
            },
            "description": null,
            "distribution_type": "conda",
            "download_url": "//api.anaconda.org/download/bioconda/r-misc3d/0.8_4/osx-64/r-misc3d-0.8_4-r3.3.2_1.tar.bz2",
            "full_name": "bioconda/r-misc3d/0.8_4/osx-64/r-misc3d-0.8_4-r3.3.2_1.tar.bz2",
            "labels": [
                "main",
                "cf201901"
            ],
            "md5": "e3be89ac48c95c8d41efd6d75589b7d5",
            "ndownloads": 505,
            "owner": "bioconda",
            "size": 157180,
            "type": "conda",
            "upload_time": "2017-06-03 20:57:23.631000+00:00",
            "version": "0.8_4"
        },
        {
            "attrs": {
                "arch": "x86_64",
                "build": "r3.2.2_0",
                "build_number": 0,
                "depends": [
                    "r 3.2.2*"
                ],
                "license": "GPL",
                "machine": "x86_64",
                "operatingsystem": "linux",
                "platform": "linux",
                "subdir": "linux-64",
                "target-triplet": "x86_64-any-linux"
            },
            "basename": "linux-64/r-misc3d-0.8_4-r3.2.2_0.tar.bz2",
            "dependencies": {
                "depends": [
                    {
                        "name": "r",
                        "specs": [
                            [
                                "==",
                                "3.2.2"
                            ]
                        ]
                    }
                ]
            },
            "description": null,
            "distribution_type": "conda",
            "download_url": "//api.anaconda.org/download/bioconda/r-misc3d/0.8_4/linux-64/r-misc3d-0.8_4-r3.2.2_0.tar.bz2",
            "full_name": "bioconda/r-misc3d/0.8_4/linux-64/r-misc3d-0.8_4-r3.2.2_0.tar.bz2",
            "labels": [
                "main",
                "cf201901"
            ],
            "md5": "2230e8c28deeab5d338c8151f9661f6b",
            "ndownloads": 3212,
            "owner": "bioconda",
            "size": 154752,
            "type": "conda",
            "upload_time": "2015-12-20 10:51:36.293000+00:00",
            "version": "0.8_4"
        },
        {
            "attrs": {
                "arch": "x86_64",
                "build": "r3.2.2_0",
                "build_number": 0,
                "depends": [
                    "r 3.2.2*"
                ],
                "license": "GPL",
                "machine": "x86_64",
                "operatingsystem": "darwin",
                "platform": "osx",
                "subdir": "osx-64",
                "target-triplet": "x86_64-any-darwin"
            },
            "basename": "osx-64/r-misc3d-0.8_4-r3.2.2_0.tar.bz2",
            "dependencies": {
                "depends": [
                    {
                        "name": "r",
                        "specs": [
                            [
                                "==",
                                "3.2.2"
                            ]
                        ]
                    }
                ]
            },
            "description": null,
            "distribution_type": "conda",
            "download_url": "//api.anaconda.org/download/bioconda/r-misc3d/0.8_4/osx-64/r-misc3d-0.8_4-r3.2.2_0.tar.bz2",
            "full_name": "bioconda/r-misc3d/0.8_4/osx-64/r-misc3d-0.8_4-r3.2.2_0.tar.bz2",
            "labels": [
                "main",
                "cf201901"
            ],
            "md5": "1dd309c8805b3129b82be823a9c7ab98",
            "ndownloads": 55,
            "owner": "bioconda",
            "size": 154884,
            "type": "conda",
            "upload_time": "2016-03-19 21:25:14.181000+00:00",
            "version": "0.8_4"
        },
        {
            "attrs": {
                "arch": "x86_64",
                "build": "r3.3.1_0",
                "build_number": 0,
                "depends": [
                    "r 3.3.1*"
                ],
                "license": "GPL",
                "machine": "x86_64",
                "operatingsystem": "linux",
                "platform": "linux",
                "subdir": "linux-64",
                "target-triplet": "x86_64-any-linux"
            },
            "basename": "linux-64/r-misc3d-0.8_4-r3.3.1_0.tar.bz2",
            "dependencies": {
                "depends": [
                    {
                        "name": "r",
                        "specs": [
                            [
                                "==",
                                "3.3.1"
                            ]
                        ]
                    }
                ]
            },
            "description": null,
            "distribution_type": "conda",
            "download_url": "//api.anaconda.org/download/bioconda/r-misc3d/0.8_4/linux-64/r-misc3d-0.8_4-r3.3.1_0.tar.bz2",
            "full_name": "bioconda/r-misc3d/0.8_4/linux-64/r-misc3d-0.8_4-r3.3.1_0.tar.bz2",
            "labels": [
                "main",
                "cf201901"
            ],
            "md5": "549bfacf830489a7a46c69142539d3ec",
            "ndownloads": 486,
            "owner": "bioconda",
            "size": 155295,
            "type": "conda",
            "upload_time": "2016-09-30 19:33:18.058000+00:00",
            "version": "0.8_4"
        },
        {
            "attrs": {
                "arch": "x86_64",
                "build": "r3.3.1_1",
                "build_number": 1,
                "depends": [
                    "r 3.3.1*"
                ],
                "has_prefix": false,
                "license": "GPL",
                "machine": "x86_64",
                "operatingsystem": "linux",
                "platform": "linux",
                "subdir": "linux-64",
                "target-triplet": "x86_64-any-linux"
            },
            "basename": "linux-64/r-misc3d-0.8_4-r3.3.1_1.tar.bz2",
            "dependencies": {
                "depends": [
                    {
                        "name": "r",
                        "specs": [
                            [
                                "==",
                                "3.3.1"
                            ]
                        ]
                    }
                ]
            },
            "description": null,
            "distribution_type": "conda",
            "download_url": "//api.anaconda.org/download/bioconda/r-misc3d/0.8_4/linux-64/r-misc3d-0.8_4-r3.3.1_1.tar.bz2",
            "full_name": "bioconda/r-misc3d/0.8_4/linux-64/r-misc3d-0.8_4-r3.3.1_1.tar.bz2",
            "labels": [
                "main",
                "cf201901"
            ],
            "md5": "896f274813a7caa311a8b6e3d346c33c",
            "ndownloads": 398,
            "owner": "bioconda",
            "size": 155240,
            "type": "conda",
            "upload_time": "2016-11-13 19:12:56.930000+00:00",
            "version": "0.8_4"
        },
        {
            "attrs": {
                "arch": "x86_64",
                "build": "r3.3.1_1",
                "build_number": 1,
                "depends": [
                    "r 3.3.1*"
                ],
                "has_prefix": false,
                "license": "GPL",
                "machine": "x86_64",
                "operatingsystem": "darwin",
                "platform": "osx",
                "subdir": "osx-64",
                "target-triplet": "x86_64-any-darwin"
            },
            "basename": "osx-64/r-misc3d-0.8_4-r3.3.1_1.tar.bz2",
            "dependencies": {
                "depends": [
                    {
                        "name": "r",
                        "specs": [
                            [
                                "==",
                                "3.3.1"
                            ]
                        ]
                    }
                ]
            },
            "description": null,
            "distribution_type": "conda",
            "download_url": "//api.anaconda.org/download/bioconda/r-misc3d/0.8_4/osx-64/r-misc3d-0.8_4-r3.3.1_1.tar.bz2",
            "full_name": "bioconda/r-misc3d/0.8_4/osx-64/r-misc3d-0.8_4-r3.3.1_1.tar.bz2",
            "labels": [
                "main",
                "cf201901"
            ],
            "md5": "ae87846a9b021568c83fa6672e61f3d5",
            "ndownloads": 266,
            "owner": "bioconda",
            "size": 155297,
            "type": "conda",
            "upload_time": "2016-11-13 19:38:55.192000+00:00",
            "version": "0.8_4"
        }
    ],
    "full_name": "bioconda/r-misc3d",
    "home": "None",
    "html_url": "http://anaconda.org/bioconda/r-misc3d",
    "id": "567688380b7a8165313352a5",
    "latest_version": "0.8_4",
    "license": "GPL",
    "license_url": {},
    "modified_at": "2017-06-04 13:24:18.445000+00:00",
    "name": "r-misc3d",
    "owner": {
        "company": "",
        "created_at": "2015-09-11 22:59:20.880000+00:00",
        "description": "Bioconda is a distribution of bioinformatics software realized as a channel for the versatile Conda package manager.",
        "location": "",
        "login": "bioconda",
        "name": "bioconda",
        "url": "",
        "user_type": "org"
    },
    "package_types": [
        "conda"
    ],
    "public": true,
    "releases": [
        {
            "distributions": [
                "linux-64/r-misc3d-0.8_4-r3.2.2_0.tar.bz2",
                "osx-64/r-misc3d-0.8_4-r3.2.2_0.tar.bz2"
            ],
            "full_name": "bioconda/r-misc3d/0.8_4",
            "version": "0.8_4"
        }
    ],
    "revision": 3,
    "source_git_tag": {},
    "source_git_url": {},
    "summary": "A collection of miscellaneous 3d plots, including isosurfaces.",
    "upvoted": 0,
    "url": "http://api.anaconda.org/packages/bioconda/r-misc3d",
    "versions": [
        "0.8_4"
    ],
    "watchers": 1
}