{
    "app_entry": {},
    "app_summary": {},
    "app_type": {},
    "builds": [
        "r3.3.1_0",
        "r3.3.2_0"
    ],
    "conda_platforms": [
        "linux-64",
        "osx-64"
    ],
    "created_at": "2017-06-01 20:06:00.381000+00:00",
    "description": "",
    "dev_url": {},
    "doc_url": {},
    "files": [
        {
            "attrs": {
                "arch": "x86_64",
                "build": "r3.3.2_0",
                "build_number": 0,
                "depends": [
                    "r-base 3.3.2*"
                ],
                "has_prefix": false,
                "license": "GPL-3",
                "license_family": "GPL3",
                "machine": "x86_64",
                "operatingsystem": "linux",
                "platform": "linux",
                "subdir": "linux-64",
                "target-triplet": "x86_64-any-linux"
            },
            "basename": "linux-64/r-pack-0.1_1-r3.3.2_0.tar.bz2",
            "dependencies": {
                "depends": [
                    {
                        "name": "r-base",
                        "specs": [
                            [
                                "==",
                                "3.3.2"
                            ]
                        ]
                    }
                ]
            },
            "description": null,
            "distribution_type": "conda",
            "download_url": "//api.anaconda.org/download/bioconda/r-pack/0.1_1/linux-64/r-pack-0.1_1-r3.3.2_0.tar.bz2",
            "full_name": "bioconda/r-pack/0.1_1/linux-64/r-pack-0.1_1-r3.3.2_0.tar.bz2",
            "labels": [
                "main",
                "cf201901"
            ],
            "md5": "8e2d70b3606d28cb7e06616fad83ec61",
            "ndownloads": 563,
            "owner": "bioconda",
            "size": 22765,
            "type": "conda",
            "upload_time": "2017-06-04 05:19:38.986000+00:00",
            "version": "0.1_1"
        },
        {
            "attrs": {
                "arch": "x86_64",
                "build": "r3.3.1_0",
                "build_number": 0,
                "depends": [
                    "r-base 3.3.1*"
                ],
                "has_prefix": false,
                "license": "GPL-3",
                "license_family": "GPL3",
                "machine": "x86_64",
                "operatingsystem": "linux",
                "platform": "linux",
                "subdir": "linux-64",
                "target-triplet": "x86_64-any-linux"
            },
            "basename": "linux-64/r-pack-0.1_1-r3.3.1_0.tar.bz2",
            "dependencies": {
                "depends": [
                    {
                        "name": "r-base",
                        "specs": [
                            [
                                "==",
                                "3.3.1"
                            ]
                        ]
                    }
                ]
            },
            "description": null,
            "distribution_type": "conda",
            "download_url": "//api.anaconda.org/download/bioconda/r-pack/0.1_1/linux-64/r-pack-0.1_1-r3.3.1_0.tar.bz2",
            "full_name": "bioconda/r-pack/0.1_1/linux-64/r-pack-0.1_1-r3.3.1_0.tar.bz2",
            "labels": [
                "main",
                "cf201901"
            ],
            "md5": "59ad628e45ca93462fe1fcbc60a927ea",
            "ndownloads": 480,
            "owner": "bioconda",
            "size": 21931,
            "type": "conda",
            "upload_time": "2017-06-01 20:06:00.858000+00:00",
            "version": "0.1_1"
        },
        {
            "attrs": {
                "arch": "x86_64",
                "build": "r3.3.1_0",
                "build_number": 0,
                "depends": [
                    "r-base 3.3.1*"
                ],
                "has_prefix": false,
                "license": "GPL-3",
                "license_family": "GPL3",
                "machine": "x86_64",
                "operatingsystem": "darwin",
                "platform": "osx",
                "subdir": "osx-64",
                "target-triplet": "x86_64-any-darwin"
            },
            "basename": "osx-64/r-pack-0.1_1-r3.3.1_0.tar.bz2",
            "dependencies": {
                "depends": [
                    {
                        "name": "r-base",
                        "specs": [
                            [
                                "==",
                                "3.3.1"
                            ]
                        ]
                    }
                ]
            },
            "description": null,
            "distribution_type": "conda",
            "download_url": "//api.anaconda.org/download/bioconda/r-pack/0.1_1/osx-64/r-pack-0.1_1-r3.3.1_0.tar.bz2",
            "full_name": "bioconda/r-pack/0.1_1/osx-64/r-pack-0.1_1-r3.3.1_0.tar.bz2",
            "labels": [
                "main",
                "cf201901"
            ],
            "md5": "efe72452339e6b30d80388b94c77034d",
            "ndownloads": 30,
            "owner": "bioconda",
            "size": 21249,
            "type": "conda",
            "upload_time": "2017-06-01 20:20:41.258000+00:00",
            "version": "0.1_1"
        },
        {
            "attrs": {
                "arch": "x86_64",
                "build": "r3.3.2_0",
                "build_number": 0,
                "depends": [
                    "r-base 3.3.2*"
                ],
                "has_prefix": false,
                "license": "GPL-3",
                "license_family": "GPL3",
                "machine": "x86_64",
                "operatingsystem": "darwin",
                "platform": "osx",
                "subdir": "osx-64",
                "target-triplet": "x86_64-any-darwin"
            },
            "basename": "osx-64/r-pack-0.1_1-r3.3.2_0.tar.bz2",
            "dependencies": {
                "depends": [
                    {
                        "name": "r-base",
                        "specs": [
                            [
                                "==",
                                "3.3.2"
                            ]
                        ]
                    }
                ]
            },
            "description": null,
            "distribution_type": "conda",
            "download_url": "//api.anaconda.org/download/bioconda/r-pack/0.1_1/osx-64/r-pack-0.1_1-r3.3.2_0.tar.bz2",
            "full_name": "bioconda/r-pack/0.1_1/osx-64/r-pack-0.1_1-r3.3.2_0.tar.bz2",
            "labels": [
                "main",
                "cf201901"
            ],
            "md5": "2bccfe60ec744228f1b3bc290d1b8b85",
            "ndownloads": 763,
            "owner": "bioconda",
            "size": 22314,
            "type": "conda",
            "upload_time": "2017-06-04 04:52:06.384000+00:00",
            "version": "0.1_1"
        }
    ],
    "full_name": "bioconda/r-pack",
    "home": "None",
    "html_url": "http://anaconda.org/bioconda/r-pack",
    "id": "593073a8afcd0a12b2cb84f0",
    "latest_version": "0.1_1",
    "license": {},
    "license_url": {},
    "modified_at": "2017-06-04 05:19:39.567000+00:00",
    "name": "r-pack",
    "owner": {
        "company": "",
        "created_at": "2015-09-11 22:59:20.880000+00:00",
        "description": "Bioconda is a distribution of bioinformatics software realized as a channel for the versatile Conda package manager.",
        "location": "",
        "login": "bioconda",
        "name": "bioconda",
        "url": "",
        "user_type": "org"
    },
    "package_types": [
        "conda"
    ],
    "public": true,
    "releases": [
        {
            "distributions": [],
            "full_name": "bioconda/r-pack/0.1_1",
            "version": "0.1_1"
        }
    ],
    "revision": 2,
    "source_git_tag": {},
    "source_git_url": {},
    "summary": "",
    "upvoted": 0,
    "url": "http://api.anaconda.org/packages/bioconda/r-pack",
    "versions": [
        "0.1_1"
    ],
    "watchers": 1
}