{
    "app_entry": {},
    "app_summary": {},
    "app_type": {},
    "builds": [
        "r351_0",
        "r36_0"
    ],
    "conda_platforms": [
        "linux-64",
        "noarch",
        "osx-64"
    ],
    "created_at": "2019-01-18 18:29:51.970000+00:00",
    "description": "",
    "dev_url": null,
    "doc_url": null,
    "files": [
        {
            "attrs": {
                "arch": "x86_64",
                "build": "r351_0",
                "build_number": 0,
                "depends": [
                    "r-base >=3.5.1,<3.5.2.0a0",
                    "r-cairo",
                    "r-ggplot2",
                    "r-gridextra",
                    "r-gtable",
                    "r-tidyr"
                ],
                "has_prefix": false,
                "license": "GPL-3",
                "license_family": "GPL3",
                "machine": "x86_64",
                "operatingsystem": "darwin",
                "platform": "osx",
                "subdir": "osx-64",
                "target-triplet": "x86_64-any-darwin",
                "timestamp": 1547836095600
            },
            "basename": "osx-64/r-pophelper-2.2.7-r351_0.tar.bz2",
            "dependencies": {
                "depends": [
                    {
                        "name": "r-base",
                        "specs": [
                            [
                                ">=",
                                "3.5.1,<3.5.2.0a0"
                            ]
                        ]
                    },
                    {
                        "name": "r-cairo",
                        "specs": []
                    },
                    {
                        "name": "r-ggplot2",
                        "specs": []
                    },
                    {
                        "name": "r-gridextra",
                        "specs": []
                    },
                    {
                        "name": "r-gtable",
                        "specs": []
                    },
                    {
                        "name": "r-tidyr",
                        "specs": []
                    }
                ]
            },
            "description": null,
            "distribution_type": "conda",
            "download_url": "//api.anaconda.org/download/bioconda/r-pophelper/2.2.7/osx-64/r-pophelper-2.2.7-r351_0.tar.bz2",
            "full_name": "bioconda/r-pophelper/2.2.7/osx-64/r-pophelper-2.2.7-r351_0.tar.bz2",
            "labels": [
                "main",
                "cf201901"
            ],
            "md5": "974acc78d1bd5bf1751180a2f750143f",
            "ndownloads": 703,
            "owner": "bioconda",
            "size": 9945644,
            "type": "conda",
            "upload_time": "2019-01-18 18:29:53.171000+00:00",
            "version": "2.2.7"
        },
        {
            "attrs": {
                "arch": "x86_64",
                "build": "r351_0",
                "build_number": 0,
                "depends": [
                    "r-base >=3.5.1,<3.5.2.0a0",
                    "r-cairo",
                    "r-ggplot2",
                    "r-gridextra",
                    "r-gtable",
                    "r-tidyr"
                ],
                "has_prefix": false,
                "license": "GPL-3",
                "license_family": "GPL3",
                "machine": "x86_64",
                "operatingsystem": "linux",
                "platform": "linux",
                "subdir": "linux-64",
                "target-triplet": "x86_64-any-linux",
                "timestamp": 1547836086315
            },
            "basename": "linux-64/r-pophelper-2.2.7-r351_0.tar.bz2",
            "dependencies": {
                "depends": [
                    {
                        "name": "r-base",
                        "specs": [
                            [
                                ">=",
                                "3.5.1,<3.5.2.0a0"
                            ]
                        ]
                    },
                    {
                        "name": "r-cairo",
                        "specs": []
                    },
                    {
                        "name": "r-ggplot2",
                        "specs": []
                    },
                    {
                        "name": "r-gridextra",
                        "specs": []
                    },
                    {
                        "name": "r-gtable",
                        "specs": []
                    },
                    {
                        "name": "r-tidyr",
                        "specs": []
                    }
                ]
            },
            "description": null,
            "distribution_type": "conda",
            "download_url": "//api.anaconda.org/download/bioconda/r-pophelper/2.2.7/linux-64/r-pophelper-2.2.7-r351_0.tar.bz2",
            "full_name": "bioconda/r-pophelper/2.2.7/linux-64/r-pophelper-2.2.7-r351_0.tar.bz2",
            "labels": [
                "main",
                "cf201901"
            ],
            "md5": "0c28b4832ef690e3cacd83ddb3f04969",
            "ndownloads": 153,
            "owner": "bioconda",
            "size": 9944592,
            "type": "conda",
            "upload_time": "2019-01-18 18:32:13.334000+00:00",
            "version": "2.2.7"
        },
        {
            "attrs": {
                "arch": null,
                "build": "r36_0",
                "build_number": 0,
                "depends": [
                    "r-base >=3.6,<3.7.0a0",
                    "r-cairo",
                    "r-ggplot2",
                    "r-gridextra",
                    "r-gtable",
                    "r-label.switching",
                    "r-tidyr"
                ],
                "has_prefix": false,
                "license": "GPL-3",
                "license_family": "GPL3",
                "machine": null,
                "noarch": "generic",
                "operatingsystem": null,
                "platform": null,
                "subdir": "noarch",
                "target-triplet": "None-any-None",
                "timestamp": 1565712745628
            },
            "basename": "noarch/r-pophelper-2.3.0-r36_0.tar.bz2",
            "dependencies": {
                "depends": [
                    {
                        "name": "r-base",
                        "specs": [
                            [
                                ">=",
                                "3.6,<3.7.0a0"
                            ]
                        ]
                    },
                    {
                        "name": "r-cairo",
                        "specs": []
                    },
                    {
                        "name": "r-ggplot2",
                        "specs": []
                    },
                    {
                        "name": "r-gridextra",
                        "specs": []
                    },
                    {
                        "name": "r-gtable",
                        "specs": []
                    },
                    {
                        "name": "r-label.switching",
                        "specs": []
                    },
                    {
                        "name": "r-tidyr",
                        "specs": []
                    }
                ]
            },
            "description": null,
            "distribution_type": "conda",
            "download_url": "//api.anaconda.org/download/bioconda/r-pophelper/2.3.0/noarch/r-pophelper-2.3.0-r36_0.tar.bz2",
            "full_name": "bioconda/r-pophelper/2.3.0/noarch/r-pophelper-2.3.0-r36_0.tar.bz2",
            "labels": [
                "main"
            ],
            "md5": "6065bfc944516bfe619f209874e9879b",
            "ndownloads": 38,
            "owner": "bioconda",
            "size": 9517765,
            "type": "conda",
            "upload_time": "2019-08-13 16:17:40.817000+00:00",
            "version": "2.3.0"
        }
    ],
    "full_name": "bioconda/r-pophelper",
    "home": "https://github.com/royfrancis/pophelper",
    "html_url": "http://anaconda.org/bioconda/r-pophelper",
    "id": "5c421b1f036b861db6a00bbd",
    "latest_version": "2.3.0",
    "license": "GPL-3",
    "license_url": null,
    "modified_at": "2019-08-13 16:17:41.435000+00:00",
    "name": "r-pophelper",
    "owner": {
        "company": "",
        "created_at": "2015-09-11 22:59:20.880000+00:00",
        "description": "Bioconda is a distribution of bioinformatics software realized as a channel for the versatile Conda package manager.",
        "location": "",
        "login": "bioconda",
        "name": "bioconda",
        "url": "",
        "user_type": "org"
    },
    "package_types": [
        "conda"
    ],
    "public": true,
    "releases": [
        {
            "distributions": [],
            "full_name": "bioconda/r-pophelper/2.2.7",
            "version": "2.2.7"
        },
        {
            "distributions": [],
            "full_name": "bioconda/r-pophelper/2.3.0",
            "version": "2.3.0"
        }
    ],
    "revision": 4,
    "source_git_tag": null,
    "source_git_url": null,
    "summary": "A set of useful functions for processing admixture proportion files from the population structure analysis softwares STRUCTURE, TESS, ADMIXTURE, BAPS, fastSTRUCTURE etc. The package contains functions to read runs, tabulate runs, summarise runs, plot runs, estimate K using Evanno method, export clumpp files, export distruct files and generate barplots.",
    "upvoted": 0,
    "url": "http://api.anaconda.org/packages/bioconda/r-pophelper",
    "versions": [
        "2.2.7",
        "2.3.0"
    ],
    "watchers": 1
}