{
    "app_entry": {},
    "app_summary": {},
    "app_type": {},
    "builds": [
        "r3.3.1_0",
        "r3.3.2_0"
    ],
    "conda_platforms": [
        "linux-64",
        "osx-64"
    ],
    "created_at": "2016-11-25 15:28:14.155000+00:00",
    "description": "None",
    "dev_url": {},
    "doc_url": {},
    "files": [
        {
            "attrs": {
                "arch": "x86_64",
                "build": "r3.3.2_0",
                "build_number": 0,
                "depends": [
                    "r-base 3.3.2*",
                    "r-truncnorm"
                ],
                "has_prefix": false,
                "license": "GPL",
                "machine": "x86_64",
                "operatingsystem": "linux",
                "platform": "linux",
                "subdir": "linux-64",
                "target-triplet": "x86_64-any-linux"
            },
            "basename": "linux-64/r-rsolnp-1.16-r3.3.2_0.tar.bz2",
            "dependencies": {
                "depends": [
                    {
                        "name": "r-base",
                        "specs": [
                            [
                                "==",
                                "3.3.2"
                            ]
                        ]
                    },
                    {
                        "name": "r-truncnorm",
                        "specs": []
                    }
                ]
            },
            "description": null,
            "distribution_type": "conda",
            "download_url": "//api.anaconda.org/download/bioconda/r-rsolnp/1.16/linux-64/r-rsolnp-1.16-r3.3.2_0.tar.bz2",
            "full_name": "bioconda/r-rsolnp/1.16/linux-64/r-rsolnp-1.16-r3.3.2_0.tar.bz2",
            "labels": [
                "main",
                "cf201901"
            ],
            "md5": "33ceda33957bc31e8f37ae779b1860a9",
            "ndownloads": 757,
            "owner": "bioconda",
            "size": 174092,
            "type": "conda",
            "upload_time": "2017-06-04 00:29:44.683000+00:00",
            "version": "1.16"
        },
        {
            "attrs": {
                "arch": "x86_64",
                "build": "r3.3.2_0",
                "build_number": 0,
                "depends": [
                    "r-base 3.3.2*",
                    "r-truncnorm"
                ],
                "has_prefix": false,
                "license": "GPL",
                "machine": "x86_64",
                "operatingsystem": "darwin",
                "platform": "osx",
                "subdir": "osx-64",
                "target-triplet": "x86_64-any-darwin"
            },
            "basename": "osx-64/r-rsolnp-1.16-r3.3.2_0.tar.bz2",
            "dependencies": {
                "depends": [
                    {
                        "name": "r-base",
                        "specs": [
                            [
                                "==",
                                "3.3.2"
                            ]
                        ]
                    },
                    {
                        "name": "r-truncnorm",
                        "specs": []
                    }
                ]
            },
            "description": null,
            "distribution_type": "conda",
            "download_url": "//api.anaconda.org/download/bioconda/r-rsolnp/1.16/osx-64/r-rsolnp-1.16-r3.3.2_0.tar.bz2",
            "full_name": "bioconda/r-rsolnp/1.16/osx-64/r-rsolnp-1.16-r3.3.2_0.tar.bz2",
            "labels": [
                "main",
                "cf201901"
            ],
            "md5": "a16133ddd62f08d35ab6ffc8811d3c05",
            "ndownloads": 600,
            "owner": "bioconda",
            "size": 173801,
            "type": "conda",
            "upload_time": "2017-06-04 01:43:46.748000+00:00",
            "version": "1.16"
        },
        {
            "attrs": {
                "arch": "x86_64",
                "build": "r3.3.1_0",
                "build_number": 0,
                "depends": [
                    "r 3.3.1*",
                    "r-truncnorm"
                ],
                "has_prefix": false,
                "license": "GPL",
                "license_family": "GPL",
                "machine": "x86_64",
                "operatingsystem": "darwin",
                "platform": "osx",
                "subdir": "osx-64",
                "target-triplet": "x86_64-any-darwin"
            },
            "basename": "osx-64/r-rsolnp-1.16-r3.3.1_0.tar.bz2",
            "dependencies": {
                "depends": [
                    {
                        "name": "r",
                        "specs": [
                            [
                                "==",
                                "3.3.1"
                            ]
                        ]
                    },
                    {
                        "name": "r-truncnorm",
                        "specs": []
                    }
                ]
            },
            "description": null,
            "distribution_type": "conda",
            "download_url": "//api.anaconda.org/download/bioconda/r-rsolnp/1.16/osx-64/r-rsolnp-1.16-r3.3.1_0.tar.bz2",
            "full_name": "bioconda/r-rsolnp/1.16/osx-64/r-rsolnp-1.16-r3.3.1_0.tar.bz2",
            "labels": [
                "main",
                "cf201901"
            ],
            "md5": "f552a3a38a045ac49122c014e00882bd",
            "ndownloads": 187,
            "owner": "bioconda",
            "size": 172358,
            "type": "conda",
            "upload_time": "2016-11-25 15:28:14.552000+00:00",
            "version": "1.16"
        },
        {
            "attrs": {
                "arch": "x86_64",
                "build": "r3.3.1_0",
                "build_number": 0,
                "depends": [
                    "r 3.3.1*",
                    "r-truncnorm"
                ],
                "has_prefix": false,
                "license": "GPL",
                "license_family": "GPL",
                "machine": "x86_64",
                "operatingsystem": "linux",
                "platform": "linux",
                "subdir": "linux-64",
                "target-triplet": "x86_64-any-linux"
            },
            "basename": "linux-64/r-rsolnp-1.16-r3.3.1_0.tar.bz2",
            "dependencies": {
                "depends": [
                    {
                        "name": "r",
                        "specs": [
                            [
                                "==",
                                "3.3.1"
                            ]
                        ]
                    },
                    {
                        "name": "r-truncnorm",
                        "specs": []
                    }
                ]
            },
            "description": null,
            "distribution_type": "conda",
            "download_url": "//api.anaconda.org/download/bioconda/r-rsolnp/1.16/linux-64/r-rsolnp-1.16-r3.3.1_0.tar.bz2",
            "full_name": "bioconda/r-rsolnp/1.16/linux-64/r-rsolnp-1.16-r3.3.1_0.tar.bz2",
            "labels": [
                "main",
                "cf201901"
            ],
            "md5": "f25eaf900d8548279cbea89df9915c29",
            "ndownloads": 423,
            "owner": "bioconda",
            "size": 172133,
            "type": "conda",
            "upload_time": "2016-11-25 15:42:39.253000+00:00",
            "version": "1.16"
        }
    ],
    "full_name": "bioconda/r-rsolnp",
    "home": "None",
    "html_url": "http://anaconda.org/bioconda/r-rsolnp",
    "id": "5838588eda6c991110188cab",
    "latest_version": "1.16",
    "license": {},
    "license_url": {},
    "modified_at": "2017-06-04 01:43:47.648000+00:00",
    "name": "r-rsolnp",
    "owner": {
        "company": "",
        "created_at": "2015-09-11 22:59:20.880000+00:00",
        "description": "Bioconda is a distribution of bioinformatics software realized as a channel for the versatile Conda package manager.",
        "location": "",
        "login": "bioconda",
        "name": "bioconda",
        "url": "",
        "user_type": "org"
    },
    "package_types": [
        "conda"
    ],
    "public": true,
    "releases": [
        {
            "distributions": [],
            "full_name": "bioconda/r-rsolnp/1.16",
            "version": "1.16"
        }
    ],
    "revision": 1,
    "source_git_tag": {},
    "source_git_url": {},
    "summary": "",
    "upvoted": 0,
    "url": "http://api.anaconda.org/packages/bioconda/r-rsolnp",
    "versions": [
        "1.16"
    ],
    "watchers": 1
}