{
    "app_entry": {},
    "app_summary": {},
    "app_type": {},
    "builds": [
        "r3.2.2_0",
        "r3.3.1_0",
        "r3.3.2_0"
    ],
    "conda_platforms": [
        "linux-64",
        "osx-64"
    ],
    "created_at": "2016-07-08 14:07:37.126000+00:00",
    "description": "None",
    "dev_url": {},
    "doc_url": {},
    "files": [
        {
            "attrs": {
                "arch": "x86_64",
                "build": "r3.3.2_0",
                "build_number": 0,
                "depends": [
                    "r-base 3.3.2*"
                ],
                "has_prefix": false,
                "license": "GPL (>= 2)",
                "license_family": "GPL3",
                "machine": "x86_64",
                "operatingsystem": "darwin",
                "platform": "osx",
                "subdir": "osx-64",
                "target-triplet": "x86_64-any-darwin"
            },
            "basename": "osx-64/r-rwave-2.4-r3.3.2_0.tar.bz2",
            "dependencies": {
                "depends": [
                    {
                        "name": "r-base",
                        "specs": [
                            [
                                "==",
                                "3.3.2"
                            ]
                        ]
                    }
                ]
            },
            "description": null,
            "distribution_type": "conda",
            "download_url": "//api.anaconda.org/download/bioconda/r-rwave/2.4/osx-64/r-rwave-2.4-r3.3.2_0.tar.bz2",
            "full_name": "bioconda/r-rwave/2.4/osx-64/r-rwave-2.4-r3.3.2_0.tar.bz2",
            "labels": [
                "main",
                "cf201901"
            ],
            "md5": "b0afabe47416ed8f03498b087d04cc17",
            "ndownloads": 698,
            "owner": "bioconda",
            "size": 894254,
            "type": "conda",
            "upload_time": "2017-06-04 11:26:35.019000+00:00",
            "version": "2.4"
        },
        {
            "attrs": {
                "arch": "x86_64",
                "build": "r3.3.2_0",
                "build_number": 0,
                "depends": [
                    "r-base 3.3.2*"
                ],
                "has_prefix": true,
                "license": "GPL (>= 2)",
                "license_family": "GPL3",
                "machine": "x86_64",
                "operatingsystem": "linux",
                "platform": "linux",
                "subdir": "linux-64",
                "target-triplet": "x86_64-any-linux"
            },
            "basename": "linux-64/r-rwave-2.4-r3.3.2_0.tar.bz2",
            "dependencies": {
                "depends": [
                    {
                        "name": "r-base",
                        "specs": [
                            [
                                "==",
                                "3.3.2"
                            ]
                        ]
                    }
                ]
            },
            "description": null,
            "distribution_type": "conda",
            "download_url": "//api.anaconda.org/download/bioconda/r-rwave/2.4/linux-64/r-rwave-2.4-r3.3.2_0.tar.bz2",
            "full_name": "bioconda/r-rwave/2.4/linux-64/r-rwave-2.4-r3.3.2_0.tar.bz2",
            "labels": [
                "main",
                "cf201901"
            ],
            "md5": "3b55499284e4b7ad3e6579c1f36049df",
            "ndownloads": 489,
            "owner": "bioconda",
            "size": 889421,
            "type": "conda",
            "upload_time": "2017-06-04 13:23:09.943000+00:00",
            "version": "2.4"
        },
        {
            "attrs": {
                "arch": "x86_64",
                "build": "r3.2.2_0",
                "build_number": 0,
                "depends": [
                    "r 3.2.2*"
                ],
                "license": "GPL (>= 2)",
                "license_family": "GPL3",
                "machine": "x86_64",
                "operatingsystem": "darwin",
                "platform": "osx",
                "subdir": "osx-64",
                "target-triplet": "x86_64-any-darwin"
            },
            "basename": "osx-64/r-rwave-2.4-r3.2.2_0.tar.bz2",
            "dependencies": {
                "depends": [
                    {
                        "name": "r",
                        "specs": [
                            [
                                "==",
                                "3.2.2"
                            ]
                        ]
                    }
                ]
            },
            "description": null,
            "distribution_type": "conda",
            "download_url": "//api.anaconda.org/download/bioconda/r-rwave/2.4/osx-64/r-rwave-2.4-r3.2.2_0.tar.bz2",
            "full_name": "bioconda/r-rwave/2.4/osx-64/r-rwave-2.4-r3.2.2_0.tar.bz2",
            "labels": [
                "main",
                "cf201901"
            ],
            "md5": "be5a24bed5f66eafac3c7cdf9d53f02f",
            "ndownloads": 210,
            "owner": "bioconda",
            "size": 887767,
            "type": "conda",
            "upload_time": "2016-07-08 14:23:38.849000+00:00",
            "version": "2.4"
        },
        {
            "attrs": {
                "arch": "x86_64",
                "build": "r3.2.2_0",
                "build_number": 0,
                "depends": [
                    "r 3.2.2*"
                ],
                "license": "GPL (>= 2)",
                "license_family": "GPL3",
                "machine": "x86_64",
                "operatingsystem": "linux",
                "platform": "linux",
                "subdir": "linux-64",
                "target-triplet": "x86_64-any-linux"
            },
            "basename": "linux-64/r-rwave-2.4-r3.2.2_0.tar.bz2",
            "dependencies": {
                "depends": [
                    {
                        "name": "r",
                        "specs": [
                            [
                                "==",
                                "3.2.2"
                            ]
                        ]
                    }
                ]
            },
            "description": null,
            "distribution_type": "conda",
            "download_url": "//api.anaconda.org/download/bioconda/r-rwave/2.4/linux-64/r-rwave-2.4-r3.2.2_0.tar.bz2",
            "full_name": "bioconda/r-rwave/2.4/linux-64/r-rwave-2.4-r3.2.2_0.tar.bz2",
            "labels": [
                "main",
                "cf201901"
            ],
            "md5": "f73adcc39aef9c64900ff69fcfb4983c",
            "ndownloads": 680,
            "owner": "bioconda",
            "size": 884886,
            "type": "conda",
            "upload_time": "2016-07-08 14:07:37.501000+00:00",
            "version": "2.4"
        },
        {
            "attrs": {
                "arch": "x86_64",
                "build": "r3.3.1_0",
                "build_number": 0,
                "depends": [
                    "r 3.3.1*"
                ],
                "license": "GPL (>= 2)",
                "license_family": "GPL3",
                "machine": "x86_64",
                "operatingsystem": "linux",
                "platform": "linux",
                "subdir": "linux-64",
                "target-triplet": "x86_64-any-linux"
            },
            "basename": "linux-64/r-rwave-2.4-r3.3.1_0.tar.bz2",
            "dependencies": {
                "depends": [
                    {
                        "name": "r",
                        "specs": [
                            [
                                "==",
                                "3.3.1"
                            ]
                        ]
                    }
                ]
            },
            "description": null,
            "distribution_type": "conda",
            "download_url": "//api.anaconda.org/download/bioconda/r-rwave/2.4/linux-64/r-rwave-2.4-r3.3.1_0.tar.bz2",
            "full_name": "bioconda/r-rwave/2.4/linux-64/r-rwave-2.4-r3.3.1_0.tar.bz2",
            "labels": [
                "main",
                "cf201901"
            ],
            "md5": "707eb37e463cac7489e4007281448602",
            "ndownloads": 537,
            "owner": "bioconda",
            "size": 889817,
            "type": "conda",
            "upload_time": "2016-09-26 17:20:15.771000+00:00",
            "version": "2.4"
        },
        {
            "attrs": {
                "arch": "x86_64",
                "build": "r3.3.1_0",
                "build_number": 0,
                "depends": [
                    "r 3.3.1*"
                ],
                "license": "GPL (>= 2)",
                "license_family": "GPL3",
                "machine": "x86_64",
                "operatingsystem": "darwin",
                "platform": "osx",
                "subdir": "osx-64",
                "target-triplet": "x86_64-any-darwin"
            },
            "basename": "osx-64/r-rwave-2.4-r3.3.1_0.tar.bz2",
            "dependencies": {
                "depends": [
                    {
                        "name": "r",
                        "specs": [
                            [
                                "==",
                                "3.3.1"
                            ]
                        ]
                    }
                ]
            },
            "description": null,
            "distribution_type": "conda",
            "download_url": "//api.anaconda.org/download/bioconda/r-rwave/2.4/osx-64/r-rwave-2.4-r3.3.1_0.tar.bz2",
            "full_name": "bioconda/r-rwave/2.4/osx-64/r-rwave-2.4-r3.3.1_0.tar.bz2",
            "labels": [
                "main",
                "cf201901"
            ],
            "md5": "8daaa3e4075358c8eaea3d4cc1649581",
            "ndownloads": 43,
            "owner": "bioconda",
            "size": 892656,
            "type": "conda",
            "upload_time": "2016-09-26 17:26:58.265000+00:00",
            "version": "2.4"
        }
    ],
    "full_name": "bioconda/r-rwave",
    "home": "None",
    "html_url": "http://anaconda.org/bioconda/r-rwave",
    "id": "577fb3a9836aeb54c2cfe792",
    "latest_version": "2.4",
    "license": "GPL (>= 2)",
    "license_url": {},
    "modified_at": "2017-06-04 13:23:10.689000+00:00",
    "name": "r-rwave",
    "owner": {
        "company": "",
        "created_at": "2015-09-11 22:59:20.880000+00:00",
        "description": "Bioconda is a distribution of bioinformatics software realized as a channel for the versatile Conda package manager.",
        "location": "",
        "login": "bioconda",
        "name": "bioconda",
        "url": "",
        "user_type": "org"
    },
    "package_types": [
        "conda"
    ],
    "public": true,
    "releases": [
        {
            "distributions": [],
            "full_name": "bioconda/r-rwave/2.4",
            "version": "2.4"
        }
    ],
    "revision": 1,
    "source_git_tag": {},
    "source_git_url": {},
    "summary": "A set of R functions which provide an environment for the Time-Frequency analysis of 1-D signals (and especially for the wavelet and Gabor transforms of noisy signals). It was originally written for Splus by Rene Carmona, Bruno Torresani, and Wen L. Hwang, first at the University of California at Irvine and then at Princeton University.  Credit should also be given to Andrea Wang whose functions on the dyadic wavelet transform are included. Rwave is based on the book: \"Practical Time-Frequency Analysis: Gabor and Wavelet Transforms with an Implementation in S\", by Rene Carmona, Wen L. Hwang and Bruno Torresani, Academic Press, 1998.",
    "upvoted": 0,
    "url": "http://api.anaconda.org/packages/bioconda/r-rwave",
    "versions": [
        "2.4"
    ],
    "watchers": 1
}