{
    "app_entry": {},
    "app_summary": {},
    "app_type": {},
    "builds": [
        "r351_0",
        "r36_0",
        "r36_1",
        "r40_1",
        "r40_0"
    ],
    "conda_platforms": [
        "linux-64",
        "noarch",
        "osx-64"
    ],
    "created_at": "2019-02-13 17:18:47.951000+00:00",
    "description": "",
    "dev_url": "https://github.com/steinbaugh/syntactic",
    "doc_url": null,
    "files": [
        {
            "attrs": {
                "arch": "x86_64",
                "build": "r351_0",
                "build_number": 0,
                "depends": [
                    "bioconductor-genomicranges",
                    "bioconductor-s4vectors",
                    "bioconductor-summarizedexperiment",
                    "r-base >=3.5.1,<3.5.2.0a0",
                    "r-bioverbs >=0.1.6",
                    "r-goalie >=0.2.6",
                    "r-magrittr",
                    "r-matrix",
                    "r-r.utils"
                ],
                "has_prefix": false,
                "license": "MIT",
                "license_family": "MIT",
                "machine": "x86_64",
                "operatingsystem": "darwin",
                "platform": "osx",
                "subdir": "osx-64",
                "target-triplet": "x86_64-any-darwin",
                "timestamp": 1550078260106
            },
            "basename": "osx-64/r-syntactic-0.1.4-r351_0.tar.bz2",
            "dependencies": {
                "depends": [
                    {
                        "name": "bioconductor-genomicranges",
                        "specs": []
                    },
                    {
                        "name": "bioconductor-s4vectors",
                        "specs": []
                    },
                    {
                        "name": "bioconductor-summarizedexperiment",
                        "specs": []
                    },
                    {
                        "name": "r-base",
                        "specs": [
                            [
                                ">=",
                                "3.5.1,<3.5.2.0a0"
                            ]
                        ]
                    },
                    {
                        "name": "r-bioverbs",
                        "specs": [
                            [
                                ">=",
                                "0.1.6"
                            ]
                        ]
                    },
                    {
                        "name": "r-goalie",
                        "specs": [
                            [
                                ">=",
                                "0.2.6"
                            ]
                        ]
                    },
                    {
                        "name": "r-magrittr",
                        "specs": []
                    },
                    {
                        "name": "r-matrix",
                        "specs": []
                    },
                    {
                        "name": "r-r.utils",
                        "specs": []
                    }
                ]
            },
            "description": null,
            "distribution_type": "conda",
            "download_url": "//api.anaconda.org/download/bioconda/r-syntactic/0.1.4/osx-64/r-syntactic-0.1.4-r351_0.tar.bz2",
            "full_name": "bioconda/r-syntactic/0.1.4/osx-64/r-syntactic-0.1.4-r351_0.tar.bz2",
            "labels": [
                "main"
            ],
            "md5": "261ef50c793f602bd4222e8c9630577d",
            "ndownloads": 1101,
            "owner": "bioconda",
            "size": 72909,
            "type": "conda",
            "upload_time": "2019-02-13 17:18:50.113000+00:00",
            "version": "0.1.4"
        },
        {
            "attrs": {
                "arch": "x86_64",
                "build": "r351_0",
                "build_number": 0,
                "depends": [
                    "bioconductor-genomicranges",
                    "bioconductor-s4vectors",
                    "bioconductor-summarizedexperiment",
                    "r-base >=3.5.1,<3.5.2.0a0",
                    "r-bioverbs >=0.1.8",
                    "r-goalie >=0.2.9",
                    "r-magrittr",
                    "r-matrix",
                    "r-r.utils"
                ],
                "has_prefix": false,
                "license": "MIT",
                "license_family": "MIT",
                "machine": "x86_64",
                "operatingsystem": "linux",
                "platform": "linux",
                "subdir": "linux-64",
                "target-triplet": "x86_64-any-linux",
                "timestamp": 1551200477665
            },
            "basename": "linux-64/r-syntactic-0.1.5-r351_0.tar.bz2",
            "dependencies": {
                "depends": [
                    {
                        "name": "bioconductor-genomicranges",
                        "specs": []
                    },
                    {
                        "name": "bioconductor-s4vectors",
                        "specs": []
                    },
                    {
                        "name": "bioconductor-summarizedexperiment",
                        "specs": []
                    },
                    {
                        "name": "r-base",
                        "specs": [
                            [
                                ">=",
                                "3.5.1,<3.5.2.0a0"
                            ]
                        ]
                    },
                    {
                        "name": "r-bioverbs",
                        "specs": [
                            [
                                ">=",
                                "0.1.8"
                            ]
                        ]
                    },
                    {
                        "name": "r-goalie",
                        "specs": [
                            [
                                ">=",
                                "0.2.9"
                            ]
                        ]
                    },
                    {
                        "name": "r-magrittr",
                        "specs": []
                    },
                    {
                        "name": "r-matrix",
                        "specs": []
                    },
                    {
                        "name": "r-r.utils",
                        "specs": []
                    }
                ]
            },
            "description": null,
            "distribution_type": "conda",
            "download_url": "//api.anaconda.org/download/bioconda/r-syntactic/0.1.5/linux-64/r-syntactic-0.1.5-r351_0.tar.bz2",
            "full_name": "bioconda/r-syntactic/0.1.5/linux-64/r-syntactic-0.1.5-r351_0.tar.bz2",
            "labels": [
                "main"
            ],
            "md5": "ae0250ad5b08b2d857690f9c80b9a220",
            "ndownloads": 113,
            "owner": "bioconda",
            "size": 77255,
            "type": "conda",
            "upload_time": "2019-02-26 17:05:15.494000+00:00",
            "version": "0.1.5"
        },
        {
            "attrs": {
                "arch": "x86_64",
                "build": "r351_0",
                "build_number": 0,
                "depends": [
                    "bioconductor-genomicranges",
                    "bioconductor-s4vectors",
                    "bioconductor-summarizedexperiment",
                    "r-base >=3.5.1,<3.5.2.0a0",
                    "r-bioverbs >=0.1.8",
                    "r-goalie >=0.2.9",
                    "r-magrittr",
                    "r-matrix",
                    "r-r.utils"
                ],
                "has_prefix": false,
                "license": "MIT",
                "license_family": "MIT",
                "machine": "x86_64",
                "operatingsystem": "darwin",
                "platform": "osx",
                "subdir": "osx-64",
                "target-triplet": "x86_64-any-darwin",
                "timestamp": 1551199775435
            },
            "basename": "osx-64/r-syntactic-0.1.5-r351_0.tar.bz2",
            "dependencies": {
                "depends": [
                    {
                        "name": "bioconductor-genomicranges",
                        "specs": []
                    },
                    {
                        "name": "bioconductor-s4vectors",
                        "specs": []
                    },
                    {
                        "name": "bioconductor-summarizedexperiment",
                        "specs": []
                    },
                    {
                        "name": "r-base",
                        "specs": [
                            [
                                ">=",
                                "3.5.1,<3.5.2.0a0"
                            ]
                        ]
                    },
                    {
                        "name": "r-bioverbs",
                        "specs": [
                            [
                                ">=",
                                "0.1.8"
                            ]
                        ]
                    },
                    {
                        "name": "r-goalie",
                        "specs": [
                            [
                                ">=",
                                "0.2.9"
                            ]
                        ]
                    },
                    {
                        "name": "r-magrittr",
                        "specs": []
                    },
                    {
                        "name": "r-matrix",
                        "specs": []
                    },
                    {
                        "name": "r-r.utils",
                        "specs": []
                    }
                ]
            },
            "description": null,
            "distribution_type": "conda",
            "download_url": "//api.anaconda.org/download/bioconda/r-syntactic/0.1.5/osx-64/r-syntactic-0.1.5-r351_0.tar.bz2",
            "full_name": "bioconda/r-syntactic/0.1.5/osx-64/r-syntactic-0.1.5-r351_0.tar.bz2",
            "labels": [
                "main"
            ],
            "md5": "36619858662e5589660ae34b34b6c64a",
            "ndownloads": 1075,
            "owner": "bioconda",
            "size": 77405,
            "type": "conda",
            "upload_time": "2019-02-26 16:50:43.969000+00:00",
            "version": "0.1.5"
        },
        {
            "attrs": {
                "arch": "x86_64",
                "build": "r351_0",
                "build_number": 0,
                "depends": [
                    "bioconductor-genomicranges",
                    "bioconductor-s4vectors",
                    "bioconductor-summarizedexperiment",
                    "r-base >=3.5.1,<3.5.2.0a0",
                    "r-bioverbs >=0.1.6",
                    "r-goalie >=0.2.6",
                    "r-magrittr",
                    "r-matrix",
                    "r-r.utils"
                ],
                "has_prefix": false,
                "license": "MIT",
                "license_family": "MIT",
                "machine": "x86_64",
                "operatingsystem": "linux",
                "platform": "linux",
                "subdir": "linux-64",
                "target-triplet": "x86_64-any-linux",
                "timestamp": 1550078251884
            },
            "basename": "linux-64/r-syntactic-0.1.4-r351_0.tar.bz2",
            "dependencies": {
                "depends": [
                    {
                        "name": "bioconductor-genomicranges",
                        "specs": []
                    },
                    {
                        "name": "bioconductor-s4vectors",
                        "specs": []
                    },
                    {
                        "name": "bioconductor-summarizedexperiment",
                        "specs": []
                    },
                    {
                        "name": "r-base",
                        "specs": [
                            [
                                ">=",
                                "3.5.1,<3.5.2.0a0"
                            ]
                        ]
                    },
                    {
                        "name": "r-bioverbs",
                        "specs": [
                            [
                                ">=",
                                "0.1.6"
                            ]
                        ]
                    },
                    {
                        "name": "r-goalie",
                        "specs": [
                            [
                                ">=",
                                "0.2.6"
                            ]
                        ]
                    },
                    {
                        "name": "r-magrittr",
                        "specs": []
                    },
                    {
                        "name": "r-matrix",
                        "specs": []
                    },
                    {
                        "name": "r-r.utils",
                        "specs": []
                    }
                ]
            },
            "description": null,
            "distribution_type": "conda",
            "download_url": "//api.anaconda.org/download/bioconda/r-syntactic/0.1.4/linux-64/r-syntactic-0.1.4-r351_0.tar.bz2",
            "full_name": "bioconda/r-syntactic/0.1.4/linux-64/r-syntactic-0.1.4-r351_0.tar.bz2",
            "labels": [
                "main"
            ],
            "md5": "2864a5d2e81764dd004195135eb19933",
            "ndownloads": 137,
            "owner": "bioconda",
            "size": 72851,
            "type": "conda",
            "upload_time": "2019-02-13 17:21:33.449000+00:00",
            "version": "0.1.4"
        },
        {
            "attrs": {
                "arch": "x86_64",
                "build": "r351_0",
                "build_number": 0,
                "depends": [
                    "bioconductor-genomicranges",
                    "bioconductor-s4vectors",
                    "bioconductor-summarizedexperiment",
                    "r-base >=3.5.1,<3.5.2.0a0",
                    "r-bioverbs >=0.1.10",
                    "r-goalie >=0.2.12",
                    "r-matrix"
                ],
                "has_prefix": false,
                "license": "MIT",
                "machine": "x86_64",
                "operatingsystem": "linux",
                "platform": "linux",
                "subdir": "linux-64",
                "target-triplet": "x86_64-any-linux",
                "timestamp": 1559210539518
            },
            "basename": "linux-64/r-syntactic-0.1.9-r351_0.tar.bz2",
            "dependencies": {
                "depends": [
                    {
                        "name": "bioconductor-genomicranges",
                        "specs": []
                    },
                    {
                        "name": "bioconductor-s4vectors",
                        "specs": []
                    },
                    {
                        "name": "bioconductor-summarizedexperiment",
                        "specs": []
                    },
                    {
                        "name": "r-base",
                        "specs": [
                            [
                                ">=",
                                "3.5.1,<3.5.2.0a0"
                            ]
                        ]
                    },
                    {
                        "name": "r-bioverbs",
                        "specs": [
                            [
                                ">=",
                                "0.1.10"
                            ]
                        ]
                    },
                    {
                        "name": "r-goalie",
                        "specs": [
                            [
                                ">=",
                                "0.2.12"
                            ]
                        ]
                    },
                    {
                        "name": "r-matrix",
                        "specs": []
                    }
                ]
            },
            "description": null,
            "distribution_type": "conda",
            "download_url": "//api.anaconda.org/download/bioconda/r-syntactic/0.1.9/linux-64/r-syntactic-0.1.9-r351_0.tar.bz2",
            "full_name": "bioconda/r-syntactic/0.1.9/linux-64/r-syntactic-0.1.9-r351_0.tar.bz2",
            "labels": [
                "main"
            ],
            "md5": "a6b9e018266373c01ac80b7f219f5668",
            "ndownloads": 101,
            "owner": "bioconda",
            "size": 74502,
            "type": "conda",
            "upload_time": "2019-05-30 10:07:31.256000+00:00",
            "version": "0.1.9"
        },
        {
            "attrs": {
                "arch": "x86_64",
                "build": "r351_0",
                "build_number": 0,
                "depends": [
                    "bioconductor-genomicranges",
                    "bioconductor-s4vectors",
                    "bioconductor-summarizedexperiment",
                    "r-base >=3.5.1,<3.5.2.0a0",
                    "r-bioverbs >=0.1.10",
                    "r-goalie >=0.2.12",
                    "r-matrix"
                ],
                "has_prefix": false,
                "license": "MIT",
                "machine": "x86_64",
                "operatingsystem": "darwin",
                "platform": "osx",
                "subdir": "osx-64",
                "target-triplet": "x86_64-any-darwin",
                "timestamp": 1559209341148
            },
            "basename": "osx-64/r-syntactic-0.1.9-r351_0.tar.bz2",
            "dependencies": {
                "depends": [
                    {
                        "name": "bioconductor-genomicranges",
                        "specs": []
                    },
                    {
                        "name": "bioconductor-s4vectors",
                        "specs": []
                    },
                    {
                        "name": "bioconductor-summarizedexperiment",
                        "specs": []
                    },
                    {
                        "name": "r-base",
                        "specs": [
                            [
                                ">=",
                                "3.5.1,<3.5.2.0a0"
                            ]
                        ]
                    },
                    {
                        "name": "r-bioverbs",
                        "specs": [
                            [
                                ">=",
                                "0.1.10"
                            ]
                        ]
                    },
                    {
                        "name": "r-goalie",
                        "specs": [
                            [
                                ">=",
                                "0.2.12"
                            ]
                        ]
                    },
                    {
                        "name": "r-matrix",
                        "specs": []
                    }
                ]
            },
            "description": null,
            "distribution_type": "conda",
            "download_url": "//api.anaconda.org/download/bioconda/r-syntactic/0.1.9/osx-64/r-syntactic-0.1.9-r351_0.tar.bz2",
            "full_name": "bioconda/r-syntactic/0.1.9/osx-64/r-syntactic-0.1.9-r351_0.tar.bz2",
            "labels": [
                "main"
            ],
            "md5": "f66b49709b0ccc39034c2391d2b506f9",
            "ndownloads": 890,
            "owner": "bioconda",
            "size": 74769,
            "type": "conda",
            "upload_time": "2019-05-30 09:43:27.380000+00:00",
            "version": "0.1.9"
        },
        {
            "attrs": {
                "arch": null,
                "build": "r351_0",
                "build_number": 0,
                "depends": [
                    "bioconductor-genomicranges",
                    "bioconductor-s4vectors",
                    "bioconductor-summarizedexperiment",
                    "r-base >=3.5.1,<3.5.2.0a0",
                    "r-bioverbs >=0.1.10",
                    "r-goalie >=0.2.12",
                    "r-matrix"
                ],
                "has_prefix": false,
                "license": "MIT",
                "machine": null,
                "noarch": "generic",
                "operatingsystem": null,
                "platform": null,
                "subdir": "noarch",
                "target-triplet": "None-any-None",
                "timestamp": 1563052358277
            },
            "basename": "noarch/r-syntactic-0.1.10-r351_0.tar.bz2",
            "dependencies": {
                "depends": [
                    {
                        "name": "bioconductor-genomicranges",
                        "specs": []
                    },
                    {
                        "name": "bioconductor-s4vectors",
                        "specs": []
                    },
                    {
                        "name": "bioconductor-summarizedexperiment",
                        "specs": []
                    },
                    {
                        "name": "r-base",
                        "specs": [
                            [
                                ">=",
                                "3.5.1,<3.5.2.0a0"
                            ]
                        ]
                    },
                    {
                        "name": "r-bioverbs",
                        "specs": [
                            [
                                ">=",
                                "0.1.10"
                            ]
                        ]
                    },
                    {
                        "name": "r-goalie",
                        "specs": [
                            [
                                ">=",
                                "0.2.12"
                            ]
                        ]
                    },
                    {
                        "name": "r-matrix",
                        "specs": []
                    }
                ]
            },
            "description": null,
            "distribution_type": "conda",
            "download_url": "//api.anaconda.org/download/bioconda/r-syntactic/0.1.10/noarch/r-syntactic-0.1.10-r351_0.tar.bz2",
            "full_name": "bioconda/r-syntactic/0.1.10/noarch/r-syntactic-0.1.10-r351_0.tar.bz2",
            "labels": [
                "main"
            ],
            "md5": "9d543bd8b192c5654aff28f069d8b103",
            "ndownloads": 57,
            "owner": "bioconda",
            "size": 74412,
            "type": "conda",
            "upload_time": "2019-07-13 21:17:50.162000+00:00",
            "version": "0.1.10"
        },
        {
            "attrs": {
                "arch": null,
                "build": "r36_0",
                "build_number": 0,
                "depends": [
                    "bioconductor-genomicranges",
                    "bioconductor-s4vectors",
                    "bioconductor-summarizedexperiment",
                    "r-base >=3.6,<3.7.0a0",
                    "r-bioverbs >=0.2.0",
                    "r-goalie >=0.2.18",
                    "r-matrix"
                ],
                "has_prefix": false,
                "license": "MIT",
                "machine": null,
                "noarch": "generic",
                "operatingsystem": null,
                "platform": null,
                "subdir": "noarch",
                "target-triplet": "None-any-None",
                "timestamp": 1564171161990
            },
            "basename": "noarch/r-syntactic-0.2.0-r36_0.tar.bz2",
            "dependencies": {
                "depends": [
                    {
                        "name": "bioconductor-genomicranges",
                        "specs": []
                    },
                    {
                        "name": "bioconductor-s4vectors",
                        "specs": []
                    },
                    {
                        "name": "bioconductor-summarizedexperiment",
                        "specs": []
                    },
                    {
                        "name": "r-base",
                        "specs": [
                            [
                                ">=",
                                "3.6,<3.7.0a0"
                            ]
                        ]
                    },
                    {
                        "name": "r-bioverbs",
                        "specs": [
                            [
                                ">=",
                                "0.2.0"
                            ]
                        ]
                    },
                    {
                        "name": "r-goalie",
                        "specs": [
                            [
                                ">=",
                                "0.2.18"
                            ]
                        ]
                    },
                    {
                        "name": "r-matrix",
                        "specs": []
                    }
                ]
            },
            "description": null,
            "distribution_type": "conda",
            "download_url": "//api.anaconda.org/download/bioconda/r-syntactic/0.2.0/noarch/r-syntactic-0.2.0-r36_0.tar.bz2",
            "full_name": "bioconda/r-syntactic/0.2.0/noarch/r-syntactic-0.2.0-r36_0.tar.bz2",
            "labels": [
                "main"
            ],
            "md5": "c2a1bbc8c2c5283a4de7c5ebd5bfa286",
            "ndownloads": 62,
            "owner": "bioconda",
            "size": 109626,
            "type": "conda",
            "upload_time": "2019-07-26 20:04:26.918000+00:00",
            "version": "0.2.0"
        },
        {
            "attrs": {
                "arch": null,
                "build": "r36_0",
                "build_number": 0,
                "depends": [
                    "bioconductor-genomicranges",
                    "bioconductor-s4vectors",
                    "bioconductor-summarizedexperiment",
                    "r-base >=3.6,<3.7.0a0",
                    "r-bioverbs >=0.2.0",
                    "r-goalie >=0.2.18",
                    "r-matrix"
                ],
                "has_prefix": false,
                "license": "MIT",
                "machine": null,
                "noarch": "generic",
                "operatingsystem": null,
                "platform": null,
                "subdir": "noarch",
                "target-triplet": "None-any-None",
                "timestamp": 1564325815542
            },
            "basename": "noarch/r-syntactic-0.2.1-r36_0.tar.bz2",
            "dependencies": {
                "depends": [
                    {
                        "name": "bioconductor-genomicranges",
                        "specs": []
                    },
                    {
                        "name": "bioconductor-s4vectors",
                        "specs": []
                    },
                    {
                        "name": "bioconductor-summarizedexperiment",
                        "specs": []
                    },
                    {
                        "name": "r-base",
                        "specs": [
                            [
                                ">=",
                                "3.6,<3.7.0a0"
                            ]
                        ]
                    },
                    {
                        "name": "r-bioverbs",
                        "specs": [
                            [
                                ">=",
                                "0.2.0"
                            ]
                        ]
                    },
                    {
                        "name": "r-goalie",
                        "specs": [
                            [
                                ">=",
                                "0.2.18"
                            ]
                        ]
                    },
                    {
                        "name": "r-matrix",
                        "specs": []
                    }
                ]
            },
            "description": null,
            "distribution_type": "conda",
            "download_url": "//api.anaconda.org/download/bioconda/r-syntactic/0.2.1/noarch/r-syntactic-0.2.1-r36_0.tar.bz2",
            "full_name": "bioconda/r-syntactic/0.2.1/noarch/r-syntactic-0.2.1-r36_0.tar.bz2",
            "labels": [
                "main"
            ],
            "md5": "e871895183b4f72fb547904e08fa773d",
            "ndownloads": 61,
            "owner": "bioconda",
            "size": 116605,
            "type": "conda",
            "upload_time": "2019-07-28 15:01:59.644000+00:00",
            "version": "0.2.1"
        },
        {
            "attrs": {
                "arch": null,
                "build": "r36_0",
                "build_number": 0,
                "depends": [
                    "bioconductor-genomicranges",
                    "bioconductor-s4vectors",
                    "bioconductor-summarizedexperiment",
                    "r-base >=3.6,<3.7.0a0",
                    "r-bioverbs >=0.2.0",
                    "r-goalie >=0.2.18",
                    "r-matrix"
                ],
                "has_prefix": false,
                "license": "MIT",
                "machine": null,
                "noarch": "generic",
                "operatingsystem": null,
                "platform": null,
                "subdir": "noarch",
                "target-triplet": "None-any-None",
                "timestamp": 1565571911639
            },
            "basename": "noarch/r-syntactic-0.2.3-r36_0.tar.bz2",
            "dependencies": {
                "depends": [
                    {
                        "name": "bioconductor-genomicranges",
                        "specs": []
                    },
                    {
                        "name": "bioconductor-s4vectors",
                        "specs": []
                    },
                    {
                        "name": "bioconductor-summarizedexperiment",
                        "specs": []
                    },
                    {
                        "name": "r-base",
                        "specs": [
                            [
                                ">=",
                                "3.6,<3.7.0a0"
                            ]
                        ]
                    },
                    {
                        "name": "r-bioverbs",
                        "specs": [
                            [
                                ">=",
                                "0.2.0"
                            ]
                        ]
                    },
                    {
                        "name": "r-goalie",
                        "specs": [
                            [
                                ">=",
                                "0.2.18"
                            ]
                        ]
                    },
                    {
                        "name": "r-matrix",
                        "specs": []
                    }
                ]
            },
            "description": null,
            "distribution_type": "conda",
            "download_url": "//api.anaconda.org/download/bioconda/r-syntactic/0.2.3/noarch/r-syntactic-0.2.3-r36_0.tar.bz2",
            "full_name": "bioconda/r-syntactic/0.2.3/noarch/r-syntactic-0.2.3-r36_0.tar.bz2",
            "labels": [
                "main"
            ],
            "md5": "46bec9bad59a42c89bbace5a26c130c3",
            "ndownloads": 98,
            "owner": "bioconda",
            "size": 116589,
            "type": "conda",
            "upload_time": "2019-08-12 01:10:28.729000+00:00",
            "version": "0.2.3"
        },
        {
            "attrs": {
                "arch": null,
                "build": "r36_0",
                "build_number": 0,
                "depends": [
                    "bioconductor-genomicranges",
                    "bioconductor-s4vectors",
                    "bioconductor-summarizedexperiment",
                    "r-base >=3.6,<3.7.0a0",
                    "r-bioverbs >=0.2.0",
                    "r-goalie >=0.2.18",
                    "r-matrix"
                ],
                "has_prefix": false,
                "license": "MIT",
                "machine": null,
                "noarch": "generic",
                "operatingsystem": null,
                "platform": null,
                "subdir": "noarch",
                "target-triplet": "None-any-None",
                "timestamp": 1566961625221
            },
            "basename": "noarch/r-syntactic-0.2.4-r36_0.tar.bz2",
            "dependencies": {
                "depends": [
                    {
                        "name": "bioconductor-genomicranges",
                        "specs": []
                    },
                    {
                        "name": "bioconductor-s4vectors",
                        "specs": []
                    },
                    {
                        "name": "bioconductor-summarizedexperiment",
                        "specs": []
                    },
                    {
                        "name": "r-base",
                        "specs": [
                            [
                                ">=",
                                "3.6,<3.7.0a0"
                            ]
                        ]
                    },
                    {
                        "name": "r-bioverbs",
                        "specs": [
                            [
                                ">=",
                                "0.2.0"
                            ]
                        ]
                    },
                    {
                        "name": "r-goalie",
                        "specs": [
                            [
                                ">=",
                                "0.2.18"
                            ]
                        ]
                    },
                    {
                        "name": "r-matrix",
                        "specs": []
                    }
                ]
            },
            "description": null,
            "distribution_type": "conda",
            "download_url": "//api.anaconda.org/download/bioconda/r-syntactic/0.2.4/noarch/r-syntactic-0.2.4-r36_0.tar.bz2",
            "full_name": "bioconda/r-syntactic/0.2.4/noarch/r-syntactic-0.2.4-r36_0.tar.bz2",
            "labels": [
                "main"
            ],
            "md5": "88b2a050778b55c08f90b0b91f02a226",
            "ndownloads": 104,
            "owner": "bioconda",
            "size": 116975,
            "type": "conda",
            "upload_time": "2019-08-28 03:12:20.401000+00:00",
            "version": "0.2.4"
        },
        {
            "attrs": {
                "arch": null,
                "build": "r36_1",
                "build_number": 1,
                "depends": [
                    "bioconductor-genomicranges >=1.36",
                    "bioconductor-s4vectors >=0.22",
                    "bioconductor-summarizedexperiment >=1.14",
                    "r-base >=3.6,<3.7.0a0",
                    "r-bioverbs >=0.2.7",
                    "r-goalie >=0.3.6",
                    "r-matrix >=1.2"
                ],
                "has_prefix": false,
                "license": "MIT",
                "machine": null,
                "noarch": "generic",
                "operatingsystem": null,
                "platform": null,
                "subdir": "noarch",
                "target-triplet": "None-any-None",
                "timestamp": 1567842861627
            },
            "basename": "noarch/r-syntactic-0.2.4-r36_1.tar.bz2",
            "dependencies": {
                "depends": [
                    {
                        "name": "bioconductor-genomicranges",
                        "specs": [
                            [
                                ">=",
                                "1.36"
                            ]
                        ]
                    },
                    {
                        "name": "bioconductor-s4vectors",
                        "specs": [
                            [
                                ">=",
                                "0.22"
                            ]
                        ]
                    },
                    {
                        "name": "bioconductor-summarizedexperiment",
                        "specs": [
                            [
                                ">=",
                                "1.14"
                            ]
                        ]
                    },
                    {
                        "name": "r-base",
                        "specs": [
                            [
                                ">=",
                                "3.6,<3.7.0a0"
                            ]
                        ]
                    },
                    {
                        "name": "r-bioverbs",
                        "specs": [
                            [
                                ">=",
                                "0.2.7"
                            ]
                        ]
                    },
                    {
                        "name": "r-goalie",
                        "specs": [
                            [
                                ">=",
                                "0.3.6"
                            ]
                        ]
                    },
                    {
                        "name": "r-matrix",
                        "specs": [
                            [
                                ">=",
                                "1.2"
                            ]
                        ]
                    }
                ]
            },
            "description": null,
            "distribution_type": "conda",
            "download_url": "//api.anaconda.org/download/bioconda/r-syntactic/0.2.4/noarch/r-syntactic-0.2.4-r36_1.tar.bz2",
            "full_name": "bioconda/r-syntactic/0.2.4/noarch/r-syntactic-0.2.4-r36_1.tar.bz2",
            "labels": [
                "main"
            ],
            "md5": "87371ef976d1e31bda795f898f179838",
            "ndownloads": 80,
            "owner": "bioconda",
            "size": 117058,
            "type": "conda",
            "upload_time": "2019-09-07 08:03:26.571000+00:00",
            "version": "0.2.4"
        },
        {
            "attrs": {
                "arch": null,
                "build": "r36_0",
                "build_number": 0,
                "depends": [
                    "bioconductor-genomicranges >=1.36",
                    "bioconductor-s4vectors >=0.22",
                    "bioconductor-summarizedexperiment >=1.14",
                    "r-base >=3.6,<3.7.0a0",
                    "r-bioverbs >=0.2.7",
                    "r-goalie >=0.3.6",
                    "r-matrix >=1.2"
                ],
                "has_prefix": false,
                "license": "MIT",
                "machine": null,
                "noarch": "generic",
                "operatingsystem": null,
                "platform": null,
                "subdir": "noarch",
                "target-triplet": "None-any-None",
                "timestamp": 1568052403125
            },
            "basename": "noarch/r-syntactic-0.2.5-r36_0.tar.bz2",
            "dependencies": {
                "depends": [
                    {
                        "name": "bioconductor-genomicranges",
                        "specs": [
                            [
                                ">=",
                                "1.36"
                            ]
                        ]
                    },
                    {
                        "name": "bioconductor-s4vectors",
                        "specs": [
                            [
                                ">=",
                                "0.22"
                            ]
                        ]
                    },
                    {
                        "name": "bioconductor-summarizedexperiment",
                        "specs": [
                            [
                                ">=",
                                "1.14"
                            ]
                        ]
                    },
                    {
                        "name": "r-base",
                        "specs": [
                            [
                                ">=",
                                "3.6,<3.7.0a0"
                            ]
                        ]
                    },
                    {
                        "name": "r-bioverbs",
                        "specs": [
                            [
                                ">=",
                                "0.2.7"
                            ]
                        ]
                    },
                    {
                        "name": "r-goalie",
                        "specs": [
                            [
                                ">=",
                                "0.3.6"
                            ]
                        ]
                    },
                    {
                        "name": "r-matrix",
                        "specs": [
                            [
                                ">=",
                                "1.2"
                            ]
                        ]
                    }
                ]
            },
            "description": null,
            "distribution_type": "conda",
            "download_url": "//api.anaconda.org/download/bioconda/r-syntactic/0.2.5/noarch/r-syntactic-0.2.5-r36_0.tar.bz2",
            "full_name": "bioconda/r-syntactic/0.2.5/noarch/r-syntactic-0.2.5-r36_0.tar.bz2",
            "labels": [
                "main"
            ],
            "md5": "94ba12b64603ead3094981a5f928c676",
            "ndownloads": 66,
            "owner": "bioconda",
            "size": 116039,
            "type": "conda",
            "upload_time": "2019-09-09 18:11:52.281000+00:00",
            "version": "0.2.5"
        },
        {
            "attrs": {
                "arch": null,
                "build": "r36_0",
                "build_number": 0,
                "depends": [
                    "bioconductor-genomicranges >=1.36",
                    "bioconductor-s4vectors >=0.22",
                    "bioconductor-summarizedexperiment >=1.14",
                    "r-base >=3.6,<3.7.0a0",
                    "r-bioverbs >=0.2.7",
                    "r-goalie >=0.3.6",
                    "r-matrix >=1.2"
                ],
                "has_prefix": false,
                "license": "MIT",
                "machine": null,
                "noarch": "generic",
                "operatingsystem": null,
                "platform": null,
                "subdir": "noarch",
                "target-triplet": "None-any-None",
                "timestamp": 1568402105735
            },
            "basename": "noarch/r-syntactic-0.2.6-r36_0.tar.bz2",
            "dependencies": {
                "depends": [
                    {
                        "name": "bioconductor-genomicranges",
                        "specs": [
                            [
                                ">=",
                                "1.36"
                            ]
                        ]
                    },
                    {
                        "name": "bioconductor-s4vectors",
                        "specs": [
                            [
                                ">=",
                                "0.22"
                            ]
                        ]
                    },
                    {
                        "name": "bioconductor-summarizedexperiment",
                        "specs": [
                            [
                                ">=",
                                "1.14"
                            ]
                        ]
                    },
                    {
                        "name": "r-base",
                        "specs": [
                            [
                                ">=",
                                "3.6,<3.7.0a0"
                            ]
                        ]
                    },
                    {
                        "name": "r-bioverbs",
                        "specs": [
                            [
                                ">=",
                                "0.2.7"
                            ]
                        ]
                    },
                    {
                        "name": "r-goalie",
                        "specs": [
                            [
                                ">=",
                                "0.3.6"
                            ]
                        ]
                    },
                    {
                        "name": "r-matrix",
                        "specs": [
                            [
                                ">=",
                                "1.2"
                            ]
                        ]
                    }
                ]
            },
            "description": null,
            "distribution_type": "conda",
            "download_url": "//api.anaconda.org/download/bioconda/r-syntactic/0.2.6/noarch/r-syntactic-0.2.6-r36_0.tar.bz2",
            "full_name": "bioconda/r-syntactic/0.2.6/noarch/r-syntactic-0.2.6-r36_0.tar.bz2",
            "labels": [
                "main"
            ],
            "md5": "095239e557728e2c1f03386030cea091",
            "ndownloads": 70,
            "owner": "bioconda",
            "size": 116302,
            "type": "conda",
            "upload_time": "2019-09-14 15:27:07.674000+00:00",
            "version": "0.2.6"
        },
        {
            "attrs": {
                "arch": null,
                "build": "r36_0",
                "build_number": 0,
                "depends": [
                    "r-base >=3.6,<3.7.0a0",
                    "r-goalie >=0.3.7"
                ],
                "has_prefix": false,
                "license": "MIT",
                "machine": null,
                "noarch": "generic",
                "operatingsystem": null,
                "platform": null,
                "subdir": "noarch",
                "target-triplet": "None-any-None",
                "timestamp": 1569443599613
            },
            "basename": "noarch/r-syntactic-0.3.0-r36_0.tar.bz2",
            "dependencies": {
                "depends": [
                    {
                        "name": "r-base",
                        "specs": [
                            [
                                ">=",
                                "3.6,<3.7.0a0"
                            ]
                        ]
                    },
                    {
                        "name": "r-goalie",
                        "specs": [
                            [
                                ">=",
                                "0.3.7"
                            ]
                        ]
                    }
                ]
            },
            "description": null,
            "distribution_type": "conda",
            "download_url": "//api.anaconda.org/download/bioconda/r-syntactic/0.3.0/noarch/r-syntactic-0.3.0-r36_0.tar.bz2",
            "full_name": "bioconda/r-syntactic/0.3.0/noarch/r-syntactic-0.3.0-r36_0.tar.bz2",
            "labels": [
                "main"
            ],
            "md5": "12ceffc1254974e3940f0f23fdf3de4b",
            "ndownloads": 56,
            "owner": "bioconda",
            "size": 66150,
            "type": "conda",
            "upload_time": "2019-09-25 20:37:23.192000+00:00",
            "version": "0.3.0"
        },
        {
            "attrs": {
                "arch": null,
                "build": "r36_0",
                "build_number": 0,
                "depends": [
                    "r-base >=3.6,<3.7.0a0",
                    "r-goalie >=0.3.7"
                ],
                "has_prefix": false,
                "license": "MIT",
                "machine": null,
                "noarch": "generic",
                "operatingsystem": null,
                "platform": null,
                "subdir": "noarch",
                "target-triplet": "None-any-None",
                "timestamp": 1570574272688
            },
            "basename": "noarch/r-syntactic-0.3.1-r36_0.tar.bz2",
            "dependencies": {
                "depends": [
                    {
                        "name": "r-base",
                        "specs": [
                            [
                                ">=",
                                "3.6,<3.7.0a0"
                            ]
                        ]
                    },
                    {
                        "name": "r-goalie",
                        "specs": [
                            [
                                ">=",
                                "0.3.7"
                            ]
                        ]
                    }
                ]
            },
            "description": null,
            "distribution_type": "conda",
            "download_url": "//api.anaconda.org/download/bioconda/r-syntactic/0.3.1/noarch/r-syntactic-0.3.1-r36_0.tar.bz2",
            "full_name": "bioconda/r-syntactic/0.3.1/noarch/r-syntactic-0.3.1-r36_0.tar.bz2",
            "labels": [
                "main"
            ],
            "md5": "d8dd33d0add0763188029b617749e43f",
            "ndownloads": 64,
            "owner": "bioconda",
            "size": 70570,
            "type": "conda",
            "upload_time": "2019-10-08 22:41:52.681000+00:00",
            "version": "0.3.1"
        },
        {
            "attrs": {
                "arch": null,
                "build": "r36_0",
                "build_number": 0,
                "depends": [
                    "r-acidbase >=0.1.1",
                    "r-base >=3.6,<3.7.0a0",
                    "r-goalie >=0.4.0"
                ],
                "has_prefix": false,
                "license": "MIT",
                "machine": null,
                "noarch": "generic",
                "operatingsystem": null,
                "platform": null,
                "subdir": "noarch",
                "target-triplet": "None-any-None",
                "timestamp": 1571859442075
            },
            "basename": "noarch/r-syntactic-0.3.2-r36_0.tar.bz2",
            "dependencies": {
                "depends": [
                    {
                        "name": "r-acidbase",
                        "specs": [
                            [
                                ">=",
                                "0.1.1"
                            ]
                        ]
                    },
                    {
                        "name": "r-base",
                        "specs": [
                            [
                                ">=",
                                "3.6,<3.7.0a0"
                            ]
                        ]
                    },
                    {
                        "name": "r-goalie",
                        "specs": [
                            [
                                ">=",
                                "0.4.0"
                            ]
                        ]
                    }
                ]
            },
            "description": null,
            "distribution_type": "conda",
            "download_url": "//api.anaconda.org/download/bioconda/r-syntactic/0.3.2/noarch/r-syntactic-0.3.2-r36_0.tar.bz2",
            "full_name": "bioconda/r-syntactic/0.3.2/noarch/r-syntactic-0.3.2-r36_0.tar.bz2",
            "labels": [
                "main"
            ],
            "md5": "79a19ea51454c0463f9d660b49f8e224",
            "ndownloads": 76,
            "owner": "bioconda",
            "size": 93457,
            "type": "conda",
            "upload_time": "2019-10-23 19:41:17.365000+00:00",
            "version": "0.3.2"
        },
        {
            "attrs": {
                "arch": null,
                "build": "r36_0",
                "build_number": 0,
                "depends": [
                    "r-acidbase >=0.1.1",
                    "r-base >=3.6,<3.7.0a0",
                    "r-goalie >=0.4.0"
                ],
                "has_prefix": false,
                "license": "MIT",
                "machine": null,
                "noarch": "generic",
                "operatingsystem": null,
                "platform": null,
                "subdir": "noarch",
                "target-triplet": "None-any-None",
                "timestamp": 1575622669882
            },
            "basename": "noarch/r-syntactic-0.3.3-r36_0.tar.bz2",
            "dependencies": {
                "depends": [
                    {
                        "name": "r-acidbase",
                        "specs": [
                            [
                                ">=",
                                "0.1.1"
                            ]
                        ]
                    },
                    {
                        "name": "r-base",
                        "specs": [
                            [
                                ">=",
                                "3.6,<3.7.0a0"
                            ]
                        ]
                    },
                    {
                        "name": "r-goalie",
                        "specs": [
                            [
                                ">=",
                                "0.4.0"
                            ]
                        ]
                    }
                ]
            },
            "description": null,
            "distribution_type": "conda",
            "download_url": "//api.anaconda.org/download/bioconda/r-syntactic/0.3.3/noarch/r-syntactic-0.3.3-r36_0.tar.bz2",
            "full_name": "bioconda/r-syntactic/0.3.3/noarch/r-syntactic-0.3.3-r36_0.tar.bz2",
            "labels": [
                "main"
            ],
            "md5": "12bbd520eebd9e0d343e3342c2105e18",
            "ndownloads": 31,
            "owner": "bioconda",
            "size": 97922,
            "type": "conda",
            "upload_time": "2019-12-06 09:09:13.259000+00:00",
            "version": "0.3.3"
        },
        {
            "attrs": {
                "arch": null,
                "build": "r36_0",
                "build_number": 0,
                "depends": [
                    "r-acidbase >=0.1.1",
                    "r-base >=3.6,<3.7.0a0",
                    "r-goalie >=0.4.0"
                ],
                "has_prefix": false,
                "license": "MIT",
                "machine": null,
                "noarch": "generic",
                "operatingsystem": null,
                "platform": null,
                "subdir": "noarch",
                "target-triplet": "None-any-None",
                "timestamp": 1575855103594
            },
            "basename": "noarch/r-syntactic-0.3.4-r36_0.tar.bz2",
            "dependencies": {
                "depends": [
                    {
                        "name": "r-acidbase",
                        "specs": [
                            [
                                ">=",
                                "0.1.1"
                            ]
                        ]
                    },
                    {
                        "name": "r-base",
                        "specs": [
                            [
                                ">=",
                                "3.6,<3.7.0a0"
                            ]
                        ]
                    },
                    {
                        "name": "r-goalie",
                        "specs": [
                            [
                                ">=",
                                "0.4.0"
                            ]
                        ]
                    }
                ]
            },
            "description": null,
            "distribution_type": "conda",
            "download_url": "//api.anaconda.org/download/bioconda/r-syntactic/0.3.4/noarch/r-syntactic-0.3.4-r36_0.tar.bz2",
            "full_name": "bioconda/r-syntactic/0.3.4/noarch/r-syntactic-0.3.4-r36_0.tar.bz2",
            "labels": [
                "main"
            ],
            "md5": "eff1c9e7b7e16ddfff25ddaadd3bcfcf",
            "ndownloads": 49,
            "owner": "bioconda",
            "size": 98386,
            "type": "conda",
            "upload_time": "2019-12-09 01:35:43.756000+00:00",
            "version": "0.3.4"
        },
        {
            "attrs": {
                "arch": null,
                "build": "r36_0",
                "build_number": 0,
                "depends": [
                    "r-acidbase >=0.1.3",
                    "r-base >=3.6,<3.7.0a0",
                    "r-goalie >=0.4.1",
                    "r-stringi >=1.4"
                ],
                "has_prefix": false,
                "license": "MIT",
                "machine": null,
                "noarch": "generic",
                "operatingsystem": null,
                "platform": null,
                "subdir": "noarch",
                "target-triplet": "None-any-None",
                "timestamp": 1579035659775
            },
            "basename": "noarch/r-syntactic-0.3.5-r36_0.tar.bz2",
            "dependencies": {
                "depends": [
                    {
                        "name": "r-acidbase",
                        "specs": [
                            [
                                ">=",
                                "0.1.3"
                            ]
                        ]
                    },
                    {
                        "name": "r-base",
                        "specs": [
                            [
                                ">=",
                                "3.6,<3.7.0a0"
                            ]
                        ]
                    },
                    {
                        "name": "r-goalie",
                        "specs": [
                            [
                                ">=",
                                "0.4.1"
                            ]
                        ]
                    },
                    {
                        "name": "r-stringi",
                        "specs": [
                            [
                                ">=",
                                "1.4"
                            ]
                        ]
                    }
                ]
            },
            "description": null,
            "distribution_type": "conda",
            "download_url": "//api.anaconda.org/download/bioconda/r-syntactic/0.3.5/noarch/r-syntactic-0.3.5-r36_0.tar.bz2",
            "full_name": "bioconda/r-syntactic/0.3.5/noarch/r-syntactic-0.3.5-r36_0.tar.bz2",
            "labels": [
                "main"
            ],
            "md5": "aecd99000833218eae5c73c7619d4798",
            "ndownloads": 51,
            "owner": "bioconda",
            "size": 99320,
            "type": "conda",
            "upload_time": "2020-01-14 21:05:01.082000+00:00",
            "version": "0.3.5"
        },
        {
            "attrs": {
                "arch": null,
                "build": "r36_0",
                "build_number": 0,
                "depends": [
                    "r-acidbase >=0.1.4",
                    "r-acidgenerics >=0.3.1",
                    "r-base >=3.6,<3.7.0a0",
                    "r-goalie >=0.4.1",
                    "r-stringi >=1.4"
                ],
                "has_prefix": false,
                "license": "MIT",
                "machine": null,
                "noarch": "generic",
                "operatingsystem": null,
                "platform": null,
                "subdir": "noarch",
                "target-triplet": "None-any-None",
                "timestamp": 1580660216801
            },
            "basename": "noarch/r-syntactic-0.3.7-r36_0.tar.bz2",
            "dependencies": {
                "depends": [
                    {
                        "name": "r-acidbase",
                        "specs": [
                            [
                                ">=",
                                "0.1.4"
                            ]
                        ]
                    },
                    {
                        "name": "r-acidgenerics",
                        "specs": [
                            [
                                ">=",
                                "0.3.1"
                            ]
                        ]
                    },
                    {
                        "name": "r-base",
                        "specs": [
                            [
                                ">=",
                                "3.6,<3.7.0a0"
                            ]
                        ]
                    },
                    {
                        "name": "r-goalie",
                        "specs": [
                            [
                                ">=",
                                "0.4.1"
                            ]
                        ]
                    },
                    {
                        "name": "r-stringi",
                        "specs": [
                            [
                                ">=",
                                "1.4"
                            ]
                        ]
                    }
                ]
            },
            "description": null,
            "distribution_type": "conda",
            "download_url": "//api.anaconda.org/download/bioconda/r-syntactic/0.3.7/noarch/r-syntactic-0.3.7-r36_0.tar.bz2",
            "full_name": "bioconda/r-syntactic/0.3.7/noarch/r-syntactic-0.3.7-r36_0.tar.bz2",
            "labels": [
                "main"
            ],
            "md5": "c0573b2bdaecbcb776d014a05396089b",
            "ndownloads": 43,
            "owner": "bioconda",
            "size": 110152,
            "type": "conda",
            "upload_time": "2020-02-02 22:19:53.637000+00:00",
            "version": "0.3.7"
        },
        {
            "attrs": {
                "arch": null,
                "build": "r36_0",
                "build_number": 0,
                "depends": [
                    "r-acidbase >=0.1.4",
                    "r-acidgenerics >=0.3.1",
                    "r-base >=3.6,<3.7.0a0",
                    "r-goalie >=0.4.1",
                    "r-stringi >=1.4"
                ],
                "has_prefix": false,
                "license": "MIT",
                "machine": null,
                "noarch": "generic",
                "operatingsystem": null,
                "platform": null,
                "subdir": "noarch",
                "target-triplet": "None-any-None",
                "timestamp": 1582658111291
            },
            "basename": "noarch/r-syntactic-0.3.8-r36_0.tar.bz2",
            "dependencies": {
                "depends": [
                    {
                        "name": "r-acidbase",
                        "specs": [
                            [
                                ">=",
                                "0.1.4"
                            ]
                        ]
                    },
                    {
                        "name": "r-acidgenerics",
                        "specs": [
                            [
                                ">=",
                                "0.3.1"
                            ]
                        ]
                    },
                    {
                        "name": "r-base",
                        "specs": [
                            [
                                ">=",
                                "3.6,<3.7.0a0"
                            ]
                        ]
                    },
                    {
                        "name": "r-goalie",
                        "specs": [
                            [
                                ">=",
                                "0.4.1"
                            ]
                        ]
                    },
                    {
                        "name": "r-stringi",
                        "specs": [
                            [
                                ">=",
                                "1.4"
                            ]
                        ]
                    }
                ]
            },
            "description": null,
            "distribution_type": "conda",
            "download_url": "//api.anaconda.org/download/bioconda/r-syntactic/0.3.8/noarch/r-syntactic-0.3.8-r36_0.tar.bz2",
            "full_name": "bioconda/r-syntactic/0.3.8/noarch/r-syntactic-0.3.8-r36_0.tar.bz2",
            "labels": [
                "main"
            ],
            "md5": "f36b9cf1a88d7751d77253a753f7ce38",
            "ndownloads": 38,
            "owner": "bioconda",
            "size": 110194,
            "type": "conda",
            "upload_time": "2020-02-25 22:19:37.698000+00:00",
            "version": "0.3.8"
        },
        {
            "attrs": {
                "arch": null,
                "build": "r36_0",
                "build_number": 0,
                "depends": [
                    "r-acidbase >=0.1.4",
                    "r-acidgenerics >=0.3.1",
                    "r-base >=3.6,<3.7.0a0",
                    "r-goalie >=0.4.1",
                    "r-stringi >=1.4"
                ],
                "has_prefix": false,
                "license": "MIT",
                "machine": null,
                "noarch": "generic",
                "operatingsystem": null,
                "platform": null,
                "subdir": "noarch",
                "target-triplet": "None-any-None",
                "timestamp": 1586266475344
            },
            "basename": "noarch/r-syntactic-0.3.9-r36_0.tar.bz2",
            "dependencies": {
                "depends": [
                    {
                        "name": "r-acidbase",
                        "specs": [
                            [
                                ">=",
                                "0.1.4"
                            ]
                        ]
                    },
                    {
                        "name": "r-acidgenerics",
                        "specs": [
                            [
                                ">=",
                                "0.3.1"
                            ]
                        ]
                    },
                    {
                        "name": "r-base",
                        "specs": [
                            [
                                ">=",
                                "3.6,<3.7.0a0"
                            ]
                        ]
                    },
                    {
                        "name": "r-goalie",
                        "specs": [
                            [
                                ">=",
                                "0.4.1"
                            ]
                        ]
                    },
                    {
                        "name": "r-stringi",
                        "specs": [
                            [
                                ">=",
                                "1.4"
                            ]
                        ]
                    }
                ]
            },
            "description": null,
            "distribution_type": "conda",
            "download_url": "//api.anaconda.org/download/bioconda/r-syntactic/0.3.9/noarch/r-syntactic-0.3.9-r36_0.tar.bz2",
            "full_name": "bioconda/r-syntactic/0.3.9/noarch/r-syntactic-0.3.9-r36_0.tar.bz2",
            "labels": [
                "main"
            ],
            "md5": "4fa2b9324d3c7dccbadaa4c7e8a6627f",
            "ndownloads": 44,
            "owner": "bioconda",
            "size": 110553,
            "type": "conda",
            "upload_time": "2020-04-07 13:38:44.106000+00:00",
            "version": "0.3.9"
        },
        {
            "attrs": {
                "arch": null,
                "build": "r40_1",
                "build_number": 1,
                "depends": [
                    "r-acidbase >=0.1.4",
                    "r-acidgenerics >=0.3.1",
                    "r-base >=4.0,<4.1.0a0",
                    "r-goalie >=0.4.1",
                    "r-stringi >=1.4"
                ],
                "has_prefix": false,
                "license": "MIT",
                "machine": null,
                "noarch": "generic",
                "operatingsystem": null,
                "platform": null,
                "subdir": "noarch",
                "target-triplet": "None-any-None",
                "timestamp": 1589468319677
            },
            "basename": "noarch/r-syntactic-0.3.9-r40_1.tar.bz2",
            "dependencies": {
                "depends": [
                    {
                        "name": "r-acidbase",
                        "specs": [
                            [
                                ">=",
                                "0.1.4"
                            ]
                        ]
                    },
                    {
                        "name": "r-acidgenerics",
                        "specs": [
                            [
                                ">=",
                                "0.3.1"
                            ]
                        ]
                    },
                    {
                        "name": "r-base",
                        "specs": [
                            [
                                ">=",
                                "4.0,<4.1.0a0"
                            ]
                        ]
                    },
                    {
                        "name": "r-goalie",
                        "specs": [
                            [
                                ">=",
                                "0.4.1"
                            ]
                        ]
                    },
                    {
                        "name": "r-stringi",
                        "specs": [
                            [
                                ">=",
                                "1.4"
                            ]
                        ]
                    }
                ]
            },
            "description": null,
            "distribution_type": "conda",
            "download_url": "//api.anaconda.org/download/bioconda/r-syntactic/0.3.9/noarch/r-syntactic-0.3.9-r40_1.tar.bz2",
            "full_name": "bioconda/r-syntactic/0.3.9/noarch/r-syntactic-0.3.9-r40_1.tar.bz2",
            "labels": [
                "main"
            ],
            "md5": "190948cd058766680063410159d98985",
            "ndownloads": 44,
            "owner": "bioconda",
            "size": 111626,
            "type": "conda",
            "upload_time": "2020-05-14 15:03:53.809000+00:00",
            "version": "0.3.9"
        },
        {
            "attrs": {
                "arch": null,
                "build": "r40_0",
                "build_number": 0,
                "depends": [
                    "r-acidbase >=0.1.9",
                    "r-acidgenerics >=0.3.6",
                    "r-base >=4.0,<4.1.0a0",
                    "r-goalie >=0.4.4",
                    "r-stringi >=1.4.6",
                    "r-stringr >=1.4"
                ],
                "has_prefix": false,
                "license": "GPL-3",
                "machine": null,
                "noarch": "generic",
                "operatingsystem": null,
                "platform": null,
                "subdir": "noarch",
                "target-triplet": "None-any-None",
                "timestamp": 1592406308814
            },
            "basename": "noarch/r-syntactic-0.3.10-r40_0.tar.bz2",
            "dependencies": {
                "depends": [
                    {
                        "name": "r-acidbase",
                        "specs": [
                            [
                                ">=",
                                "0.1.9"
                            ]
                        ]
                    },
                    {
                        "name": "r-acidgenerics",
                        "specs": [
                            [
                                ">=",
                                "0.3.6"
                            ]
                        ]
                    },
                    {
                        "name": "r-base",
                        "specs": [
                            [
                                ">=",
                                "4.0,<4.1.0a0"
                            ]
                        ]
                    },
                    {
                        "name": "r-goalie",
                        "specs": [
                            [
                                ">=",
                                "0.4.4"
                            ]
                        ]
                    },
                    {
                        "name": "r-stringi",
                        "specs": [
                            [
                                ">=",
                                "1.4.6"
                            ]
                        ]
                    },
                    {
                        "name": "r-stringr",
                        "specs": [
                            [
                                ">=",
                                "1.4"
                            ]
                        ]
                    }
                ]
            },
            "description": null,
            "distribution_type": "conda",
            "download_url": "//api.anaconda.org/download/bioconda/r-syntactic/0.3.10/noarch/r-syntactic-0.3.10-r40_0.tar.bz2",
            "full_name": "bioconda/r-syntactic/0.3.10/noarch/r-syntactic-0.3.10-r40_0.tar.bz2",
            "labels": [
                "main"
            ],
            "md5": "6ef683e78e2d0745c913ed03c05c8191",
            "ndownloads": 28,
            "owner": "bioconda",
            "size": 117865,
            "type": "conda",
            "upload_time": "2020-06-17 15:09:26.013000+00:00",
            "version": "0.3.10"
        },
        {
            "attrs": {
                "arch": null,
                "build": "r40_0",
                "build_number": 0,
                "depends": [
                    "r-acidbase >=0.1.9",
                    "r-acidgenerics >=0.3.6",
                    "r-base >=4.0,<4.1.0a0",
                    "r-goalie >=0.4.4",
                    "r-stringi >=1.4.6",
                    "r-stringr >=1.4"
                ],
                "has_prefix": false,
                "license": "GPL-3",
                "machine": null,
                "noarch": "generic",
                "operatingsystem": null,
                "platform": null,
                "subdir": "noarch",
                "target-triplet": "None-any-None",
                "timestamp": 1594244396136
            },
            "basename": "noarch/r-syntactic-0.4.0-r40_0.tar.bz2",
            "dependencies": {
                "depends": [
                    {
                        "name": "r-acidbase",
                        "specs": [
                            [
                                ">=",
                                "0.1.9"
                            ]
                        ]
                    },
                    {
                        "name": "r-acidgenerics",
                        "specs": [
                            [
                                ">=",
                                "0.3.6"
                            ]
                        ]
                    },
                    {
                        "name": "r-base",
                        "specs": [
                            [
                                ">=",
                                "4.0,<4.1.0a0"
                            ]
                        ]
                    },
                    {
                        "name": "r-goalie",
                        "specs": [
                            [
                                ">=",
                                "0.4.4"
                            ]
                        ]
                    },
                    {
                        "name": "r-stringi",
                        "specs": [
                            [
                                ">=",
                                "1.4.6"
                            ]
                        ]
                    },
                    {
                        "name": "r-stringr",
                        "specs": [
                            [
                                ">=",
                                "1.4"
                            ]
                        ]
                    }
                ]
            },
            "description": null,
            "distribution_type": "conda",
            "download_url": "//api.anaconda.org/download/bioconda/r-syntactic/0.4.0/noarch/r-syntactic-0.4.0-r40_0.tar.bz2",
            "full_name": "bioconda/r-syntactic/0.4.0/noarch/r-syntactic-0.4.0-r40_0.tar.bz2",
            "labels": [
                "main"
            ],
            "md5": "79a486766e587ad8c8206b4bb99e25ea",
            "ndownloads": 6,
            "owner": "bioconda",
            "size": 121505,
            "type": "conda",
            "upload_time": "2020-07-08 21:43:49.334000+00:00",
            "version": "0.4.0"
        },
        {
            "attrs": {
                "arch": null,
                "build": "r40_0",
                "build_number": 0,
                "depends": [
                    "r-acidbase >=0.1.9",
                    "r-acidgenerics >=0.3.6",
                    "r-base >=4.0,<4.1.0a0",
                    "r-goalie >=0.4.4",
                    "r-stringi >=1.4.6",
                    "r-stringr >=1.4"
                ],
                "has_prefix": false,
                "license": "GPL-3",
                "machine": null,
                "noarch": "generic",
                "operatingsystem": null,
                "platform": null,
                "subdir": "noarch",
                "target-triplet": "None-any-None",
                "timestamp": 1594379084670
            },
            "basename": "noarch/r-syntactic-0.4.1-r40_0.tar.bz2",
            "dependencies": {
                "depends": [
                    {
                        "name": "r-acidbase",
                        "specs": [
                            [
                                ">=",
                                "0.1.9"
                            ]
                        ]
                    },
                    {
                        "name": "r-acidgenerics",
                        "specs": [
                            [
                                ">=",
                                "0.3.6"
                            ]
                        ]
                    },
                    {
                        "name": "r-base",
                        "specs": [
                            [
                                ">=",
                                "4.0,<4.1.0a0"
                            ]
                        ]
                    },
                    {
                        "name": "r-goalie",
                        "specs": [
                            [
                                ">=",
                                "0.4.4"
                            ]
                        ]
                    },
                    {
                        "name": "r-stringi",
                        "specs": [
                            [
                                ">=",
                                "1.4.6"
                            ]
                        ]
                    },
                    {
                        "name": "r-stringr",
                        "specs": [
                            [
                                ">=",
                                "1.4"
                            ]
                        ]
                    }
                ]
            },
            "description": null,
            "distribution_type": "conda",
            "download_url": "//api.anaconda.org/download/bioconda/r-syntactic/0.4.1/noarch/r-syntactic-0.4.1-r40_0.tar.bz2",
            "full_name": "bioconda/r-syntactic/0.4.1/noarch/r-syntactic-0.4.1-r40_0.tar.bz2",
            "labels": [
                "main"
            ],
            "md5": "5d73878948987e522d6a754325786fe6",
            "ndownloads": 21,
            "owner": "bioconda",
            "size": 121462,
            "type": "conda",
            "upload_time": "2020-07-10 11:08:38.938000+00:00",
            "version": "0.4.1"
        },
        {
            "attrs": {
                "arch": null,
                "build": "r40_0",
                "build_number": 0,
                "depends": [
                    "r-acidbase >=0.1.9",
                    "r-acidgenerics >=0.3.6",
                    "r-base >=4.0,<4.1.0a0",
                    "r-goalie >=0.4.4",
                    "r-stringi >=1.4.6",
                    "r-stringr >=1.4"
                ],
                "has_prefix": false,
                "license": "GPL-3",
                "machine": null,
                "noarch": "generic",
                "operatingsystem": null,
                "platform": null,
                "subdir": "noarch",
                "target-triplet": "None-any-None",
                "timestamp": 1596112624936
            },
            "basename": "noarch/r-syntactic-0.4.2-r40_0.tar.bz2",
            "dependencies": {
                "depends": [
                    {
                        "name": "r-acidbase",
                        "specs": [
                            [
                                ">=",
                                "0.1.9"
                            ]
                        ]
                    },
                    {
                        "name": "r-acidgenerics",
                        "specs": [
                            [
                                ">=",
                                "0.3.6"
                            ]
                        ]
                    },
                    {
                        "name": "r-base",
                        "specs": [
                            [
                                ">=",
                                "4.0,<4.1.0a0"
                            ]
                        ]
                    },
                    {
                        "name": "r-goalie",
                        "specs": [
                            [
                                ">=",
                                "0.4.4"
                            ]
                        ]
                    },
                    {
                        "name": "r-stringi",
                        "specs": [
                            [
                                ">=",
                                "1.4.6"
                            ]
                        ]
                    },
                    {
                        "name": "r-stringr",
                        "specs": [
                            [
                                ">=",
                                "1.4"
                            ]
                        ]
                    }
                ]
            },
            "description": null,
            "distribution_type": "conda",
            "download_url": "//api.anaconda.org/download/bioconda/r-syntactic/0.4.2/noarch/r-syntactic-0.4.2-r40_0.tar.bz2",
            "full_name": "bioconda/r-syntactic/0.4.2/noarch/r-syntactic-0.4.2-r40_0.tar.bz2",
            "labels": [
                "main"
            ],
            "md5": "c0ab3af5da9b8adf15aaf0278ceea2cc",
            "ndownloads": 16,
            "owner": "bioconda",
            "size": 121639,
            "type": "conda",
            "upload_time": "2020-07-30 12:41:09.123000+00:00",
            "version": "0.4.2"
        }
    ],
    "full_name": "bioconda/r-syntactic",
    "home": "https://github.com/steinbaugh/syntactic",
    "html_url": "http://anaconda.org/bioconda/r-syntactic",
    "id": "5c645177d9c2cf34c4e70e6c",
    "latest_version": "0.4.2",
    "license": "GPL-3",
    "license_url": null,
    "modified_at": "2020-07-30 12:41:09.418000+00:00",
    "name": "r-syntactic",
    "owner": {
        "company": "",
        "created_at": "2015-09-11 22:59:20.880000+00:00",
        "description": "Bioconda is a distribution of bioinformatics software realized as a channel for the versatile Conda package manager.",
        "location": "",
        "login": "bioconda",
        "name": "bioconda",
        "url": "",
        "user_type": "org"
    },
    "package_types": [
        "conda"
    ],
    "public": true,
    "releases": [
        {
            "distributions": [],
            "full_name": "bioconda/r-syntactic/0.1.4",
            "version": "0.1.4"
        },
        {
            "distributions": [],
            "full_name": "bioconda/r-syntactic/0.1.5",
            "version": "0.1.5"
        },
        {
            "distributions": [],
            "full_name": "bioconda/r-syntactic/0.1.9",
            "version": "0.1.9"
        },
        {
            "distributions": [],
            "full_name": "bioconda/r-syntactic/0.1.10",
            "version": "0.1.10"
        },
        {
            "distributions": [],
            "full_name": "bioconda/r-syntactic/0.2.0",
            "version": "0.2.0"
        },
        {
            "distributions": [],
            "full_name": "bioconda/r-syntactic/0.2.1",
            "version": "0.2.1"
        },
        {
            "distributions": [],
            "full_name": "bioconda/r-syntactic/0.2.3",
            "version": "0.2.3"
        },
        {
            "distributions": [],
            "full_name": "bioconda/r-syntactic/0.2.4",
            "version": "0.2.4"
        },
        {
            "distributions": [],
            "full_name": "bioconda/r-syntactic/0.2.5",
            "version": "0.2.5"
        },
        {
            "distributions": [],
            "full_name": "bioconda/r-syntactic/0.2.6",
            "version": "0.2.6"
        },
        {
            "distributions": [],
            "full_name": "bioconda/r-syntactic/0.3.0",
            "version": "0.3.0"
        },
        {
            "distributions": [],
            "full_name": "bioconda/r-syntactic/0.3.1",
            "version": "0.3.1"
        },
        {
            "distributions": [],
            "full_name": "bioconda/r-syntactic/0.3.2",
            "version": "0.3.2"
        },
        {
            "distributions": [],
            "full_name": "bioconda/r-syntactic/0.3.3",
            "version": "0.3.3"
        },
        {
            "distributions": [],
            "full_name": "bioconda/r-syntactic/0.3.4",
            "version": "0.3.4"
        },
        {
            "distributions": [],
            "full_name": "bioconda/r-syntactic/0.3.5",
            "version": "0.3.5"
        },
        {
            "distributions": [],
            "full_name": "bioconda/r-syntactic/0.3.7",
            "version": "0.3.7"
        },
        {
            "distributions": [],
            "full_name": "bioconda/r-syntactic/0.3.8",
            "version": "0.3.8"
        },
        {
            "distributions": [],
            "full_name": "bioconda/r-syntactic/0.3.9",
            "version": "0.3.9"
        },
        {
            "distributions": [],
            "full_name": "bioconda/r-syntactic/0.3.10",
            "version": "0.3.10"
        },
        {
            "distributions": [],
            "full_name": "bioconda/r-syntactic/0.4.0",
            "version": "0.4.0"
        },
        {
            "distributions": [],
            "full_name": "bioconda/r-syntactic/0.4.1",
            "version": "0.4.1"
        },
        {
            "distributions": [],
            "full_name": "bioconda/r-syntactic/0.4.2",
            "version": "0.4.2"
        }
    ],
    "revision": 46,
    "source_git_tag": null,
    "source_git_url": null,
    "summary": "Make syntactically valid names out of character vectors.",
    "upvoted": 0,
    "url": "http://api.anaconda.org/packages/bioconda/r-syntactic",
    "versions": [
        "0.1.4",
        "0.1.5",
        "0.1.9",
        "0.1.10",
        "0.2.0",
        "0.2.1",
        "0.2.3",
        "0.2.4",
        "0.2.5",
        "0.2.6",
        "0.3.0",
        "0.3.1",
        "0.3.2",
        "0.3.3",
        "0.3.4",
        "0.3.5",
        "0.3.7",
        "0.3.8",
        "0.3.9",
        "0.3.10",
        "0.4.0",
        "0.4.1",
        "0.4.2"
    ],
    "watchers": 1
}