{
    "app_entry": {},
    "app_summary": {},
    "app_type": {},
    "builds": [
        "r40h516909a_0",
        "r40h0b31af3_0"
    ],
    "conda_platforms": [
        "linux-64",
        "osx-64"
    ],
    "created_at": "2020-07-17 06:23:32.865000+00:00",
    "description": "",
    "dev_url": null,
    "doc_url": null,
    "files": [
        {
            "attrs": {
                "arch": "x86_64",
                "build": "r40h516909a_0",
                "build_number": 0,
                "depends": [
                    "bioconductor-deseq2",
                    "bioconductor-genomicscores",
                    "libgcc-ng >=7.5.0",
                    "r-base >=4.0,<4.1.0a0",
                    "r-data.table",
                    "r-dplyr"
                ],
                "has_prefix": false,
                "license": "UNKOWN",
                "license_family": "OTHER",
                "machine": "x86_64",
                "operatingsystem": "linux",
                "platform": "linux",
                "subdir": "linux-64",
                "target-triplet": "x86_64-any-linux",
                "timestamp": 1594878993585
            },
            "basename": "linux-64/r-tmae-0.9.0-r40h516909a_0.tar.bz2",
            "dependencies": {
                "depends": [
                    {
                        "name": "bioconductor-deseq2",
                        "specs": []
                    },
                    {
                        "name": "bioconductor-genomicscores",
                        "specs": []
                    },
                    {
                        "name": "libgcc-ng",
                        "specs": [
                            [
                                ">=",
                                "7.5.0"
                            ]
                        ]
                    },
                    {
                        "name": "r-base",
                        "specs": [
                            [
                                ">=",
                                "4.0,<4.1.0a0"
                            ]
                        ]
                    },
                    {
                        "name": "r-data.table",
                        "specs": []
                    },
                    {
                        "name": "r-dplyr",
                        "specs": []
                    }
                ]
            },
            "description": null,
            "distribution_type": "conda",
            "download_url": "//api.anaconda.org/download/bioconda/r-tmae/0.9.0/linux-64/r-tmae-0.9.0-r40h516909a_0.tar.bz2",
            "full_name": "bioconda/r-tmae/0.9.0/linux-64/r-tmae-0.9.0-r40h516909a_0.tar.bz2",
            "labels": [
                "main"
            ],
            "md5": "55c8bc5aecd2944fca38ce4beb391304",
            "ndownloads": 73,
            "owner": "bioconda",
            "size": 157281,
            "type": "conda",
            "upload_time": "2020-07-17 06:23:33.658000+00:00",
            "version": "0.9.0"
        },
        {
            "attrs": {
                "arch": "x86_64",
                "build": "r40h0b31af3_0",
                "build_number": 0,
                "depends": [
                    "bioconductor-deseq2",
                    "bioconductor-genomicscores",
                    "r-base >=4.0,<4.1.0a0",
                    "r-data.table",
                    "r-dplyr"
                ],
                "has_prefix": false,
                "license": "UNKOWN",
                "license_family": "OTHER",
                "machine": "x86_64",
                "operatingsystem": "darwin",
                "platform": "osx",
                "subdir": "osx-64",
                "target-triplet": "x86_64-any-darwin",
                "timestamp": 1594883260074
            },
            "basename": "osx-64/r-tmae-0.9.0-r40h0b31af3_0.tar.bz2",
            "dependencies": {
                "depends": [
                    {
                        "name": "bioconductor-deseq2",
                        "specs": []
                    },
                    {
                        "name": "bioconductor-genomicscores",
                        "specs": []
                    },
                    {
                        "name": "r-base",
                        "specs": [
                            [
                                ">=",
                                "4.0,<4.1.0a0"
                            ]
                        ]
                    },
                    {
                        "name": "r-data.table",
                        "specs": []
                    },
                    {
                        "name": "r-dplyr",
                        "specs": []
                    }
                ]
            },
            "description": null,
            "distribution_type": "conda",
            "download_url": "//api.anaconda.org/download/bioconda/r-tmae/0.9.0/osx-64/r-tmae-0.9.0-r40h0b31af3_0.tar.bz2",
            "full_name": "bioconda/r-tmae/0.9.0/osx-64/r-tmae-0.9.0-r40h0b31af3_0.tar.bz2",
            "labels": [
                "main"
            ],
            "md5": "4995f45881e4f7936270019201e5601d",
            "ndownloads": 41,
            "owner": "bioconda",
            "size": 157598,
            "type": "conda",
            "upload_time": "2020-07-17 06:23:38.401000+00:00",
            "version": "0.9.0"
        }
    ],
    "full_name": "bioconda/r-tmae",
    "home": "https://github.com/mumichae/tMAE",
    "html_url": "http://anaconda.org/bioconda/r-tmae",
    "id": "5f1143e4778a870a1f87f6fb",
    "latest_version": "0.9.0",
    "license": "UNKOWN",
    "license_url": null,
    "modified_at": "2020-07-17 06:23:38.765000+00:00",
    "name": "r-tmae",
    "owner": {
        "company": "",
        "created_at": "2015-09-11 22:59:20.880000+00:00",
        "description": "Bioconda is a distribution of bioinformatics software realized as a channel for the versatile Conda package manager.",
        "location": "",
        "login": "bioconda",
        "name": "bioconda",
        "url": "",
        "user_type": "org"
    },
    "package_types": [
        "conda"
    ],
    "public": true,
    "releases": [
        {
            "distributions": [],
            "full_name": "bioconda/r-tmae/0.9.0",
            "version": "0.9.0"
        }
    ],
    "revision": 2,
    "source_git_tag": null,
    "source_git_url": null,
    "summary": "Tests and visualizes for Mono-allelic expressed variants.",
    "upvoted": 0,
    "url": "http://api.anaconda.org/packages/bioconda/r-tmae",
    "versions": [
        "0.9.0"
    ],
    "watchers": 1
}