{
    "app_entry": {},
    "app_summary": {},
    "app_type": {},
    "builds": [
        "1",
        "0",
        "ha92aebf_2",
        "hd28b015_2"
    ],
    "conda_platforms": [
        "linux-64",
        "osx-64"
    ],
    "created_at": "2017-01-12 11:56:23.296000+00:00",
    "description": "None",
    "dev_url": {},
    "doc_url": {},
    "files": [
        {
            "attrs": {
                "arch": "x86_64",
                "build": "1",
                "build_number": 1,
                "depends": [
                    "zlib 1.2.11*"
                ],
                "has_prefix": false,
                "machine": "x86_64",
                "operatingsystem": "darwin",
                "platform": "osx",
                "subdir": "osx-64",
                "target-triplet": "x86_64-any-darwin"
            },
            "basename": "osx-64/rascaf-20161129-1.tar.bz2",
            "dependencies": {
                "depends": [
                    {
                        "name": "zlib",
                        "specs": [
                            [
                                "==",
                                "1.2.11"
                            ]
                        ]
                    }
                ]
            },
            "description": null,
            "distribution_type": "conda",
            "download_url": "//api.anaconda.org/download/bioconda/rascaf/20161129/osx-64/rascaf-20161129-1.tar.bz2",
            "full_name": "bioconda/rascaf/20161129/osx-64/rascaf-20161129-1.tar.bz2",
            "labels": [
                "main",
                "cf201901"
            ],
            "md5": "6b7be6e132f47b05354c36fedbe35cef",
            "ndownloads": 26,
            "owner": "bioconda",
            "size": 157499,
            "type": "conda",
            "upload_time": "2018-02-04 04:54:07.785000+00:00",
            "version": "20161129"
        },
        {
            "attrs": {
                "arch": "x86_64",
                "build": "ha92aebf_2",
                "build_number": 2,
                "depends": [
                    "zlib >=1.2.11,<1.3.0a0"
                ],
                "has_prefix": false,
                "machine": "x86_64",
                "operatingsystem": "darwin",
                "platform": "osx",
                "subdir": "osx-64",
                "target-triplet": "x86_64-any-darwin",
                "timestamp": 1529779634602
            },
            "basename": "osx-64/rascaf-20161129-ha92aebf_2.tar.bz2",
            "dependencies": {
                "depends": [
                    {
                        "name": "zlib",
                        "specs": [
                            [
                                ">=",
                                "1.2.11,<1.3.0a0"
                            ]
                        ]
                    }
                ]
            },
            "description": null,
            "distribution_type": "conda",
            "download_url": "//api.anaconda.org/download/bioconda/rascaf/20161129/osx-64/rascaf-20161129-ha92aebf_2.tar.bz2",
            "full_name": "bioconda/rascaf/20161129/osx-64/rascaf-20161129-ha92aebf_2.tar.bz2",
            "labels": [
                "main",
                "cf201901"
            ],
            "md5": "082caedb16ec6b5d1c245189a3a8935e",
            "ndownloads": 732,
            "owner": "bioconda",
            "size": 158000,
            "type": "conda",
            "upload_time": "2018-06-23 18:47:23.054000+00:00",
            "version": "20161129"
        },
        {
            "attrs": {
                "arch": "x86_64",
                "build": "0",
                "build_number": 0,
                "depends": [
                    "libgcc",
                    "zlib"
                ],
                "has_prefix": true,
                "machine": "x86_64",
                "operatingsystem": "linux",
                "platform": "linux",
                "subdir": "linux-64",
                "target-triplet": "x86_64-any-linux"
            },
            "basename": "linux-64/rascaf-20161129-0.tar.bz2",
            "dependencies": {
                "depends": [
                    {
                        "name": "libgcc",
                        "specs": []
                    },
                    {
                        "name": "zlib",
                        "specs": []
                    }
                ]
            },
            "description": null,
            "distribution_type": "conda",
            "download_url": "//api.anaconda.org/download/bioconda/rascaf/20161129/linux-64/rascaf-20161129-0.tar.bz2",
            "full_name": "bioconda/rascaf/20161129/linux-64/rascaf-20161129-0.tar.bz2",
            "labels": [
                "main",
                "cf201901"
            ],
            "md5": "6f6e44c9a123379b8dc1309abfc90b9b",
            "ndownloads": 487,
            "owner": "bioconda",
            "size": 387547,
            "type": "conda",
            "upload_time": "2017-01-12 11:56:23.700000+00:00",
            "version": "20161129"
        },
        {
            "attrs": {
                "arch": "x86_64",
                "build": "0",
                "build_number": 0,
                "depends": [
                    "zlib"
                ],
                "has_prefix": false,
                "machine": "x86_64",
                "operatingsystem": "darwin",
                "platform": "osx",
                "subdir": "osx-64",
                "target-triplet": "x86_64-any-darwin"
            },
            "basename": "osx-64/rascaf-20161129-0.tar.bz2",
            "dependencies": {
                "depends": [
                    {
                        "name": "zlib",
                        "specs": []
                    }
                ]
            },
            "description": null,
            "distribution_type": "conda",
            "download_url": "//api.anaconda.org/download/bioconda/rascaf/20161129/osx-64/rascaf-20161129-0.tar.bz2",
            "full_name": "bioconda/rascaf/20161129/osx-64/rascaf-20161129-0.tar.bz2",
            "labels": [
                "main",
                "cf201901"
            ],
            "md5": "d56a5e0d56a5a97953229ae1078d1949",
            "ndownloads": 26,
            "owner": "bioconda",
            "size": 152295,
            "type": "conda",
            "upload_time": "2017-01-12 12:29:24.209000+00:00",
            "version": "20161129"
        },
        {
            "attrs": {
                "arch": "x86_64",
                "build": "1",
                "build_number": 1,
                "depends": [
                    "libgcc",
                    "zlib 1.2.11*"
                ],
                "has_prefix": true,
                "machine": "x86_64",
                "operatingsystem": "linux",
                "platform": "linux",
                "subdir": "linux-64",
                "target-triplet": "x86_64-any-linux"
            },
            "basename": "linux-64/rascaf-20161129-1.tar.bz2",
            "dependencies": {
                "depends": [
                    {
                        "name": "libgcc",
                        "specs": []
                    },
                    {
                        "name": "zlib",
                        "specs": [
                            [
                                "==",
                                "1.2.11"
                            ]
                        ]
                    }
                ]
            },
            "description": null,
            "distribution_type": "conda",
            "download_url": "//api.anaconda.org/download/bioconda/rascaf/20161129/linux-64/rascaf-20161129-1.tar.bz2",
            "full_name": "bioconda/rascaf/20161129/linux-64/rascaf-20161129-1.tar.bz2",
            "labels": [
                "main",
                "cf201901"
            ],
            "md5": "b5a266049d1db8f5b8da58bf15ea41a7",
            "ndownloads": 136,
            "owner": "bioconda",
            "size": 395387,
            "type": "conda",
            "upload_time": "2018-02-05 08:10:43.630000+00:00",
            "version": "20161129"
        },
        {
            "attrs": {
                "arch": "x86_64",
                "build": "hd28b015_2",
                "build_number": 2,
                "depends": [
                    "libgcc-ng >=4.9",
                    "libstdcxx-ng >=4.9",
                    "zlib >=1.2.11,<1.3.0a0"
                ],
                "has_prefix": true,
                "license": "GPL2",
                "machine": "x86_64",
                "operatingsystem": "linux",
                "platform": "linux",
                "subdir": "linux-64",
                "target-triplet": "x86_64-any-linux",
                "timestamp": 1532069577826
            },
            "basename": "linux-64/rascaf-20161129-hd28b015_2.tar.bz2",
            "dependencies": {
                "depends": [
                    {
                        "name": "libgcc-ng",
                        "specs": [
                            [
                                ">=",
                                "4.9"
                            ]
                        ]
                    },
                    {
                        "name": "libstdcxx-ng",
                        "specs": [
                            [
                                ">=",
                                "4.9"
                            ]
                        ]
                    },
                    {
                        "name": "zlib",
                        "specs": [
                            [
                                ">=",
                                "1.2.11,<1.3.0a0"
                            ]
                        ]
                    }
                ]
            },
            "description": null,
            "distribution_type": "conda",
            "download_url": "//api.anaconda.org/download/bioconda/rascaf/20161129/linux-64/rascaf-20161129-hd28b015_2.tar.bz2",
            "full_name": "bioconda/rascaf/20161129/linux-64/rascaf-20161129-hd28b015_2.tar.bz2",
            "labels": [
                "main",
                "cf201901"
            ],
            "md5": "c442dbd1ccd5aa29d418181ab0a64943",
            "ndownloads": 120,
            "owner": "bioconda",
            "size": 373534,
            "type": "conda",
            "upload_time": "2018-07-20 06:54:12.986000+00:00",
            "version": "20161129"
        }
    ],
    "full_name": "bioconda/rascaf",
    "home": "None",
    "html_url": "http://anaconda.org/bioconda/rascaf",
    "id": "58776ee735eac30fdd5edd9b",
    "latest_version": "20161129",
    "license": {},
    "license_url": {},
    "modified_at": "2018-07-20 06:54:13.482000+00:00",
    "name": "rascaf",
    "owner": {
        "company": "",
        "created_at": "2015-09-11 22:59:20.880000+00:00",
        "description": "Bioconda is a distribution of bioinformatics software realized as a channel for the versatile Conda package manager.",
        "location": "",
        "login": "bioconda",
        "name": "bioconda",
        "url": "",
        "user_type": "org"
    },
    "package_types": [
        "conda"
    ],
    "public": true,
    "releases": [
        {
            "distributions": [],
            "full_name": "bioconda/rascaf/20161129",
            "version": "20161129"
        }
    ],
    "revision": 1,
    "source_git_tag": {},
    "source_git_url": {},
    "summary": "",
    "upvoted": 0,
    "url": "http://api.anaconda.org/packages/bioconda/rascaf",
    "versions": [
        "20161129"
    ],
    "watchers": 1
}