{
    "app_entry": {},
    "app_summary": {},
    "app_type": {},
    "builds": [
        "he941832_1",
        "0"
    ],
    "conda_platforms": [
        "linux-64"
    ],
    "created_at": "2016-01-25 23:16:55.283000+00:00",
    "description": "None",
    "dev_url": {},
    "doc_url": {},
    "files": [
        {
            "attrs": {
                "arch": "x86_64",
                "build": "0",
                "build_number": 0,
                "depends": [
                    "libgcc",
                    "zlib"
                ],
                "license": "GPLv3",
                "machine": "x86_64",
                "operatingsystem": "linux",
                "platform": "linux",
                "subdir": "linux-64",
                "target-triplet": "x86_64-any-linux"
            },
            "basename": "linux-64/rseg-0.4.9-0.tar.bz2",
            "dependencies": {
                "depends": [
                    {
                        "name": "libgcc",
                        "specs": []
                    },
                    {
                        "name": "zlib",
                        "specs": []
                    }
                ]
            },
            "description": null,
            "distribution_type": "conda",
            "download_url": "//api.anaconda.org/download/bioconda/rseg/0.4.9/linux-64/rseg-0.4.9-0.tar.bz2",
            "full_name": "bioconda/rseg/0.4.9/linux-64/rseg-0.4.9-0.tar.bz2",
            "labels": [
                "main",
                "cf201901"
            ],
            "md5": "0115ca2deef7b12ec0e84e71e57e7e50",
            "ndownloads": 940,
            "owner": "bioconda",
            "size": 826827,
            "type": "conda",
            "upload_time": "2016-01-25 23:16:55.563000+00:00",
            "version": "0.4.9"
        },
        {
            "attrs": {
                "arch": "x86_64",
                "build": "he941832_1",
                "build_number": 1,
                "depends": [
                    "libstdcxx-ng >=4.9",
                    "zlib >=1.2.11,<1.3.0a0"
                ],
                "has_prefix": false,
                "license": "GPLv3",
                "machine": "x86_64",
                "operatingsystem": "linux",
                "platform": "linux",
                "subdir": "linux-64",
                "target-triplet": "x86_64-any-linux",
                "timestamp": 1529817363985
            },
            "basename": "linux-64/rseg-0.4.9-he941832_1.tar.bz2",
            "dependencies": {
                "depends": [
                    {
                        "name": "libstdcxx-ng",
                        "specs": [
                            [
                                ">=",
                                "4.9"
                            ]
                        ]
                    },
                    {
                        "name": "zlib",
                        "specs": [
                            [
                                ">=",
                                "1.2.11,<1.3.0a0"
                            ]
                        ]
                    }
                ]
            },
            "description": null,
            "distribution_type": "conda",
            "download_url": "//api.anaconda.org/download/bioconda/rseg/0.4.9/linux-64/rseg-0.4.9-he941832_1.tar.bz2",
            "full_name": "bioconda/rseg/0.4.9/linux-64/rseg-0.4.9-he941832_1.tar.bz2",
            "labels": [
                "main",
                "cf201901"
            ],
            "md5": "5819ee1c1577ab6c794bf31941ed1f9b",
            "ndownloads": 1032,
            "owner": "bioconda",
            "size": 829266,
            "type": "conda",
            "upload_time": "2018-06-24 05:17:19.169000+00:00",
            "version": "0.4.9"
        }
    ],
    "full_name": "bioconda/rseg",
    "home": "None",
    "html_url": "http://anaconda.org/bioconda/rseg",
    "id": "56a6ace730da2b515a2f9d07",
    "latest_version": "0.4.9",
    "license": "GPLv3",
    "license_url": {},
    "modified_at": "2018-06-24 05:17:19.818000+00:00",
    "name": "rseg",
    "owner": {
        "company": "",
        "created_at": "2015-09-11 22:59:20.880000+00:00",
        "description": "Bioconda is a distribution of bioinformatics software realized as a channel for the versatile Conda package manager.",
        "location": "",
        "login": "bioconda",
        "name": "bioconda",
        "url": "",
        "user_type": "org"
    },
    "package_types": [
        "conda"
    ],
    "public": true,
    "releases": [
        {
            "distributions": [
                "linux-64/rseg-0.4.9-0.tar.bz2"
            ],
            "full_name": "bioconda/rseg/0.4.9",
            "version": "0.4.9"
        }
    ],
    "revision": 2,
    "source_git_tag": {},
    "source_git_url": {},
    "summary": "The RSEG software package is used to analyze ChIP-Seq data, especially for identifying genomic regions and their boundaries marked by diffusive histone modification markers, such as H3K36me3 and H3K27me3.",
    "upvoted": 0,
    "url": "http://api.anaconda.org/packages/bioconda/rseg",
    "versions": [
        "0.4.9"
    ],
    "watchers": 1
}