{
    "app_entry": {},
    "app_summary": {},
    "app_type": {},
    "builds": [
        "pl526h4a8c4bd_1",
        "py27pl526hc9558a2_0",
        "he1b5a44_0",
        "py36pl526h770b8ee_0",
        "py36pl526hc9558a2_0",
        "h4a8c4bd_0",
        "py37pl526h770b8ee_0",
        "py37pl526hc9558a2_0",
        "py27pl526h770b8ee_0",
        "pl526he1b5a44_1"
    ],
    "conda_platforms": [
        "linux-64",
        "osx-64"
    ],
    "created_at": "2020-04-04 16:10:40.980000+00:00",
    "description": "",
    "dev_url": "https://gitlab.com/rxdock/rxdock/",
    "doc_url": null,
    "files": [
        {
            "attrs": {
                "arch": "x86_64",
                "build": "py27pl526hc9558a2_0",
                "build_number": 0,
                "depends": [
                    "libgcc-ng >=7.3.0",
                    "libstdcxx-ng >=7.3.0",
                    "numpy",
                    "openbabel",
                    "perl >=5.26.2,<5.26.3.0a0",
                    "popt >=1.16,<2.0a0",
                    "python >=2.7,<2.8.0a0",
                    "python_abi 2.7.* *_cp27mu"
                ],
                "has_prefix": true,
                "license": "LGPL-3.0",
                "machine": "x86_64",
                "operatingsystem": "linux",
                "platform": "linux",
                "subdir": "linux-64",
                "target-triplet": "x86_64-any-linux",
                "timestamp": 1586006721972
            },
            "basename": "linux-64/rxdock-2013.1.0_b93747f3-py27pl526hc9558a2_0.tar.bz2",
            "dependencies": {
                "depends": [
                    {
                        "name": "libgcc-ng",
                        "specs": [
                            [
                                ">=",
                                "7.3.0"
                            ]
                        ]
                    },
                    {
                        "name": "libstdcxx-ng",
                        "specs": [
                            [
                                ">=",
                                "7.3.0"
                            ]
                        ]
                    },
                    {
                        "name": "numpy",
                        "specs": []
                    },
                    {
                        "name": "openbabel",
                        "specs": []
                    },
                    {
                        "name": "perl",
                        "specs": [
                            [
                                ">=",
                                "5.26.2,<5.26.3.0a0"
                            ]
                        ]
                    },
                    {
                        "name": "popt",
                        "specs": [
                            [
                                ">=",
                                "1.16,<2.0a0"
                            ]
                        ]
                    },
                    {
                        "name": "python",
                        "specs": [
                            [
                                ">=",
                                "2.7,<2.8.0a0"
                            ]
                        ]
                    },
                    {
                        "name": "python_abi",
                        "specs": [
                            [
                                "==",
                                "2.7.* *_cp27mu"
                            ]
                        ]
                    }
                ]
            },
            "description": null,
            "distribution_type": "conda",
            "download_url": "//api.anaconda.org/download/bioconda/rxdock/2013.1.0_b93747f3/linux-64/rxdock-2013.1.0_b93747f3-py27pl526hc9558a2_0.tar.bz2",
            "full_name": "bioconda/rxdock/2013.1.0_b93747f3/linux-64/rxdock-2013.1.0_b93747f3-py27pl526hc9558a2_0.tar.bz2",
            "labels": [
                "main"
            ],
            "md5": "92c66f2046485052b15adc22e99ef8fc",
            "ndownloads": 19,
            "owner": "bioconda",
            "size": 2431590,
            "type": "conda",
            "upload_time": "2020-04-04 16:10:41.782000+00:00",
            "version": "2013.1.0_b93747f3"
        },
        {
            "attrs": {
                "arch": "x86_64",
                "build": "py36pl526hc9558a2_0",
                "build_number": 0,
                "depends": [
                    "libgcc-ng >=7.3.0",
                    "libstdcxx-ng >=7.3.0",
                    "numpy",
                    "openbabel",
                    "perl >=5.26.2,<5.26.3.0a0",
                    "popt >=1.16,<2.0a0",
                    "python >=3.6,<3.7.0a0",
                    "python_abi 3.6.* *_cp36m"
                ],
                "has_prefix": true,
                "license": "LGPL-3.0",
                "machine": "x86_64",
                "operatingsystem": "linux",
                "platform": "linux",
                "subdir": "linux-64",
                "target-triplet": "x86_64-any-linux",
                "timestamp": 1586005970080
            },
            "basename": "linux-64/rxdock-2013.1.0_b93747f3-py36pl526hc9558a2_0.tar.bz2",
            "dependencies": {
                "depends": [
                    {
                        "name": "libgcc-ng",
                        "specs": [
                            [
                                ">=",
                                "7.3.0"
                            ]
                        ]
                    },
                    {
                        "name": "libstdcxx-ng",
                        "specs": [
                            [
                                ">=",
                                "7.3.0"
                            ]
                        ]
                    },
                    {
                        "name": "numpy",
                        "specs": []
                    },
                    {
                        "name": "openbabel",
                        "specs": []
                    },
                    {
                        "name": "perl",
                        "specs": [
                            [
                                ">=",
                                "5.26.2,<5.26.3.0a0"
                            ]
                        ]
                    },
                    {
                        "name": "popt",
                        "specs": [
                            [
                                ">=",
                                "1.16,<2.0a0"
                            ]
                        ]
                    },
                    {
                        "name": "python",
                        "specs": [
                            [
                                ">=",
                                "3.6,<3.7.0a0"
                            ]
                        ]
                    },
                    {
                        "name": "python_abi",
                        "specs": [
                            [
                                "==",
                                "3.6.* *_cp36m"
                            ]
                        ]
                    }
                ]
            },
            "description": null,
            "distribution_type": "conda",
            "download_url": "//api.anaconda.org/download/bioconda/rxdock/2013.1.0_b93747f3/linux-64/rxdock-2013.1.0_b93747f3-py36pl526hc9558a2_0.tar.bz2",
            "full_name": "bioconda/rxdock/2013.1.0_b93747f3/linux-64/rxdock-2013.1.0_b93747f3-py36pl526hc9558a2_0.tar.bz2",
            "labels": [
                "main"
            ],
            "md5": "53e7f8387822144ec30e7393f82c9321",
            "ndownloads": 26,
            "owner": "bioconda",
            "size": 2430875,
            "type": "conda",
            "upload_time": "2020-04-04 16:10:43.740000+00:00",
            "version": "2013.1.0_b93747f3"
        },
        {
            "attrs": {
                "arch": "x86_64",
                "build": "py37pl526hc9558a2_0",
                "build_number": 0,
                "depends": [
                    "libgcc-ng >=7.3.0",
                    "libstdcxx-ng >=7.3.0",
                    "numpy",
                    "openbabel",
                    "perl >=5.26.2,<5.26.3.0a0",
                    "popt >=1.16,<2.0a0",
                    "python >=3.7,<3.8.0a0",
                    "python_abi 3.7.* *_cp37m"
                ],
                "has_prefix": true,
                "license": "LGPL-3.0",
                "machine": "x86_64",
                "operatingsystem": "linux",
                "platform": "linux",
                "subdir": "linux-64",
                "target-triplet": "x86_64-any-linux",
                "timestamp": 1586006348495
            },
            "basename": "linux-64/rxdock-2013.1.0_b93747f3-py37pl526hc9558a2_0.tar.bz2",
            "dependencies": {
                "depends": [
                    {
                        "name": "libgcc-ng",
                        "specs": [
                            [
                                ">=",
                                "7.3.0"
                            ]
                        ]
                    },
                    {
                        "name": "libstdcxx-ng",
                        "specs": [
                            [
                                ">=",
                                "7.3.0"
                            ]
                        ]
                    },
                    {
                        "name": "numpy",
                        "specs": []
                    },
                    {
                        "name": "openbabel",
                        "specs": []
                    },
                    {
                        "name": "perl",
                        "specs": [
                            [
                                ">=",
                                "5.26.2,<5.26.3.0a0"
                            ]
                        ]
                    },
                    {
                        "name": "popt",
                        "specs": [
                            [
                                ">=",
                                "1.16,<2.0a0"
                            ]
                        ]
                    },
                    {
                        "name": "python",
                        "specs": [
                            [
                                ">=",
                                "3.7,<3.8.0a0"
                            ]
                        ]
                    },
                    {
                        "name": "python_abi",
                        "specs": [
                            [
                                "==",
                                "3.7.* *_cp37m"
                            ]
                        ]
                    }
                ]
            },
            "description": null,
            "distribution_type": "conda",
            "download_url": "//api.anaconda.org/download/bioconda/rxdock/2013.1.0_b93747f3/linux-64/rxdock-2013.1.0_b93747f3-py37pl526hc9558a2_0.tar.bz2",
            "full_name": "bioconda/rxdock/2013.1.0_b93747f3/linux-64/rxdock-2013.1.0_b93747f3-py37pl526hc9558a2_0.tar.bz2",
            "labels": [
                "main"
            ],
            "md5": "c3033885f8925644b599dcc4e038284a",
            "ndownloads": 88,
            "owner": "bioconda",
            "size": 2431021,
            "type": "conda",
            "upload_time": "2020-04-04 16:10:46.130000+00:00",
            "version": "2013.1.0_b93747f3"
        },
        {
            "attrs": {
                "arch": "x86_64",
                "build": "py27pl526h770b8ee_0",
                "build_number": 0,
                "depends": [
                    "libcxx >=4.0.1",
                    "numpy",
                    "openbabel",
                    "perl >=5.26.2,<5.26.3.0a0",
                    "popt >=1.16,<2.0a0",
                    "python >=2.7,<2.8.0a0",
                    "python_abi 2.7.* *_cp27m"
                ],
                "has_prefix": true,
                "license": "LGPL-3.0",
                "machine": "x86_64",
                "operatingsystem": "darwin",
                "platform": "osx",
                "subdir": "osx-64",
                "target-triplet": "x86_64-any-darwin",
                "timestamp": 1586008396777
            },
            "basename": "osx-64/rxdock-2013.1.0_b93747f3-py27pl526h770b8ee_0.tar.bz2",
            "dependencies": {
                "depends": [
                    {
                        "name": "libcxx",
                        "specs": [
                            [
                                ">=",
                                "4.0.1"
                            ]
                        ]
                    },
                    {
                        "name": "numpy",
                        "specs": []
                    },
                    {
                        "name": "openbabel",
                        "specs": []
                    },
                    {
                        "name": "perl",
                        "specs": [
                            [
                                ">=",
                                "5.26.2,<5.26.3.0a0"
                            ]
                        ]
                    },
                    {
                        "name": "popt",
                        "specs": [
                            [
                                ">=",
                                "1.16,<2.0a0"
                            ]
                        ]
                    },
                    {
                        "name": "python",
                        "specs": [
                            [
                                ">=",
                                "2.7,<2.8.0a0"
                            ]
                        ]
                    },
                    {
                        "name": "python_abi",
                        "specs": [
                            [
                                "==",
                                "2.7.* *_cp27m"
                            ]
                        ]
                    }
                ]
            },
            "description": null,
            "distribution_type": "conda",
            "download_url": "//api.anaconda.org/download/bioconda/rxdock/2013.1.0_b93747f3/osx-64/rxdock-2013.1.0_b93747f3-py27pl526h770b8ee_0.tar.bz2",
            "full_name": "bioconda/rxdock/2013.1.0_b93747f3/osx-64/rxdock-2013.1.0_b93747f3-py27pl526h770b8ee_0.tar.bz2",
            "labels": [
                "main"
            ],
            "md5": "820e624e88f195d3724631c4efb0d4c9",
            "ndownloads": 11,
            "owner": "bioconda",
            "size": 2273943,
            "type": "conda",
            "upload_time": "2020-04-04 16:10:48.079000+00:00",
            "version": "2013.1.0_b93747f3"
        },
        {
            "attrs": {
                "arch": "x86_64",
                "build": "py36pl526h770b8ee_0",
                "build_number": 0,
                "depends": [
                    "libcxx >=4.0.1",
                    "numpy",
                    "openbabel",
                    "perl >=5.26.2,<5.26.3.0a0",
                    "popt >=1.16,<2.0a0",
                    "python >=3.6,<3.7.0a0",
                    "python_abi 3.6.* *_cp36m"
                ],
                "has_prefix": true,
                "license": "LGPL-3.0",
                "machine": "x86_64",
                "operatingsystem": "darwin",
                "platform": "osx",
                "subdir": "osx-64",
                "target-triplet": "x86_64-any-darwin",
                "timestamp": 1586007898725
            },
            "basename": "osx-64/rxdock-2013.1.0_b93747f3-py36pl526h770b8ee_0.tar.bz2",
            "dependencies": {
                "depends": [
                    {
                        "name": "libcxx",
                        "specs": [
                            [
                                ">=",
                                "4.0.1"
                            ]
                        ]
                    },
                    {
                        "name": "numpy",
                        "specs": []
                    },
                    {
                        "name": "openbabel",
                        "specs": []
                    },
                    {
                        "name": "perl",
                        "specs": [
                            [
                                ">=",
                                "5.26.2,<5.26.3.0a0"
                            ]
                        ]
                    },
                    {
                        "name": "popt",
                        "specs": [
                            [
                                ">=",
                                "1.16,<2.0a0"
                            ]
                        ]
                    },
                    {
                        "name": "python",
                        "specs": [
                            [
                                ">=",
                                "3.6,<3.7.0a0"
                            ]
                        ]
                    },
                    {
                        "name": "python_abi",
                        "specs": [
                            [
                                "==",
                                "3.6.* *_cp36m"
                            ]
                        ]
                    }
                ]
            },
            "description": null,
            "distribution_type": "conda",
            "download_url": "//api.anaconda.org/download/bioconda/rxdock/2013.1.0_b93747f3/osx-64/rxdock-2013.1.0_b93747f3-py36pl526h770b8ee_0.tar.bz2",
            "full_name": "bioconda/rxdock/2013.1.0_b93747f3/osx-64/rxdock-2013.1.0_b93747f3-py36pl526h770b8ee_0.tar.bz2",
            "labels": [
                "main"
            ],
            "md5": "7aa8fb363035b9da7bc9eec4477b77bf",
            "ndownloads": 8,
            "owner": "bioconda",
            "size": 2273988,
            "type": "conda",
            "upload_time": "2020-04-04 16:10:50.175000+00:00",
            "version": "2013.1.0_b93747f3"
        },
        {
            "attrs": {
                "arch": "x86_64",
                "build": "py37pl526h770b8ee_0",
                "build_number": 0,
                "depends": [
                    "libcxx >=4.0.1",
                    "numpy",
                    "openbabel",
                    "perl >=5.26.2,<5.26.3.0a0",
                    "popt >=1.16,<2.0a0",
                    "python >=3.7,<3.8.0a0",
                    "python_abi 3.7.* *_cp37m"
                ],
                "has_prefix": true,
                "license": "LGPL-3.0",
                "machine": "x86_64",
                "operatingsystem": "darwin",
                "platform": "osx",
                "subdir": "osx-64",
                "target-triplet": "x86_64-any-darwin",
                "timestamp": 1586008153897
            },
            "basename": "osx-64/rxdock-2013.1.0_b93747f3-py37pl526h770b8ee_0.tar.bz2",
            "dependencies": {
                "depends": [
                    {
                        "name": "libcxx",
                        "specs": [
                            [
                                ">=",
                                "4.0.1"
                            ]
                        ]
                    },
                    {
                        "name": "numpy",
                        "specs": []
                    },
                    {
                        "name": "openbabel",
                        "specs": []
                    },
                    {
                        "name": "perl",
                        "specs": [
                            [
                                ">=",
                                "5.26.2,<5.26.3.0a0"
                            ]
                        ]
                    },
                    {
                        "name": "popt",
                        "specs": [
                            [
                                ">=",
                                "1.16,<2.0a0"
                            ]
                        ]
                    },
                    {
                        "name": "python",
                        "specs": [
                            [
                                ">=",
                                "3.7,<3.8.0a0"
                            ]
                        ]
                    },
                    {
                        "name": "python_abi",
                        "specs": [
                            [
                                "==",
                                "3.7.* *_cp37m"
                            ]
                        ]
                    }
                ]
            },
            "description": null,
            "distribution_type": "conda",
            "download_url": "//api.anaconda.org/download/bioconda/rxdock/2013.1.0_b93747f3/osx-64/rxdock-2013.1.0_b93747f3-py37pl526h770b8ee_0.tar.bz2",
            "full_name": "bioconda/rxdock/2013.1.0_b93747f3/osx-64/rxdock-2013.1.0_b93747f3-py37pl526h770b8ee_0.tar.bz2",
            "labels": [
                "main"
            ],
            "md5": "f096de791cf701d0dca2f243a9c7a7b1",
            "ndownloads": 255,
            "owner": "bioconda",
            "size": 2274142,
            "type": "conda",
            "upload_time": "2020-04-04 16:10:52.489000+00:00",
            "version": "2013.1.0_b93747f3"
        },
        {
            "attrs": {
                "arch": "x86_64",
                "build": "he1b5a44_0",
                "build_number": 0,
                "depends": [
                    "libgcc-ng >=7.5.0",
                    "libstdcxx-ng >=7.5.0"
                ],
                "has_prefix": true,
                "license": "LGPL-3.0",
                "machine": "x86_64",
                "operatingsystem": "linux",
                "platform": "linux",
                "subdir": "linux-64",
                "target-triplet": "x86_64-any-linux",
                "timestamp": 1591116750686
            },
            "basename": "linux-64/rxdock-2013.1.1_148c5bd1-he1b5a44_0.tar.bz2",
            "dependencies": {
                "depends": [
                    {
                        "name": "libgcc-ng",
                        "specs": [
                            [
                                ">=",
                                "7.5.0"
                            ]
                        ]
                    },
                    {
                        "name": "libstdcxx-ng",
                        "specs": [
                            [
                                ">=",
                                "7.5.0"
                            ]
                        ]
                    }
                ]
            },
            "description": null,
            "distribution_type": "conda",
            "download_url": "//api.anaconda.org/download/bioconda/rxdock/2013.1.1_148c5bd1/linux-64/rxdock-2013.1.1_148c5bd1-he1b5a44_0.tar.bz2",
            "full_name": "bioconda/rxdock/2013.1.1_148c5bd1/linux-64/rxdock-2013.1.1_148c5bd1-he1b5a44_0.tar.bz2",
            "labels": [
                "main"
            ],
            "md5": "40be14c7fff06eb35d4c962d6be536d2",
            "ndownloads": 24,
            "owner": "bioconda",
            "size": 2436384,
            "type": "conda",
            "upload_time": "2020-06-02 19:52:57.468000+00:00",
            "version": "2013.1.1_148c5bd1"
        },
        {
            "attrs": {
                "arch": "x86_64",
                "build": "h4a8c4bd_0",
                "build_number": 0,
                "depends": [
                    "libcxx >=9.0.1"
                ],
                "has_prefix": true,
                "license": "LGPL-3.0",
                "machine": "x86_64",
                "operatingsystem": "darwin",
                "platform": "osx",
                "subdir": "osx-64",
                "target-triplet": "x86_64-any-darwin",
                "timestamp": 1591117409735
            },
            "basename": "osx-64/rxdock-2013.1.1_148c5bd1-h4a8c4bd_0.tar.bz2",
            "dependencies": {
                "depends": [
                    {
                        "name": "libcxx",
                        "specs": [
                            [
                                ">=",
                                "9.0.1"
                            ]
                        ]
                    }
                ]
            },
            "description": null,
            "distribution_type": "conda",
            "download_url": "//api.anaconda.org/download/bioconda/rxdock/2013.1.1_148c5bd1/osx-64/rxdock-2013.1.1_148c5bd1-h4a8c4bd_0.tar.bz2",
            "full_name": "bioconda/rxdock/2013.1.1_148c5bd1/osx-64/rxdock-2013.1.1_148c5bd1-h4a8c4bd_0.tar.bz2",
            "labels": [
                "main"
            ],
            "md5": "20d2825edf6feef673aa0c1a30865e53",
            "ndownloads": 12,
            "owner": "bioconda",
            "size": 2147103,
            "type": "conda",
            "upload_time": "2020-06-02 19:52:59.499000+00:00",
            "version": "2013.1.1_148c5bd1"
        },
        {
            "attrs": {
                "arch": "x86_64",
                "build": "pl526he1b5a44_1",
                "build_number": 1,
                "depends": [
                    "libgcc-ng >=7.5.0",
                    "libstdcxx-ng >=7.5.0",
                    "numpy",
                    "openbabel",
                    "perl >=5.26.2,<5.26.3.0a0",
                    "python"
                ],
                "has_prefix": true,
                "license": "LGPL-3.0",
                "machine": "x86_64",
                "operatingsystem": "linux",
                "platform": "linux",
                "subdir": "linux-64",
                "target-triplet": "x86_64-any-linux",
                "timestamp": 1591182226879
            },
            "basename": "linux-64/rxdock-2013.1.1_148c5bd1-pl526he1b5a44_1.tar.bz2",
            "dependencies": {
                "depends": [
                    {
                        "name": "libgcc-ng",
                        "specs": [
                            [
                                ">=",
                                "7.5.0"
                            ]
                        ]
                    },
                    {
                        "name": "libstdcxx-ng",
                        "specs": [
                            [
                                ">=",
                                "7.5.0"
                            ]
                        ]
                    },
                    {
                        "name": "numpy",
                        "specs": []
                    },
                    {
                        "name": "openbabel",
                        "specs": []
                    },
                    {
                        "name": "perl",
                        "specs": [
                            [
                                ">=",
                                "5.26.2,<5.26.3.0a0"
                            ]
                        ]
                    },
                    {
                        "name": "python",
                        "specs": []
                    }
                ]
            },
            "description": null,
            "distribution_type": "conda",
            "download_url": "//api.anaconda.org/download/bioconda/rxdock/2013.1.1_148c5bd1/linux-64/rxdock-2013.1.1_148c5bd1-pl526he1b5a44_1.tar.bz2",
            "full_name": "bioconda/rxdock/2013.1.1_148c5bd1/linux-64/rxdock-2013.1.1_148c5bd1-pl526he1b5a44_1.tar.bz2",
            "labels": [
                "main"
            ],
            "md5": "e63cf42f54161af2c0a4cf4ca5c88ca8",
            "ndownloads": 80,
            "owner": "bioconda",
            "size": 2446427,
            "type": "conda",
            "upload_time": "2020-06-03 13:47:27.612000+00:00",
            "version": "2013.1.1_148c5bd1"
        },
        {
            "attrs": {
                "arch": "x86_64",
                "build": "pl526h4a8c4bd_1",
                "build_number": 1,
                "depends": [
                    "libcxx >=9.0.1",
                    "numpy",
                    "openbabel",
                    "perl >=5.26.2,<5.26.3.0a0",
                    "python"
                ],
                "has_prefix": true,
                "license": "LGPL-3.0",
                "machine": "x86_64",
                "operatingsystem": "darwin",
                "platform": "osx",
                "subdir": "osx-64",
                "target-triplet": "x86_64-any-darwin",
                "timestamp": 1591183145866
            },
            "basename": "osx-64/rxdock-2013.1.1_148c5bd1-pl526h4a8c4bd_1.tar.bz2",
            "dependencies": {
                "depends": [
                    {
                        "name": "libcxx",
                        "specs": [
                            [
                                ">=",
                                "9.0.1"
                            ]
                        ]
                    },
                    {
                        "name": "numpy",
                        "specs": []
                    },
                    {
                        "name": "openbabel",
                        "specs": []
                    },
                    {
                        "name": "perl",
                        "specs": [
                            [
                                ">=",
                                "5.26.2,<5.26.3.0a0"
                            ]
                        ]
                    },
                    {
                        "name": "python",
                        "specs": []
                    }
                ]
            },
            "description": null,
            "distribution_type": "conda",
            "download_url": "//api.anaconda.org/download/bioconda/rxdock/2013.1.1_148c5bd1/osx-64/rxdock-2013.1.1_148c5bd1-pl526h4a8c4bd_1.tar.bz2",
            "full_name": "bioconda/rxdock/2013.1.1_148c5bd1/osx-64/rxdock-2013.1.1_148c5bd1-pl526h4a8c4bd_1.tar.bz2",
            "labels": [
                "main"
            ],
            "md5": "ffe3f597ea830fdc2a6ad0af53122bd1",
            "ndownloads": 137,
            "owner": "bioconda",
            "size": 2209130,
            "type": "conda",
            "upload_time": "2020-06-03 13:47:32.788000+00:00",
            "version": "2013.1.1_148c5bd1"
        }
    ],
    "full_name": "bioconda/rxdock",
    "home": "https://www.rxdock.org",
    "html_url": "http://anaconda.org/bioconda/rxdock",
    "id": "5e88b180fe6b2a01a1a375cf",
    "latest_version": "2013.1.1_148c5bd1",
    "license": "LGPL-3.0",
    "license_url": null,
    "modified_at": "2020-06-03 13:47:34.119000+00:00",
    "name": "rxdock",
    "owner": {
        "company": "",
        "created_at": "2015-09-11 22:59:20.880000+00:00",
        "description": "Bioconda is a distribution of bioinformatics software realized as a channel for the versatile Conda package manager.",
        "location": "",
        "login": "bioconda",
        "name": "bioconda",
        "url": "",
        "user_type": "org"
    },
    "package_types": [
        "conda"
    ],
    "public": true,
    "releases": [
        {
            "distributions": [],
            "full_name": "bioconda/rxdock/2013.1.0_b93747f3",
            "version": "2013.1.0_b93747f3"
        },
        {
            "distributions": [],
            "full_name": "bioconda/rxdock/2013.1.1_148c5bd1",
            "version": "2013.1.1_148c5bd1"
        }
    ],
    "revision": 4,
    "source_git_tag": null,
    "source_git_url": null,
    "summary": "RxDock is a fork of rDock (GitLab), a fast, versatile and open-source program for docking ligands to proteins and nucleic acids.",
    "upvoted": 0,
    "url": "http://api.anaconda.org/packages/bioconda/rxdock",
    "versions": [
        "2013.1.0_b93747f3",
        "2013.1.1_148c5bd1"
    ],
    "watchers": 1
}