{
    "app_entry": {},
    "app_summary": {},
    "app_type": {},
    "builds": [
        "py27h470a237_1",
        "py27_0"
    ],
    "conda_platforms": [
        "linux-64",
        "osx-64"
    ],
    "created_at": "2017-02-21 20:20:51.640000+00:00",
    "description": "None",
    "dev_url": {},
    "doc_url": {},
    "files": [
        {
            "attrs": {
                "arch": "x86_64",
                "build": "py27_0",
                "build_number": 0,
                "depends": [
                    "boost ==1.63.0",
                    "click >=4.0",
                    "htseq >=0.6.1",
                    "libcxx",
                    "pysam >=0.8.1,<=0.8.3",
                    "python ==2.7.12"
                ],
                "has_prefix": true,
                "license": "GNU General Public License v3 or later (GPLv3+)",
                "machine": "x86_64",
                "operatingsystem": "darwin",
                "platform": "osx",
                "subdir": "osx-64",
                "target-triplet": "x86_64-any-darwin"
            },
            "basename": "osx-64/segmentation-fold-1.6.8-py27_0.tar.bz2",
            "dependencies": {
                "depends": [
                    {
                        "name": "boost",
                        "specs": [
                            [
                                "==",
                                "1.63.0"
                            ]
                        ]
                    },
                    {
                        "name": "click",
                        "specs": [
                            [
                                ">=",
                                "4.0"
                            ]
                        ]
                    },
                    {
                        "name": "htseq",
                        "specs": [
                            [
                                ">=",
                                "0.6.1"
                            ]
                        ]
                    },
                    {
                        "name": "libcxx",
                        "specs": []
                    },
                    {
                        "name": "pysam",
                        "specs": [
                            [
                                ">=",
                                "0.8.1,<=0.8.3"
                            ]
                        ]
                    },
                    {
                        "name": "python",
                        "specs": [
                            [
                                "==",
                                "2.7.12"
                            ]
                        ]
                    }
                ]
            },
            "description": null,
            "distribution_type": "conda",
            "download_url": "//api.anaconda.org/download/bioconda/segmentation-fold/1.6.8/osx-64/segmentation-fold-1.6.8-py27_0.tar.bz2",
            "full_name": "bioconda/segmentation-fold/1.6.8/osx-64/segmentation-fold-1.6.8-py27_0.tar.bz2",
            "labels": [
                "main",
                "cf201901"
            ],
            "md5": "d10d468a1f8281f9a7641d23ab982de2",
            "ndownloads": 763,
            "owner": "bioconda",
            "size": 156154,
            "type": "conda",
            "upload_time": "2017-02-21 22:44:23.086000+00:00",
            "version": "1.6.8"
        },
        {
            "attrs": {
                "arch": "x86_64",
                "build": "py27_0",
                "build_number": 0,
                "depends": [
                    "boost ==1.63.0",
                    "click >=4.0",
                    "htseq >=0.6.1",
                    "libgcc",
                    "pysam >=0.8.1,<=0.8.3",
                    "python ==2.7.12"
                ],
                "has_prefix": true,
                "license": "GNU General Public License v3 or later (GPLv3+)",
                "machine": "x86_64",
                "operatingsystem": "linux",
                "platform": "linux",
                "subdir": "linux-64",
                "target-triplet": "x86_64-any-linux"
            },
            "basename": "linux-64/segmentation-fold-1.6.8-py27_0.tar.bz2",
            "dependencies": {
                "depends": [
                    {
                        "name": "boost",
                        "specs": [
                            [
                                "==",
                                "1.63.0"
                            ]
                        ]
                    },
                    {
                        "name": "click",
                        "specs": [
                            [
                                ">=",
                                "4.0"
                            ]
                        ]
                    },
                    {
                        "name": "htseq",
                        "specs": [
                            [
                                ">=",
                                "0.6.1"
                            ]
                        ]
                    },
                    {
                        "name": "libgcc",
                        "specs": []
                    },
                    {
                        "name": "pysam",
                        "specs": [
                            [
                                ">=",
                                "0.8.1,<=0.8.3"
                            ]
                        ]
                    },
                    {
                        "name": "python",
                        "specs": [
                            [
                                "==",
                                "2.7.12"
                            ]
                        ]
                    }
                ]
            },
            "description": null,
            "distribution_type": "conda",
            "download_url": "//api.anaconda.org/download/bioconda/segmentation-fold/1.6.8/linux-64/segmentation-fold-1.6.8-py27_0.tar.bz2",
            "full_name": "bioconda/segmentation-fold/1.6.8/linux-64/segmentation-fold-1.6.8-py27_0.tar.bz2",
            "labels": [
                "main",
                "cf201901"
            ],
            "md5": "a5dd1a674bc7e9a8c6d1953be131d7e1",
            "ndownloads": 514,
            "owner": "bioconda",
            "size": 189787,
            "type": "conda",
            "upload_time": "2017-02-21 20:20:51.965000+00:00",
            "version": "1.6.8"
        },
        {
            "attrs": {
                "arch": "x86_64",
                "build": "py27_0",
                "build_number": 0,
                "depends": [
                    "boost ==1.63.0",
                    "click >=4.0",
                    "htseq >=0.6.1",
                    "libgcc",
                    "pysam >=0.8.1,<=0.8.3",
                    "python ==2.7.12"
                ],
                "has_prefix": true,
                "license": "GNU General Public License v3 or later (GPLv3+)",
                "machine": "x86_64",
                "operatingsystem": "linux",
                "platform": "linux",
                "subdir": "linux-64",
                "target-triplet": "x86_64-any-linux"
            },
            "basename": "linux-64/segmentation-fold-1.7.0-py27_0.tar.bz2",
            "dependencies": {
                "depends": [
                    {
                        "name": "boost",
                        "specs": [
                            [
                                "==",
                                "1.63.0"
                            ]
                        ]
                    },
                    {
                        "name": "click",
                        "specs": [
                            [
                                ">=",
                                "4.0"
                            ]
                        ]
                    },
                    {
                        "name": "htseq",
                        "specs": [
                            [
                                ">=",
                                "0.6.1"
                            ]
                        ]
                    },
                    {
                        "name": "libgcc",
                        "specs": []
                    },
                    {
                        "name": "pysam",
                        "specs": [
                            [
                                ">=",
                                "0.8.1,<=0.8.3"
                            ]
                        ]
                    },
                    {
                        "name": "python",
                        "specs": [
                            [
                                "==",
                                "2.7.12"
                            ]
                        ]
                    }
                ]
            },
            "description": null,
            "distribution_type": "conda",
            "download_url": "//api.anaconda.org/download/bioconda/segmentation-fold/1.7.0/linux-64/segmentation-fold-1.7.0-py27_0.tar.bz2",
            "full_name": "bioconda/segmentation-fold/1.7.0/linux-64/segmentation-fold-1.7.0-py27_0.tar.bz2",
            "labels": [
                "main",
                "cf201901"
            ],
            "md5": "0dba666f8cc86482fc0dcc4d39b88f1b",
            "ndownloads": 1060,
            "owner": "bioconda",
            "size": 190775,
            "type": "conda",
            "upload_time": "2017-02-23 17:14:40.905000+00:00",
            "version": "1.7.0"
        },
        {
            "attrs": {
                "arch": "x86_64",
                "build": "py27_0",
                "build_number": 0,
                "depends": [
                    "boost ==1.63.0",
                    "click >=4.0",
                    "htseq >=0.6.1",
                    "libcxx",
                    "pysam >=0.8.1,<=0.8.3",
                    "python ==2.7.12"
                ],
                "has_prefix": true,
                "license": "GNU General Public License v3 or later (GPLv3+)",
                "machine": "x86_64",
                "operatingsystem": "darwin",
                "platform": "osx",
                "subdir": "osx-64",
                "target-triplet": "x86_64-any-darwin"
            },
            "basename": "osx-64/segmentation-fold-1.7.0-py27_0.tar.bz2",
            "dependencies": {
                "depends": [
                    {
                        "name": "boost",
                        "specs": [
                            [
                                "==",
                                "1.63.0"
                            ]
                        ]
                    },
                    {
                        "name": "click",
                        "specs": [
                            [
                                ">=",
                                "4.0"
                            ]
                        ]
                    },
                    {
                        "name": "htseq",
                        "specs": [
                            [
                                ">=",
                                "0.6.1"
                            ]
                        ]
                    },
                    {
                        "name": "libcxx",
                        "specs": []
                    },
                    {
                        "name": "pysam",
                        "specs": [
                            [
                                ">=",
                                "0.8.1,<=0.8.3"
                            ]
                        ]
                    },
                    {
                        "name": "python",
                        "specs": [
                            [
                                "==",
                                "2.7.12"
                            ]
                        ]
                    }
                ]
            },
            "description": null,
            "distribution_type": "conda",
            "download_url": "//api.anaconda.org/download/bioconda/segmentation-fold/1.7.0/osx-64/segmentation-fold-1.7.0-py27_0.tar.bz2",
            "full_name": "bioconda/segmentation-fold/1.7.0/osx-64/segmentation-fold-1.7.0-py27_0.tar.bz2",
            "labels": [
                "main",
                "cf201901"
            ],
            "md5": "bea7f7c0cc2a9aa563ead09ab08bb7ab",
            "ndownloads": 179,
            "owner": "bioconda",
            "size": 158036,
            "type": "conda",
            "upload_time": "2017-02-23 19:59:39.569000+00:00",
            "version": "1.7.0"
        },
        {
            "attrs": {
                "arch": "x86_64",
                "build": "py27h470a237_1",
                "build_number": 1,
                "depends": [
                    "boost >=1.63.0,<1.63.1.0a0",
                    "click >=4.0",
                    "htseq >=0.6.1",
                    "libcxx",
                    "pysam >=0.8.1,<=0.8.3",
                    "python >=2.7,<2.8.0a0"
                ],
                "has_prefix": true,
                "license": "GNU General Public License v3 or later (GPLv3+)",
                "machine": "x86_64",
                "operatingsystem": "darwin",
                "platform": "osx",
                "subdir": "osx-64",
                "target-triplet": "x86_64-any-darwin",
                "timestamp": 1530343711435
            },
            "basename": "osx-64/segmentation-fold-1.7.0-py27h470a237_1.tar.bz2",
            "dependencies": {
                "depends": [
                    {
                        "name": "boost",
                        "specs": [
                            [
                                ">=",
                                "1.63.0,<1.63.1.0a0"
                            ]
                        ]
                    },
                    {
                        "name": "click",
                        "specs": [
                            [
                                ">=",
                                "4.0"
                            ]
                        ]
                    },
                    {
                        "name": "htseq",
                        "specs": [
                            [
                                ">=",
                                "0.6.1"
                            ]
                        ]
                    },
                    {
                        "name": "libcxx",
                        "specs": []
                    },
                    {
                        "name": "pysam",
                        "specs": [
                            [
                                ">=",
                                "0.8.1,<=0.8.3"
                            ]
                        ]
                    },
                    {
                        "name": "python",
                        "specs": [
                            [
                                ">=",
                                "2.7,<2.8.0a0"
                            ]
                        ]
                    }
                ]
            },
            "description": null,
            "distribution_type": "conda",
            "download_url": "//api.anaconda.org/download/bioconda/segmentation-fold/1.7.0/osx-64/segmentation-fold-1.7.0-py27h470a237_1.tar.bz2",
            "full_name": "bioconda/segmentation-fold/1.7.0/osx-64/segmentation-fold-1.7.0-py27h470a237_1.tar.bz2",
            "labels": [
                "main",
                "cf201901"
            ],
            "md5": "0d720919fbbcbf32ece0c55986036464",
            "ndownloads": 600,
            "owner": "bioconda",
            "size": 156148,
            "type": "conda",
            "upload_time": "2018-06-30 07:30:35.336000+00:00",
            "version": "1.7.0"
        },
        {
            "attrs": {
                "arch": "x86_64",
                "build": "py27h470a237_1",
                "build_number": 1,
                "depends": [
                    "boost >=1.63.0,<1.63.1.0a0",
                    "click >=4.0",
                    "htseq >=0.6.1",
                    "libgcc-ng >=4.9",
                    "pysam >=0.8.1,<=0.8.3",
                    "python >=2.7,<2.8.0a0"
                ],
                "has_prefix": true,
                "license": "GNU General Public License v3 or later (GPLv3+)",
                "machine": "x86_64",
                "operatingsystem": "linux",
                "platform": "linux",
                "subdir": "linux-64",
                "target-triplet": "x86_64-any-linux",
                "timestamp": 1530344519552
            },
            "basename": "linux-64/segmentation-fold-1.7.0-py27h470a237_1.tar.bz2",
            "dependencies": {
                "depends": [
                    {
                        "name": "boost",
                        "specs": [
                            [
                                ">=",
                                "1.63.0,<1.63.1.0a0"
                            ]
                        ]
                    },
                    {
                        "name": "click",
                        "specs": [
                            [
                                ">=",
                                "4.0"
                            ]
                        ]
                    },
                    {
                        "name": "htseq",
                        "specs": [
                            [
                                ">=",
                                "0.6.1"
                            ]
                        ]
                    },
                    {
                        "name": "libgcc-ng",
                        "specs": [
                            [
                                ">=",
                                "4.9"
                            ]
                        ]
                    },
                    {
                        "name": "pysam",
                        "specs": [
                            [
                                ">=",
                                "0.8.1,<=0.8.3"
                            ]
                        ]
                    },
                    {
                        "name": "python",
                        "specs": [
                            [
                                ">=",
                                "2.7,<2.8.0a0"
                            ]
                        ]
                    }
                ]
            },
            "description": null,
            "distribution_type": "conda",
            "download_url": "//api.anaconda.org/download/bioconda/segmentation-fold/1.7.0/linux-64/segmentation-fold-1.7.0-py27h470a237_1.tar.bz2",
            "full_name": "bioconda/segmentation-fold/1.7.0/linux-64/segmentation-fold-1.7.0-py27h470a237_1.tar.bz2",
            "labels": [
                "main",
                "cf201901"
            ],
            "md5": "d76be1ee77b1f9c3d6c0495a22e8eda1",
            "ndownloads": 497,
            "owner": "bioconda",
            "size": 187743,
            "type": "conda",
            "upload_time": "2018-06-30 07:47:06.594000+00:00",
            "version": "1.7.0"
        }
    ],
    "full_name": "bioconda/segmentation-fold",
    "home": "None",
    "html_url": "http://anaconda.org/bioconda/segmentation-fold",
    "id": "58aca123f67ec70a6be490d6",
    "latest_version": "1.7.0",
    "license": {},
    "license_url": {},
    "modified_at": "2018-06-30 07:47:07.036000+00:00",
    "name": "segmentation-fold",
    "owner": {
        "company": "",
        "created_at": "2015-09-11 22:59:20.880000+00:00",
        "description": "Bioconda is a distribution of bioinformatics software realized as a channel for the versatile Conda package manager.",
        "location": "",
        "login": "bioconda",
        "name": "bioconda",
        "url": "",
        "user_type": "org"
    },
    "package_types": [
        "conda"
    ],
    "public": true,
    "releases": [
        {
            "distributions": [],
            "full_name": "bioconda/segmentation-fold/1.6.8",
            "version": "1.6.8"
        },
        {
            "distributions": [],
            "full_name": "bioconda/segmentation-fold/1.7.0",
            "version": "1.7.0"
        }
    ],
    "revision": 2,
    "source_git_tag": {},
    "source_git_url": {},
    "summary": "",
    "upvoted": 0,
    "url": "http://api.anaconda.org/packages/bioconda/segmentation-fold",
    "versions": [
        "1.6.8",
        "1.7.0"
    ],
    "watchers": 1
}