{
    "app_entry": {},
    "app_summary": {},
    "app_type": {},
    "builds": [
        "h435382d_4",
        "hb3c7c9d_4",
        "hf65ff9b_5",
        "1",
        "0",
        "bamtools2.4.1_2",
        "hd4ff3c4_3",
        "h970fe44_5"
    ],
    "conda_platforms": [
        "linux-64",
        "osx-64"
    ],
    "created_at": "2015-10-06 20:41:05.422000+00:00",
    "description": "",
    "dev_url": null,
    "doc_url": null,
    "files": [
        {
            "attrs": {
                "arch": "x86_64",
                "build": "1",
                "build_number": 1,
                "depends": [
                    "bamtools",
                    "libgcc",
                    "sparsehash",
                    "zlib 1.2.8*"
                ],
                "has_prefix": true,
                "license": "GPLv3",
                "machine": "x86_64",
                "operatingsystem": "linux",
                "platform": "linux",
                "subdir": "linux-64",
                "target-triplet": "x86_64-any-linux"
            },
            "basename": "linux-64/sga-0.10.15-1.tar.bz2",
            "dependencies": {
                "depends": [
                    {
                        "name": "bamtools",
                        "specs": []
                    },
                    {
                        "name": "libgcc",
                        "specs": []
                    },
                    {
                        "name": "sparsehash",
                        "specs": []
                    },
                    {
                        "name": "zlib",
                        "specs": [
                            [
                                "==",
                                "1.2.8"
                            ]
                        ]
                    }
                ]
            },
            "description": null,
            "distribution_type": "conda",
            "download_url": "//api.anaconda.org/download/bioconda/sga/0.10.15/linux-64/sga-0.10.15-1.tar.bz2",
            "full_name": "bioconda/sga/0.10.15/linux-64/sga-0.10.15-1.tar.bz2",
            "labels": [
                "main",
                "cf201901"
            ],
            "md5": "06234d315b8e9c43444c672fb68928ed",
            "ndownloads": 130,
            "owner": "bioconda",
            "size": 1096325,
            "type": "conda",
            "upload_time": "2018-02-09 16:17:09.100000+00:00",
            "version": "0.10.15"
        },
        {
            "attrs": {
                "arch": "x86_64",
                "build": "0",
                "build_number": 0,
                "depends": [
                    "bamtools"
                ],
                "license": "GPLv3",
                "machine": "x86_64",
                "operatingsystem": "linux",
                "platform": "linux",
                "subdir": "linux-64",
                "target-triplet": "x86_64-any-linux"
            },
            "basename": "linux-64/sga-0.10.13-0.tar.bz2",
            "dependencies": {
                "depends": [
                    {
                        "name": "bamtools",
                        "specs": []
                    }
                ]
            },
            "description": null,
            "distribution_type": "conda",
            "download_url": "//api.anaconda.org/download/bioconda/sga/0.10.13/linux-64/sga-0.10.13-0.tar.bz2",
            "full_name": "bioconda/sga/0.10.13/linux-64/sga-0.10.13-0.tar.bz2",
            "labels": [
                "main",
                "cf201901"
            ],
            "md5": "a8f0a78f35f36b3bf5933e62875016c5",
            "ndownloads": 1492,
            "owner": "bioconda",
            "size": 1067737,
            "type": "conda",
            "upload_time": "2015-10-06 20:52:00.678000+00:00",
            "version": "0.10.13"
        },
        {
            "attrs": {
                "arch": "x86_64",
                "build": "1",
                "build_number": 1,
                "depends": [
                    "bamtools",
                    "sparsehash",
                    "zlib 1.2.11*"
                ],
                "has_prefix": true,
                "license": "GPLv3",
                "machine": "x86_64",
                "operatingsystem": "darwin",
                "platform": "osx",
                "subdir": "osx-64",
                "target-triplet": "x86_64-any-darwin"
            },
            "basename": "osx-64/sga-0.10.15-1.tar.bz2",
            "dependencies": {
                "depends": [
                    {
                        "name": "bamtools",
                        "specs": []
                    },
                    {
                        "name": "sparsehash",
                        "specs": []
                    },
                    {
                        "name": "zlib",
                        "specs": [
                            [
                                "==",
                                "1.2.11"
                            ]
                        ]
                    }
                ]
            },
            "description": null,
            "distribution_type": "conda",
            "download_url": "//api.anaconda.org/download/bioconda/sga/0.10.15/osx-64/sga-0.10.15-1.tar.bz2",
            "full_name": "bioconda/sga/0.10.15/osx-64/sga-0.10.15-1.tar.bz2",
            "labels": [
                "main",
                "cf201901"
            ],
            "md5": "9f8b03f840918eb46291e9ea8d836bb4",
            "ndownloads": 40,
            "owner": "bioconda",
            "size": 927553,
            "type": "conda",
            "upload_time": "2018-02-04 15:14:13.169000+00:00",
            "version": "0.10.15"
        },
        {
            "attrs": {
                "arch": "x86_64",
                "build": "0",
                "build_number": 0,
                "depends": [
                    "bamtools",
                    "sparsehash",
                    "zlib 1.2.8*"
                ],
                "has_prefix": true,
                "license": "GPLv3",
                "machine": "x86_64",
                "operatingsystem": "darwin",
                "platform": "osx",
                "subdir": "osx-64",
                "target-triplet": "x86_64-any-darwin"
            },
            "basename": "osx-64/sga-0.10.15-0.tar.bz2",
            "dependencies": {
                "depends": [
                    {
                        "name": "bamtools",
                        "specs": []
                    },
                    {
                        "name": "sparsehash",
                        "specs": []
                    },
                    {
                        "name": "zlib",
                        "specs": [
                            [
                                "==",
                                "1.2.8"
                            ]
                        ]
                    }
                ]
            },
            "description": null,
            "distribution_type": "conda",
            "download_url": "//api.anaconda.org/download/bioconda/sga/0.10.15/osx-64/sga-0.10.15-0.tar.bz2",
            "full_name": "bioconda/sga/0.10.15/osx-64/sga-0.10.15-0.tar.bz2",
            "labels": [
                "main",
                "cf201901"
            ],
            "md5": "307557bca5d6ad5094a4e7402fb4b16c",
            "ndownloads": 292,
            "owner": "bioconda",
            "size": 955341,
            "type": "conda",
            "upload_time": "2017-12-28 20:10:20.766000+00:00",
            "version": "0.10.15"
        },
        {
            "attrs": {
                "arch": "x86_64",
                "build": "hd4ff3c4_3",
                "build_number": 3,
                "depends": [
                    "bamtools >=2.4.1,<2.4.2.0a0",
                    "libgcc-ng >=4.9",
                    "sparsehash",
                    "zlib >=1.2.11,<1.3.0a0"
                ],
                "has_prefix": true,
                "license": "GPLv3",
                "machine": "x86_64",
                "operatingsystem": "linux",
                "platform": "linux",
                "subdir": "linux-64",
                "target-triplet": "x86_64-any-linux",
                "timestamp": 1530746009604
            },
            "basename": "linux-64/sga-0.10.15-hd4ff3c4_3.tar.bz2",
            "dependencies": {
                "depends": [
                    {
                        "name": "bamtools",
                        "specs": [
                            [
                                ">=",
                                "2.4.1,<2.4.2.0a0"
                            ]
                        ]
                    },
                    {
                        "name": "libgcc-ng",
                        "specs": [
                            [
                                ">=",
                                "4.9"
                            ]
                        ]
                    },
                    {
                        "name": "sparsehash",
                        "specs": []
                    },
                    {
                        "name": "zlib",
                        "specs": [
                            [
                                ">=",
                                "1.2.11,<1.3.0a0"
                            ]
                        ]
                    }
                ]
            },
            "description": null,
            "distribution_type": "conda",
            "download_url": "//api.anaconda.org/download/bioconda/sga/0.10.15/linux-64/sga-0.10.15-hd4ff3c4_3.tar.bz2",
            "full_name": "bioconda/sga/0.10.15/linux-64/sga-0.10.15-hd4ff3c4_3.tar.bz2",
            "labels": [
                "main",
                "cf201901"
            ],
            "md5": "b75e55aa6be523497631fc2343b1d7a6",
            "ndownloads": 232,
            "owner": "bioconda",
            "size": 1106522,
            "type": "conda",
            "upload_time": "2018-07-04 23:14:46.860000+00:00",
            "version": "0.10.15"
        },
        {
            "attrs": {
                "arch": "x86_64",
                "build": "bamtools2.4.1_2",
                "build_number": 2,
                "depends": [
                    "bamtools 2.4.1*",
                    "libgcc",
                    "sparsehash",
                    "zlib 1.2.11*"
                ],
                "has_prefix": true,
                "license": "GPLv3",
                "machine": "x86_64",
                "operatingsystem": "linux",
                "platform": "linux",
                "subdir": "linux-64",
                "target-triplet": "x86_64-any-linux"
            },
            "basename": "linux-64/sga-0.10.15-bamtools2.4.1_2.tar.bz2",
            "dependencies": {
                "depends": [
                    {
                        "name": "bamtools",
                        "specs": [
                            [
                                "==",
                                "2.4.1"
                            ]
                        ]
                    },
                    {
                        "name": "libgcc",
                        "specs": []
                    },
                    {
                        "name": "sparsehash",
                        "specs": []
                    },
                    {
                        "name": "zlib",
                        "specs": [
                            [
                                "==",
                                "1.2.11"
                            ]
                        ]
                    }
                ]
            },
            "description": null,
            "distribution_type": "conda",
            "download_url": "//api.anaconda.org/download/bioconda/sga/0.10.15/linux-64/sga-0.10.15-bamtools2.4.1_2.tar.bz2",
            "full_name": "bioconda/sga/0.10.15/linux-64/sga-0.10.15-bamtools2.4.1_2.tar.bz2",
            "labels": [
                "main",
                "cf201901"
            ],
            "md5": "601b34a1485aeec8cbc085a76e2f9563",
            "ndownloads": 188,
            "owner": "bioconda",
            "size": 1096476,
            "type": "conda",
            "upload_time": "2018-02-17 09:00:33.695000+00:00",
            "version": "0.10.15"
        },
        {
            "attrs": {
                "arch": "x86_64",
                "build": "bamtools2.4.1_2",
                "build_number": 2,
                "depends": [
                    "bamtools 2.4.1*",
                    "libcxx",
                    "sparsehash",
                    "zlib 1.2.11*"
                ],
                "has_prefix": true,
                "license": "GPLv3",
                "machine": "x86_64",
                "operatingsystem": "darwin",
                "platform": "osx",
                "subdir": "osx-64",
                "target-triplet": "x86_64-any-darwin"
            },
            "basename": "osx-64/sga-0.10.15-bamtools2.4.1_2.tar.bz2",
            "dependencies": {
                "depends": [
                    {
                        "name": "bamtools",
                        "specs": [
                            [
                                "==",
                                "2.4.1"
                            ]
                        ]
                    },
                    {
                        "name": "libcxx",
                        "specs": []
                    },
                    {
                        "name": "sparsehash",
                        "specs": []
                    },
                    {
                        "name": "zlib",
                        "specs": [
                            [
                                "==",
                                "1.2.11"
                            ]
                        ]
                    }
                ]
            },
            "description": null,
            "distribution_type": "conda",
            "download_url": "//api.anaconda.org/download/bioconda/sga/0.10.15/osx-64/sga-0.10.15-bamtools2.4.1_2.tar.bz2",
            "full_name": "bioconda/sga/0.10.15/osx-64/sga-0.10.15-bamtools2.4.1_2.tar.bz2",
            "labels": [
                "main",
                "cf201901"
            ],
            "md5": "e058868eac4ad26442292984325f0e07",
            "ndownloads": 40,
            "owner": "bioconda",
            "size": 927954,
            "type": "conda",
            "upload_time": "2018-02-17 08:53:25.188000+00:00",
            "version": "0.10.15"
        },
        {
            "attrs": {
                "arch": "x86_64",
                "build": "hd4ff3c4_3",
                "build_number": 3,
                "depends": [
                    "bamtools >=2.4.1,<2.4.2.0a0",
                    "sparsehash",
                    "zlib >=1.2.11,<1.3.0a0"
                ],
                "has_prefix": true,
                "license": "GPLv3",
                "machine": "x86_64",
                "operatingsystem": "darwin",
                "platform": "osx",
                "subdir": "osx-64",
                "target-triplet": "x86_64-any-darwin",
                "timestamp": 1530745734104
            },
            "basename": "osx-64/sga-0.10.15-hd4ff3c4_3.tar.bz2",
            "dependencies": {
                "depends": [
                    {
                        "name": "bamtools",
                        "specs": [
                            [
                                ">=",
                                "2.4.1,<2.4.2.0a0"
                            ]
                        ]
                    },
                    {
                        "name": "sparsehash",
                        "specs": []
                    },
                    {
                        "name": "zlib",
                        "specs": [
                            [
                                ">=",
                                "1.2.11,<1.3.0a0"
                            ]
                        ]
                    }
                ]
            },
            "description": null,
            "distribution_type": "conda",
            "download_url": "//api.anaconda.org/download/bioconda/sga/0.10.15/osx-64/sga-0.10.15-hd4ff3c4_3.tar.bz2",
            "full_name": "bioconda/sga/0.10.15/osx-64/sga-0.10.15-hd4ff3c4_3.tar.bz2",
            "labels": [
                "main",
                "cf201901"
            ],
            "md5": "c0aeebb81f124d80f4d51ea6950ed9c5",
            "ndownloads": 380,
            "owner": "bioconda",
            "size": 928410,
            "type": "conda",
            "upload_time": "2018-07-04 23:09:04.366000+00:00",
            "version": "0.10.15"
        },
        {
            "attrs": {
                "arch": "x86_64",
                "build": "0",
                "build_number": 0,
                "depends": [
                    "bamtools",
                    "libgcc",
                    "sparsehash",
                    "zlib 1.2.8*"
                ],
                "has_prefix": true,
                "license": "GPLv3",
                "machine": "x86_64",
                "operatingsystem": "linux",
                "platform": "linux",
                "subdir": "linux-64",
                "target-triplet": "x86_64-any-linux"
            },
            "basename": "linux-64/sga-0.10.15-0.tar.bz2",
            "dependencies": {
                "depends": [
                    {
                        "name": "bamtools",
                        "specs": []
                    },
                    {
                        "name": "libgcc",
                        "specs": []
                    },
                    {
                        "name": "sparsehash",
                        "specs": []
                    },
                    {
                        "name": "zlib",
                        "specs": [
                            [
                                "==",
                                "1.2.8"
                            ]
                        ]
                    }
                ]
            },
            "description": null,
            "distribution_type": "conda",
            "download_url": "//api.anaconda.org/download/bioconda/sga/0.10.15/linux-64/sga-0.10.15-0.tar.bz2",
            "full_name": "bioconda/sga/0.10.15/linux-64/sga-0.10.15-0.tar.bz2",
            "labels": [
                "main",
                "cf201901"
            ],
            "md5": "c38e7aabd45994d716d9519aaaa1e746",
            "ndownloads": 388,
            "owner": "bioconda",
            "size": 1095799,
            "type": "conda",
            "upload_time": "2017-12-28 20:11:09.967000+00:00",
            "version": "0.10.15"
        },
        {
            "attrs": {
                "arch": "x86_64",
                "build": "hb3c7c9d_4",
                "build_number": 4,
                "depends": [
                    "bamtools >=2.5.1,<2.5.2.0a0",
                    "libgcc-ng >=7.3.0",
                    "libstdcxx-ng >=7.3.0",
                    "sparsehash",
                    "zlib >=1.2.11,<1.3.0a0"
                ],
                "has_prefix": false,
                "license": "GPLv3",
                "license_family": "GPL",
                "machine": "x86_64",
                "operatingsystem": "linux",
                "platform": "linux",
                "subdir": "linux-64",
                "target-triplet": "x86_64-any-linux",
                "timestamp": 1557082904746
            },
            "basename": "linux-64/sga-0.10.15-hb3c7c9d_4.tar.bz2",
            "dependencies": {
                "depends": [
                    {
                        "name": "bamtools",
                        "specs": [
                            [
                                ">=",
                                "2.5.1,<2.5.2.0a0"
                            ]
                        ]
                    },
                    {
                        "name": "libgcc-ng",
                        "specs": [
                            [
                                ">=",
                                "7.3.0"
                            ]
                        ]
                    },
                    {
                        "name": "libstdcxx-ng",
                        "specs": [
                            [
                                ">=",
                                "7.3.0"
                            ]
                        ]
                    },
                    {
                        "name": "sparsehash",
                        "specs": []
                    },
                    {
                        "name": "zlib",
                        "specs": [
                            [
                                ">=",
                                "1.2.11,<1.3.0a0"
                            ]
                        ]
                    }
                ]
            },
            "description": null,
            "distribution_type": "conda",
            "download_url": "//api.anaconda.org/download/bioconda/sga/0.10.15/linux-64/sga-0.10.15-hb3c7c9d_4.tar.bz2",
            "full_name": "bioconda/sga/0.10.15/linux-64/sga-0.10.15-hb3c7c9d_4.tar.bz2",
            "labels": [
                "main"
            ],
            "md5": "e8d1e2979883fe451cb3e9e60ee30723",
            "ndownloads": 253,
            "owner": "bioconda",
            "size": 1155883,
            "type": "conda",
            "upload_time": "2019-05-05 19:37:13.920000+00:00",
            "version": "0.10.15"
        },
        {
            "attrs": {
                "arch": "x86_64",
                "build": "h435382d_4",
                "build_number": 4,
                "depends": [
                    "bamtools >=2.5.1,<2.5.2.0a0",
                    "libcxx >=4.0.1",
                    "sparsehash",
                    "zlib >=1.2.11,<1.3.0a0"
                ],
                "has_prefix": true,
                "license": "GPLv3",
                "license_family": "GPL",
                "machine": "x86_64",
                "operatingsystem": "darwin",
                "platform": "osx",
                "subdir": "osx-64",
                "target-triplet": "x86_64-any-darwin",
                "timestamp": 1557083539472
            },
            "basename": "osx-64/sga-0.10.15-h435382d_4.tar.bz2",
            "dependencies": {
                "depends": [
                    {
                        "name": "bamtools",
                        "specs": [
                            [
                                ">=",
                                "2.5.1,<2.5.2.0a0"
                            ]
                        ]
                    },
                    {
                        "name": "libcxx",
                        "specs": [
                            [
                                ">=",
                                "4.0.1"
                            ]
                        ]
                    },
                    {
                        "name": "sparsehash",
                        "specs": []
                    },
                    {
                        "name": "zlib",
                        "specs": [
                            [
                                ">=",
                                "1.2.11,<1.3.0a0"
                            ]
                        ]
                    }
                ]
            },
            "description": null,
            "distribution_type": "conda",
            "download_url": "//api.anaconda.org/download/bioconda/sga/0.10.15/osx-64/sga-0.10.15-h435382d_4.tar.bz2",
            "full_name": "bioconda/sga/0.10.15/osx-64/sga-0.10.15-h435382d_4.tar.bz2",
            "labels": [
                "main"
            ],
            "md5": "f0fdb447fc3ff4bb9c643a13470206a7",
            "ndownloads": 24,
            "owner": "bioconda",
            "size": 905227,
            "type": "conda",
            "upload_time": "2019-05-05 19:37:16.351000+00:00",
            "version": "0.10.15"
        },
        {
            "attrs": {
                "arch": "x86_64",
                "build": "h970fe44_5",
                "build_number": 5,
                "depends": [
                    "bamtools >=2.5.1,<2.5.2.0a0",
                    "libgcc-ng >=7.3.0",
                    "libstdcxx-ng >=7.3.0",
                    "sparsehash",
                    "zlib >=1.2.11,<1.3.0a0"
                ],
                "has_prefix": false,
                "license": "GPLv3",
                "license_family": "GPL",
                "machine": "x86_64",
                "operatingsystem": "linux",
                "platform": "linux",
                "subdir": "linux-64",
                "target-triplet": "x86_64-any-linux",
                "timestamp": 1572104342265
            },
            "basename": "linux-64/sga-0.10.15-h970fe44_5.tar.bz2",
            "dependencies": {
                "depends": [
                    {
                        "name": "bamtools",
                        "specs": [
                            [
                                ">=",
                                "2.5.1,<2.5.2.0a0"
                            ]
                        ]
                    },
                    {
                        "name": "libgcc-ng",
                        "specs": [
                            [
                                ">=",
                                "7.3.0"
                            ]
                        ]
                    },
                    {
                        "name": "libstdcxx-ng",
                        "specs": [
                            [
                                ">=",
                                "7.3.0"
                            ]
                        ]
                    },
                    {
                        "name": "sparsehash",
                        "specs": []
                    },
                    {
                        "name": "zlib",
                        "specs": [
                            [
                                ">=",
                                "1.2.11,<1.3.0a0"
                            ]
                        ]
                    }
                ]
            },
            "description": null,
            "distribution_type": "conda",
            "download_url": "//api.anaconda.org/download/bioconda/sga/0.10.15/linux-64/sga-0.10.15-h970fe44_5.tar.bz2",
            "full_name": "bioconda/sga/0.10.15/linux-64/sga-0.10.15-h970fe44_5.tar.bz2",
            "labels": [
                "main"
            ],
            "md5": "4c4205e5d1018572412ab33c25a2f897",
            "ndownloads": 54,
            "owner": "bioconda",
            "size": 1155927,
            "type": "conda",
            "upload_time": "2019-10-26 15:41:00.879000+00:00",
            "version": "0.10.15"
        },
        {
            "attrs": {
                "arch": "x86_64",
                "build": "hf65ff9b_5",
                "build_number": 5,
                "depends": [
                    "bamtools >=2.5.1,<2.5.2.0a0",
                    "libcxx >=4.0.1",
                    "sparsehash",
                    "zlib >=1.2.11,<1.3.0a0"
                ],
                "has_prefix": true,
                "license": "GPLv3",
                "license_family": "GPL",
                "machine": "x86_64",
                "operatingsystem": "darwin",
                "platform": "osx",
                "subdir": "osx-64",
                "target-triplet": "x86_64-any-darwin",
                "timestamp": 1572342758537
            },
            "basename": "osx-64/sga-0.10.15-hf65ff9b_5.tar.bz2",
            "dependencies": {
                "depends": [
                    {
                        "name": "bamtools",
                        "specs": [
                            [
                                ">=",
                                "2.5.1,<2.5.2.0a0"
                            ]
                        ]
                    },
                    {
                        "name": "libcxx",
                        "specs": [
                            [
                                ">=",
                                "4.0.1"
                            ]
                        ]
                    },
                    {
                        "name": "sparsehash",
                        "specs": []
                    },
                    {
                        "name": "zlib",
                        "specs": [
                            [
                                ">=",
                                "1.2.11,<1.3.0a0"
                            ]
                        ]
                    }
                ]
            },
            "description": null,
            "distribution_type": "conda",
            "download_url": "//api.anaconda.org/download/bioconda/sga/0.10.15/osx-64/sga-0.10.15-hf65ff9b_5.tar.bz2",
            "full_name": "bioconda/sga/0.10.15/osx-64/sga-0.10.15-hf65ff9b_5.tar.bz2",
            "labels": [
                "main"
            ],
            "md5": "5b9ec9bc525aa46ac9995953671d9c9d",
            "ndownloads": 173,
            "owner": "bioconda",
            "size": 906332,
            "type": "conda",
            "upload_time": "2019-10-29 09:52:56.302000+00:00",
            "version": "0.10.15"
        }
    ],
    "full_name": "bioconda/sga",
    "home": "None",
    "html_url": "http://anaconda.org/bioconda/sga",
    "id": "561431e1c5e9f451ec978f72",
    "latest_version": "0.10.15",
    "license": "GPLv3",
    "license_url": null,
    "modified_at": "2019-10-29 09:52:56.893000+00:00",
    "name": "sga",
    "owner": {
        "company": "",
        "created_at": "2015-09-11 22:59:20.880000+00:00",
        "description": "Bioconda is a distribution of bioinformatics software realized as a channel for the versatile Conda package manager.",
        "location": "",
        "login": "bioconda",
        "name": "bioconda",
        "url": "",
        "user_type": "org"
    },
    "package_types": [
        "conda"
    ],
    "public": true,
    "releases": [
        {
            "distributions": [
                "linux-64/sga-0.10.13-0.tar.bz2"
            ],
            "full_name": "bioconda/sga/0.10.13",
            "version": "0.10.13"
        },
        {
            "distributions": [],
            "full_name": "bioconda/sga/0.10.15",
            "version": "0.10.15"
        }
    ],
    "revision": 6,
    "source_git_tag": null,
    "source_git_url": null,
    "summary": "SGA - String Graph Assembler. SGA is a de novo assembler for DNA sequence reads. It is based on Gene Myers string graph formulation of assembly and uses the FM-index/Burrows-Wheeler transform to efficiently find overlaps between sequence reads.",
    "upvoted": 0,
    "url": "http://api.anaconda.org/packages/bioconda/sga",
    "versions": [
        "0.10.13",
        "0.10.15"
    ],
    "watchers": 1
}