{
    "app_entry": {},
    "app_summary": {},
    "app_type": {},
    "builds": [
        "1",
        "0",
        "h2d50403_1",
        "h470a237_2",
        "h2d50403_2"
    ],
    "conda_platforms": [
        "linux-64",
        "osx-64"
    ],
    "created_at": "2016-03-02 10:54:48.476000+00:00",
    "description": "None",
    "dev_url": {},
    "doc_url": {},
    "files": [
        {
            "attrs": {
                "arch": "x86_64",
                "build": "0",
                "build_number": 0,
                "depends": [],
                "license": "MIT",
                "machine": "x86_64",
                "operatingsystem": "darwin",
                "platform": "osx",
                "subdir": "osx-64",
                "target-triplet": "x86_64-any-darwin"
            },
            "basename": "osx-64/skewer-0.1.126-0.tar.bz2",
            "dependencies": {
                "depends": []
            },
            "description": null,
            "distribution_type": "conda",
            "download_url": "//api.anaconda.org/download/bioconda/skewer/0.1.126/osx-64/skewer-0.1.126-0.tar.bz2",
            "full_name": "bioconda/skewer/0.1.126/osx-64/skewer-0.1.126-0.tar.bz2",
            "labels": [
                "main",
                "cf201901"
            ],
            "md5": "cc05a417181d9fe75e528a762e8c6ab8",
            "ndownloads": 269,
            "owner": "bioconda",
            "size": 72259,
            "type": "conda",
            "upload_time": "2016-03-02 10:54:48.768000+00:00",
            "version": "0.1.126"
        },
        {
            "attrs": {
                "arch": "x86_64",
                "build": "0",
                "build_number": 0,
                "depends": [],
                "license": "MIT",
                "machine": "x86_64",
                "operatingsystem": "linux",
                "platform": "linux",
                "subdir": "linux-64",
                "target-triplet": "x86_64-any-linux"
            },
            "basename": "linux-64/skewer-0.1.126-0.tar.bz2",
            "dependencies": {
                "depends": []
            },
            "description": null,
            "distribution_type": "conda",
            "download_url": "//api.anaconda.org/download/bioconda/skewer/0.1.126/linux-64/skewer-0.1.126-0.tar.bz2",
            "full_name": "bioconda/skewer/0.1.126/linux-64/skewer-0.1.126-0.tar.bz2",
            "labels": [
                "main",
                "cf201901"
            ],
            "md5": "e2cc930a15a403ea3751fb5d6b2641bf",
            "ndownloads": 979,
            "owner": "bioconda",
            "size": 73955,
            "type": "conda",
            "upload_time": "2016-03-02 11:03:07.053000+00:00",
            "version": "0.1.126"
        },
        {
            "attrs": {
                "arch": "x86_64",
                "build": "0",
                "build_number": 0,
                "depends": [],
                "license": "MIT",
                "machine": "x86_64",
                "operatingsystem": "linux",
                "platform": "linux",
                "subdir": "linux-64",
                "target-triplet": "x86_64-any-linux"
            },
            "basename": "linux-64/skewer-0.2.2-0.tar.bz2",
            "dependencies": {
                "depends": []
            },
            "description": null,
            "distribution_type": "conda",
            "download_url": "//api.anaconda.org/download/bioconda/skewer/0.2.2/linux-64/skewer-0.2.2-0.tar.bz2",
            "full_name": "bioconda/skewer/0.2.2/linux-64/skewer-0.2.2-0.tar.bz2",
            "labels": [
                "main",
                "cf201901"
            ],
            "md5": "aa1f6d0222fd4f314e281afbc8320145",
            "ndownloads": 952,
            "owner": "bioconda",
            "size": 82365,
            "type": "conda",
            "upload_time": "2016-09-12 16:53:44.860000+00:00",
            "version": "0.2.2"
        },
        {
            "attrs": {
                "arch": "x86_64",
                "build": "0",
                "build_number": 0,
                "depends": [],
                "license": "MIT",
                "machine": "x86_64",
                "operatingsystem": "darwin",
                "platform": "osx",
                "subdir": "osx-64",
                "target-triplet": "x86_64-any-darwin"
            },
            "basename": "osx-64/skewer-0.2.2-0.tar.bz2",
            "dependencies": {
                "depends": []
            },
            "description": null,
            "distribution_type": "conda",
            "download_url": "//api.anaconda.org/download/bioconda/skewer/0.2.2/osx-64/skewer-0.2.2-0.tar.bz2",
            "full_name": "bioconda/skewer/0.2.2/osx-64/skewer-0.2.2-0.tar.bz2",
            "labels": [
                "main",
                "cf201901"
            ],
            "md5": "5a257d6dee0144c11b9ffea884e6eed8",
            "ndownloads": 113,
            "owner": "bioconda",
            "size": 79041,
            "type": "conda",
            "upload_time": "2016-09-12 17:27:21.579000+00:00",
            "version": "0.2.2"
        },
        {
            "attrs": {
                "arch": "x86_64",
                "build": "h470a237_2",
                "build_number": 2,
                "depends": [],
                "has_prefix": false,
                "license": "MIT",
                "machine": "x86_64",
                "operatingsystem": "darwin",
                "platform": "osx",
                "subdir": "osx-64",
                "target-triplet": "x86_64-any-darwin",
                "timestamp": 1529020725672
            },
            "basename": "osx-64/skewer-0.2.2-h470a237_2.tar.bz2",
            "dependencies": {
                "depends": []
            },
            "description": null,
            "distribution_type": "conda",
            "download_url": "//api.anaconda.org/download/bioconda/skewer/0.2.2/osx-64/skewer-0.2.2-h470a237_2.tar.bz2",
            "full_name": "bioconda/skewer/0.2.2/osx-64/skewer-0.2.2-h470a237_2.tar.bz2",
            "labels": [
                "main",
                "cf201901"
            ],
            "md5": "ea8ad7401fcf4867f02bcaa5416b25c6",
            "ndownloads": 650,
            "owner": "bioconda",
            "size": 80933,
            "type": "conda",
            "upload_time": "2018-06-14 23:58:52.974000+00:00",
            "version": "0.2.2"
        },
        {
            "attrs": {
                "arch": "x86_64",
                "build": "h2d50403_1",
                "build_number": 1,
                "depends": [
                    "libstdcxx-ng >=4.9"
                ],
                "has_prefix": false,
                "license": "MIT",
                "machine": "x86_64",
                "operatingsystem": "linux",
                "platform": "linux",
                "subdir": "linux-64",
                "target-triplet": "x86_64-any-linux",
                "timestamp": 1529786167251
            },
            "basename": "linux-64/skewer-0.1.126-h2d50403_1.tar.bz2",
            "dependencies": {
                "depends": [
                    {
                        "name": "libstdcxx-ng",
                        "specs": [
                            [
                                ">=",
                                "4.9"
                            ]
                        ]
                    }
                ]
            },
            "description": null,
            "distribution_type": "conda",
            "download_url": "//api.anaconda.org/download/bioconda/skewer/0.1.126/linux-64/skewer-0.1.126-h2d50403_1.tar.bz2",
            "full_name": "bioconda/skewer/0.1.126/linux-64/skewer-0.1.126-h2d50403_1.tar.bz2",
            "labels": [
                "main",
                "cf201901"
            ],
            "md5": "5138417882b07dcb20668b0760d68653",
            "ndownloads": 130,
            "owner": "bioconda",
            "size": 78418,
            "type": "conda",
            "upload_time": "2018-06-23 20:37:21.278000+00:00",
            "version": "0.1.126"
        },
        {
            "attrs": {
                "arch": "x86_64",
                "build": "1",
                "build_number": 1,
                "depends": [],
                "has_prefix": false,
                "license": "MIT",
                "machine": "x86_64",
                "operatingsystem": "darwin",
                "platform": "osx",
                "subdir": "osx-64",
                "target-triplet": "x86_64-any-darwin",
                "timestamp": 1529397100903
            },
            "basename": "osx-64/skewer-0.1.126-1.tar.bz2",
            "dependencies": {
                "depends": []
            },
            "description": null,
            "distribution_type": "conda",
            "download_url": "//api.anaconda.org/download/bioconda/skewer/0.1.126/osx-64/skewer-0.1.126-1.tar.bz2",
            "full_name": "bioconda/skewer/0.1.126/osx-64/skewer-0.1.126-1.tar.bz2",
            "labels": [
                "main",
                "cf201901"
            ],
            "md5": "b73806fc6ef12b10c2842e733c1c38e1",
            "ndownloads": 670,
            "owner": "bioconda",
            "size": 74755,
            "type": "conda",
            "upload_time": "2018-06-19 08:31:48.213000+00:00",
            "version": "0.1.126"
        },
        {
            "attrs": {
                "arch": "x86_64",
                "build": "h2d50403_2",
                "build_number": 2,
                "depends": [
                    "libstdcxx-ng >=4.9"
                ],
                "has_prefix": false,
                "license": "MIT",
                "machine": "x86_64",
                "operatingsystem": "linux",
                "platform": "linux",
                "subdir": "linux-64",
                "target-triplet": "x86_64-any-linux",
                "timestamp": 1529612917706
            },
            "basename": "linux-64/skewer-0.2.2-h2d50403_2.tar.bz2",
            "dependencies": {
                "depends": [
                    {
                        "name": "libstdcxx-ng",
                        "specs": [
                            [
                                ">=",
                                "4.9"
                            ]
                        ]
                    }
                ]
            },
            "description": null,
            "distribution_type": "conda",
            "download_url": "//api.anaconda.org/download/bioconda/skewer/0.2.2/linux-64/skewer-0.2.2-h2d50403_2.tar.bz2",
            "full_name": "bioconda/skewer/0.2.2/linux-64/skewer-0.2.2-h2d50403_2.tar.bz2",
            "labels": [
                "main",
                "cf201901"
            ],
            "md5": "9b1804bbe22e5c7e54e587746c3d03e8",
            "ndownloads": 4487,
            "owner": "bioconda",
            "size": 88463,
            "type": "conda",
            "upload_time": "2018-06-21 20:29:50.848000+00:00",
            "version": "0.2.2"
        },
        {
            "attrs": {
                "arch": "x86_64",
                "build": "1",
                "build_number": 1,
                "depends": [],
                "has_prefix": false,
                "license": "MIT",
                "machine": "x86_64",
                "operatingsystem": "darwin",
                "platform": "osx",
                "subdir": "osx-64",
                "target-triplet": "x86_64-any-darwin"
            },
            "basename": "osx-64/skewer-0.2.2-1.tar.bz2",
            "dependencies": {
                "depends": []
            },
            "description": null,
            "distribution_type": "conda",
            "download_url": "//api.anaconda.org/download/bioconda/skewer/0.2.2/osx-64/skewer-0.2.2-1.tar.bz2",
            "full_name": "bioconda/skewer/0.2.2/osx-64/skewer-0.2.2-1.tar.bz2",
            "labels": [
                "main",
                "cf201901"
            ],
            "md5": "c6a07db18de1e2bce23efb3b97d73db5",
            "ndownloads": 245,
            "owner": "bioconda",
            "size": 79600,
            "type": "conda",
            "upload_time": "2017-05-04 07:09:48.617000+00:00",
            "version": "0.2.2"
        },
        {
            "attrs": {
                "arch": "x86_64",
                "build": "1",
                "build_number": 1,
                "depends": [
                    "libgcc"
                ],
                "has_prefix": true,
                "license": "MIT",
                "machine": "x86_64",
                "operatingsystem": "linux",
                "platform": "linux",
                "subdir": "linux-64",
                "target-triplet": "x86_64-any-linux"
            },
            "basename": "linux-64/skewer-0.2.2-1.tar.bz2",
            "dependencies": {
                "depends": [
                    {
                        "name": "libgcc",
                        "specs": []
                    }
                ]
            },
            "description": null,
            "distribution_type": "conda",
            "download_url": "//api.anaconda.org/download/bioconda/skewer/0.2.2/linux-64/skewer-0.2.2-1.tar.bz2",
            "full_name": "bioconda/skewer/0.2.2/linux-64/skewer-0.2.2-1.tar.bz2",
            "labels": [
                "main",
                "cf201901"
            ],
            "md5": "a7bc9ddeb673da95c2a3df2783dc2257",
            "ndownloads": 3422,
            "owner": "bioconda",
            "size": 84434,
            "type": "conda",
            "upload_time": "2017-05-04 07:12:20.296000+00:00",
            "version": "0.2.2"
        }
    ],
    "full_name": "bioconda/skewer",
    "home": "None",
    "html_url": "http://anaconda.org/bioconda/skewer",
    "id": "56d6c67803fe710362889d1d",
    "latest_version": "0.2.2",
    "license": "MIT",
    "license_url": {},
    "modified_at": "2018-06-23 20:37:21.693000+00:00",
    "name": "skewer",
    "owner": {
        "company": "",
        "created_at": "2015-09-11 22:59:20.880000+00:00",
        "description": "Bioconda is a distribution of bioinformatics software realized as a channel for the versatile Conda package manager.",
        "location": "",
        "login": "bioconda",
        "name": "bioconda",
        "url": "",
        "user_type": "org"
    },
    "package_types": [
        "conda"
    ],
    "public": true,
    "releases": [
        {
            "distributions": [
                "osx-64/skewer-0.1.126-0.tar.bz2",
                "linux-64/skewer-0.1.126-0.tar.bz2"
            ],
            "full_name": "bioconda/skewer/0.1.126",
            "version": "0.1.126"
        },
        {
            "distributions": [],
            "full_name": "bioconda/skewer/0.2.2",
            "version": "0.2.2"
        }
    ],
    "revision": 4,
    "source_git_tag": {},
    "source_git_url": {},
    "summary": "A fast and accurate adapter trimmer for next-generation sequencing paired-end reads.",
    "upvoted": 0,
    "url": "http://api.anaconda.org/packages/bioconda/skewer",
    "versions": [
        "0.1.126",
        "0.2.2"
    ],
    "watchers": 1
}