{
    "app_entry": {},
    "app_summary": {},
    "app_type": {},
    "builds": [
        "h73067bb_0"
    ],
    "conda_platforms": [
        "linux-64",
        "osx-64"
    ],
    "created_at": "2018-09-25 18:21:43.156000+00:00",
    "description": "",
    "dev_url": null,
    "doc_url": null,
    "files": [
        {
            "attrs": {
                "arch": "x86_64",
                "build": "h73067bb_0",
                "build_number": 0,
                "depends": [
                    "bzip2 >=1.0.6,<2.0a0",
                    "zlib >=1.2.11,<1.3.0a0"
                ],
                "has_prefix": false,
                "license": "https://github.com/seqan/slimm/blob/master/LICENSE",
                "machine": "x86_64",
                "operatingsystem": "darwin",
                "platform": "osx",
                "subdir": "osx-64",
                "target-triplet": "x86_64-any-darwin",
                "timestamp": 1537899687223
            },
            "basename": "osx-64/slimm-0.3.4-h73067bb_0.tar.bz2",
            "dependencies": {
                "depends": [
                    {
                        "name": "bzip2",
                        "specs": [
                            [
                                ">=",
                                "1.0.6,<2.0a0"
                            ]
                        ]
                    },
                    {
                        "name": "zlib",
                        "specs": [
                            [
                                ">=",
                                "1.2.11,<1.3.0a0"
                            ]
                        ]
                    }
                ]
            },
            "description": null,
            "distribution_type": "conda",
            "download_url": "//api.anaconda.org/download/bioconda/slimm/0.3.4/osx-64/slimm-0.3.4-h73067bb_0.tar.bz2",
            "full_name": "bioconda/slimm/0.3.4/osx-64/slimm-0.3.4-h73067bb_0.tar.bz2",
            "labels": [
                "main",
                "cf201901"
            ],
            "md5": "08645351cbddaf87f70787b4148b9fa6",
            "ndownloads": 761,
            "owner": "bioconda",
            "size": 1209917,
            "type": "conda",
            "upload_time": "2018-09-25 18:21:43.975000+00:00",
            "version": "0.3.4"
        },
        {
            "attrs": {
                "arch": "x86_64",
                "build": "h73067bb_0",
                "build_number": 0,
                "depends": [
                    "bzip2 >=1.0.6,<2.0a0",
                    "zlib >=1.2.11,<1.3.0a0"
                ],
                "has_prefix": false,
                "license": "https://github.com/seqan/slimm/blob/master/LICENSE",
                "machine": "x86_64",
                "operatingsystem": "linux",
                "platform": "linux",
                "subdir": "linux-64",
                "target-triplet": "x86_64-any-linux",
                "timestamp": 1537899834553
            },
            "basename": "linux-64/slimm-0.3.4-h73067bb_0.tar.bz2",
            "dependencies": {
                "depends": [
                    {
                        "name": "bzip2",
                        "specs": [
                            [
                                ">=",
                                "1.0.6,<2.0a0"
                            ]
                        ]
                    },
                    {
                        "name": "zlib",
                        "specs": [
                            [
                                ">=",
                                "1.2.11,<1.3.0a0"
                            ]
                        ]
                    }
                ]
            },
            "description": null,
            "distribution_type": "conda",
            "download_url": "//api.anaconda.org/download/bioconda/slimm/0.3.4/linux-64/slimm-0.3.4-h73067bb_0.tar.bz2",
            "full_name": "bioconda/slimm/0.3.4/linux-64/slimm-0.3.4-h73067bb_0.tar.bz2",
            "labels": [
                "main",
                "cf201901"
            ],
            "md5": "f5e8a7c24d1f7b990b53d5ee1c21afed",
            "ndownloads": 270,
            "owner": "bioconda",
            "size": 1806545,
            "type": "conda",
            "upload_time": "2018-09-25 18:25:30.134000+00:00",
            "version": "0.3.4"
        }
    ],
    "full_name": "bioconda/slimm",
    "home": "https://github.com/seqan/slimm/blob/master/README.md",
    "html_url": "http://anaconda.org/bioconda/slimm",
    "id": "5baa7cb7c5eaa81352441c2f",
    "latest_version": "0.3.4",
    "license": "https://github.com/seqan/slimm/blob/master/LICENSE",
    "license_url": null,
    "modified_at": "2018-09-25 18:25:30.744000+00:00",
    "name": "slimm",
    "owner": {
        "company": "",
        "created_at": "2015-09-11 22:59:20.880000+00:00",
        "description": "Bioconda is a distribution of bioinformatics software realized as a channel for the versatile Conda package manager.",
        "location": "",
        "login": "bioconda",
        "name": "bioconda",
        "url": "",
        "user_type": "org"
    },
    "package_types": [
        "conda"
    ],
    "public": true,
    "releases": [
        {
            "distributions": [],
            "full_name": "bioconda/slimm/0.3.4",
            "version": "0.3.4"
        }
    ],
    "revision": 2,
    "source_git_tag": null,
    "source_git_url": null,
    "summary": "SLIMM - Species Level Identification of Microbes from Metagenomes",
    "upvoted": 0,
    "url": "http://api.anaconda.org/packages/bioconda/slimm",
    "versions": [
        "0.3.4"
    ],
    "watchers": 1
}