{
    "app_entry": {},
    "app_summary": {},
    "app_type": {},
    "builds": [
        "hd1e57f0_0"
    ],
    "conda_platforms": [
        "linux-64"
    ],
    "created_at": "2018-09-03 00:32:37.275000+00:00",
    "description": "",
    "dev_url": null,
    "doc_url": null,
    "files": [
        {
            "attrs": {
                "arch": "x86_64",
                "build": "hd1e57f0_0",
                "build_number": 0,
                "depends": [
                    "boost >=1.67.0,<1.67.1.0a0",
                    "icu >=58.2,<59.0a0",
                    "libgcc-ng >=7.3.0",
                    "libstdcxx-ng >=7.3.0",
                    "zlib >=1.2.11,<1.3.0a0"
                ],
                "has_prefix": true,
                "license": "GPLv3",
                "machine": "x86_64",
                "operatingsystem": "linux",
                "platform": "linux",
                "subdir": "linux-64",
                "target-triplet": "x86_64-any-linux",
                "timestamp": 1535934582936
            },
            "basename": "linux-64/solexaqa-3.1.7.1-hd1e57f0_0.tar.bz2",
            "dependencies": {
                "depends": [
                    {
                        "name": "boost",
                        "specs": [
                            [
                                ">=",
                                "1.67.0,<1.67.1.0a0"
                            ]
                        ]
                    },
                    {
                        "name": "icu",
                        "specs": [
                            [
                                ">=",
                                "58.2,<59.0a0"
                            ]
                        ]
                    },
                    {
                        "name": "libgcc-ng",
                        "specs": [
                            [
                                ">=",
                                "7.3.0"
                            ]
                        ]
                    },
                    {
                        "name": "libstdcxx-ng",
                        "specs": [
                            [
                                ">=",
                                "7.3.0"
                            ]
                        ]
                    },
                    {
                        "name": "zlib",
                        "specs": [
                            [
                                ">=",
                                "1.2.11,<1.3.0a0"
                            ]
                        ]
                    }
                ]
            },
            "description": null,
            "distribution_type": "conda",
            "download_url": "//api.anaconda.org/download/bioconda/solexaqa/3.1.7.1/linux-64/solexaqa-3.1.7.1-hd1e57f0_0.tar.bz2",
            "full_name": "bioconda/solexaqa/3.1.7.1/linux-64/solexaqa-3.1.7.1-hd1e57f0_0.tar.bz2",
            "labels": [
                "main",
                "cf201901"
            ],
            "md5": "b6623869efab2948db76052d0e15999c",
            "ndownloads": 1056,
            "owner": "bioconda",
            "size": 4166990,
            "type": "conda",
            "upload_time": "2018-09-03 00:32:38.043000+00:00",
            "version": "3.1.7.1"
        }
    ],
    "full_name": "bioconda/solexaqa",
    "home": "http://solexaqa.sourceforge.net/",
    "html_url": "http://anaconda.org/bioconda/solexaqa",
    "id": "5b8c81258a41bc135a005c2e",
    "latest_version": "3.1.7.1",
    "license": "GPLv3",
    "license_url": null,
    "modified_at": "2018-09-03 00:32:38.706000+00:00",
    "name": "solexaqa",
    "owner": {
        "company": "",
        "created_at": "2015-09-11 22:59:20.880000+00:00",
        "description": "Bioconda is a distribution of bioinformatics software realized as a channel for the versatile Conda package manager.",
        "location": "",
        "login": "bioconda",
        "name": "bioconda",
        "url": "",
        "user_type": "org"
    },
    "package_types": [
        "conda"
    ],
    "public": true,
    "releases": [
        {
            "distributions": [],
            "full_name": "bioconda/solexaqa/3.1.7.1",
            "version": "3.1.7.1"
        }
    ],
    "revision": 2,
    "source_git_tag": null,
    "source_git_url": null,
    "summary": "Quality statistics and visual representations for second-generation sequencing data",
    "upvoted": 0,
    "url": "http://api.anaconda.org/packages/bioconda/solexaqa",
    "versions": [
        "3.1.7.1"
    ],
    "watchers": 1
}