{
    "app_entry": {},
    "app_summary": {},
    "app_type": {},
    "builds": [
        "py35_boost1.64",
        "py27_boost1.64",
        "py34_boost1.61",
        "py35_boost1.61",
        "py36_boost1.64",
        "py36_boost1.61",
        "py27_boost1.61"
    ],
    "conda_platforms": [
        "linux-64"
    ],
    "created_at": "2017-04-13 21:09:00.492000+00:00",
    "description": "",
    "dev_url": {},
    "doc_url": {},
    "files": [
        {
            "attrs": {
                "arch": "x86_64",
                "build": "py27_boost1.61",
                "build_number": 0,
                "depends": [
                    "boost 1.61*",
                    "libgcc"
                ],
                "has_prefix": true,
                "license": "https://github.com/GuyAllard/SPINGO/blob/master/LICENSE",
                "machine": "x86_64",
                "operatingsystem": "linux",
                "platform": "linux",
                "subdir": "linux-64",
                "target-triplet": "x86_64-any-linux"
            },
            "basename": "linux-64/spingo-1.3-py27_boost1.61.tar.bz2",
            "dependencies": {
                "depends": [
                    {
                        "name": "boost",
                        "specs": [
                            [
                                "==",
                                "1.61"
                            ]
                        ]
                    },
                    {
                        "name": "libgcc",
                        "specs": []
                    }
                ]
            },
            "description": null,
            "distribution_type": "conda",
            "download_url": "//api.anaconda.org/download/bioconda/spingo/1.3/linux-64/spingo-1.3-py27_boost1.61.tar.bz2",
            "full_name": "bioconda/spingo/1.3/linux-64/spingo-1.3-py27_boost1.61.tar.bz2",
            "labels": [
                "main",
                "cf201901"
            ],
            "md5": "d3abe8267ea2790b4c3c2f42fa994525",
            "ndownloads": 350,
            "owner": "bioconda",
            "size": 182127,
            "type": "conda",
            "upload_time": "2017-04-13 21:09:00.928000+00:00",
            "version": "1.3"
        },
        {
            "attrs": {
                "arch": "x86_64",
                "build": "py36_boost1.61",
                "build_number": 0,
                "depends": [
                    "boost 1.61*",
                    "libgcc"
                ],
                "has_prefix": true,
                "license": "https://github.com/GuyAllard/SPINGO/blob/master/LICENSE",
                "machine": "x86_64",
                "operatingsystem": "linux",
                "platform": "linux",
                "subdir": "linux-64",
                "target-triplet": "x86_64-any-linux"
            },
            "basename": "linux-64/spingo-1.3-py36_boost1.61.tar.bz2",
            "dependencies": {
                "depends": [
                    {
                        "name": "boost",
                        "specs": [
                            [
                                "==",
                                "1.61"
                            ]
                        ]
                    },
                    {
                        "name": "libgcc",
                        "specs": []
                    }
                ]
            },
            "description": null,
            "distribution_type": "conda",
            "download_url": "//api.anaconda.org/download/bioconda/spingo/1.3/linux-64/spingo-1.3-py36_boost1.61.tar.bz2",
            "full_name": "bioconda/spingo/1.3/linux-64/spingo-1.3-py36_boost1.61.tar.bz2",
            "labels": [
                "main",
                "cf201901"
            ],
            "md5": "187e3d3e50f39d02be1f483311acad66",
            "ndownloads": 349,
            "owner": "bioconda",
            "size": 182272,
            "type": "conda",
            "upload_time": "2017-05-04 22:49:53.102000+00:00",
            "version": "1.3"
        },
        {
            "attrs": {
                "arch": "x86_64",
                "build": "py34_boost1.61",
                "build_number": 0,
                "depends": [
                    "boost 1.61*",
                    "libgcc"
                ],
                "has_prefix": true,
                "license": "https://github.com/GuyAllard/SPINGO/blob/master/LICENSE",
                "machine": "x86_64",
                "operatingsystem": "linux",
                "platform": "linux",
                "subdir": "linux-64",
                "target-triplet": "x86_64-any-linux"
            },
            "basename": "linux-64/spingo-1.3-py34_boost1.61.tar.bz2",
            "dependencies": {
                "depends": [
                    {
                        "name": "boost",
                        "specs": [
                            [
                                "==",
                                "1.61"
                            ]
                        ]
                    },
                    {
                        "name": "libgcc",
                        "specs": []
                    }
                ]
            },
            "description": null,
            "distribution_type": "conda",
            "download_url": "//api.anaconda.org/download/bioconda/spingo/1.3/linux-64/spingo-1.3-py34_boost1.61.tar.bz2",
            "full_name": "bioconda/spingo/1.3/linux-64/spingo-1.3-py34_boost1.61.tar.bz2",
            "labels": [
                "main",
                "cf201901"
            ],
            "md5": "3033d0e9b2140ba1bf58ad5735dc4ebd",
            "ndownloads": 356,
            "owner": "bioconda",
            "size": 182142,
            "type": "conda",
            "upload_time": "2017-04-13 21:09:02.933000+00:00",
            "version": "1.3"
        },
        {
            "attrs": {
                "arch": "x86_64",
                "build": "py35_boost1.61",
                "build_number": 0,
                "depends": [
                    "boost 1.61*",
                    "libgcc"
                ],
                "has_prefix": true,
                "license": "https://github.com/GuyAllard/SPINGO/blob/master/LICENSE",
                "machine": "x86_64",
                "operatingsystem": "linux",
                "platform": "linux",
                "subdir": "linux-64",
                "target-triplet": "x86_64-any-linux"
            },
            "basename": "linux-64/spingo-1.3-py35_boost1.61.tar.bz2",
            "dependencies": {
                "depends": [
                    {
                        "name": "boost",
                        "specs": [
                            [
                                "==",
                                "1.61"
                            ]
                        ]
                    },
                    {
                        "name": "libgcc",
                        "specs": []
                    }
                ]
            },
            "description": null,
            "distribution_type": "conda",
            "download_url": "//api.anaconda.org/download/bioconda/spingo/1.3/linux-64/spingo-1.3-py35_boost1.61.tar.bz2",
            "full_name": "bioconda/spingo/1.3/linux-64/spingo-1.3-py35_boost1.61.tar.bz2",
            "labels": [
                "main",
                "cf201901"
            ],
            "md5": "361a76389dd37633c1edee31a05f08e7",
            "ndownloads": 482,
            "owner": "bioconda",
            "size": 182172,
            "type": "conda",
            "upload_time": "2017-04-13 21:09:05.072000+00:00",
            "version": "1.3"
        },
        {
            "attrs": {
                "arch": "x86_64",
                "build": "py27_boost1.64",
                "build_number": 0,
                "depends": [
                    "boost 1.64*",
                    "libgcc"
                ],
                "has_prefix": true,
                "license": "https://github.com/GuyAllard/SPINGO/blob/master/LICENSE",
                "machine": "x86_64",
                "operatingsystem": "linux",
                "platform": "linux",
                "subdir": "linux-64",
                "target-triplet": "x86_64-any-linux"
            },
            "basename": "linux-64/spingo-1.3-py27_boost1.64.tar.bz2",
            "dependencies": {
                "depends": [
                    {
                        "name": "boost",
                        "specs": [
                            [
                                "==",
                                "1.64"
                            ]
                        ]
                    },
                    {
                        "name": "libgcc",
                        "specs": []
                    }
                ]
            },
            "description": null,
            "distribution_type": "conda",
            "download_url": "//api.anaconda.org/download/bioconda/spingo/1.3/linux-64/spingo-1.3-py27_boost1.64.tar.bz2",
            "full_name": "bioconda/spingo/1.3/linux-64/spingo-1.3-py27_boost1.64.tar.bz2",
            "labels": [
                "main",
                "cf201901"
            ],
            "md5": "c0ad185a2c4a43f9eb780b44f6225109",
            "ndownloads": 382,
            "owner": "bioconda",
            "size": 185239,
            "type": "conda",
            "upload_time": "2017-07-05 18:01:06.530000+00:00",
            "version": "1.3"
        },
        {
            "attrs": {
                "arch": "x86_64",
                "build": "py35_boost1.64",
                "build_number": 0,
                "depends": [
                    "boost 1.64*",
                    "libgcc"
                ],
                "has_prefix": true,
                "license": "https://github.com/GuyAllard/SPINGO/blob/master/LICENSE",
                "machine": "x86_64",
                "operatingsystem": "linux",
                "platform": "linux",
                "subdir": "linux-64",
                "target-triplet": "x86_64-any-linux"
            },
            "basename": "linux-64/spingo-1.3-py35_boost1.64.tar.bz2",
            "dependencies": {
                "depends": [
                    {
                        "name": "boost",
                        "specs": [
                            [
                                "==",
                                "1.64"
                            ]
                        ]
                    },
                    {
                        "name": "libgcc",
                        "specs": []
                    }
                ]
            },
            "description": null,
            "distribution_type": "conda",
            "download_url": "//api.anaconda.org/download/bioconda/spingo/1.3/linux-64/spingo-1.3-py35_boost1.64.tar.bz2",
            "full_name": "bioconda/spingo/1.3/linux-64/spingo-1.3-py35_boost1.64.tar.bz2",
            "labels": [
                "main",
                "cf201901"
            ],
            "md5": "f809016a6261b6e9f222301b444b58a6",
            "ndownloads": 340,
            "owner": "bioconda",
            "size": 185402,
            "type": "conda",
            "upload_time": "2017-07-05 18:08:31.960000+00:00",
            "version": "1.3"
        },
        {
            "attrs": {
                "arch": "x86_64",
                "build": "py36_boost1.64",
                "build_number": 0,
                "depends": [
                    "boost 1.64*",
                    "libgcc"
                ],
                "has_prefix": true,
                "license": "https://github.com/GuyAllard/SPINGO/blob/master/LICENSE",
                "machine": "x86_64",
                "operatingsystem": "linux",
                "platform": "linux",
                "subdir": "linux-64",
                "target-triplet": "x86_64-any-linux"
            },
            "basename": "linux-64/spingo-1.3-py36_boost1.64.tar.bz2",
            "dependencies": {
                "depends": [
                    {
                        "name": "boost",
                        "specs": [
                            [
                                "==",
                                "1.64"
                            ]
                        ]
                    },
                    {
                        "name": "libgcc",
                        "specs": []
                    }
                ]
            },
            "description": null,
            "distribution_type": "conda",
            "download_url": "//api.anaconda.org/download/bioconda/spingo/1.3/linux-64/spingo-1.3-py36_boost1.64.tar.bz2",
            "full_name": "bioconda/spingo/1.3/linux-64/spingo-1.3-py36_boost1.64.tar.bz2",
            "labels": [
                "main",
                "cf201901"
            ],
            "md5": "802a84d48a0838f51c11b79c23295211",
            "ndownloads": 1086,
            "owner": "bioconda",
            "size": 185354,
            "type": "conda",
            "upload_time": "2017-07-05 18:15:36.481000+00:00",
            "version": "1.3"
        }
    ],
    "full_name": "bioconda/spingo",
    "home": "None",
    "html_url": "http://anaconda.org/bioconda/spingo",
    "id": "58efe8ecfe2ee046e75625e0",
    "latest_version": "1.3",
    "license": {},
    "license_url": {},
    "modified_at": "2017-07-05 18:15:38.245000+00:00",
    "name": "spingo",
    "owner": {
        "company": "",
        "created_at": "2015-09-11 22:59:20.880000+00:00",
        "description": "Bioconda is a distribution of bioinformatics software realized as a channel for the versatile Conda package manager.",
        "location": "",
        "login": "bioconda",
        "name": "bioconda",
        "url": "",
        "user_type": "org"
    },
    "package_types": [
        "conda"
    ],
    "public": true,
    "releases": [
        {
            "distributions": [],
            "full_name": "bioconda/spingo/1.3",
            "version": "1.3"
        }
    ],
    "revision": 2,
    "source_git_tag": {},
    "source_git_url": {},
    "summary": "",
    "upvoted": 0,
    "url": "http://api.anaconda.org/packages/bioconda/spingo",
    "versions": [
        "1.3"
    ],
    "watchers": 1
}