{
    "app_entry": {},
    "app_summary": {},
    "app_type": {},
    "builds": [
        "py_0"
    ],
    "conda_platforms": [
        "noarch"
    ],
    "created_at": "2019-03-06 18:43:12.197000+00:00",
    "description": "",
    "dev_url": null,
    "doc_url": null,
    "files": [
        {
            "attrs": {
                "arch": null,
                "build": "py_0",
                "build_number": 0,
                "depends": [
                    "blast",
                    "python >=3.5",
                    "r-gdata"
                ],
                "has_prefix": false,
                "license": "GPL-3",
                "license_family": "GPL",
                "machine": null,
                "noarch": "python",
                "operatingsystem": null,
                "platform": null,
                "subdir": "noarch",
                "target-triplet": "None-any-None",
                "timestamp": 1551897324698
            },
            "basename": "noarch/spotyping3-3.0-py_0.tar.bz2",
            "dependencies": {
                "depends": [
                    {
                        "name": "blast",
                        "specs": []
                    },
                    {
                        "name": "python",
                        "specs": [
                            [
                                ">=",
                                "3.5"
                            ]
                        ]
                    },
                    {
                        "name": "r-gdata",
                        "specs": []
                    }
                ]
            },
            "description": null,
            "distribution_type": "conda",
            "download_url": "//api.anaconda.org/download/bioconda/spotyping3/3.0/noarch/spotyping3-3.0-py_0.tar.bz2",
            "full_name": "bioconda/spotyping3/3.0/noarch/spotyping3-3.0-py_0.tar.bz2",
            "labels": [
                "main"
            ],
            "md5": "a67010dd2a5e4883fb1396da33afc5c7",
            "ndownloads": 183,
            "owner": "bioconda",
            "size": 52411,
            "type": "conda",
            "upload_time": "2019-03-06 18:43:12.968000+00:00",
            "version": "3.0"
        }
    ],
    "full_name": "bioconda/spotyping3",
    "home": "https://github.com/matnguyen/SpoTyping",
    "html_url": "http://anaconda.org/bioconda/spotyping3",
    "id": "5c8014c037f3390df24bf984",
    "latest_version": "3.0",
    "license": "GPL-3",
    "license_url": null,
    "modified_at": "2019-03-06 18:43:13.347000+00:00",
    "name": "spotyping3",
    "owner": {
        "company": "",
        "created_at": "2015-09-11 22:59:20.880000+00:00",
        "description": "Bioconda is a distribution of bioinformatics software realized as a channel for the versatile Conda package manager.",
        "location": "",
        "login": "bioconda",
        "name": "bioconda",
        "url": "",
        "user_type": "org"
    },
    "package_types": [
        "conda"
    ],
    "public": true,
    "releases": [
        {
            "distributions": [],
            "full_name": "bioconda/spotyping3/3.0",
            "version": "3.0"
        }
    ],
    "revision": 2,
    "source_git_tag": null,
    "source_git_url": null,
    "summary": "SpoTyping3: fast and accurate in silico Mycobacterium spoligotyping from sequence reads, compatible with Python3",
    "upvoted": 0,
    "url": "http://api.anaconda.org/packages/bioconda/spotyping3",
    "versions": [
        "3.0"
    ],
    "watchers": 1
}