{
    "app_entry": {},
    "app_summary": {},
    "app_type": {},
    "builds": [
        "h470a237_1",
        "0",
        "h2d50403_1"
    ],
    "conda_platforms": [
        "linux-64",
        "osx-64"
    ],
    "created_at": "2018-05-03 19:23:05.822000+00:00",
    "description": "",
    "dev_url": null,
    "doc_url": null,
    "files": [
        {
            "attrs": {
                "arch": "x86_64",
                "build": "h470a237_1",
                "build_number": 1,
                "depends": [],
                "has_prefix": false,
                "license": "Artistic-2.0",
                "license_family": "MIT",
                "machine": "x86_64",
                "operatingsystem": "darwin",
                "platform": "osx",
                "subdir": "osx-64",
                "target-triplet": "x86_64-any-darwin",
                "timestamp": 1529017003518
            },
            "basename": "osx-64/stereogene-2.20-h470a237_1.tar.bz2",
            "dependencies": {
                "depends": []
            },
            "description": null,
            "distribution_type": "conda",
            "download_url": "//api.anaconda.org/download/bioconda/stereogene/2.20/osx-64/stereogene-2.20-h470a237_1.tar.bz2",
            "full_name": "bioconda/stereogene/2.20/osx-64/stereogene-2.20-h470a237_1.tar.bz2",
            "labels": [
                "main",
                "cf201901"
            ],
            "md5": "fa8a956f2df79fd02053d4ef579c8a62",
            "ndownloads": 533,
            "owner": "bioconda",
            "size": 381124,
            "type": "conda",
            "upload_time": "2018-06-14 22:56:51.399000+00:00",
            "version": "2.20"
        },
        {
            "attrs": {
                "arch": "x86_64",
                "build": "h2d50403_1",
                "build_number": 1,
                "depends": [
                    "libstdcxx-ng >=4.9"
                ],
                "has_prefix": false,
                "license": "Artistic-2.0",
                "license_family": "MIT",
                "machine": "x86_64",
                "operatingsystem": "linux",
                "platform": "linux",
                "subdir": "linux-64",
                "target-triplet": "x86_64-any-linux",
                "timestamp": 1529652119742
            },
            "basename": "linux-64/stereogene-2.20-h2d50403_1.tar.bz2",
            "dependencies": {
                "depends": [
                    {
                        "name": "libstdcxx-ng",
                        "specs": [
                            [
                                ">=",
                                "4.9"
                            ]
                        ]
                    }
                ]
            },
            "description": null,
            "distribution_type": "conda",
            "download_url": "//api.anaconda.org/download/bioconda/stereogene/2.20/linux-64/stereogene-2.20-h2d50403_1.tar.bz2",
            "full_name": "bioconda/stereogene/2.20/linux-64/stereogene-2.20-h2d50403_1.tar.bz2",
            "labels": [
                "main",
                "cf201901"
            ],
            "md5": "37abdac7fd4f30bb14cd71cc5741648c",
            "ndownloads": 127,
            "owner": "bioconda",
            "size": 411022,
            "type": "conda",
            "upload_time": "2018-06-22 07:23:14.266000+00:00",
            "version": "2.20"
        },
        {
            "attrs": {
                "arch": "x86_64",
                "build": "0",
                "build_number": 0,
                "depends": [],
                "has_prefix": false,
                "license": "Artistic-2.0",
                "license_family": "MIT",
                "machine": "x86_64",
                "operatingsystem": "darwin",
                "platform": "osx",
                "subdir": "osx-64",
                "target-triplet": "x86_64-any-darwin"
            },
            "basename": "osx-64/stereogene-2.20-0.tar.bz2",
            "dependencies": {
                "depends": []
            },
            "description": null,
            "distribution_type": "conda",
            "download_url": "//api.anaconda.org/download/bioconda/stereogene/2.20/osx-64/stereogene-2.20-0.tar.bz2",
            "full_name": "bioconda/stereogene/2.20/osx-64/stereogene-2.20-0.tar.bz2",
            "labels": [
                "main",
                "cf201901"
            ],
            "md5": "940fed90d399244f11e92290021831e5",
            "ndownloads": 260,
            "owner": "bioconda",
            "size": 381135,
            "type": "conda",
            "upload_time": "2018-05-03 19:23:06.355000+00:00",
            "version": "2.20"
        },
        {
            "attrs": {
                "arch": "x86_64",
                "build": "0",
                "build_number": 0,
                "depends": [
                    "libgcc"
                ],
                "has_prefix": true,
                "license": "Artistic-2.0",
                "license_family": "MIT",
                "machine": "x86_64",
                "operatingsystem": "linux",
                "platform": "linux",
                "subdir": "linux-64",
                "target-triplet": "x86_64-any-linux"
            },
            "basename": "linux-64/stereogene-2.20-0.tar.bz2",
            "dependencies": {
                "depends": [
                    {
                        "name": "libgcc",
                        "specs": []
                    }
                ]
            },
            "description": null,
            "distribution_type": "conda",
            "download_url": "//api.anaconda.org/download/bioconda/stereogene/2.20/linux-64/stereogene-2.20-0.tar.bz2",
            "full_name": "bioconda/stereogene/2.20/linux-64/stereogene-2.20-0.tar.bz2",
            "labels": [
                "main",
                "cf201901"
            ],
            "md5": "15e76552bb205d90fadbb78c72989d5c",
            "ndownloads": 237,
            "owner": "bioconda",
            "size": 415965,
            "type": "conda",
            "upload_time": "2018-05-03 19:30:18.720000+00:00",
            "version": "2.20"
        }
    ],
    "full_name": "bioconda/stereogene",
    "home": "http://stereogene.bioinf.fbb.msu.ru",
    "html_url": "http://anaconda.org/bioconda/stereogene",
    "id": "5aeb61998f21fa11f9ddfa0d",
    "latest_version": "2.20",
    "license": "Artistic-2.0",
    "license_url": null,
    "modified_at": "2018-06-22 07:23:14.951000+00:00",
    "name": "stereogene",
    "owner": {
        "company": "",
        "created_at": "2015-09-11 22:59:20.880000+00:00",
        "description": "Bioconda is a distribution of bioinformatics software realized as a channel for the versatile Conda package manager.",
        "location": "",
        "login": "bioconda",
        "name": "bioconda",
        "url": "",
        "user_type": "org"
    },
    "package_types": [
        "conda"
    ],
    "public": true,
    "releases": [
        {
            "distributions": [],
            "full_name": "bioconda/stereogene/2.20",
            "version": "2.20"
        }
    ],
    "revision": 2,
    "source_git_tag": null,
    "source_git_url": null,
    "summary": "StereoGene: Rapid Estimation of Genomewide Correlation of Continuous or Interval Feature Data",
    "upvoted": 0,
    "url": "http://api.anaconda.org/packages/bioconda/stereogene",
    "versions": [
        "2.20"
    ],
    "watchers": 1
}