{
    "app_entry": {},
    "app_summary": {},
    "app_type": {},
    "builds": [
        "py_0",
        "py_1"
    ],
    "conda_platforms": [
        "noarch"
    ],
    "created_at": "2019-11-26 07:37:07.792000+00:00",
    "description": "",
    "dev_url": null,
    "doc_url": null,
    "files": [
        {
            "attrs": {
                "arch": null,
                "build": "py_1",
                "build_number": 1,
                "depends": [
                    "biopython",
                    "configs",
                    "pybedtools",
                    "python >=3.4",
                    "reportlab",
                    "wand"
                ],
                "has_prefix": false,
                "license": "WTFPL",
                "license_family": "OTHER",
                "machine": null,
                "noarch": "python",
                "operatingsystem": null,
                "platform": null,
                "subdir": "noarch",
                "target-triplet": "None-any-None",
                "timestamp": 1574759737011
            },
            "basename": "noarch/svist4get-1.2.14-py_1.tar.bz2",
            "dependencies": {
                "depends": [
                    {
                        "name": "biopython",
                        "specs": []
                    },
                    {
                        "name": "configs",
                        "specs": []
                    },
                    {
                        "name": "pybedtools",
                        "specs": []
                    },
                    {
                        "name": "python",
                        "specs": [
                            [
                                ">=",
                                "3.4"
                            ]
                        ]
                    },
                    {
                        "name": "reportlab",
                        "specs": []
                    },
                    {
                        "name": "wand",
                        "specs": []
                    }
                ]
            },
            "description": null,
            "distribution_type": "conda",
            "download_url": "//api.anaconda.org/download/bioconda/svist4get/1.2.14/noarch/svist4get-1.2.14-py_1.tar.bz2",
            "full_name": "bioconda/svist4get/1.2.14/noarch/svist4get-1.2.14-py_1.tar.bz2",
            "labels": [
                "main"
            ],
            "md5": "6aa0774831ed212f0d8a71e7993baef1",
            "ndownloads": 40,
            "owner": "bioconda",
            "size": 33425,
            "type": "conda",
            "upload_time": "2019-11-26 09:32:42.446000+00:00",
            "version": "1.2.14"
        },
        {
            "attrs": {
                "arch": null,
                "build": "py_0",
                "build_number": 0,
                "depends": [
                    "biopython",
                    "configs",
                    "pybedtools",
                    "python >=3.4",
                    "reportlab",
                    "wand"
                ],
                "has_prefix": false,
                "license": "WTFPL",
                "license_family": "OTHER",
                "machine": null,
                "noarch": "python",
                "operatingsystem": null,
                "platform": null,
                "subdir": "noarch",
                "target-triplet": "None-any-None",
                "timestamp": 1574753511713
            },
            "basename": "noarch/svist4get-1.2.14-py_0.tar.bz2",
            "dependencies": {
                "depends": [
                    {
                        "name": "biopython",
                        "specs": []
                    },
                    {
                        "name": "configs",
                        "specs": []
                    },
                    {
                        "name": "pybedtools",
                        "specs": []
                    },
                    {
                        "name": "python",
                        "specs": [
                            [
                                ">=",
                                "3.4"
                            ]
                        ]
                    },
                    {
                        "name": "reportlab",
                        "specs": []
                    },
                    {
                        "name": "wand",
                        "specs": []
                    }
                ]
            },
            "description": null,
            "distribution_type": "conda",
            "download_url": "//api.anaconda.org/download/bioconda/svist4get/1.2.14/noarch/svist4get-1.2.14-py_0.tar.bz2",
            "full_name": "bioconda/svist4get/1.2.14/noarch/svist4get-1.2.14-py_0.tar.bz2",
            "labels": [
                "main"
            ],
            "md5": "1ea3c699e8f62ff975198783368ca5a6",
            "ndownloads": 35,
            "owner": "bioconda",
            "size": 33169,
            "type": "conda",
            "upload_time": "2019-11-26 07:37:08.809000+00:00",
            "version": "1.2.14"
        },
        {
            "attrs": {
                "arch": null,
                "build": "py_0",
                "build_number": 0,
                "depends": [
                    "biopython",
                    "configs",
                    "pybedtools",
                    "python >=3.4",
                    "reportlab",
                    "wand"
                ],
                "has_prefix": false,
                "license": "WTFPL",
                "license_family": "OTHER",
                "machine": null,
                "noarch": "python",
                "operatingsystem": null,
                "platform": null,
                "subdir": "noarch",
                "target-triplet": "None-any-None",
                "timestamp": 1575655928861
            },
            "basename": "noarch/svist4get-1.2.15-py_0.tar.bz2",
            "dependencies": {
                "depends": [
                    {
                        "name": "biopython",
                        "specs": []
                    },
                    {
                        "name": "configs",
                        "specs": []
                    },
                    {
                        "name": "pybedtools",
                        "specs": []
                    },
                    {
                        "name": "python",
                        "specs": [
                            [
                                ">=",
                                "3.4"
                            ]
                        ]
                    },
                    {
                        "name": "reportlab",
                        "specs": []
                    },
                    {
                        "name": "wand",
                        "specs": []
                    }
                ]
            },
            "description": null,
            "distribution_type": "conda",
            "download_url": "//api.anaconda.org/download/bioconda/svist4get/1.2.15/noarch/svist4get-1.2.15-py_0.tar.bz2",
            "full_name": "bioconda/svist4get/1.2.15/noarch/svist4get-1.2.15-py_0.tar.bz2",
            "labels": [
                "main"
            ],
            "md5": "eb457961ebea03637be4332f7751e824",
            "ndownloads": 32,
            "owner": "bioconda",
            "size": 33596,
            "type": "conda",
            "upload_time": "2019-12-07 14:13:59.825000+00:00",
            "version": "1.2.15"
        },
        {
            "attrs": {
                "arch": null,
                "build": "py_0",
                "build_number": 0,
                "depends": [
                    "biopython",
                    "configs",
                    "pybedtools",
                    "python >=3.4",
                    "reportlab",
                    "wand"
                ],
                "has_prefix": false,
                "license": "WTFPL",
                "license_family": "OTHER",
                "machine": null,
                "noarch": "python",
                "operatingsystem": null,
                "platform": null,
                "subdir": "noarch",
                "target-triplet": "None-any-None",
                "timestamp": 1576451709606
            },
            "basename": "noarch/svist4get-1.2.16-py_0.tar.bz2",
            "dependencies": {
                "depends": [
                    {
                        "name": "biopython",
                        "specs": []
                    },
                    {
                        "name": "configs",
                        "specs": []
                    },
                    {
                        "name": "pybedtools",
                        "specs": []
                    },
                    {
                        "name": "python",
                        "specs": [
                            [
                                ">=",
                                "3.4"
                            ]
                        ]
                    },
                    {
                        "name": "reportlab",
                        "specs": []
                    },
                    {
                        "name": "wand",
                        "specs": []
                    }
                ]
            },
            "description": null,
            "distribution_type": "conda",
            "download_url": "//api.anaconda.org/download/bioconda/svist4get/1.2.16/noarch/svist4get-1.2.16-py_0.tar.bz2",
            "full_name": "bioconda/svist4get/1.2.16/noarch/svist4get-1.2.16-py_0.tar.bz2",
            "labels": [
                "main"
            ],
            "md5": "7386db6a9ee2eb39e5a6360b2f5fe395",
            "ndownloads": 37,
            "owner": "bioconda",
            "size": 33621,
            "type": "conda",
            "upload_time": "2019-12-15 23:38:21.083000+00:00",
            "version": "1.2.16"
        },
        {
            "attrs": {
                "arch": null,
                "build": "py_0",
                "build_number": 0,
                "depends": [
                    "biopython",
                    "configs",
                    "pybedtools",
                    "python >=3.4",
                    "reportlab",
                    "wand"
                ],
                "has_prefix": false,
                "license": "WTFPL",
                "license_family": "OTHER",
                "machine": null,
                "noarch": "python",
                "operatingsystem": null,
                "platform": null,
                "subdir": "noarch",
                "target-triplet": "None-any-None",
                "timestamp": 1580467165189
            },
            "basename": "noarch/svist4get-1.2.17.1-py_0.tar.bz2",
            "dependencies": {
                "depends": [
                    {
                        "name": "biopython",
                        "specs": []
                    },
                    {
                        "name": "configs",
                        "specs": []
                    },
                    {
                        "name": "pybedtools",
                        "specs": []
                    },
                    {
                        "name": "python",
                        "specs": [
                            [
                                ">=",
                                "3.4"
                            ]
                        ]
                    },
                    {
                        "name": "reportlab",
                        "specs": []
                    },
                    {
                        "name": "wand",
                        "specs": []
                    }
                ]
            },
            "description": null,
            "distribution_type": "conda",
            "download_url": "//api.anaconda.org/download/bioconda/svist4get/1.2.17.1/noarch/svist4get-1.2.17.1-py_0.tar.bz2",
            "full_name": "bioconda/svist4get/1.2.17.1/noarch/svist4get-1.2.17.1-py_0.tar.bz2",
            "labels": [
                "main"
            ],
            "md5": "428df0adcc9683215f0f2d58ecfca2e0",
            "ndownloads": 19,
            "owner": "bioconda",
            "size": 33845,
            "type": "conda",
            "upload_time": "2020-01-31 11:00:08.102000+00:00",
            "version": "1.2.17.1"
        },
        {
            "attrs": {
                "arch": null,
                "build": "py_0",
                "build_number": 0,
                "depends": [
                    "biopython",
                    "configs",
                    "pybedtools",
                    "python >=3.4",
                    "reportlab",
                    "wand"
                ],
                "has_prefix": false,
                "license": "WTFPL",
                "license_family": "OTHER",
                "machine": null,
                "noarch": "python",
                "operatingsystem": null,
                "platform": null,
                "subdir": "noarch",
                "target-triplet": "None-any-None",
                "timestamp": 1581027441111
            },
            "basename": "noarch/svist4get-1.2.18-py_0.tar.bz2",
            "dependencies": {
                "depends": [
                    {
                        "name": "biopython",
                        "specs": []
                    },
                    {
                        "name": "configs",
                        "specs": []
                    },
                    {
                        "name": "pybedtools",
                        "specs": []
                    },
                    {
                        "name": "python",
                        "specs": [
                            [
                                ">=",
                                "3.4"
                            ]
                        ]
                    },
                    {
                        "name": "reportlab",
                        "specs": []
                    },
                    {
                        "name": "wand",
                        "specs": []
                    }
                ]
            },
            "description": null,
            "distribution_type": "conda",
            "download_url": "//api.anaconda.org/download/bioconda/svist4get/1.2.18/noarch/svist4get-1.2.18-py_0.tar.bz2",
            "full_name": "bioconda/svist4get/1.2.18/noarch/svist4get-1.2.18-py_0.tar.bz2",
            "labels": [
                "main"
            ],
            "md5": "25d73d6e82c1ca41e4def3d5cc09801f",
            "ndownloads": 23,
            "owner": "bioconda",
            "size": 33555,
            "type": "conda",
            "upload_time": "2020-02-07 04:23:21.364000+00:00",
            "version": "1.2.18"
        },
        {
            "attrs": {
                "arch": null,
                "build": "py_0",
                "build_number": 0,
                "depends": [
                    "biopython",
                    "configs",
                    "pybedtools",
                    "python >=3.4",
                    "reportlab",
                    "wand"
                ],
                "has_prefix": false,
                "license": "WTFPL",
                "license_family": "OTHER",
                "machine": null,
                "noarch": "python",
                "operatingsystem": null,
                "platform": null,
                "subdir": "noarch",
                "target-triplet": "None-any-None",
                "timestamp": 1581703905665
            },
            "basename": "noarch/svist4get-1.2.19-py_0.tar.bz2",
            "dependencies": {
                "depends": [
                    {
                        "name": "biopython",
                        "specs": []
                    },
                    {
                        "name": "configs",
                        "specs": []
                    },
                    {
                        "name": "pybedtools",
                        "specs": []
                    },
                    {
                        "name": "python",
                        "specs": [
                            [
                                ">=",
                                "3.4"
                            ]
                        ]
                    },
                    {
                        "name": "reportlab",
                        "specs": []
                    },
                    {
                        "name": "wand",
                        "specs": []
                    }
                ]
            },
            "description": null,
            "distribution_type": "conda",
            "download_url": "//api.anaconda.org/download/bioconda/svist4get/1.2.19/noarch/svist4get-1.2.19-py_0.tar.bz2",
            "full_name": "bioconda/svist4get/1.2.19/noarch/svist4get-1.2.19-py_0.tar.bz2",
            "labels": [
                "main"
            ],
            "md5": "e35fbdbc71f3a7bf7d3a1f32e3b799c5",
            "ndownloads": 18,
            "owner": "bioconda",
            "size": 33571,
            "type": "conda",
            "upload_time": "2020-02-14 21:13:59.384000+00:00",
            "version": "1.2.19"
        },
        {
            "attrs": {
                "arch": null,
                "build": "py_0",
                "build_number": 0,
                "depends": [
                    "biopython",
                    "configs",
                    "pybedtools",
                    "python >=3.4",
                    "reportlab",
                    "wand"
                ],
                "has_prefix": false,
                "license": "WTFPL",
                "license_family": "OTHER",
                "machine": null,
                "noarch": "python",
                "operatingsystem": null,
                "platform": null,
                "subdir": "noarch",
                "target-triplet": "None-any-None",
                "timestamp": 1582045973071
            },
            "basename": "noarch/svist4get-1.2.20-py_0.tar.bz2",
            "dependencies": {
                "depends": [
                    {
                        "name": "biopython",
                        "specs": []
                    },
                    {
                        "name": "configs",
                        "specs": []
                    },
                    {
                        "name": "pybedtools",
                        "specs": []
                    },
                    {
                        "name": "python",
                        "specs": [
                            [
                                ">=",
                                "3.4"
                            ]
                        ]
                    },
                    {
                        "name": "reportlab",
                        "specs": []
                    },
                    {
                        "name": "wand",
                        "specs": []
                    }
                ]
            },
            "description": null,
            "distribution_type": "conda",
            "download_url": "//api.anaconda.org/download/bioconda/svist4get/1.2.20/noarch/svist4get-1.2.20-py_0.tar.bz2",
            "full_name": "bioconda/svist4get/1.2.20/noarch/svist4get-1.2.20-py_0.tar.bz2",
            "labels": [
                "main"
            ],
            "md5": "86fbeb047e629fac45a4fc037540e24d",
            "ndownloads": 25,
            "owner": "bioconda",
            "size": 33658,
            "type": "conda",
            "upload_time": "2020-02-18 20:19:23.832000+00:00",
            "version": "1.2.20"
        },
        {
            "attrs": {
                "arch": null,
                "build": "py_0",
                "build_number": 0,
                "depends": [
                    "biopython",
                    "configs",
                    "pybedtools",
                    "python >=3.4",
                    "reportlab",
                    "wand"
                ],
                "has_prefix": false,
                "license": "WTFPL",
                "license_family": "OTHER",
                "machine": null,
                "noarch": "python",
                "operatingsystem": null,
                "platform": null,
                "subdir": "noarch",
                "target-triplet": "None-any-None",
                "timestamp": 1583932528649
            },
            "basename": "noarch/svist4get-1.2.21-py_0.tar.bz2",
            "dependencies": {
                "depends": [
                    {
                        "name": "biopython",
                        "specs": []
                    },
                    {
                        "name": "configs",
                        "specs": []
                    },
                    {
                        "name": "pybedtools",
                        "specs": []
                    },
                    {
                        "name": "python",
                        "specs": [
                            [
                                ">=",
                                "3.4"
                            ]
                        ]
                    },
                    {
                        "name": "reportlab",
                        "specs": []
                    },
                    {
                        "name": "wand",
                        "specs": []
                    }
                ]
            },
            "description": null,
            "distribution_type": "conda",
            "download_url": "//api.anaconda.org/download/bioconda/svist4get/1.2.21/noarch/svist4get-1.2.21-py_0.tar.bz2",
            "full_name": "bioconda/svist4get/1.2.21/noarch/svist4get-1.2.21-py_0.tar.bz2",
            "labels": [
                "main"
            ],
            "md5": "69c83026f4cf5e79e46c942c0ac9e665",
            "ndownloads": 20,
            "owner": "bioconda",
            "size": 33621,
            "type": "conda",
            "upload_time": "2020-03-11 15:04:07.719000+00:00",
            "version": "1.2.21"
        },
        {
            "attrs": {
                "arch": null,
                "build": "py_0",
                "build_number": 0,
                "depends": [
                    "biopython",
                    "configs",
                    "pybedtools",
                    "python >=3.4",
                    "reportlab",
                    "wand"
                ],
                "has_prefix": false,
                "license": "WTFPL",
                "license_family": "OTHER",
                "machine": null,
                "noarch": "python",
                "operatingsystem": null,
                "platform": null,
                "subdir": "noarch",
                "target-triplet": "None-any-None",
                "timestamp": 1584206194784
            },
            "basename": "noarch/svist4get-1.2.22-py_0.tar.bz2",
            "dependencies": {
                "depends": [
                    {
                        "name": "biopython",
                        "specs": []
                    },
                    {
                        "name": "configs",
                        "specs": []
                    },
                    {
                        "name": "pybedtools",
                        "specs": []
                    },
                    {
                        "name": "python",
                        "specs": [
                            [
                                ">=",
                                "3.4"
                            ]
                        ]
                    },
                    {
                        "name": "reportlab",
                        "specs": []
                    },
                    {
                        "name": "wand",
                        "specs": []
                    }
                ]
            },
            "description": null,
            "distribution_type": "conda",
            "download_url": "//api.anaconda.org/download/bioconda/svist4get/1.2.22/noarch/svist4get-1.2.22-py_0.tar.bz2",
            "full_name": "bioconda/svist4get/1.2.22/noarch/svist4get-1.2.22-py_0.tar.bz2",
            "labels": [
                "main"
            ],
            "md5": "7e462944ea474801e710b1f56293c9c9",
            "ndownloads": 60,
            "owner": "bioconda",
            "size": 33692,
            "type": "conda",
            "upload_time": "2020-03-15 17:29:59.489000+00:00",
            "version": "1.2.22"
        },
        {
            "attrs": {
                "arch": null,
                "build": "py_0",
                "build_number": 0,
                "depends": [
                    "biopython",
                    "configs",
                    "pybedtools",
                    "python >=3.4",
                    "reportlab",
                    "wand"
                ],
                "has_prefix": false,
                "license": "WTFPL",
                "license_family": "OTHER",
                "machine": null,
                "noarch": "python",
                "operatingsystem": null,
                "platform": null,
                "subdir": "noarch",
                "target-triplet": "None-any-None",
                "timestamp": 1591298429423
            },
            "basename": "noarch/svist4get-1.2.23-py_0.tar.bz2",
            "dependencies": {
                "depends": [
                    {
                        "name": "biopython",
                        "specs": []
                    },
                    {
                        "name": "configs",
                        "specs": []
                    },
                    {
                        "name": "pybedtools",
                        "specs": []
                    },
                    {
                        "name": "python",
                        "specs": [
                            [
                                ">=",
                                "3.4"
                            ]
                        ]
                    },
                    {
                        "name": "reportlab",
                        "specs": []
                    },
                    {
                        "name": "wand",
                        "specs": []
                    }
                ]
            },
            "description": null,
            "distribution_type": "conda",
            "download_url": "//api.anaconda.org/download/bioconda/svist4get/1.2.23/noarch/svist4get-1.2.23-py_0.tar.bz2",
            "full_name": "bioconda/svist4get/1.2.23/noarch/svist4get-1.2.23-py_0.tar.bz2",
            "labels": [
                "main"
            ],
            "md5": "4d27626ff3e1765bd8bc129be1ca1e43",
            "ndownloads": 11,
            "owner": "bioconda",
            "size": 34102,
            "type": "conda",
            "upload_time": "2020-06-05 08:23:38.642000+00:00",
            "version": "1.2.23"
        },
        {
            "attrs": {
                "arch": null,
                "build": "py_0",
                "build_number": 0,
                "depends": [
                    "biopython",
                    "configs",
                    "pybedtools",
                    "python >=3.4",
                    "reportlab",
                    "wand"
                ],
                "has_prefix": false,
                "license": "WTFPL",
                "license_family": "OTHER",
                "machine": null,
                "noarch": "python",
                "operatingsystem": null,
                "platform": null,
                "subdir": "noarch",
                "target-triplet": "None-any-None",
                "timestamp": 1595888601615
            },
            "basename": "noarch/svist4get-1.2.24-py_0.tar.bz2",
            "dependencies": {
                "depends": [
                    {
                        "name": "biopython",
                        "specs": []
                    },
                    {
                        "name": "configs",
                        "specs": []
                    },
                    {
                        "name": "pybedtools",
                        "specs": []
                    },
                    {
                        "name": "python",
                        "specs": [
                            [
                                ">=",
                                "3.4"
                            ]
                        ]
                    },
                    {
                        "name": "reportlab",
                        "specs": []
                    },
                    {
                        "name": "wand",
                        "specs": []
                    }
                ]
            },
            "description": null,
            "distribution_type": "conda",
            "download_url": "//api.anaconda.org/download/bioconda/svist4get/1.2.24/noarch/svist4get-1.2.24-py_0.tar.bz2",
            "full_name": "bioconda/svist4get/1.2.24/noarch/svist4get-1.2.24-py_0.tar.bz2",
            "labels": [
                "main"
            ],
            "md5": "8edb93ca91ba2c021b244bdbe6b02457",
            "ndownloads": 7,
            "owner": "bioconda",
            "size": 34095,
            "type": "conda",
            "upload_time": "2020-07-30 15:14:00.250000+00:00",
            "version": "1.2.24"
        }
    ],
    "full_name": "bioconda/svist4get",
    "home": "https://bitbucket.org/artegorov/svist4get/",
    "html_url": "http://anaconda.org/bioconda/svist4get",
    "id": "5ddcd623fe6b2a0f1eca2c67",
    "latest_version": "1.2.24",
    "license": "WTFPL",
    "license_url": null,
    "modified_at": "2020-07-30 15:14:00.510000+00:00",
    "name": "svist4get",
    "owner": {
        "company": "",
        "created_at": "2015-09-11 22:59:20.880000+00:00",
        "description": "Bioconda is a distribution of bioinformatics software realized as a channel for the versatile Conda package manager.",
        "location": "",
        "login": "bioconda",
        "name": "bioconda",
        "url": "",
        "user_type": "org"
    },
    "package_types": [
        "conda"
    ],
    "public": true,
    "releases": [
        {
            "distributions": [],
            "full_name": "bioconda/svist4get/1.2.14",
            "version": "1.2.14"
        },
        {
            "distributions": [],
            "full_name": "bioconda/svist4get/1.2.15",
            "version": "1.2.15"
        },
        {
            "distributions": [],
            "full_name": "bioconda/svist4get/1.2.16",
            "version": "1.2.16"
        },
        {
            "distributions": [],
            "full_name": "bioconda/svist4get/1.2.17.1",
            "version": "1.2.17.1"
        },
        {
            "distributions": [],
            "full_name": "bioconda/svist4get/1.2.18",
            "version": "1.2.18"
        },
        {
            "distributions": [],
            "full_name": "bioconda/svist4get/1.2.19",
            "version": "1.2.19"
        },
        {
            "distributions": [],
            "full_name": "bioconda/svist4get/1.2.20",
            "version": "1.2.20"
        },
        {
            "distributions": [],
            "full_name": "bioconda/svist4get/1.2.21",
            "version": "1.2.21"
        },
        {
            "distributions": [],
            "full_name": "bioconda/svist4get/1.2.22",
            "version": "1.2.22"
        },
        {
            "distributions": [],
            "full_name": "bioconda/svist4get/1.2.23",
            "version": "1.2.23"
        },
        {
            "distributions": [],
            "full_name": "bioconda/svist4get/1.2.24",
            "version": "1.2.24"
        }
    ],
    "revision": 22,
    "source_git_tag": null,
    "source_git_url": null,
    "summary": "A simple visualization tool for genomic tracks from sequencing experiments",
    "upvoted": 0,
    "url": "http://api.anaconda.org/packages/bioconda/svist4get",
    "versions": [
        "1.2.14",
        "1.2.15",
        "1.2.16",
        "1.2.17.1",
        "1.2.18",
        "1.2.19",
        "1.2.20",
        "1.2.21",
        "1.2.22",
        "1.2.23",
        "1.2.24"
    ],
    "watchers": 1
}