{
    "app_entry": {},
    "app_summary": {},
    "app_type": {},
    "builds": [
        "py27_0",
        "py36_0",
        "pyh9f0ad1d_0",
        "py_0",
        "py_1",
        "py35_0"
    ],
    "conda_platforms": [
        "linux-64",
        "osx-64",
        "noarch"
    ],
    "created_at": "2018-02-01 20:21:58.285000+00:00",
    "description": "",
    "dev_url": null,
    "doc_url": null,
    "files": [
        {
            "attrs": {
                "arch": null,
                "build": "py_0",
                "build_number": 0,
                "depends": [
                    "python"
                ],
                "has_prefix": false,
                "license": "BSD-3-Clause",
                "license_family": "BSD",
                "machine": null,
                "noarch": "python",
                "operatingsystem": null,
                "platform": null,
                "subdir": "noarch",
                "target-triplet": "None-any-None",
                "timestamp": 1541773245798
            },
            "basename": "noarch/treemaker-1.2-py_0.tar.bz2",
            "dependencies": {
                "depends": [
                    {
                        "name": "python",
                        "specs": []
                    }
                ]
            },
            "description": null,
            "distribution_type": "conda",
            "download_url": "//api.anaconda.org/download/bioconda/treemaker/1.2/noarch/treemaker-1.2-py_0.tar.bz2",
            "full_name": "bioconda/treemaker/1.2/noarch/treemaker-1.2-py_0.tar.bz2",
            "labels": [
                "main",
                "cf201901"
            ],
            "md5": "c9ec8776bca0a60a523af940d2014c81",
            "ndownloads": 105,
            "owner": "bioconda",
            "size": 14435,
            "type": "conda",
            "upload_time": "2018-11-09 14:23:26.504000+00:00",
            "version": "1.2"
        },
        {
            "attrs": {
                "arch": "x86_64",
                "build": "py27_0",
                "build_number": 0,
                "depends": [
                    "python 2.7*"
                ],
                "has_prefix": true,
                "license": "BSD-3-Clause",
                "license_family": "BSD",
                "machine": "x86_64",
                "operatingsystem": "linux",
                "platform": "linux",
                "subdir": "linux-64",
                "target-triplet": "x86_64-any-linux"
            },
            "basename": "linux-64/treemaker-1.1-py27_0.tar.bz2",
            "dependencies": {
                "depends": [
                    {
                        "name": "python",
                        "specs": [
                            [
                                "==",
                                "2.7"
                            ]
                        ]
                    }
                ]
            },
            "description": null,
            "distribution_type": "conda",
            "download_url": "//api.anaconda.org/download/bioconda/treemaker/1.1/linux-64/treemaker-1.1-py27_0.tar.bz2",
            "full_name": "bioconda/treemaker/1.1/linux-64/treemaker-1.1-py27_0.tar.bz2",
            "labels": [
                "main",
                "cf201901"
            ],
            "md5": "b34182a7792fcf212e76419fe4f3b06e",
            "ndownloads": 239,
            "owner": "bioconda",
            "size": 16326,
            "type": "conda",
            "upload_time": "2018-02-01 20:27:43.161000+00:00",
            "version": "1.1"
        },
        {
            "attrs": {
                "arch": "x86_64",
                "build": "py35_0",
                "build_number": 0,
                "depends": [
                    "python 3.5*"
                ],
                "has_prefix": true,
                "license": "BSD-3-Clause",
                "license_family": "BSD",
                "machine": "x86_64",
                "operatingsystem": "darwin",
                "platform": "osx",
                "subdir": "osx-64",
                "target-triplet": "x86_64-any-darwin"
            },
            "basename": "osx-64/treemaker-1.1-py35_0.tar.bz2",
            "dependencies": {
                "depends": [
                    {
                        "name": "python",
                        "specs": [
                            [
                                "==",
                                "3.5"
                            ]
                        ]
                    }
                ]
            },
            "description": null,
            "distribution_type": "conda",
            "download_url": "//api.anaconda.org/download/bioconda/treemaker/1.1/osx-64/treemaker-1.1-py35_0.tar.bz2",
            "full_name": "bioconda/treemaker/1.1/osx-64/treemaker-1.1-py35_0.tar.bz2",
            "labels": [
                "main",
                "cf201901"
            ],
            "md5": "fb296e6637a26cb6d03a692b8e823d27",
            "ndownloads": 283,
            "owner": "bioconda",
            "size": 16711,
            "type": "conda",
            "upload_time": "2018-02-01 20:24:07.856000+00:00",
            "version": "1.1"
        },
        {
            "attrs": {
                "arch": null,
                "build": "py_1",
                "build_number": 1,
                "depends": [
                    "python"
                ],
                "has_prefix": false,
                "license": "BSD-3-Clause",
                "license_family": "BSD",
                "machine": null,
                "noarch": "python",
                "operatingsystem": null,
                "platform": null,
                "subdir": "noarch",
                "target-triplet": "None-any-None",
                "timestamp": 1529121208603
            },
            "basename": "noarch/treemaker-1.1-py_1.tar.bz2",
            "dependencies": {
                "depends": [
                    {
                        "name": "python",
                        "specs": []
                    }
                ]
            },
            "description": null,
            "distribution_type": "conda",
            "download_url": "//api.anaconda.org/download/bioconda/treemaker/1.1/noarch/treemaker-1.1-py_1.tar.bz2",
            "full_name": "bioconda/treemaker/1.1/noarch/treemaker-1.1-py_1.tar.bz2",
            "labels": [
                "main",
                "cf201901"
            ],
            "md5": "19425c005ae1f6cec4bfe6f8d863e743",
            "ndownloads": 110,
            "owner": "bioconda",
            "size": 10078,
            "type": "conda",
            "upload_time": "2018-06-16 03:54:55.549000+00:00",
            "version": "1.1"
        },
        {
            "attrs": {
                "arch": "x86_64",
                "build": "py35_0",
                "build_number": 0,
                "depends": [
                    "python 3.5*"
                ],
                "has_prefix": true,
                "license": "BSD-3-Clause",
                "license_family": "BSD",
                "machine": "x86_64",
                "operatingsystem": "linux",
                "platform": "linux",
                "subdir": "linux-64",
                "target-triplet": "x86_64-any-linux"
            },
            "basename": "linux-64/treemaker-1.1-py35_0.tar.bz2",
            "dependencies": {
                "depends": [
                    {
                        "name": "python",
                        "specs": [
                            [
                                "==",
                                "3.5"
                            ]
                        ]
                    }
                ]
            },
            "description": null,
            "distribution_type": "conda",
            "download_url": "//api.anaconda.org/download/bioconda/treemaker/1.1/linux-64/treemaker-1.1-py35_0.tar.bz2",
            "full_name": "bioconda/treemaker/1.1/linux-64/treemaker-1.1-py35_0.tar.bz2",
            "labels": [
                "main",
                "cf201901"
            ],
            "md5": "b08936f398a69bae50aec3c6b34d4316",
            "ndownloads": 119,
            "owner": "bioconda",
            "size": 16967,
            "type": "conda",
            "upload_time": "2018-02-01 20:31:49.134000+00:00",
            "version": "1.1"
        },
        {
            "attrs": {
                "arch": "x86_64",
                "build": "py27_0",
                "build_number": 0,
                "depends": [
                    "python 2.7*"
                ],
                "has_prefix": true,
                "license": "BSD-3-Clause",
                "license_family": "BSD",
                "machine": "x86_64",
                "operatingsystem": "darwin",
                "platform": "osx",
                "subdir": "osx-64",
                "target-triplet": "x86_64-any-darwin"
            },
            "basename": "osx-64/treemaker-1.1-py27_0.tar.bz2",
            "dependencies": {
                "depends": [
                    {
                        "name": "python",
                        "specs": [
                            [
                                "==",
                                "2.7"
                            ]
                        ]
                    }
                ]
            },
            "description": null,
            "distribution_type": "conda",
            "download_url": "//api.anaconda.org/download/bioconda/treemaker/1.1/osx-64/treemaker-1.1-py27_0.tar.bz2",
            "full_name": "bioconda/treemaker/1.1/osx-64/treemaker-1.1-py27_0.tar.bz2",
            "labels": [
                "main",
                "cf201901"
            ],
            "md5": "2ee26e7bea95833eae819ce859ed2667",
            "ndownloads": 30,
            "owner": "bioconda",
            "size": 16126,
            "type": "conda",
            "upload_time": "2018-02-01 20:21:58.812000+00:00",
            "version": "1.1"
        },
        {
            "attrs": {
                "arch": "x86_64",
                "build": "py36_0",
                "build_number": 0,
                "depends": [
                    "python 3.6*"
                ],
                "has_prefix": true,
                "license": "BSD-3-Clause",
                "license_family": "BSD",
                "machine": "x86_64",
                "operatingsystem": "darwin",
                "platform": "osx",
                "subdir": "osx-64",
                "target-triplet": "x86_64-any-darwin"
            },
            "basename": "osx-64/treemaker-1.1-py36_0.tar.bz2",
            "dependencies": {
                "depends": [
                    {
                        "name": "python",
                        "specs": [
                            [
                                "==",
                                "3.6"
                            ]
                        ]
                    }
                ]
            },
            "description": null,
            "distribution_type": "conda",
            "download_url": "//api.anaconda.org/download/bioconda/treemaker/1.1/osx-64/treemaker-1.1-py36_0.tar.bz2",
            "full_name": "bioconda/treemaker/1.1/osx-64/treemaker-1.1-py36_0.tar.bz2",
            "labels": [
                "main",
                "cf201901"
            ],
            "md5": "d30c08336eaf276bdacc13e6cf634ef5",
            "ndownloads": 949,
            "owner": "bioconda",
            "size": 16648,
            "type": "conda",
            "upload_time": "2018-02-01 20:23:03.101000+00:00",
            "version": "1.1"
        },
        {
            "attrs": {
                "arch": "x86_64",
                "build": "py36_0",
                "build_number": 0,
                "depends": [
                    "python 3.6*"
                ],
                "has_prefix": true,
                "license": "BSD-3-Clause",
                "license_family": "BSD",
                "machine": "x86_64",
                "operatingsystem": "linux",
                "platform": "linux",
                "subdir": "linux-64",
                "target-triplet": "x86_64-any-linux"
            },
            "basename": "linux-64/treemaker-1.1-py36_0.tar.bz2",
            "dependencies": {
                "depends": [
                    {
                        "name": "python",
                        "specs": [
                            [
                                "==",
                                "3.6"
                            ]
                        ]
                    }
                ]
            },
            "description": null,
            "distribution_type": "conda",
            "download_url": "//api.anaconda.org/download/bioconda/treemaker/1.1/linux-64/treemaker-1.1-py36_0.tar.bz2",
            "full_name": "bioconda/treemaker/1.1/linux-64/treemaker-1.1-py36_0.tar.bz2",
            "labels": [
                "main",
                "cf201901"
            ],
            "md5": "9b4bdf016c7edfc8258a4ede0fbd7e24",
            "ndownloads": 124,
            "owner": "bioconda",
            "size": 16864,
            "type": "conda",
            "upload_time": "2018-02-01 20:23:33.788000+00:00",
            "version": "1.1"
        },
        {
            "attrs": {
                "arch": null,
                "build": "py_0",
                "build_number": 0,
                "depends": [
                    "python"
                ],
                "has_prefix": false,
                "license": "BSD-3-Clause",
                "license_family": "BSD",
                "machine": null,
                "noarch": "python",
                "operatingsystem": null,
                "platform": null,
                "subdir": "noarch",
                "target-triplet": "None-any-None",
                "timestamp": 1563433968736
            },
            "basename": "noarch/treemaker-1.3-py_0.tar.bz2",
            "dependencies": {
                "depends": [
                    {
                        "name": "python",
                        "specs": []
                    }
                ]
            },
            "description": null,
            "distribution_type": "conda",
            "download_url": "//api.anaconda.org/download/bioconda/treemaker/1.3/noarch/treemaker-1.3-py_0.tar.bz2",
            "full_name": "bioconda/treemaker/1.3/noarch/treemaker-1.3-py_0.tar.bz2",
            "labels": [
                "main"
            ],
            "md5": "063dc341fb360052583949f097705be3",
            "ndownloads": 54,
            "owner": "bioconda",
            "size": 15772,
            "type": "conda",
            "upload_time": "2019-07-18 07:15:42.495000+00:00",
            "version": "1.3"
        },
        {
            "attrs": {
                "arch": null,
                "build": "pyh9f0ad1d_0",
                "build_number": 0,
                "depends": [
                    "python"
                ],
                "has_prefix": false,
                "license": "BSD-3-Clause",
                "license_family": "BSD",
                "machine": null,
                "noarch": "python",
                "operatingsystem": null,
                "platform": null,
                "subdir": "noarch",
                "target-triplet": "None-any-None",
                "timestamp": 1591265518771
            },
            "basename": "noarch/treemaker-1.4-pyh9f0ad1d_0.tar.bz2",
            "dependencies": {
                "depends": [
                    {
                        "name": "python",
                        "specs": []
                    }
                ]
            },
            "description": null,
            "distribution_type": "conda",
            "download_url": "//api.anaconda.org/download/bioconda/treemaker/1.4/noarch/treemaker-1.4-pyh9f0ad1d_0.tar.bz2",
            "full_name": "bioconda/treemaker/1.4/noarch/treemaker-1.4-pyh9f0ad1d_0.tar.bz2",
            "labels": [
                "main"
            ],
            "md5": "a33685728f256462e7737fe6f8c3994e",
            "ndownloads": 16,
            "owner": "bioconda",
            "size": 16502,
            "type": "conda",
            "upload_time": "2020-06-04 13:10:05.691000+00:00",
            "version": "1.4"
        }
    ],
    "full_name": "bioconda/treemaker",
    "home": "https://github.com/SimonGreenhill/treemaker",
    "html_url": "http://anaconda.org/bioconda/treemaker",
    "id": "5a7376e61a3d531232f8f2a5",
    "latest_version": "1.4",
    "license": "BSD-3-Clause",
    "license_url": null,
    "modified_at": "2020-06-04 13:10:05.936000+00:00",
    "name": "treemaker",
    "owner": {
        "company": "",
        "created_at": "2015-09-11 22:59:20.880000+00:00",
        "description": "Bioconda is a distribution of bioinformatics software realized as a channel for the versatile Conda package manager.",
        "location": "",
        "login": "bioconda",
        "name": "bioconda",
        "url": "",
        "user_type": "org"
    },
    "package_types": [
        "conda"
    ],
    "public": true,
    "releases": [
        {
            "distributions": [],
            "full_name": "bioconda/treemaker/1.1",
            "version": "1.1"
        },
        {
            "distributions": [],
            "full_name": "bioconda/treemaker/1.2",
            "version": "1.2"
        },
        {
            "distributions": [],
            "full_name": "bioconda/treemaker/1.3",
            "version": "1.3"
        },
        {
            "distributions": [],
            "full_name": "bioconda/treemaker/1.4",
            "version": "1.4"
        }
    ],
    "revision": 8,
    "source_git_tag": null,
    "source_git_url": null,
    "summary": "A python tool for generating a Newick formatted tree from alist of classifications",
    "upvoted": 0,
    "url": "http://api.anaconda.org/packages/bioconda/treemaker",
    "versions": [
        "1.1",
        "1.2",
        "1.3",
        "1.4"
    ],
    "watchers": 1
}