{
    "app_entry": {},
    "app_summary": {},
    "app_type": {},
    "builds": [
        "h199ee4e_0",
        "1",
        "0",
        "h5eb252a_2",
        "h8b15c51_0",
        "h5eb252a_0"
    ],
    "conda_platforms": [
        "linux-64",
        "osx-64"
    ],
    "created_at": "2015-11-21 20:26:39.762000+00:00",
    "description": "",
    "dev_url": null,
    "doc_url": null,
    "files": [
        {
            "attrs": {
                "arch": "x86_64",
                "build": "0",
                "build_number": 0,
                "depends": [
                    "libpng",
                    "mysql",
                    "openssl",
                    "zlib"
                ],
                "license": "varies; see http://genome.ucsc.edu/license",
                "machine": "x86_64",
                "operatingsystem": "linux",
                "platform": "linux",
                "subdir": "linux-64",
                "target-triplet": "x86_64-any-linux"
            },
            "basename": "linux-64/ucsc-pslcat-324-0.tar.bz2",
            "dependencies": {
                "depends": [
                    {
                        "name": "libpng",
                        "specs": []
                    },
                    {
                        "name": "mysql",
                        "specs": []
                    },
                    {
                        "name": "openssl",
                        "specs": []
                    },
                    {
                        "name": "zlib",
                        "specs": []
                    }
                ]
            },
            "description": null,
            "distribution_type": "conda",
            "download_url": "//api.anaconda.org/download/bioconda/ucsc-pslcat/324/linux-64/ucsc-pslcat-324-0.tar.bz2",
            "full_name": "bioconda/ucsc-pslcat/324/linux-64/ucsc-pslcat-324-0.tar.bz2",
            "labels": [
                "main",
                "cf201901"
            ],
            "md5": "17655c7f11e1900e4599aa66ab2e1f4d",
            "ndownloads": 554,
            "owner": "bioconda",
            "size": 459581,
            "type": "conda",
            "upload_time": "2015-11-21 20:26:40.023000+00:00",
            "version": "324"
        },
        {
            "attrs": {
                "arch": "x86_64",
                "build": "0",
                "build_number": 0,
                "depends": [],
                "license": "varies; see http://genome.ucsc.edu/license",
                "machine": "x86_64",
                "operatingsystem": "darwin",
                "platform": "osx",
                "subdir": "osx-64",
                "target-triplet": "x86_64-any-darwin"
            },
            "basename": "osx-64/ucsc-pslcat-324-0.tar.bz2",
            "dependencies": {
                "depends": []
            },
            "description": null,
            "distribution_type": "conda",
            "download_url": "//api.anaconda.org/download/bioconda/ucsc-pslcat/324/osx-64/ucsc-pslcat-324-0.tar.bz2",
            "full_name": "bioconda/ucsc-pslcat/324/osx-64/ucsc-pslcat-324-0.tar.bz2",
            "labels": [
                "main",
                "cf201901"
            ],
            "md5": "7b1f9318ef153ea31605636eb1404848",
            "ndownloads": 845,
            "owner": "bioconda",
            "size": 217425,
            "type": "conda",
            "upload_time": "2015-12-24 19:28:58.580000+00:00",
            "version": "324"
        },
        {
            "attrs": {
                "arch": "x86_64",
                "build": "h5eb252a_2",
                "build_number": 2,
                "depends": [
                    "zlib >=1.2.11,<1.3.0a0"
                ],
                "has_prefix": false,
                "license": "varies; see http://genome.ucsc.edu/license",
                "machine": "x86_64",
                "operatingsystem": "darwin",
                "platform": "osx",
                "subdir": "osx-64",
                "target-triplet": "x86_64-any-darwin",
                "timestamp": 1529359719602
            },
            "basename": "osx-64/ucsc-pslcat-357-h5eb252a_2.tar.bz2",
            "dependencies": {
                "depends": [
                    {
                        "name": "zlib",
                        "specs": [
                            [
                                ">=",
                                "1.2.11,<1.3.0a0"
                            ]
                        ]
                    }
                ]
            },
            "description": null,
            "distribution_type": "conda",
            "download_url": "//api.anaconda.org/download/bioconda/ucsc-pslcat/357/osx-64/ucsc-pslcat-357-h5eb252a_2.tar.bz2",
            "full_name": "bioconda/ucsc-pslcat/357/osx-64/ucsc-pslcat-357-h5eb252a_2.tar.bz2",
            "labels": [
                "main",
                "cf201901"
            ],
            "md5": "68ca4f467a434fc67cef24b668219210",
            "ndownloads": 748,
            "owner": "bioconda",
            "size": 411535,
            "type": "conda",
            "upload_time": "2018-06-18 22:08:47.956000+00:00",
            "version": "357"
        },
        {
            "attrs": {
                "arch": "x86_64",
                "build": "h5eb252a_0",
                "build_number": 0,
                "depends": [
                    "zlib >=1.2.11,<1.3.0a0"
                ],
                "has_prefix": false,
                "license": "varies; see http://genome.ucsc.edu/license",
                "machine": "x86_64",
                "operatingsystem": "darwin",
                "platform": "osx",
                "subdir": "osx-64",
                "target-triplet": "x86_64-any-darwin",
                "timestamp": 1529448954664
            },
            "basename": "osx-64/ucsc-pslcat-366-h5eb252a_0.tar.bz2",
            "dependencies": {
                "depends": [
                    {
                        "name": "zlib",
                        "specs": [
                            [
                                ">=",
                                "1.2.11,<1.3.0a0"
                            ]
                        ]
                    }
                ]
            },
            "description": null,
            "distribution_type": "conda",
            "download_url": "//api.anaconda.org/download/bioconda/ucsc-pslcat/366/osx-64/ucsc-pslcat-366-h5eb252a_0.tar.bz2",
            "full_name": "bioconda/ucsc-pslcat/366/osx-64/ucsc-pslcat-366-h5eb252a_0.tar.bz2",
            "labels": [
                "main",
                "cf201901"
            ],
            "md5": "6c793a82150191ccdd8c8a799a7e50d0",
            "ndownloads": 767,
            "owner": "bioconda",
            "size": 411629,
            "type": "conda",
            "upload_time": "2018-06-19 22:56:03.469000+00:00",
            "version": "366"
        },
        {
            "attrs": {
                "arch": "x86_64",
                "build": "0",
                "build_number": 0,
                "depends": [],
                "license": "varies; see http://genome.ucsc.edu/license",
                "machine": "x86_64",
                "operatingsystem": "darwin",
                "platform": "osx",
                "subdir": "osx-64",
                "target-triplet": "x86_64-any-darwin"
            },
            "basename": "osx-64/ucsc-pslcat-332-0.tar.bz2",
            "dependencies": {
                "depends": []
            },
            "description": null,
            "distribution_type": "conda",
            "download_url": "//api.anaconda.org/download/bioconda/ucsc-pslcat/332/osx-64/ucsc-pslcat-332-0.tar.bz2",
            "full_name": "bioconda/ucsc-pslcat/332/osx-64/ucsc-pslcat-332-0.tar.bz2",
            "labels": [
                "main",
                "cf201901"
            ],
            "md5": "c57e8010a81e2ba54d13e24213b0f8bb",
            "ndownloads": 1627,
            "owner": "bioconda",
            "size": 222192,
            "type": "conda",
            "upload_time": "2016-06-10 21:32:35.366000+00:00",
            "version": "332"
        },
        {
            "attrs": {
                "arch": "x86_64",
                "build": "0",
                "build_number": 0,
                "depends": [
                    "libgcc",
                    "libpng",
                    "mysql",
                    "openssl",
                    "zlib"
                ],
                "license": "varies; see http://genome.ucsc.edu/license",
                "machine": "x86_64",
                "operatingsystem": "linux",
                "platform": "linux",
                "subdir": "linux-64",
                "target-triplet": "x86_64-any-linux"
            },
            "basename": "linux-64/ucsc-pslcat-332-0.tar.bz2",
            "dependencies": {
                "depends": [
                    {
                        "name": "libgcc",
                        "specs": []
                    },
                    {
                        "name": "libpng",
                        "specs": []
                    },
                    {
                        "name": "mysql",
                        "specs": []
                    },
                    {
                        "name": "openssl",
                        "specs": []
                    },
                    {
                        "name": "zlib",
                        "specs": []
                    }
                ]
            },
            "description": null,
            "distribution_type": "conda",
            "download_url": "//api.anaconda.org/download/bioconda/ucsc-pslcat/332/linux-64/ucsc-pslcat-332-0.tar.bz2",
            "full_name": "bioconda/ucsc-pslcat/332/linux-64/ucsc-pslcat-332-0.tar.bz2",
            "labels": [
                "main",
                "cf201901"
            ],
            "md5": "a75eb1c1b1bb34ea97c527f07050878a",
            "ndownloads": 889,
            "owner": "bioconda",
            "size": 429637,
            "type": "conda",
            "upload_time": "2016-06-10 21:50:16.417000+00:00",
            "version": "332"
        },
        {
            "attrs": {
                "arch": "x86_64",
                "build": "1",
                "build_number": 1,
                "depends": [],
                "has_prefix": false,
                "license": "varies; see http://genome.ucsc.edu/license",
                "machine": "x86_64",
                "operatingsystem": "darwin",
                "platform": "osx",
                "subdir": "osx-64",
                "target-triplet": "x86_64-any-darwin"
            },
            "basename": "osx-64/ucsc-pslcat-357-1.tar.bz2",
            "dependencies": {
                "depends": []
            },
            "description": null,
            "distribution_type": "conda",
            "download_url": "//api.anaconda.org/download/bioconda/ucsc-pslcat/357/osx-64/ucsc-pslcat-357-1.tar.bz2",
            "full_name": "bioconda/ucsc-pslcat/357/osx-64/ucsc-pslcat-357-1.tar.bz2",
            "labels": [
                "main",
                "cf201901"
            ],
            "md5": "a5ef4ef80186a62e407f27d556231f7f",
            "ndownloads": 25,
            "owner": "bioconda",
            "size": 408767,
            "type": "conda",
            "upload_time": "2018-02-04 00:30:55.414000+00:00",
            "version": "357"
        },
        {
            "attrs": {
                "arch": "x86_64",
                "build": "0",
                "build_number": 0,
                "depends": [],
                "has_prefix": false,
                "license": "varies; see http://genome.ucsc.edu/license",
                "machine": "x86_64",
                "operatingsystem": "darwin",
                "platform": "osx",
                "subdir": "osx-64",
                "target-triplet": "x86_64-any-darwin"
            },
            "basename": "osx-64/ucsc-pslcat-357-0.tar.bz2",
            "dependencies": {
                "depends": []
            },
            "description": null,
            "distribution_type": "conda",
            "download_url": "//api.anaconda.org/download/bioconda/ucsc-pslcat/357/osx-64/ucsc-pslcat-357-0.tar.bz2",
            "full_name": "bioconda/ucsc-pslcat/357/osx-64/ucsc-pslcat-357-0.tar.bz2",
            "labels": [
                "main",
                "cf201901"
            ],
            "md5": "fd9c68beadd60ce87353978ca9527152",
            "ndownloads": 28,
            "owner": "bioconda",
            "size": 408469,
            "type": "conda",
            "upload_time": "2017-11-17 18:37:37.196000+00:00",
            "version": "357"
        },
        {
            "attrs": {
                "arch": "x86_64",
                "build": "0",
                "build_number": 0,
                "depends": [
                    "libgcc",
                    "libpng",
                    "libuuid",
                    "mysql-connector-c",
                    "openssl",
                    "zlib"
                ],
                "has_prefix": true,
                "license": "varies; see http://genome.ucsc.edu/license",
                "machine": "x86_64",
                "operatingsystem": "linux",
                "platform": "linux",
                "subdir": "linux-64",
                "target-triplet": "x86_64-any-linux"
            },
            "basename": "linux-64/ucsc-pslcat-357-0.tar.bz2",
            "dependencies": {
                "depends": [
                    {
                        "name": "libgcc",
                        "specs": []
                    },
                    {
                        "name": "libpng",
                        "specs": []
                    },
                    {
                        "name": "libuuid",
                        "specs": []
                    },
                    {
                        "name": "mysql-connector-c",
                        "specs": []
                    },
                    {
                        "name": "openssl",
                        "specs": []
                    },
                    {
                        "name": "zlib",
                        "specs": []
                    }
                ]
            },
            "description": null,
            "distribution_type": "conda",
            "download_url": "//api.anaconda.org/download/bioconda/ucsc-pslcat/357/linux-64/ucsc-pslcat-357-0.tar.bz2",
            "full_name": "bioconda/ucsc-pslcat/357/linux-64/ucsc-pslcat-357-0.tar.bz2",
            "labels": [
                "main",
                "cf201901"
            ],
            "md5": "613edb9411c70a389250c8be73472074",
            "ndownloads": 370,
            "owner": "bioconda",
            "size": 1018305,
            "type": "conda",
            "upload_time": "2017-11-18 09:01:45.191000+00:00",
            "version": "357"
        },
        {
            "attrs": {
                "arch": "x86_64",
                "build": "1",
                "build_number": 1,
                "depends": [
                    "libgcc",
                    "libpng",
                    "libuuid",
                    "mysql-connector-c",
                    "openssl",
                    "zlib 1.2.11*"
                ],
                "has_prefix": true,
                "license": "varies; see http://genome.ucsc.edu/license",
                "machine": "x86_64",
                "operatingsystem": "linux",
                "platform": "linux",
                "subdir": "linux-64",
                "target-triplet": "x86_64-any-linux"
            },
            "basename": "linux-64/ucsc-pslcat-357-1.tar.bz2",
            "dependencies": {
                "depends": [
                    {
                        "name": "libgcc",
                        "specs": []
                    },
                    {
                        "name": "libpng",
                        "specs": []
                    },
                    {
                        "name": "libuuid",
                        "specs": []
                    },
                    {
                        "name": "mysql-connector-c",
                        "specs": []
                    },
                    {
                        "name": "openssl",
                        "specs": []
                    },
                    {
                        "name": "zlib",
                        "specs": [
                            [
                                "==",
                                "1.2.11"
                            ]
                        ]
                    }
                ]
            },
            "description": null,
            "distribution_type": "conda",
            "download_url": "//api.anaconda.org/download/bioconda/ucsc-pslcat/357/linux-64/ucsc-pslcat-357-1.tar.bz2",
            "full_name": "bioconda/ucsc-pslcat/357/linux-64/ucsc-pslcat-357-1.tar.bz2",
            "labels": [
                "main",
                "cf201901"
            ],
            "md5": "4dedf1e23e466511eabceb951a53a477",
            "ndownloads": 318,
            "owner": "bioconda",
            "size": 1018747,
            "type": "conda",
            "upload_time": "2018-02-04 08:06:30.430000+00:00",
            "version": "357"
        },
        {
            "attrs": {
                "arch": "x86_64",
                "build": "h5eb252a_0",
                "build_number": 0,
                "depends": [
                    "libgcc-ng >=4.9",
                    "libpng >=1.6.34,<1.7.0a0",
                    "libuuid",
                    "mysql-connector-c",
                    "openssl >=1.0.2o,<1.0.3a",
                    "zlib >=1.2.11,<1.3.0a0"
                ],
                "has_prefix": true,
                "license": "varies; see http://genome.ucsc.edu/license",
                "machine": "x86_64",
                "operatingsystem": "linux",
                "platform": "linux",
                "subdir": "linux-64",
                "target-triplet": "x86_64-any-linux",
                "timestamp": 1529456600343
            },
            "basename": "linux-64/ucsc-pslcat-366-h5eb252a_0.tar.bz2",
            "dependencies": {
                "depends": [
                    {
                        "name": "libgcc-ng",
                        "specs": [
                            [
                                ">=",
                                "4.9"
                            ]
                        ]
                    },
                    {
                        "name": "libpng",
                        "specs": [
                            [
                                ">=",
                                "1.6.34,<1.7.0a0"
                            ]
                        ]
                    },
                    {
                        "name": "libuuid",
                        "specs": []
                    },
                    {
                        "name": "mysql-connector-c",
                        "specs": []
                    },
                    {
                        "name": "openssl",
                        "specs": [
                            [
                                ">=",
                                "1.0.2o,<1.0.3a"
                            ]
                        ]
                    },
                    {
                        "name": "zlib",
                        "specs": [
                            [
                                ">=",
                                "1.2.11,<1.3.0a0"
                            ]
                        ]
                    }
                ]
            },
            "description": null,
            "distribution_type": "conda",
            "download_url": "//api.anaconda.org/download/bioconda/ucsc-pslcat/366/linux-64/ucsc-pslcat-366-h5eb252a_0.tar.bz2",
            "full_name": "bioconda/ucsc-pslcat/366/linux-64/ucsc-pslcat-366-h5eb252a_0.tar.bz2",
            "labels": [
                "main",
                "cf201901"
            ],
            "md5": "085145d1076b4fda6a1b93802cfd2f86",
            "ndownloads": 279,
            "owner": "bioconda",
            "size": 1026784,
            "type": "conda",
            "upload_time": "2018-06-20 01:04:53.127000+00:00",
            "version": "366"
        },
        {
            "attrs": {
                "arch": "x86_64",
                "build": "h8b15c51_0",
                "build_number": 0,
                "depends": [
                    "libpng >=1.6.35,<1.7.0a0",
                    "libuuid >=2.32.1,<3.0a0",
                    "mysql-connector-c >=6.1.11,<6.1.12.0a0",
                    "openssl >=1.0.2p,<1.0.3a",
                    "zlib >=1.2.11,<1.3.0a0"
                ],
                "has_prefix": false,
                "license": "varies; see http://genome.ucsc.edu/license",
                "machine": "x86_64",
                "operatingsystem": "darwin",
                "platform": "osx",
                "subdir": "osx-64",
                "target-triplet": "x86_64-any-darwin",
                "timestamp": 1550841293246
            },
            "basename": "osx-64/ucsc-pslcat-377-h8b15c51_0.tar.bz2",
            "dependencies": {
                "depends": [
                    {
                        "name": "libpng",
                        "specs": [
                            [
                                ">=",
                                "1.6.35,<1.7.0a0"
                            ]
                        ]
                    },
                    {
                        "name": "libuuid",
                        "specs": [
                            [
                                ">=",
                                "2.32.1,<3.0a0"
                            ]
                        ]
                    },
                    {
                        "name": "mysql-connector-c",
                        "specs": [
                            [
                                ">=",
                                "6.1.11,<6.1.12.0a0"
                            ]
                        ]
                    },
                    {
                        "name": "openssl",
                        "specs": [
                            [
                                ">=",
                                "1.0.2p,<1.0.3a"
                            ]
                        ]
                    },
                    {
                        "name": "zlib",
                        "specs": [
                            [
                                ">=",
                                "1.2.11,<1.3.0a0"
                            ]
                        ]
                    }
                ]
            },
            "description": null,
            "distribution_type": "conda",
            "download_url": "//api.anaconda.org/download/bioconda/ucsc-pslcat/377/osx-64/ucsc-pslcat-377-h8b15c51_0.tar.bz2",
            "full_name": "bioconda/ucsc-pslcat/377/osx-64/ucsc-pslcat-377-h8b15c51_0.tar.bz2",
            "labels": [
                "main"
            ],
            "md5": "fef4d6a0400d90e7ecb8b06a3f605293",
            "ndownloads": 645,
            "owner": "bioconda",
            "size": 302481,
            "type": "conda",
            "upload_time": "2019-02-22 13:15:07.805000+00:00",
            "version": "377"
        },
        {
            "attrs": {
                "arch": "x86_64",
                "build": "h199ee4e_0",
                "build_number": 0,
                "depends": [
                    "libgcc-ng >=7.3.0",
                    "libpng >=1.6.35,<1.7.0a0",
                    "libuuid >=2.32.1,<3.0a0",
                    "mysql-connector-c >=6.1.11,<6.1.12.0a0",
                    "openssl >=1.0.2p,<1.0.3a",
                    "zlib >=1.2.11,<1.3.0a0"
                ],
                "has_prefix": false,
                "license": "varies; see http://genome.ucsc.edu/license",
                "machine": "x86_64",
                "operatingsystem": "linux",
                "platform": "linux",
                "subdir": "linux-64",
                "target-triplet": "x86_64-any-linux",
                "timestamp": 1550856893201
            },
            "basename": "linux-64/ucsc-pslcat-377-h199ee4e_0.tar.bz2",
            "dependencies": {
                "depends": [
                    {
                        "name": "libgcc-ng",
                        "specs": [
                            [
                                ">=",
                                "7.3.0"
                            ]
                        ]
                    },
                    {
                        "name": "libpng",
                        "specs": [
                            [
                                ">=",
                                "1.6.35,<1.7.0a0"
                            ]
                        ]
                    },
                    {
                        "name": "libuuid",
                        "specs": [
                            [
                                ">=",
                                "2.32.1,<3.0a0"
                            ]
                        ]
                    },
                    {
                        "name": "mysql-connector-c",
                        "specs": [
                            [
                                ">=",
                                "6.1.11,<6.1.12.0a0"
                            ]
                        ]
                    },
                    {
                        "name": "openssl",
                        "specs": [
                            [
                                ">=",
                                "1.0.2p,<1.0.3a"
                            ]
                        ]
                    },
                    {
                        "name": "zlib",
                        "specs": [
                            [
                                ">=",
                                "1.2.11,<1.3.0a0"
                            ]
                        ]
                    }
                ]
            },
            "description": null,
            "distribution_type": "conda",
            "download_url": "//api.anaconda.org/download/bioconda/ucsc-pslcat/377/linux-64/ucsc-pslcat-377-h199ee4e_0.tar.bz2",
            "full_name": "bioconda/ucsc-pslcat/377/linux-64/ucsc-pslcat-377-h199ee4e_0.tar.bz2",
            "labels": [
                "main"
            ],
            "md5": "2e8578f938532656768df504b0b95775",
            "ndownloads": 92,
            "owner": "bioconda",
            "size": 334913,
            "type": "conda",
            "upload_time": "2019-02-22 17:36:16.268000+00:00",
            "version": "377"
        }
    ],
    "full_name": "bioconda/ucsc-pslcat",
    "home": "None",
    "html_url": "http://anaconda.org/bioconda/ucsc-pslcat",
    "id": "5650d37fea546b0b619d0ce4",
    "latest_version": "377",
    "license": "varies; see http://genome.ucsc.edu/license",
    "license_url": null,
    "modified_at": "2019-02-22 17:36:16.777000+00:00",
    "name": "ucsc-pslcat",
    "owner": {
        "company": "",
        "created_at": "2015-09-11 22:59:20.880000+00:00",
        "description": "Bioconda is a distribution of bioinformatics software realized as a channel for the versatile Conda package manager.",
        "location": "",
        "login": "bioconda",
        "name": "bioconda",
        "url": "",
        "user_type": "org"
    },
    "package_types": [
        "conda"
    ],
    "public": true,
    "releases": [
        {
            "distributions": [
                "linux-64/ucsc-pslcat-324-0.tar.bz2",
                "osx-64/ucsc-pslcat-324-0.tar.bz2"
            ],
            "full_name": "bioconda/ucsc-pslcat/324",
            "version": "324"
        },
        {
            "distributions": [
                "osx-64/ucsc-pslcat-332-0.tar.bz2",
                "linux-64/ucsc-pslcat-332-0.tar.bz2"
            ],
            "full_name": "bioconda/ucsc-pslcat/332",
            "version": "332"
        },
        {
            "distributions": [],
            "full_name": "bioconda/ucsc-pslcat/357",
            "version": "357"
        },
        {
            "distributions": [],
            "full_name": "bioconda/ucsc-pslcat/366",
            "version": "366"
        },
        {
            "distributions": [],
            "full_name": "bioconda/ucsc-pslcat/377",
            "version": "377"
        }
    ],
    "revision": 12,
    "source_git_tag": null,
    "source_git_url": null,
    "summary": "concatenate psl files",
    "upvoted": 0,
    "url": "http://api.anaconda.org/packages/bioconda/ucsc-pslcat",
    "versions": [
        "324",
        "332",
        "357",
        "366",
        "377"
    ],
    "watchers": 1
}