{
    "app_entry": {},
    "app_summary": {},
    "app_type": {},
    "builds": [
        "h8b15c51_0",
        "h5eb252a_0",
        "h199ee4e_0"
    ],
    "conda_platforms": [
        "linux-64",
        "osx-64"
    ],
    "created_at": "2018-06-19 23:37:01.589000+00:00",
    "description": "",
    "dev_url": null,
    "doc_url": null,
    "files": [
        {
            "attrs": {
                "arch": "x86_64",
                "build": "h5eb252a_0",
                "build_number": 0,
                "depends": [
                    "zlib >=1.2.11,<1.3.0a0"
                ],
                "has_prefix": false,
                "license": "varies; see http://genome.ucsc.edu/license",
                "machine": "x86_64",
                "operatingsystem": "darwin",
                "platform": "osx",
                "subdir": "osx-64",
                "target-triplet": "x86_64-any-darwin",
                "timestamp": 1529451412246
            },
            "basename": "osx-64/ucsc-hgloadsqltab-366-h5eb252a_0.tar.bz2",
            "dependencies": {
                "depends": [
                    {
                        "name": "zlib",
                        "specs": [
                            [
                                ">=",
                                "1.2.11,<1.3.0a0"
                            ]
                        ]
                    }
                ]
            },
            "description": null,
            "distribution_type": "conda",
            "download_url": "//api.anaconda.org/download/bioconda/ucsc-hgloadsqltab/366/osx-64/ucsc-hgloadsqltab-366-h5eb252a_0.tar.bz2",
            "full_name": "bioconda/ucsc-hgloadsqltab/366/osx-64/ucsc-hgloadsqltab-366-h5eb252a_0.tar.bz2",
            "labels": [
                "main",
                "cf201901"
            ],
            "md5": "0e6236883dabf05af48dbcf9598042a4",
            "ndownloads": 738,
            "owner": "bioconda",
            "size": 1634172,
            "type": "conda",
            "upload_time": "2018-06-19 23:37:02.256000+00:00",
            "version": "366"
        },
        {
            "attrs": {
                "arch": "x86_64",
                "build": "h5eb252a_0",
                "build_number": 0,
                "depends": [
                    "libgcc-ng >=4.9",
                    "libpng >=1.6.34,<1.7.0a0",
                    "libuuid",
                    "mysql-connector-c",
                    "openssl >=1.0.2o,<1.0.3a",
                    "zlib >=1.2.11,<1.3.0a0"
                ],
                "has_prefix": true,
                "license": "varies; see http://genome.ucsc.edu/license",
                "machine": "x86_64",
                "operatingsystem": "linux",
                "platform": "linux",
                "subdir": "linux-64",
                "target-triplet": "x86_64-any-linux",
                "timestamp": 1529488272921
            },
            "basename": "linux-64/ucsc-hgloadsqltab-366-h5eb252a_0.tar.bz2",
            "dependencies": {
                "depends": [
                    {
                        "name": "libgcc-ng",
                        "specs": [
                            [
                                ">=",
                                "4.9"
                            ]
                        ]
                    },
                    {
                        "name": "libpng",
                        "specs": [
                            [
                                ">=",
                                "1.6.34,<1.7.0a0"
                            ]
                        ]
                    },
                    {
                        "name": "libuuid",
                        "specs": []
                    },
                    {
                        "name": "mysql-connector-c",
                        "specs": []
                    },
                    {
                        "name": "openssl",
                        "specs": [
                            [
                                ">=",
                                "1.0.2o,<1.0.3a"
                            ]
                        ]
                    },
                    {
                        "name": "zlib",
                        "specs": [
                            [
                                ">=",
                                "1.2.11,<1.3.0a0"
                            ]
                        ]
                    }
                ]
            },
            "description": null,
            "distribution_type": "conda",
            "download_url": "//api.anaconda.org/download/bioconda/ucsc-hgloadsqltab/366/linux-64/ucsc-hgloadsqltab-366-h5eb252a_0.tar.bz2",
            "full_name": "bioconda/ucsc-hgloadsqltab/366/linux-64/ucsc-hgloadsqltab-366-h5eb252a_0.tar.bz2",
            "labels": [
                "main",
                "cf201901"
            ],
            "md5": "b78d0ec384dd0969b567e08085871964",
            "ndownloads": 241,
            "owner": "bioconda",
            "size": 1036140,
            "type": "conda",
            "upload_time": "2018-06-20 09:52:32.626000+00:00",
            "version": "366"
        },
        {
            "attrs": {
                "arch": "x86_64",
                "build": "h8b15c51_0",
                "build_number": 0,
                "depends": [
                    "libpng >=1.6.35,<1.7.0a0",
                    "libuuid >=2.32.1,<3.0a0",
                    "mysql-connector-c >=6.1.11,<6.1.12.0a0",
                    "openssl >=1.0.2p,<1.0.3a",
                    "zlib >=1.2.11,<1.3.0a0"
                ],
                "has_prefix": false,
                "license": "varies; see http://genome.ucsc.edu/license",
                "machine": "x86_64",
                "operatingsystem": "darwin",
                "platform": "osx",
                "subdir": "osx-64",
                "target-triplet": "x86_64-any-darwin",
                "timestamp": 1550769422003
            },
            "basename": "osx-64/ucsc-hgloadsqltab-377-h8b15c51_0.tar.bz2",
            "dependencies": {
                "depends": [
                    {
                        "name": "libpng",
                        "specs": [
                            [
                                ">=",
                                "1.6.35,<1.7.0a0"
                            ]
                        ]
                    },
                    {
                        "name": "libuuid",
                        "specs": [
                            [
                                ">=",
                                "2.32.1,<3.0a0"
                            ]
                        ]
                    },
                    {
                        "name": "mysql-connector-c",
                        "specs": [
                            [
                                ">=",
                                "6.1.11,<6.1.12.0a0"
                            ]
                        ]
                    },
                    {
                        "name": "openssl",
                        "specs": [
                            [
                                ">=",
                                "1.0.2p,<1.0.3a"
                            ]
                        ]
                    },
                    {
                        "name": "zlib",
                        "specs": [
                            [
                                ">=",
                                "1.2.11,<1.3.0a0"
                            ]
                        ]
                    }
                ]
            },
            "description": null,
            "distribution_type": "conda",
            "download_url": "//api.anaconda.org/download/bioconda/ucsc-hgloadsqltab/377/osx-64/ucsc-hgloadsqltab-377-h8b15c51_0.tar.bz2",
            "full_name": "bioconda/ucsc-hgloadsqltab/377/osx-64/ucsc-hgloadsqltab-377-h8b15c51_0.tar.bz2",
            "labels": [
                "main"
            ],
            "md5": "04a737efde9e238e6e83993914611e83",
            "ndownloads": 628,
            "owner": "bioconda",
            "size": 309533,
            "type": "conda",
            "upload_time": "2019-02-21 17:17:16.240000+00:00",
            "version": "377"
        },
        {
            "attrs": {
                "arch": "x86_64",
                "build": "h199ee4e_0",
                "build_number": 0,
                "depends": [
                    "libgcc-ng >=7.3.0",
                    "libpng >=1.6.35,<1.7.0a0",
                    "libuuid >=2.32.1,<3.0a0",
                    "mysql-connector-c >=6.1.11,<6.1.12.0a0",
                    "openssl >=1.0.2p,<1.0.3a",
                    "zlib >=1.2.11,<1.3.0a0"
                ],
                "has_prefix": false,
                "license": "varies; see http://genome.ucsc.edu/license",
                "machine": "x86_64",
                "operatingsystem": "linux",
                "platform": "linux",
                "subdir": "linux-64",
                "target-triplet": "x86_64-any-linux",
                "timestamp": 1550824573388
            },
            "basename": "linux-64/ucsc-hgloadsqltab-377-h199ee4e_0.tar.bz2",
            "dependencies": {
                "depends": [
                    {
                        "name": "libgcc-ng",
                        "specs": [
                            [
                                ">=",
                                "7.3.0"
                            ]
                        ]
                    },
                    {
                        "name": "libpng",
                        "specs": [
                            [
                                ">=",
                                "1.6.35,<1.7.0a0"
                            ]
                        ]
                    },
                    {
                        "name": "libuuid",
                        "specs": [
                            [
                                ">=",
                                "2.32.1,<3.0a0"
                            ]
                        ]
                    },
                    {
                        "name": "mysql-connector-c",
                        "specs": [
                            [
                                ">=",
                                "6.1.11,<6.1.12.0a0"
                            ]
                        ]
                    },
                    {
                        "name": "openssl",
                        "specs": [
                            [
                                ">=",
                                "1.0.2p,<1.0.3a"
                            ]
                        ]
                    },
                    {
                        "name": "zlib",
                        "specs": [
                            [
                                ">=",
                                "1.2.11,<1.3.0a0"
                            ]
                        ]
                    }
                ]
            },
            "description": null,
            "distribution_type": "conda",
            "download_url": "//api.anaconda.org/download/bioconda/ucsc-hgloadsqltab/377/linux-64/ucsc-hgloadsqltab-377-h199ee4e_0.tar.bz2",
            "full_name": "bioconda/ucsc-hgloadsqltab/377/linux-64/ucsc-hgloadsqltab-377-h199ee4e_0.tar.bz2",
            "labels": [
                "main"
            ],
            "md5": "a53d2e32d7ff166b18a2b0d5f118ba39",
            "ndownloads": 86,
            "owner": "bioconda",
            "size": 337039,
            "type": "conda",
            "upload_time": "2019-02-22 08:37:37.327000+00:00",
            "version": "377"
        }
    ],
    "full_name": "bioconda/ucsc-hgloadsqltab",
    "home": "http://hgdownload.cse.ucsc.edu/admin/exe/",
    "html_url": "http://anaconda.org/bioconda/ucsc-hgloadsqltab",
    "id": "5b29939d5d3358120d4ab4ea",
    "latest_version": "377",
    "license": "varies; see http://genome.ucsc.edu/license",
    "license_url": null,
    "modified_at": "2019-02-22 08:37:37.841000+00:00",
    "name": "ucsc-hgloadsqltab",
    "owner": {
        "company": "",
        "created_at": "2015-09-11 22:59:20.880000+00:00",
        "description": "Bioconda is a distribution of bioinformatics software realized as a channel for the versatile Conda package manager.",
        "location": "",
        "login": "bioconda",
        "name": "bioconda",
        "url": "",
        "user_type": "org"
    },
    "package_types": [
        "conda"
    ],
    "public": true,
    "releases": [
        {
            "distributions": [],
            "full_name": "bioconda/ucsc-hgloadsqltab/366",
            "version": "366"
        },
        {
            "distributions": [],
            "full_name": "bioconda/ucsc-hgloadsqltab/377",
            "version": "377"
        }
    ],
    "revision": 4,
    "source_git_tag": null,
    "source_git_url": null,
    "summary": "Load table into database from SQL and text files.",
    "upvoted": 0,
    "url": "http://api.anaconda.org/packages/bioconda/ucsc-hgloadsqltab",
    "versions": [
        "366",
        "377"
    ],
    "watchers": 1
}