{
    "app_entry": {},
    "app_summary": {},
    "app_type": {},
    "builds": [
        "h199ee4e_0",
        "h1341992_0",
        "1",
        "0",
        "hdd26221_0",
        "h5eb252a_2",
        "h8b15c51_0",
        "h5eb252a_0"
    ],
    "conda_platforms": [
        "linux-64",
        "osx-64"
    ],
    "created_at": "2015-11-06 20:36:04.760000+00:00",
    "description": "",
    "dev_url": null,
    "doc_url": null,
    "files": [
        {
            "attrs": {
                "arch": "x86_64",
                "build": "0",
                "build_number": 0,
                "depends": [
                    "libpng",
                    "mysql",
                    "openssl",
                    "zlib"
                ],
                "license": "varies; see http://genome.ucsc.edu/license",
                "machine": "x86_64",
                "operatingsystem": "linux",
                "platform": "linux",
                "subdir": "linux-64",
                "target-triplet": "x86_64-any-linux"
            },
            "basename": "linux-64/ucsc-bedclip-324-0.tar.bz2",
            "dependencies": {
                "depends": [
                    {
                        "name": "libpng",
                        "specs": []
                    },
                    {
                        "name": "mysql",
                        "specs": []
                    },
                    {
                        "name": "openssl",
                        "specs": []
                    },
                    {
                        "name": "zlib",
                        "specs": []
                    }
                ]
            },
            "description": null,
            "distribution_type": "conda",
            "download_url": "//api.anaconda.org/download/bioconda/ucsc-bedclip/324/linux-64/ucsc-bedclip-324-0.tar.bz2",
            "full_name": "bioconda/ucsc-bedclip/324/linux-64/ucsc-bedclip-324-0.tar.bz2",
            "labels": [
                "main",
                "cf201901"
            ],
            "md5": "85bb0c7a23860ceaf73d05f331162eb3",
            "ndownloads": 604,
            "owner": "bioconda",
            "size": 411738,
            "type": "conda",
            "upload_time": "2015-11-06 20:36:04.967000+00:00",
            "version": "324"
        },
        {
            "attrs": {
                "arch": "x86_64",
                "build": "0",
                "build_number": 0,
                "depends": [],
                "license": "varies; see http://genome.ucsc.edu/license",
                "machine": "x86_64",
                "operatingsystem": "darwin",
                "platform": "osx",
                "subdir": "osx-64",
                "target-triplet": "x86_64-any-darwin"
            },
            "basename": "osx-64/ucsc-bedclip-324-0.tar.bz2",
            "dependencies": {
                "depends": []
            },
            "description": null,
            "distribution_type": "conda",
            "download_url": "//api.anaconda.org/download/bioconda/ucsc-bedclip/324/osx-64/ucsc-bedclip-324-0.tar.bz2",
            "full_name": "bioconda/ucsc-bedclip/324/osx-64/ucsc-bedclip-324-0.tar.bz2",
            "labels": [
                "main",
                "cf201901"
            ],
            "md5": "0a5ad97e8f0a82e77e5ee8738ab2b5f9",
            "ndownloads": 758,
            "owner": "bioconda",
            "size": 197933,
            "type": "conda",
            "upload_time": "2015-12-24 19:05:49.802000+00:00",
            "version": "324"
        },
        {
            "attrs": {
                "arch": "x86_64",
                "build": "h1341992_0",
                "build_number": 0,
                "depends": [
                    "zlib >=1.2.11,<1.3.0a0"
                ],
                "has_prefix": false,
                "license": "varies; see http://genome.ucsc.edu/license",
                "machine": "x86_64",
                "operatingsystem": "darwin",
                "platform": "osx",
                "subdir": "osx-64",
                "target-triplet": "x86_64-any-darwin",
                "timestamp": 1536973390541
            },
            "basename": "osx-64/ucsc-bedclip-366-h1341992_0.tar.bz2",
            "dependencies": {
                "depends": [
                    {
                        "name": "zlib",
                        "specs": [
                            [
                                ">=",
                                "1.2.11,<1.3.0a0"
                            ]
                        ]
                    }
                ]
            },
            "description": null,
            "distribution_type": "conda",
            "download_url": "//api.anaconda.org/download/bioconda/ucsc-bedclip/366/osx-64/ucsc-bedclip-366-h1341992_0.tar.bz2",
            "full_name": "bioconda/ucsc-bedclip/366/osx-64/ucsc-bedclip-366-h1341992_0.tar.bz2",
            "labels": [
                "main",
                "cf201901"
            ],
            "md5": "5ca2f1c09774a0675868ba1efb3b6896",
            "ndownloads": 90,
            "owner": "bioconda",
            "size": 398219,
            "type": "conda",
            "upload_time": "2018-09-15 01:03:21.252000+00:00",
            "version": "366"
        },
        {
            "attrs": {
                "arch": "x86_64",
                "build": "0",
                "build_number": 0,
                "depends": [],
                "license": "varies; see http://genome.ucsc.edu/license",
                "machine": "x86_64",
                "operatingsystem": "darwin",
                "platform": "osx",
                "subdir": "osx-64",
                "target-triplet": "x86_64-any-darwin"
            },
            "basename": "osx-64/ucsc-bedclip-332-0.tar.bz2",
            "dependencies": {
                "depends": []
            },
            "description": null,
            "distribution_type": "conda",
            "download_url": "//api.anaconda.org/download/bioconda/ucsc-bedclip/332/osx-64/ucsc-bedclip-332-0.tar.bz2",
            "full_name": "bioconda/ucsc-bedclip/332/osx-64/ucsc-bedclip-332-0.tar.bz2",
            "labels": [
                "main",
                "cf201901"
            ],
            "md5": "dffadcf33d35e430bce817e7654b1bc1",
            "ndownloads": 899,
            "owner": "bioconda",
            "size": 198122,
            "type": "conda",
            "upload_time": "2016-05-25 19:33:50.367000+00:00",
            "version": "332"
        },
        {
            "attrs": {
                "arch": "x86_64",
                "build": "0",
                "build_number": 0,
                "depends": [
                    "libgcc",
                    "libpng",
                    "mysql",
                    "openssl",
                    "zlib"
                ],
                "license": "varies; see http://genome.ucsc.edu/license",
                "machine": "x86_64",
                "operatingsystem": "linux",
                "platform": "linux",
                "subdir": "linux-64",
                "target-triplet": "x86_64-any-linux"
            },
            "basename": "linux-64/ucsc-bedclip-332-0.tar.bz2",
            "dependencies": {
                "depends": [
                    {
                        "name": "libgcc",
                        "specs": []
                    },
                    {
                        "name": "libpng",
                        "specs": []
                    },
                    {
                        "name": "mysql",
                        "specs": []
                    },
                    {
                        "name": "openssl",
                        "specs": []
                    },
                    {
                        "name": "zlib",
                        "specs": []
                    }
                ]
            },
            "description": null,
            "distribution_type": "conda",
            "download_url": "//api.anaconda.org/download/bioconda/ucsc-bedclip/332/linux-64/ucsc-bedclip-332-0.tar.bz2",
            "full_name": "bioconda/ucsc-bedclip/332/linux-64/ucsc-bedclip-332-0.tar.bz2",
            "labels": [
                "main",
                "cf201901"
            ],
            "md5": "a6c9ab5148b1af3ff182b8dd70a395e2",
            "ndownloads": 2491,
            "owner": "bioconda",
            "size": 387877,
            "type": "conda",
            "upload_time": "2016-05-25 19:40:12.875000+00:00",
            "version": "332"
        },
        {
            "attrs": {
                "arch": "x86_64",
                "build": "1",
                "build_number": 1,
                "depends": [],
                "has_prefix": false,
                "license": "varies; see http://genome.ucsc.edu/license",
                "machine": "x86_64",
                "operatingsystem": "darwin",
                "platform": "osx",
                "subdir": "osx-64",
                "target-triplet": "x86_64-any-darwin"
            },
            "basename": "osx-64/ucsc-bedclip-357-1.tar.bz2",
            "dependencies": {
                "depends": []
            },
            "description": null,
            "distribution_type": "conda",
            "download_url": "//api.anaconda.org/download/bioconda/ucsc-bedclip/357/osx-64/ucsc-bedclip-357-1.tar.bz2",
            "full_name": "bioconda/ucsc-bedclip/357/osx-64/ucsc-bedclip-357-1.tar.bz2",
            "labels": [
                "main",
                "cf201901"
            ],
            "md5": "4a02cc8090b7355a1df56ba09e382b7f",
            "ndownloads": 79,
            "owner": "bioconda",
            "size": 398419,
            "type": "conda",
            "upload_time": "2018-02-04 03:54:42.127000+00:00",
            "version": "357"
        },
        {
            "attrs": {
                "arch": "x86_64",
                "build": "h5eb252a_2",
                "build_number": 2,
                "depends": [
                    "zlib >=1.2.11,<1.3.0a0"
                ],
                "has_prefix": false,
                "license": "varies; see http://genome.ucsc.edu/license",
                "machine": "x86_64",
                "operatingsystem": "darwin",
                "platform": "osx",
                "subdir": "osx-64",
                "target-triplet": "x86_64-any-darwin",
                "timestamp": 1529391513243
            },
            "basename": "osx-64/ucsc-bedclip-357-h5eb252a_2.tar.bz2",
            "dependencies": {
                "depends": [
                    {
                        "name": "zlib",
                        "specs": [
                            [
                                ">=",
                                "1.2.11,<1.3.0a0"
                            ]
                        ]
                    }
                ]
            },
            "description": null,
            "distribution_type": "conda",
            "download_url": "//api.anaconda.org/download/bioconda/ucsc-bedclip/357/osx-64/ucsc-bedclip-357-h5eb252a_2.tar.bz2",
            "full_name": "bioconda/ucsc-bedclip/357/osx-64/ucsc-bedclip-357-h5eb252a_2.tar.bz2",
            "labels": [
                "main",
                "cf201901"
            ],
            "md5": "05a7b9471ec544b5c4244ab5882605bb",
            "ndownloads": 598,
            "owner": "bioconda",
            "size": 397576,
            "type": "conda",
            "upload_time": "2018-06-19 06:58:41.882000+00:00",
            "version": "357"
        },
        {
            "attrs": {
                "arch": "x86_64",
                "build": "h5eb252a_0",
                "build_number": 0,
                "depends": [
                    "zlib >=1.2.11,<1.3.0a0"
                ],
                "has_prefix": false,
                "license": "varies; see http://genome.ucsc.edu/license",
                "machine": "x86_64",
                "operatingsystem": "darwin",
                "platform": "osx",
                "subdir": "osx-64",
                "target-triplet": "x86_64-any-darwin",
                "timestamp": 1529455966854
            },
            "basename": "osx-64/ucsc-bedclip-366-h5eb252a_0.tar.bz2",
            "dependencies": {
                "depends": [
                    {
                        "name": "zlib",
                        "specs": [
                            [
                                ">=",
                                "1.2.11,<1.3.0a0"
                            ]
                        ]
                    }
                ]
            },
            "description": null,
            "distribution_type": "conda",
            "download_url": "//api.anaconda.org/download/bioconda/ucsc-bedclip/366/osx-64/ucsc-bedclip-366-h5eb252a_0.tar.bz2",
            "full_name": "bioconda/ucsc-bedclip/366/osx-64/ucsc-bedclip-366-h5eb252a_0.tar.bz2",
            "labels": [
                "main",
                "cf201901"
            ],
            "md5": "b81936bc2cc8cc837bcfa369e428706b",
            "ndownloads": 773,
            "owner": "bioconda",
            "size": 397886,
            "type": "conda",
            "upload_time": "2018-06-20 00:52:55.116000+00:00",
            "version": "366"
        },
        {
            "attrs": {
                "arch": "x86_64",
                "build": "0",
                "build_number": 0,
                "depends": [],
                "has_prefix": false,
                "license": "varies; see http://genome.ucsc.edu/license",
                "machine": "x86_64",
                "operatingsystem": "darwin",
                "platform": "osx",
                "subdir": "osx-64",
                "target-triplet": "x86_64-any-darwin"
            },
            "basename": "osx-64/ucsc-bedclip-357-0.tar.bz2",
            "dependencies": {
                "depends": []
            },
            "description": null,
            "distribution_type": "conda",
            "download_url": "//api.anaconda.org/download/bioconda/ucsc-bedclip/357/osx-64/ucsc-bedclip-357-0.tar.bz2",
            "full_name": "bioconda/ucsc-bedclip/357/osx-64/ucsc-bedclip-357-0.tar.bz2",
            "labels": [
                "main",
                "cf201901"
            ],
            "md5": "eca3e5c41bb349ffb1bfc37f02f453aa",
            "ndownloads": 196,
            "owner": "bioconda",
            "size": 396741,
            "type": "conda",
            "upload_time": "2017-11-17 17:38:37.215000+00:00",
            "version": "357"
        },
        {
            "attrs": {
                "arch": "x86_64",
                "build": "0",
                "build_number": 0,
                "depends": [
                    "libgcc",
                    "libpng",
                    "libuuid",
                    "mysql-connector-c",
                    "openssl",
                    "zlib"
                ],
                "has_prefix": true,
                "license": "varies; see http://genome.ucsc.edu/license",
                "machine": "x86_64",
                "operatingsystem": "linux",
                "platform": "linux",
                "subdir": "linux-64",
                "target-triplet": "x86_64-any-linux"
            },
            "basename": "linux-64/ucsc-bedclip-357-0.tar.bz2",
            "dependencies": {
                "depends": [
                    {
                        "name": "libgcc",
                        "specs": []
                    },
                    {
                        "name": "libpng",
                        "specs": []
                    },
                    {
                        "name": "libuuid",
                        "specs": []
                    },
                    {
                        "name": "mysql-connector-c",
                        "specs": []
                    },
                    {
                        "name": "openssl",
                        "specs": []
                    },
                    {
                        "name": "zlib",
                        "specs": []
                    }
                ]
            },
            "description": null,
            "distribution_type": "conda",
            "download_url": "//api.anaconda.org/download/bioconda/ucsc-bedclip/357/linux-64/ucsc-bedclip-357-0.tar.bz2",
            "full_name": "bioconda/ucsc-bedclip/357/linux-64/ucsc-bedclip-357-0.tar.bz2",
            "labels": [
                "main",
                "cf201901"
            ],
            "md5": "458bdf9b3135bddc6710af1124f70207",
            "ndownloads": 815,
            "owner": "bioconda",
            "size": 988590,
            "type": "conda",
            "upload_time": "2017-11-17 16:41:07.827000+00:00",
            "version": "357"
        },
        {
            "attrs": {
                "arch": "x86_64",
                "build": "1",
                "build_number": 1,
                "depends": [
                    "libgcc",
                    "libpng",
                    "libuuid",
                    "mysql-connector-c",
                    "openssl",
                    "zlib 1.2.11*"
                ],
                "has_prefix": true,
                "license": "varies; see http://genome.ucsc.edu/license",
                "machine": "x86_64",
                "operatingsystem": "linux",
                "platform": "linux",
                "subdir": "linux-64",
                "target-triplet": "x86_64-any-linux"
            },
            "basename": "linux-64/ucsc-bedclip-357-1.tar.bz2",
            "dependencies": {
                "depends": [
                    {
                        "name": "libgcc",
                        "specs": []
                    },
                    {
                        "name": "libpng",
                        "specs": []
                    },
                    {
                        "name": "libuuid",
                        "specs": []
                    },
                    {
                        "name": "mysql-connector-c",
                        "specs": []
                    },
                    {
                        "name": "openssl",
                        "specs": []
                    },
                    {
                        "name": "zlib",
                        "specs": [
                            [
                                "==",
                                "1.2.11"
                            ]
                        ]
                    }
                ]
            },
            "description": null,
            "distribution_type": "conda",
            "download_url": "//api.anaconda.org/download/bioconda/ucsc-bedclip/357/linux-64/ucsc-bedclip-357-1.tar.bz2",
            "full_name": "bioconda/ucsc-bedclip/357/linux-64/ucsc-bedclip-357-1.tar.bz2",
            "labels": [
                "main",
                "cf201901"
            ],
            "md5": "a037a9bcee91f166d2be139caf1571bf",
            "ndownloads": 1601,
            "owner": "bioconda",
            "size": 989139,
            "type": "conda",
            "upload_time": "2018-02-05 03:37:32.884000+00:00",
            "version": "357"
        },
        {
            "attrs": {
                "arch": "x86_64",
                "build": "h5eb252a_0",
                "build_number": 0,
                "depends": [
                    "libgcc-ng >=4.9",
                    "libpng >=1.6.34,<1.7.0a0",
                    "libuuid",
                    "mysql-connector-c",
                    "openssl >=1.0.2o,<1.0.3a",
                    "zlib >=1.2.11,<1.3.0a0"
                ],
                "has_prefix": true,
                "license": "varies; see http://genome.ucsc.edu/license",
                "machine": "x86_64",
                "operatingsystem": "linux",
                "platform": "linux",
                "subdir": "linux-64",
                "target-triplet": "x86_64-any-linux",
                "timestamp": 1529527350946
            },
            "basename": "linux-64/ucsc-bedclip-366-h5eb252a_0.tar.bz2",
            "dependencies": {
                "depends": [
                    {
                        "name": "libgcc-ng",
                        "specs": [
                            [
                                ">=",
                                "4.9"
                            ]
                        ]
                    },
                    {
                        "name": "libpng",
                        "specs": [
                            [
                                ">=",
                                "1.6.34,<1.7.0a0"
                            ]
                        ]
                    },
                    {
                        "name": "libuuid",
                        "specs": []
                    },
                    {
                        "name": "mysql-connector-c",
                        "specs": []
                    },
                    {
                        "name": "openssl",
                        "specs": [
                            [
                                ">=",
                                "1.0.2o,<1.0.3a"
                            ]
                        ]
                    },
                    {
                        "name": "zlib",
                        "specs": [
                            [
                                ">=",
                                "1.2.11,<1.3.0a0"
                            ]
                        ]
                    }
                ]
            },
            "description": null,
            "distribution_type": "conda",
            "download_url": "//api.anaconda.org/download/bioconda/ucsc-bedclip/366/linux-64/ucsc-bedclip-366-h5eb252a_0.tar.bz2",
            "full_name": "bioconda/ucsc-bedclip/366/linux-64/ucsc-bedclip-366-h5eb252a_0.tar.bz2",
            "labels": [
                "main",
                "cf201901"
            ],
            "md5": "a6cd83924bb2b15510f5e52d06d059d3",
            "ndownloads": 765,
            "owner": "bioconda",
            "size": 1001680,
            "type": "conda",
            "upload_time": "2018-06-20 20:43:50.893000+00:00",
            "version": "366"
        },
        {
            "attrs": {
                "arch": "x86_64",
                "build": "hdd26221_0",
                "build_number": 0,
                "depends": [
                    "libgcc-ng >=4.9",
                    "libpng >=1.6.34,<1.7.0a0",
                    "libuuid >=2.32.1,<3.0a0",
                    "mysql-connector-c",
                    "openssl >=1.0.2p,<1.0.3a",
                    "zlib >=1.2.11,<1.3.0a0"
                ],
                "has_prefix": true,
                "license": "varies; see http://genome.ucsc.edu/license",
                "machine": "x86_64",
                "operatingsystem": "linux",
                "platform": "linux",
                "subdir": "linux-64",
                "target-triplet": "x86_64-any-linux",
                "timestamp": 1537159779196
            },
            "basename": "linux-64/ucsc-bedclip-366-hdd26221_0.tar.bz2",
            "dependencies": {
                "depends": [
                    {
                        "name": "libgcc-ng",
                        "specs": [
                            [
                                ">=",
                                "4.9"
                            ]
                        ]
                    },
                    {
                        "name": "libpng",
                        "specs": [
                            [
                                ">=",
                                "1.6.34,<1.7.0a0"
                            ]
                        ]
                    },
                    {
                        "name": "libuuid",
                        "specs": [
                            [
                                ">=",
                                "2.32.1,<3.0a0"
                            ]
                        ]
                    },
                    {
                        "name": "mysql-connector-c",
                        "specs": []
                    },
                    {
                        "name": "openssl",
                        "specs": [
                            [
                                ">=",
                                "1.0.2p,<1.0.3a"
                            ]
                        ]
                    },
                    {
                        "name": "zlib",
                        "specs": [
                            [
                                ">=",
                                "1.2.11,<1.3.0a0"
                            ]
                        ]
                    }
                ]
            },
            "description": null,
            "distribution_type": "conda",
            "download_url": "//api.anaconda.org/download/bioconda/ucsc-bedclip/366/linux-64/ucsc-bedclip-366-hdd26221_0.tar.bz2",
            "full_name": "bioconda/ucsc-bedclip/366/linux-64/ucsc-bedclip-366-hdd26221_0.tar.bz2",
            "labels": [
                "main",
                "cf201901"
            ],
            "md5": "0815a2b06ba1a261a53d9847451e4017",
            "ndownloads": 530,
            "owner": "bioconda",
            "size": 1001670,
            "type": "conda",
            "upload_time": "2018-09-17 04:51:00.423000+00:00",
            "version": "366"
        },
        {
            "attrs": {
                "arch": "x86_64",
                "build": "h8b15c51_0",
                "build_number": 0,
                "depends": [
                    "libpng >=1.6.35,<1.7.0a0",
                    "libuuid >=2.32.1,<3.0a0",
                    "mysql-connector-c >=6.1.11,<6.1.12.0a0",
                    "openssl >=1.0.2p,<1.0.3a",
                    "zlib >=1.2.11,<1.3.0a0"
                ],
                "has_prefix": false,
                "license": "varies; see http://genome.ucsc.edu/license",
                "machine": "x86_64",
                "operatingsystem": "darwin",
                "platform": "osx",
                "subdir": "osx-64",
                "target-triplet": "x86_64-any-darwin",
                "timestamp": 1550709442416
            },
            "basename": "osx-64/ucsc-bedclip-377-h8b15c51_0.tar.bz2",
            "dependencies": {
                "depends": [
                    {
                        "name": "libpng",
                        "specs": [
                            [
                                ">=",
                                "1.6.35,<1.7.0a0"
                            ]
                        ]
                    },
                    {
                        "name": "libuuid",
                        "specs": [
                            [
                                ">=",
                                "2.32.1,<3.0a0"
                            ]
                        ]
                    },
                    {
                        "name": "mysql-connector-c",
                        "specs": [
                            [
                                ">=",
                                "6.1.11,<6.1.12.0a0"
                            ]
                        ]
                    },
                    {
                        "name": "openssl",
                        "specs": [
                            [
                                ">=",
                                "1.0.2p,<1.0.3a"
                            ]
                        ]
                    },
                    {
                        "name": "zlib",
                        "specs": [
                            [
                                ">=",
                                "1.2.11,<1.3.0a0"
                            ]
                        ]
                    }
                ]
            },
            "description": null,
            "distribution_type": "conda",
            "download_url": "//api.anaconda.org/download/bioconda/ucsc-bedclip/377/osx-64/ucsc-bedclip-377-h8b15c51_0.tar.bz2",
            "full_name": "bioconda/ucsc-bedclip/377/osx-64/ucsc-bedclip-377-h8b15c51_0.tar.bz2",
            "labels": [
                "main"
            ],
            "md5": "589b2d08a728172e1b5447d89574d5c3",
            "ndownloads": 660,
            "owner": "bioconda",
            "size": 294627,
            "type": "conda",
            "upload_time": "2019-02-21 00:37:36.134000+00:00",
            "version": "377"
        },
        {
            "attrs": {
                "arch": "x86_64",
                "build": "h199ee4e_0",
                "build_number": 0,
                "depends": [
                    "libgcc-ng >=7.3.0",
                    "libpng >=1.6.35,<1.7.0a0",
                    "libuuid >=2.32.1,<3.0a0",
                    "mysql-connector-c",
                    "openssl >=1.0.2p,<1.0.3a",
                    "zlib >=1.2.11,<1.3.0a0"
                ],
                "has_prefix": false,
                "license": "varies; see http://genome.ucsc.edu/license",
                "machine": "x86_64",
                "operatingsystem": "linux",
                "platform": "linux",
                "subdir": "linux-64",
                "target-triplet": "x86_64-any-linux",
                "timestamp": 1550738373975
            },
            "basename": "linux-64/ucsc-bedclip-377-h199ee4e_0.tar.bz2",
            "dependencies": {
                "depends": [
                    {
                        "name": "libgcc-ng",
                        "specs": [
                            [
                                ">=",
                                "7.3.0"
                            ]
                        ]
                    },
                    {
                        "name": "libpng",
                        "specs": [
                            [
                                ">=",
                                "1.6.35,<1.7.0a0"
                            ]
                        ]
                    },
                    {
                        "name": "libuuid",
                        "specs": [
                            [
                                ">=",
                                "2.32.1,<3.0a0"
                            ]
                        ]
                    },
                    {
                        "name": "mysql-connector-c",
                        "specs": []
                    },
                    {
                        "name": "openssl",
                        "specs": [
                            [
                                ">=",
                                "1.0.2p,<1.0.3a"
                            ]
                        ]
                    },
                    {
                        "name": "zlib",
                        "specs": [
                            [
                                ">=",
                                "1.2.11,<1.3.0a0"
                            ]
                        ]
                    }
                ]
            },
            "description": null,
            "distribution_type": "conda",
            "download_url": "//api.anaconda.org/download/bioconda/ucsc-bedclip/377/linux-64/ucsc-bedclip-377-h199ee4e_0.tar.bz2",
            "full_name": "bioconda/ucsc-bedclip/377/linux-64/ucsc-bedclip-377-h199ee4e_0.tar.bz2",
            "labels": [
                "main"
            ],
            "md5": "5e32619ea045b6e5871fd3890ebd18da",
            "ndownloads": 500,
            "owner": "bioconda",
            "size": 324582,
            "type": "conda",
            "upload_time": "2019-02-21 08:40:57.301000+00:00",
            "version": "377"
        }
    ],
    "full_name": "bioconda/ucsc-bedclip",
    "home": "None",
    "html_url": "http://anaconda.org/bioconda/ucsc-bedclip",
    "id": "563d0f347bb5bd51e0ca70df",
    "latest_version": "377",
    "license": "varies; see http://genome.ucsc.edu/license",
    "license_url": null,
    "modified_at": "2019-02-21 08:40:57.849000+00:00",
    "name": "ucsc-bedclip",
    "owner": {
        "company": "",
        "created_at": "2015-09-11 22:59:20.880000+00:00",
        "description": "Bioconda is a distribution of bioinformatics software realized as a channel for the versatile Conda package manager.",
        "location": "",
        "login": "bioconda",
        "name": "bioconda",
        "url": "",
        "user_type": "org"
    },
    "package_types": [
        "conda"
    ],
    "public": true,
    "releases": [
        {
            "distributions": [
                "linux-64/ucsc-bedclip-324-0.tar.bz2",
                "osx-64/ucsc-bedclip-324-0.tar.bz2"
            ],
            "full_name": "bioconda/ucsc-bedclip/324",
            "version": "324"
        },
        {
            "distributions": [
                "osx-64/ucsc-bedclip-332-0.tar.bz2",
                "linux-64/ucsc-bedclip-332-0.tar.bz2"
            ],
            "full_name": "bioconda/ucsc-bedclip/332",
            "version": "332"
        },
        {
            "distributions": [],
            "full_name": "bioconda/ucsc-bedclip/357",
            "version": "357"
        },
        {
            "distributions": [],
            "full_name": "bioconda/ucsc-bedclip/366",
            "version": "366"
        },
        {
            "distributions": [],
            "full_name": "bioconda/ucsc-bedclip/377",
            "version": "377"
        }
    ],
    "revision": 12,
    "source_git_tag": null,
    "source_git_url": null,
    "summary": "Remove lines from bed file that refer to off-chromosome locations.",
    "upvoted": 0,
    "url": "http://api.anaconda.org/packages/bioconda/ucsc-bedclip",
    "versions": [
        "324",
        "332",
        "357",
        "366",
        "377"
    ],
    "watchers": 1
}