{
    "app_entry": {},
    "app_summary": {},
    "app_type": {},
    "builds": [
        "h199ee4e_0",
        "1",
        "0",
        "h5eb252a_2",
        "h8b15c51_0",
        "h5eb252a_0"
    ],
    "conda_platforms": [
        "linux-64",
        "osx-64"
    ],
    "created_at": "2016-03-01 16:50:03.943000+00:00",
    "description": "",
    "dev_url": null,
    "doc_url": null,
    "files": [
        {
            "attrs": {
                "arch": "x86_64",
                "build": "h5eb252a_2",
                "build_number": 2,
                "depends": [
                    "zlib >=1.2.11,<1.3.0a0"
                ],
                "has_prefix": false,
                "license": "varies; see http://genome.ucsc.edu/license",
                "machine": "x86_64",
                "operatingsystem": "darwin",
                "platform": "osx",
                "subdir": "osx-64",
                "target-triplet": "x86_64-any-darwin",
                "timestamp": 1529357646359
            },
            "basename": "osx-64/ucsc-twobitmask-357-h5eb252a_2.tar.bz2",
            "dependencies": {
                "depends": [
                    {
                        "name": "zlib",
                        "specs": [
                            [
                                ">=",
                                "1.2.11,<1.3.0a0"
                            ]
                        ]
                    }
                ]
            },
            "description": null,
            "distribution_type": "conda",
            "download_url": "//api.anaconda.org/download/bioconda/ucsc-twobitmask/357/osx-64/ucsc-twobitmask-357-h5eb252a_2.tar.bz2",
            "full_name": "bioconda/ucsc-twobitmask/357/osx-64/ucsc-twobitmask-357-h5eb252a_2.tar.bz2",
            "labels": [
                "main",
                "cf201901"
            ],
            "md5": "0d1d1cb0a60b580d88e088636a7c398f",
            "ndownloads": 521,
            "owner": "bioconda",
            "size": 440871,
            "type": "conda",
            "upload_time": "2018-06-18 21:34:14.882000+00:00",
            "version": "357"
        },
        {
            "attrs": {
                "arch": "x86_64",
                "build": "0",
                "build_number": 0,
                "depends": [
                    "libgcc",
                    "libpng",
                    "mysql",
                    "openssl",
                    "zlib"
                ],
                "license": "varies; see http://genome.ucsc.edu/license",
                "machine": "x86_64",
                "operatingsystem": "linux",
                "platform": "linux",
                "subdir": "linux-64",
                "target-triplet": "x86_64-any-linux"
            },
            "basename": "linux-64/ucsc-twobitmask-324-0.tar.bz2",
            "dependencies": {
                "depends": [
                    {
                        "name": "libgcc",
                        "specs": []
                    },
                    {
                        "name": "libpng",
                        "specs": []
                    },
                    {
                        "name": "mysql",
                        "specs": []
                    },
                    {
                        "name": "openssl",
                        "specs": []
                    },
                    {
                        "name": "zlib",
                        "specs": []
                    }
                ]
            },
            "description": null,
            "distribution_type": "conda",
            "download_url": "//api.anaconda.org/download/bioconda/ucsc-twobitmask/324/linux-64/ucsc-twobitmask-324-0.tar.bz2",
            "full_name": "bioconda/ucsc-twobitmask/324/linux-64/ucsc-twobitmask-324-0.tar.bz2",
            "labels": [
                "main",
                "cf201901"
            ],
            "md5": "b05b518008451849b97c4cbdb61eaaf1",
            "ndownloads": 1282,
            "owner": "bioconda",
            "size": 501790,
            "type": "conda",
            "upload_time": "2016-03-01 16:50:04.227000+00:00",
            "version": "324"
        },
        {
            "attrs": {
                "arch": "x86_64",
                "build": "0",
                "build_number": 0,
                "depends": [],
                "license": "varies; see http://genome.ucsc.edu/license",
                "machine": "x86_64",
                "operatingsystem": "darwin",
                "platform": "osx",
                "subdir": "osx-64",
                "target-triplet": "x86_64-any-darwin"
            },
            "basename": "osx-64/ucsc-twobitmask-332-0.tar.bz2",
            "dependencies": {
                "depends": []
            },
            "description": null,
            "distribution_type": "conda",
            "download_url": "//api.anaconda.org/download/bioconda/ucsc-twobitmask/332/osx-64/ucsc-twobitmask-332-0.tar.bz2",
            "full_name": "bioconda/ucsc-twobitmask/332/osx-64/ucsc-twobitmask-332-0.tar.bz2",
            "labels": [
                "main",
                "cf201901"
            ],
            "md5": "5badc1177aa1255431711e3982adca7a",
            "ndownloads": 1563,
            "owner": "bioconda",
            "size": 254353,
            "type": "conda",
            "upload_time": "2016-06-10 21:53:33.903000+00:00",
            "version": "332"
        },
        {
            "attrs": {
                "arch": "x86_64",
                "build": "0",
                "build_number": 0,
                "depends": [
                    "libgcc",
                    "libpng",
                    "mysql",
                    "openssl",
                    "zlib"
                ],
                "license": "varies; see http://genome.ucsc.edu/license",
                "machine": "x86_64",
                "operatingsystem": "linux",
                "platform": "linux",
                "subdir": "linux-64",
                "target-triplet": "x86_64-any-linux"
            },
            "basename": "linux-64/ucsc-twobitmask-332-0.tar.bz2",
            "dependencies": {
                "depends": [
                    {
                        "name": "libgcc",
                        "specs": []
                    },
                    {
                        "name": "libpng",
                        "specs": []
                    },
                    {
                        "name": "mysql",
                        "specs": []
                    },
                    {
                        "name": "openssl",
                        "specs": []
                    },
                    {
                        "name": "zlib",
                        "specs": []
                    }
                ]
            },
            "description": null,
            "distribution_type": "conda",
            "download_url": "//api.anaconda.org/download/bioconda/ucsc-twobitmask/332/linux-64/ucsc-twobitmask-332-0.tar.bz2",
            "full_name": "bioconda/ucsc-twobitmask/332/linux-64/ucsc-twobitmask-332-0.tar.bz2",
            "labels": [
                "main",
                "cf201901"
            ],
            "md5": "383032a38c7ed3ce53e20eb2421eee77",
            "ndownloads": 926,
            "owner": "bioconda",
            "size": 506977,
            "type": "conda",
            "upload_time": "2016-06-10 21:52:01.562000+00:00",
            "version": "332"
        },
        {
            "attrs": {
                "arch": "x86_64",
                "build": "1",
                "build_number": 1,
                "depends": [],
                "has_prefix": false,
                "license": "varies; see http://genome.ucsc.edu/license",
                "machine": "x86_64",
                "operatingsystem": "darwin",
                "platform": "osx",
                "subdir": "osx-64",
                "target-triplet": "x86_64-any-darwin"
            },
            "basename": "osx-64/ucsc-twobitmask-357-1.tar.bz2",
            "dependencies": {
                "depends": []
            },
            "description": null,
            "distribution_type": "conda",
            "download_url": "//api.anaconda.org/download/bioconda/ucsc-twobitmask/357/osx-64/ucsc-twobitmask-357-1.tar.bz2",
            "full_name": "bioconda/ucsc-twobitmask/357/osx-64/ucsc-twobitmask-357-1.tar.bz2",
            "labels": [
                "main",
                "cf201901"
            ],
            "md5": "48754e73212d929e4cc22c9605e2765e",
            "ndownloads": 104,
            "owner": "bioconda",
            "size": 438760,
            "type": "conda",
            "upload_time": "2018-02-03 23:32:19.486000+00:00",
            "version": "357"
        },
        {
            "attrs": {
                "arch": "x86_64",
                "build": "h5eb252a_0",
                "build_number": 0,
                "depends": [
                    "zlib >=1.2.11,<1.3.0a0"
                ],
                "has_prefix": false,
                "license": "varies; see http://genome.ucsc.edu/license",
                "machine": "x86_64",
                "operatingsystem": "darwin",
                "platform": "osx",
                "subdir": "osx-64",
                "target-triplet": "x86_64-any-darwin",
                "timestamp": 1529430971303
            },
            "basename": "osx-64/ucsc-twobitmask-366-h5eb252a_0.tar.bz2",
            "dependencies": {
                "depends": [
                    {
                        "name": "zlib",
                        "specs": [
                            [
                                ">=",
                                "1.2.11,<1.3.0a0"
                            ]
                        ]
                    }
                ]
            },
            "description": null,
            "distribution_type": "conda",
            "download_url": "//api.anaconda.org/download/bioconda/ucsc-twobitmask/366/osx-64/ucsc-twobitmask-366-h5eb252a_0.tar.bz2",
            "full_name": "bioconda/ucsc-twobitmask/366/osx-64/ucsc-twobitmask-366-h5eb252a_0.tar.bz2",
            "labels": [
                "main",
                "cf201901"
            ],
            "md5": "a859806df3d8d811a3aa161c504af265",
            "ndownloads": 774,
            "owner": "bioconda",
            "size": 441100,
            "type": "conda",
            "upload_time": "2018-06-19 17:56:20.825000+00:00",
            "version": "366"
        },
        {
            "attrs": {
                "arch": "x86_64",
                "build": "0",
                "build_number": 0,
                "depends": [
                    "libgcc",
                    "libpng",
                    "libuuid",
                    "mysql-connector-c",
                    "openssl",
                    "zlib"
                ],
                "has_prefix": true,
                "license": "varies; see http://genome.ucsc.edu/license",
                "machine": "x86_64",
                "operatingsystem": "linux",
                "platform": "linux",
                "subdir": "linux-64",
                "target-triplet": "x86_64-any-linux"
            },
            "basename": "linux-64/ucsc-twobitmask-357-0.tar.bz2",
            "dependencies": {
                "depends": [
                    {
                        "name": "libgcc",
                        "specs": []
                    },
                    {
                        "name": "libpng",
                        "specs": []
                    },
                    {
                        "name": "libuuid",
                        "specs": []
                    },
                    {
                        "name": "mysql-connector-c",
                        "specs": []
                    },
                    {
                        "name": "openssl",
                        "specs": []
                    },
                    {
                        "name": "zlib",
                        "specs": []
                    }
                ]
            },
            "description": null,
            "distribution_type": "conda",
            "download_url": "//api.anaconda.org/download/bioconda/ucsc-twobitmask/357/linux-64/ucsc-twobitmask-357-0.tar.bz2",
            "full_name": "bioconda/ucsc-twobitmask/357/linux-64/ucsc-twobitmask-357-0.tar.bz2",
            "labels": [
                "main",
                "cf201901"
            ],
            "md5": "a50ca817cf8f7ae2fb3f7ab988309c13",
            "ndownloads": 496,
            "owner": "bioconda",
            "size": 1109131,
            "type": "conda",
            "upload_time": "2017-11-17 14:57:59.638000+00:00",
            "version": "357"
        },
        {
            "attrs": {
                "arch": "x86_64",
                "build": "0",
                "build_number": 0,
                "depends": [],
                "has_prefix": false,
                "license": "varies; see http://genome.ucsc.edu/license",
                "machine": "x86_64",
                "operatingsystem": "darwin",
                "platform": "osx",
                "subdir": "osx-64",
                "target-triplet": "x86_64-any-darwin"
            },
            "basename": "osx-64/ucsc-twobitmask-357-0.tar.bz2",
            "dependencies": {
                "depends": []
            },
            "description": null,
            "distribution_type": "conda",
            "download_url": "//api.anaconda.org/download/bioconda/ucsc-twobitmask/357/osx-64/ucsc-twobitmask-357-0.tar.bz2",
            "full_name": "bioconda/ucsc-twobitmask/357/osx-64/ucsc-twobitmask-357-0.tar.bz2",
            "labels": [
                "main",
                "cf201901"
            ],
            "md5": "1791a0d32bbfd7ba38f80e909812076e",
            "ndownloads": 186,
            "owner": "bioconda",
            "size": 437886,
            "type": "conda",
            "upload_time": "2017-11-17 21:24:15.714000+00:00",
            "version": "357"
        },
        {
            "attrs": {
                "arch": "x86_64",
                "build": "1",
                "build_number": 1,
                "depends": [
                    "libgcc",
                    "libpng",
                    "libuuid",
                    "mysql-connector-c",
                    "openssl",
                    "zlib 1.2.11*"
                ],
                "has_prefix": true,
                "license": "varies; see http://genome.ucsc.edu/license",
                "machine": "x86_64",
                "operatingsystem": "linux",
                "platform": "linux",
                "subdir": "linux-64",
                "target-triplet": "x86_64-any-linux"
            },
            "basename": "linux-64/ucsc-twobitmask-357-1.tar.bz2",
            "dependencies": {
                "depends": [
                    {
                        "name": "libgcc",
                        "specs": []
                    },
                    {
                        "name": "libpng",
                        "specs": []
                    },
                    {
                        "name": "libuuid",
                        "specs": []
                    },
                    {
                        "name": "mysql-connector-c",
                        "specs": []
                    },
                    {
                        "name": "openssl",
                        "specs": []
                    },
                    {
                        "name": "zlib",
                        "specs": [
                            [
                                "==",
                                "1.2.11"
                            ]
                        ]
                    }
                ]
            },
            "description": null,
            "distribution_type": "conda",
            "download_url": "//api.anaconda.org/download/bioconda/ucsc-twobitmask/357/linux-64/ucsc-twobitmask-357-1.tar.bz2",
            "full_name": "bioconda/ucsc-twobitmask/357/linux-64/ucsc-twobitmask-357-1.tar.bz2",
            "labels": [
                "main",
                "cf201901"
            ],
            "md5": "2c5eeeeeeaf0c9eaa53edbb7965dcb16",
            "ndownloads": 190,
            "owner": "bioconda",
            "size": 1109121,
            "type": "conda",
            "upload_time": "2018-02-04 00:12:16.701000+00:00",
            "version": "357"
        },
        {
            "attrs": {
                "arch": "x86_64",
                "build": "h5eb252a_0",
                "build_number": 0,
                "depends": [
                    "libgcc-ng >=4.9",
                    "libpng >=1.6.34,<1.7.0a0",
                    "libuuid",
                    "mysql-connector-c",
                    "openssl >=1.0.2o,<1.0.3a",
                    "zlib >=1.2.11,<1.3.0a0"
                ],
                "has_prefix": true,
                "license": "varies; see http://genome.ucsc.edu/license",
                "machine": "x86_64",
                "operatingsystem": "linux",
                "platform": "linux",
                "subdir": "linux-64",
                "target-triplet": "x86_64-any-linux",
                "timestamp": 1529433303072
            },
            "basename": "linux-64/ucsc-twobitmask-366-h5eb252a_0.tar.bz2",
            "dependencies": {
                "depends": [
                    {
                        "name": "libgcc-ng",
                        "specs": [
                            [
                                ">=",
                                "4.9"
                            ]
                        ]
                    },
                    {
                        "name": "libpng",
                        "specs": [
                            [
                                ">=",
                                "1.6.34,<1.7.0a0"
                            ]
                        ]
                    },
                    {
                        "name": "libuuid",
                        "specs": []
                    },
                    {
                        "name": "mysql-connector-c",
                        "specs": []
                    },
                    {
                        "name": "openssl",
                        "specs": [
                            [
                                ">=",
                                "1.0.2o,<1.0.3a"
                            ]
                        ]
                    },
                    {
                        "name": "zlib",
                        "specs": [
                            [
                                ">=",
                                "1.2.11,<1.3.0a0"
                            ]
                        ]
                    }
                ]
            },
            "description": null,
            "distribution_type": "conda",
            "download_url": "//api.anaconda.org/download/bioconda/ucsc-twobitmask/366/linux-64/ucsc-twobitmask-366-h5eb252a_0.tar.bz2",
            "full_name": "bioconda/ucsc-twobitmask/366/linux-64/ucsc-twobitmask-366-h5eb252a_0.tar.bz2",
            "labels": [
                "main",
                "cf201901"
            ],
            "md5": "101bb8794e7a239cbd4dce905dbc3386",
            "ndownloads": 279,
            "owner": "bioconda",
            "size": 1109387,
            "type": "conda",
            "upload_time": "2018-06-19 18:36:30.833000+00:00",
            "version": "366"
        },
        {
            "attrs": {
                "arch": "x86_64",
                "build": "h199ee4e_0",
                "build_number": 0,
                "depends": [
                    "libgcc-ng >=7.3.0",
                    "libpng >=1.6.35,<1.7.0a0",
                    "libuuid >=2.32.1,<3.0a0",
                    "mysql-connector-c >=6.1.11,<6.1.12.0a0",
                    "openssl >=1.0.2p,<1.0.3a",
                    "zlib >=1.2.11,<1.3.0a0"
                ],
                "has_prefix": false,
                "license": "varies; see http://genome.ucsc.edu/license",
                "machine": "x86_64",
                "operatingsystem": "linux",
                "platform": "linux",
                "subdir": "linux-64",
                "target-triplet": "x86_64-any-linux",
                "timestamp": 1550926008016
            },
            "basename": "linux-64/ucsc-twobitmask-377-h199ee4e_0.tar.bz2",
            "dependencies": {
                "depends": [
                    {
                        "name": "libgcc-ng",
                        "specs": [
                            [
                                ">=",
                                "7.3.0"
                            ]
                        ]
                    },
                    {
                        "name": "libpng",
                        "specs": [
                            [
                                ">=",
                                "1.6.35,<1.7.0a0"
                            ]
                        ]
                    },
                    {
                        "name": "libuuid",
                        "specs": [
                            [
                                ">=",
                                "2.32.1,<3.0a0"
                            ]
                        ]
                    },
                    {
                        "name": "mysql-connector-c",
                        "specs": [
                            [
                                ">=",
                                "6.1.11,<6.1.12.0a0"
                            ]
                        ]
                    },
                    {
                        "name": "openssl",
                        "specs": [
                            [
                                ">=",
                                "1.0.2p,<1.0.3a"
                            ]
                        ]
                    },
                    {
                        "name": "zlib",
                        "specs": [
                            [
                                ">=",
                                "1.2.11,<1.3.0a0"
                            ]
                        ]
                    }
                ]
            },
            "description": null,
            "distribution_type": "conda",
            "download_url": "//api.anaconda.org/download/bioconda/ucsc-twobitmask/377/linux-64/ucsc-twobitmask-377-h199ee4e_0.tar.bz2",
            "full_name": "bioconda/ucsc-twobitmask/377/linux-64/ucsc-twobitmask-377-h199ee4e_0.tar.bz2",
            "labels": [
                "main"
            ],
            "md5": "9dcbb4b447cce0ee1032e94c80f6a1f0",
            "ndownloads": 100,
            "owner": "bioconda",
            "size": 447979,
            "type": "conda",
            "upload_time": "2019-02-23 12:48:17.292000+00:00",
            "version": "377"
        },
        {
            "attrs": {
                "arch": "x86_64",
                "build": "h8b15c51_0",
                "build_number": 0,
                "depends": [
                    "libpng >=1.6.35,<1.7.0a0",
                    "libuuid >=2.32.1,<3.0a0",
                    "mysql-connector-c >=6.1.11,<6.1.12.0a0",
                    "openssl >=1.0.2p,<1.0.3a",
                    "zlib >=1.2.11,<1.3.0a0"
                ],
                "has_prefix": false,
                "license": "varies; see http://genome.ucsc.edu/license",
                "machine": "x86_64",
                "operatingsystem": "darwin",
                "platform": "osx",
                "subdir": "osx-64",
                "target-triplet": "x86_64-any-darwin",
                "timestamp": 1550916077026
            },
            "basename": "osx-64/ucsc-twobitmask-377-h8b15c51_0.tar.bz2",
            "dependencies": {
                "depends": [
                    {
                        "name": "libpng",
                        "specs": [
                            [
                                ">=",
                                "1.6.35,<1.7.0a0"
                            ]
                        ]
                    },
                    {
                        "name": "libuuid",
                        "specs": [
                            [
                                ">=",
                                "2.32.1,<3.0a0"
                            ]
                        ]
                    },
                    {
                        "name": "mysql-connector-c",
                        "specs": [
                            [
                                ">=",
                                "6.1.11,<6.1.12.0a0"
                            ]
                        ]
                    },
                    {
                        "name": "openssl",
                        "specs": [
                            [
                                ">=",
                                "1.0.2p,<1.0.3a"
                            ]
                        ]
                    },
                    {
                        "name": "zlib",
                        "specs": [
                            [
                                ">=",
                                "1.2.11,<1.3.0a0"
                            ]
                        ]
                    }
                ]
            },
            "description": null,
            "distribution_type": "conda",
            "download_url": "//api.anaconda.org/download/bioconda/ucsc-twobitmask/377/osx-64/ucsc-twobitmask-377-h8b15c51_0.tar.bz2",
            "full_name": "bioconda/ucsc-twobitmask/377/osx-64/ucsc-twobitmask-377-h8b15c51_0.tar.bz2",
            "labels": [
                "main"
            ],
            "md5": "529c1846d6b2bbf8e56a27f67a2899d5",
            "ndownloads": 649,
            "owner": "bioconda",
            "size": 412885,
            "type": "conda",
            "upload_time": "2019-02-23 10:01:30.509000+00:00",
            "version": "377"
        }
    ],
    "full_name": "bioconda/ucsc-twobitmask",
    "home": "None",
    "html_url": "http://anaconda.org/bioconda/ucsc-twobitmask",
    "id": "56d5c83b03fe710362730dd9",
    "latest_version": "377",
    "license": "varies; see http://genome.ucsc.edu/license",
    "license_url": null,
    "modified_at": "2019-02-23 12:48:18.625000+00:00",
    "name": "ucsc-twobitmask",
    "owner": {
        "company": "",
        "created_at": "2015-09-11 22:59:20.880000+00:00",
        "description": "Bioconda is a distribution of bioinformatics software realized as a channel for the versatile Conda package manager.",
        "location": "",
        "login": "bioconda",
        "name": "bioconda",
        "url": "",
        "user_type": "org"
    },
    "package_types": [
        "conda"
    ],
    "public": true,
    "releases": [
        {
            "distributions": [
                "linux-64/ucsc-twobitmask-324-0.tar.bz2"
            ],
            "full_name": "bioconda/ucsc-twobitmask/324",
            "version": "324"
        },
        {
            "distributions": [
                "linux-64/ucsc-twobitmask-332-0.tar.bz2",
                "osx-64/ucsc-twobitmask-332-0.tar.bz2"
            ],
            "full_name": "bioconda/ucsc-twobitmask/332",
            "version": "332"
        },
        {
            "distributions": [],
            "full_name": "bioconda/ucsc-twobitmask/357",
            "version": "357"
        },
        {
            "distributions": [],
            "full_name": "bioconda/ucsc-twobitmask/366",
            "version": "366"
        },
        {
            "distributions": [],
            "full_name": "bioconda/ucsc-twobitmask/377",
            "version": "377"
        }
    ],
    "revision": 11,
    "source_git_tag": null,
    "source_git_url": null,
    "summary": "apply masking to a .2bit file, creating a new .2bit file",
    "upvoted": 0,
    "url": "http://api.anaconda.org/packages/bioconda/ucsc-twobitmask",
    "versions": [
        "324",
        "332",
        "357",
        "366",
        "377"
    ],
    "watchers": 1
}