{
    "app_entry": {},
    "app_summary": {},
    "app_type": {},
    "builds": [
        "h199ee4e_0",
        "1",
        "0",
        "h5eb252a_2",
        "h8b15c51_0",
        "h5eb252a_0"
    ],
    "conda_platforms": [
        "linux-64",
        "osx-64"
    ],
    "created_at": "2015-11-20 16:14:18.087000+00:00",
    "description": "",
    "dev_url": null,
    "doc_url": null,
    "files": [
        {
            "attrs": {
                "arch": "x86_64",
                "build": "0",
                "build_number": 0,
                "depends": [],
                "license": "varies; see http://genome.ucsc.edu/license",
                "machine": "x86_64",
                "operatingsystem": "darwin",
                "platform": "osx",
                "subdir": "osx-64",
                "target-triplet": "x86_64-any-darwin"
            },
            "basename": "osx-64/ucsc-mafgene-324-0.tar.bz2",
            "dependencies": {
                "depends": []
            },
            "description": null,
            "distribution_type": "conda",
            "download_url": "//api.anaconda.org/download/bioconda/ucsc-mafgene/324/osx-64/ucsc-mafgene-324-0.tar.bz2",
            "full_name": "bioconda/ucsc-mafgene/324/osx-64/ucsc-mafgene-324-0.tar.bz2",
            "labels": [
                "main",
                "cf201901"
            ],
            "md5": "08a6545ba8800d510d3897103b55ade2",
            "ndownloads": 764,
            "owner": "bioconda",
            "size": 1753822,
            "type": "conda",
            "upload_time": "2015-11-20 16:14:18.262000+00:00",
            "version": "324"
        },
        {
            "attrs": {
                "arch": "x86_64",
                "build": "0",
                "build_number": 0,
                "depends": [
                    "libpng",
                    "mysql",
                    "openssl",
                    "zlib"
                ],
                "license": "varies; see http://genome.ucsc.edu/license",
                "machine": "x86_64",
                "operatingsystem": "linux",
                "platform": "linux",
                "subdir": "linux-64",
                "target-triplet": "x86_64-any-linux"
            },
            "basename": "linux-64/ucsc-mafgene-324-0.tar.bz2",
            "dependencies": {
                "depends": [
                    {
                        "name": "libpng",
                        "specs": []
                    },
                    {
                        "name": "mysql",
                        "specs": []
                    },
                    {
                        "name": "openssl",
                        "specs": []
                    },
                    {
                        "name": "zlib",
                        "specs": []
                    }
                ]
            },
            "description": null,
            "distribution_type": "conda",
            "download_url": "//api.anaconda.org/download/bioconda/ucsc-mafgene/324/linux-64/ucsc-mafgene-324-0.tar.bz2",
            "full_name": "bioconda/ucsc-mafgene/324/linux-64/ucsc-mafgene-324-0.tar.bz2",
            "labels": [
                "main",
                "cf201901"
            ],
            "md5": "c69f7d0396adf77c3b3aec96062e8fdc",
            "ndownloads": 566,
            "owner": "bioconda",
            "size": 1881030,
            "type": "conda",
            "upload_time": "2015-11-20 16:43:27.741000+00:00",
            "version": "324"
        },
        {
            "attrs": {
                "arch": "x86_64",
                "build": "1",
                "build_number": 1,
                "depends": [],
                "has_prefix": false,
                "license": "varies; see http://genome.ucsc.edu/license",
                "machine": "x86_64",
                "operatingsystem": "darwin",
                "platform": "osx",
                "subdir": "osx-64",
                "target-triplet": "x86_64-any-darwin"
            },
            "basename": "osx-64/ucsc-mafgene-357-1.tar.bz2",
            "dependencies": {
                "depends": []
            },
            "description": null,
            "distribution_type": "conda",
            "download_url": "//api.anaconda.org/download/bioconda/ucsc-mafgene/357/osx-64/ucsc-mafgene-357-1.tar.bz2",
            "full_name": "bioconda/ucsc-mafgene/357/osx-64/ucsc-mafgene-357-1.tar.bz2",
            "labels": [
                "main",
                "cf201901"
            ],
            "md5": "472af226a8f4e2f02dfad2d5abd228b7",
            "ndownloads": 104,
            "owner": "bioconda",
            "size": 2205748,
            "type": "conda",
            "upload_time": "2018-02-04 01:31:57.392000+00:00",
            "version": "357"
        },
        {
            "attrs": {
                "arch": "x86_64",
                "build": "h5eb252a_2",
                "build_number": 2,
                "depends": [
                    "zlib >=1.2.11,<1.3.0a0"
                ],
                "has_prefix": false,
                "license": "varies; see http://genome.ucsc.edu/license",
                "machine": "x86_64",
                "operatingsystem": "darwin",
                "platform": "osx",
                "subdir": "osx-64",
                "target-triplet": "x86_64-any-darwin",
                "timestamp": 1529360924997
            },
            "basename": "osx-64/ucsc-mafgene-357-h5eb252a_2.tar.bz2",
            "dependencies": {
                "depends": [
                    {
                        "name": "zlib",
                        "specs": [
                            [
                                ">=",
                                "1.2.11,<1.3.0a0"
                            ]
                        ]
                    }
                ]
            },
            "description": null,
            "distribution_type": "conda",
            "download_url": "//api.anaconda.org/download/bioconda/ucsc-mafgene/357/osx-64/ucsc-mafgene-357-h5eb252a_2.tar.bz2",
            "full_name": "bioconda/ucsc-mafgene/357/osx-64/ucsc-mafgene-357-h5eb252a_2.tar.bz2",
            "labels": [
                "main",
                "cf201901"
            ],
            "md5": "efbed5767e10f1e0b282643a10499139",
            "ndownloads": 674,
            "owner": "bioconda",
            "size": 2211994,
            "type": "conda",
            "upload_time": "2018-06-18 22:28:54.698000+00:00",
            "version": "357"
        },
        {
            "attrs": {
                "arch": "x86_64",
                "build": "h5eb252a_0",
                "build_number": 0,
                "depends": [
                    "zlib >=1.2.11,<1.3.0a0"
                ],
                "has_prefix": false,
                "license": "varies; see http://genome.ucsc.edu/license",
                "machine": "x86_64",
                "operatingsystem": "darwin",
                "platform": "osx",
                "subdir": "osx-64",
                "target-triplet": "x86_64-any-darwin",
                "timestamp": 1529450548728
            },
            "basename": "osx-64/ucsc-mafgene-366-h5eb252a_0.tar.bz2",
            "dependencies": {
                "depends": [
                    {
                        "name": "zlib",
                        "specs": [
                            [
                                ">=",
                                "1.2.11,<1.3.0a0"
                            ]
                        ]
                    }
                ]
            },
            "description": null,
            "distribution_type": "conda",
            "download_url": "//api.anaconda.org/download/bioconda/ucsc-mafgene/366/osx-64/ucsc-mafgene-366-h5eb252a_0.tar.bz2",
            "full_name": "bioconda/ucsc-mafgene/366/osx-64/ucsc-mafgene-366-h5eb252a_0.tar.bz2",
            "labels": [
                "main",
                "cf201901"
            ],
            "md5": "50daf03fe1555c9ee6238b7211405f04",
            "ndownloads": 770,
            "owner": "bioconda",
            "size": 2212189,
            "type": "conda",
            "upload_time": "2018-06-19 23:22:38.271000+00:00",
            "version": "366"
        },
        {
            "attrs": {
                "arch": "x86_64",
                "build": "0",
                "build_number": 0,
                "depends": [],
                "has_prefix": false,
                "license": "varies; see http://genome.ucsc.edu/license",
                "machine": "x86_64",
                "operatingsystem": "darwin",
                "platform": "osx",
                "subdir": "osx-64",
                "target-triplet": "x86_64-any-darwin"
            },
            "basename": "osx-64/ucsc-mafgene-357-0.tar.bz2",
            "dependencies": {
                "depends": []
            },
            "description": null,
            "distribution_type": "conda",
            "download_url": "//api.anaconda.org/download/bioconda/ucsc-mafgene/357/osx-64/ucsc-mafgene-357-0.tar.bz2",
            "full_name": "bioconda/ucsc-mafgene/357/osx-64/ucsc-mafgene-357-0.tar.bz2",
            "labels": [
                "main",
                "cf201901"
            ],
            "md5": "671bc68d61f9d8c558f6cd570569243e",
            "ndownloads": 28,
            "owner": "bioconda",
            "size": 2207337,
            "type": "conda",
            "upload_time": "2017-11-19 03:02:50.048000+00:00",
            "version": "357"
        },
        {
            "attrs": {
                "arch": "x86_64",
                "build": "0",
                "build_number": 0,
                "depends": [
                    "libgcc",
                    "libpng",
                    "libuuid",
                    "mysql-connector-c",
                    "openssl",
                    "zlib"
                ],
                "has_prefix": true,
                "license": "varies; see http://genome.ucsc.edu/license",
                "machine": "x86_64",
                "operatingsystem": "linux",
                "platform": "linux",
                "subdir": "linux-64",
                "target-triplet": "x86_64-any-linux"
            },
            "basename": "linux-64/ucsc-mafgene-357-0.tar.bz2",
            "dependencies": {
                "depends": [
                    {
                        "name": "libgcc",
                        "specs": []
                    },
                    {
                        "name": "libpng",
                        "specs": []
                    },
                    {
                        "name": "libuuid",
                        "specs": []
                    },
                    {
                        "name": "mysql-connector-c",
                        "specs": []
                    },
                    {
                        "name": "openssl",
                        "specs": []
                    },
                    {
                        "name": "zlib",
                        "specs": []
                    }
                ]
            },
            "description": null,
            "distribution_type": "conda",
            "download_url": "//api.anaconda.org/download/bioconda/ucsc-mafgene/357/linux-64/ucsc-mafgene-357-0.tar.bz2",
            "full_name": "bioconda/ucsc-mafgene/357/linux-64/ucsc-mafgene-357-0.tar.bz2",
            "labels": [
                "main",
                "cf201901"
            ],
            "md5": "a0a65c3d50d1e9075a652820944dbcf1",
            "ndownloads": 485,
            "owner": "bioconda",
            "size": 2564503,
            "type": "conda",
            "upload_time": "2017-11-19 16:34:30.544000+00:00",
            "version": "357"
        },
        {
            "attrs": {
                "arch": "x86_64",
                "build": "1",
                "build_number": 1,
                "depends": [
                    "libgcc",
                    "libpng",
                    "libuuid",
                    "mysql-connector-c",
                    "openssl",
                    "zlib 1.2.11*"
                ],
                "has_prefix": true,
                "license": "varies; see http://genome.ucsc.edu/license",
                "machine": "x86_64",
                "operatingsystem": "linux",
                "platform": "linux",
                "subdir": "linux-64",
                "target-triplet": "x86_64-any-linux"
            },
            "basename": "linux-64/ucsc-mafgene-357-1.tar.bz2",
            "dependencies": {
                "depends": [
                    {
                        "name": "libgcc",
                        "specs": []
                    },
                    {
                        "name": "libpng",
                        "specs": []
                    },
                    {
                        "name": "libuuid",
                        "specs": []
                    },
                    {
                        "name": "mysql-connector-c",
                        "specs": []
                    },
                    {
                        "name": "openssl",
                        "specs": []
                    },
                    {
                        "name": "zlib",
                        "specs": [
                            [
                                "==",
                                "1.2.11"
                            ]
                        ]
                    }
                ]
            },
            "description": null,
            "distribution_type": "conda",
            "download_url": "//api.anaconda.org/download/bioconda/ucsc-mafgene/357/linux-64/ucsc-mafgene-357-1.tar.bz2",
            "full_name": "bioconda/ucsc-mafgene/357/linux-64/ucsc-mafgene-357-1.tar.bz2",
            "labels": [
                "main",
                "cf201901"
            ],
            "md5": "1fbd8d317bb82396db3e97f6f088624f",
            "ndownloads": 203,
            "owner": "bioconda",
            "size": 2565157,
            "type": "conda",
            "upload_time": "2018-02-04 11:25:42.392000+00:00",
            "version": "357"
        },
        {
            "attrs": {
                "arch": "x86_64",
                "build": "h5eb252a_0",
                "build_number": 0,
                "depends": [
                    "libgcc-ng >=4.9",
                    "libpng >=1.6.34,<1.7.0a0",
                    "libuuid",
                    "mysql-connector-c",
                    "openssl >=1.0.2o,<1.0.3a",
                    "zlib >=1.2.11,<1.3.0a0"
                ],
                "has_prefix": true,
                "license": "varies; see http://genome.ucsc.edu/license",
                "machine": "x86_64",
                "operatingsystem": "linux",
                "platform": "linux",
                "subdir": "linux-64",
                "target-triplet": "x86_64-any-linux",
                "timestamp": 1529468690693
            },
            "basename": "linux-64/ucsc-mafgene-366-h5eb252a_0.tar.bz2",
            "dependencies": {
                "depends": [
                    {
                        "name": "libgcc-ng",
                        "specs": [
                            [
                                ">=",
                                "4.9"
                            ]
                        ]
                    },
                    {
                        "name": "libpng",
                        "specs": [
                            [
                                ">=",
                                "1.6.34,<1.7.0a0"
                            ]
                        ]
                    },
                    {
                        "name": "libuuid",
                        "specs": []
                    },
                    {
                        "name": "mysql-connector-c",
                        "specs": []
                    },
                    {
                        "name": "openssl",
                        "specs": [
                            [
                                ">=",
                                "1.0.2o,<1.0.3a"
                            ]
                        ]
                    },
                    {
                        "name": "zlib",
                        "specs": [
                            [
                                ">=",
                                "1.2.11,<1.3.0a0"
                            ]
                        ]
                    }
                ]
            },
            "description": null,
            "distribution_type": "conda",
            "download_url": "//api.anaconda.org/download/bioconda/ucsc-mafgene/366/linux-64/ucsc-mafgene-366-h5eb252a_0.tar.bz2",
            "full_name": "bioconda/ucsc-mafgene/366/linux-64/ucsc-mafgene-366-h5eb252a_0.tar.bz2",
            "labels": [
                "main",
                "cf201901"
            ],
            "md5": "e5ae56051b0d21550de4a3f4bc767bf7",
            "ndownloads": 269,
            "owner": "bioconda",
            "size": 2580936,
            "type": "conda",
            "upload_time": "2018-06-20 04:26:10.847000+00:00",
            "version": "366"
        },
        {
            "attrs": {
                "arch": "x86_64",
                "build": "h8b15c51_0",
                "build_number": 0,
                "depends": [
                    "libpng >=1.6.35,<1.7.0a0",
                    "libuuid >=2.32.1,<3.0a0",
                    "mysql-connector-c >=6.1.11,<6.1.12.0a0",
                    "openssl >=1.0.2p,<1.0.3a",
                    "zlib >=1.2.11,<1.3.0a0"
                ],
                "has_prefix": false,
                "license": "varies; see http://genome.ucsc.edu/license",
                "machine": "x86_64",
                "operatingsystem": "darwin",
                "platform": "osx",
                "subdir": "osx-64",
                "target-triplet": "x86_64-any-darwin",
                "timestamp": 1550831656423
            },
            "basename": "osx-64/ucsc-mafgene-377-h8b15c51_0.tar.bz2",
            "dependencies": {
                "depends": [
                    {
                        "name": "libpng",
                        "specs": [
                            [
                                ">=",
                                "1.6.35,<1.7.0a0"
                            ]
                        ]
                    },
                    {
                        "name": "libuuid",
                        "specs": [
                            [
                                ">=",
                                "2.32.1,<3.0a0"
                            ]
                        ]
                    },
                    {
                        "name": "mysql-connector-c",
                        "specs": [
                            [
                                ">=",
                                "6.1.11,<6.1.12.0a0"
                            ]
                        ]
                    },
                    {
                        "name": "openssl",
                        "specs": [
                            [
                                ">=",
                                "1.0.2p,<1.0.3a"
                            ]
                        ]
                    },
                    {
                        "name": "zlib",
                        "specs": [
                            [
                                ">=",
                                "1.2.11,<1.3.0a0"
                            ]
                        ]
                    }
                ]
            },
            "description": null,
            "distribution_type": "conda",
            "download_url": "//api.anaconda.org/download/bioconda/ucsc-mafgene/377/osx-64/ucsc-mafgene-377-h8b15c51_0.tar.bz2",
            "full_name": "bioconda/ucsc-mafgene/377/osx-64/ucsc-mafgene-377-h8b15c51_0.tar.bz2",
            "labels": [
                "main"
            ],
            "md5": "d40c8ce2c98603a38641a5a2255b256f",
            "ndownloads": 649,
            "owner": "bioconda",
            "size": 811452,
            "type": "conda",
            "upload_time": "2019-02-22 10:34:30.511000+00:00",
            "version": "377"
        },
        {
            "attrs": {
                "arch": "x86_64",
                "build": "h199ee4e_0",
                "build_number": 0,
                "depends": [
                    "libgcc-ng >=7.3.0",
                    "libpng >=1.6.35,<1.7.0a0",
                    "libuuid >=2.32.1,<3.0a0",
                    "mysql-connector-c >=6.1.11,<6.1.12.0a0",
                    "openssl >=1.0.2p,<1.0.3a",
                    "zlib >=1.2.11,<1.3.0a0"
                ],
                "has_prefix": false,
                "license": "varies; see http://genome.ucsc.edu/license",
                "machine": "x86_64",
                "operatingsystem": "linux",
                "platform": "linux",
                "subdir": "linux-64",
                "target-triplet": "x86_64-any-linux",
                "timestamp": 1550837086364
            },
            "basename": "linux-64/ucsc-mafgene-377-h199ee4e_0.tar.bz2",
            "dependencies": {
                "depends": [
                    {
                        "name": "libgcc-ng",
                        "specs": [
                            [
                                ">=",
                                "7.3.0"
                            ]
                        ]
                    },
                    {
                        "name": "libpng",
                        "specs": [
                            [
                                ">=",
                                "1.6.35,<1.7.0a0"
                            ]
                        ]
                    },
                    {
                        "name": "libuuid",
                        "specs": [
                            [
                                ">=",
                                "2.32.1,<3.0a0"
                            ]
                        ]
                    },
                    {
                        "name": "mysql-connector-c",
                        "specs": [
                            [
                                ">=",
                                "6.1.11,<6.1.12.0a0"
                            ]
                        ]
                    },
                    {
                        "name": "openssl",
                        "specs": [
                            [
                                ">=",
                                "1.0.2p,<1.0.3a"
                            ]
                        ]
                    },
                    {
                        "name": "zlib",
                        "specs": [
                            [
                                ">=",
                                "1.2.11,<1.3.0a0"
                            ]
                        ]
                    }
                ]
            },
            "description": null,
            "distribution_type": "conda",
            "download_url": "//api.anaconda.org/download/bioconda/ucsc-mafgene/377/linux-64/ucsc-mafgene-377-h199ee4e_0.tar.bz2",
            "full_name": "bioconda/ucsc-mafgene/377/linux-64/ucsc-mafgene-377-h199ee4e_0.tar.bz2",
            "labels": [
                "main"
            ],
            "md5": "f9056cf03f75f1a93a05800491a8d0ba",
            "ndownloads": 105,
            "owner": "bioconda",
            "size": 862388,
            "type": "conda",
            "upload_time": "2019-02-22 12:06:26.288000+00:00",
            "version": "377"
        }
    ],
    "full_name": "bioconda/ucsc-mafgene",
    "home": "None",
    "html_url": "http://anaconda.org/bioconda/ucsc-mafgene",
    "id": "564f46daeaad3754a36e9d47",
    "latest_version": "377",
    "license": "varies; see http://genome.ucsc.edu/license",
    "license_url": null,
    "modified_at": "2019-02-22 12:06:27.641000+00:00",
    "name": "ucsc-mafgene",
    "owner": {
        "company": "",
        "created_at": "2015-09-11 22:59:20.880000+00:00",
        "description": "Bioconda is a distribution of bioinformatics software realized as a channel for the versatile Conda package manager.",
        "location": "",
        "login": "bioconda",
        "name": "bioconda",
        "url": "",
        "user_type": "org"
    },
    "package_types": [
        "conda"
    ],
    "public": true,
    "releases": [
        {
            "distributions": [
                "osx-64/ucsc-mafgene-324-0.tar.bz2",
                "linux-64/ucsc-mafgene-324-0.tar.bz2"
            ],
            "full_name": "bioconda/ucsc-mafgene/324",
            "version": "324"
        },
        {
            "distributions": [],
            "full_name": "bioconda/ucsc-mafgene/357",
            "version": "357"
        },
        {
            "distributions": [],
            "full_name": "bioconda/ucsc-mafgene/366",
            "version": "366"
        },
        {
            "distributions": [],
            "full_name": "bioconda/ucsc-mafgene/377",
            "version": "377"
        }
    ],
    "revision": 9,
    "source_git_tag": null,
    "source_git_url": null,
    "summary": "output protein alignments using maf and genePred",
    "upvoted": 0,
    "url": "http://api.anaconda.org/packages/bioconda/ucsc-mafgene",
    "versions": [
        "324",
        "357",
        "366",
        "377"
    ],
    "watchers": 1
}