{
    "app_entry": {},
    "app_summary": {},
    "app_type": {},
    "builds": [
        "h199ee4e_0",
        "1",
        "0",
        "h5eb252a_2",
        "h8b15c51_0",
        "h5eb252a_0"
    ],
    "conda_platforms": [
        "linux-64",
        "osx-64"
    ],
    "created_at": "2016-06-03 11:19:50.258000+00:00",
    "description": "",
    "dev_url": null,
    "doc_url": null,
    "files": [
        {
            "attrs": {
                "arch": "x86_64",
                "build": "h5eb252a_0",
                "build_number": 0,
                "depends": [
                    "zlib >=1.2.11,<1.3.0a0"
                ],
                "has_prefix": false,
                "license": "varies; see http://genome.ucsc.edu/license",
                "machine": "x86_64",
                "operatingsystem": "darwin",
                "platform": "osx",
                "subdir": "osx-64",
                "target-triplet": "x86_64-any-darwin",
                "timestamp": 1529452852824
            },
            "basename": "osx-64/ucsc-fasize-366-h5eb252a_0.tar.bz2",
            "dependencies": {
                "depends": [
                    {
                        "name": "zlib",
                        "specs": [
                            [
                                ">=",
                                "1.2.11,<1.3.0a0"
                            ]
                        ]
                    }
                ]
            },
            "description": null,
            "distribution_type": "conda",
            "download_url": "//api.anaconda.org/download/bioconda/ucsc-fasize/366/osx-64/ucsc-fasize-366-h5eb252a_0.tar.bz2",
            "full_name": "bioconda/ucsc-fasize/366/osx-64/ucsc-fasize-366-h5eb252a_0.tar.bz2",
            "labels": [
                "main",
                "cf201901"
            ],
            "md5": "03a2e2daf1d6b4affe0a6196edd108c5",
            "ndownloads": 763,
            "owner": "bioconda",
            "size": 390748,
            "type": "conda",
            "upload_time": "2018-06-20 00:01:01.934000+00:00",
            "version": "366"
        },
        {
            "attrs": {
                "arch": "x86_64",
                "build": "0",
                "build_number": 0,
                "depends": [],
                "license": "varies; see http://genome.ucsc.edu/license",
                "machine": "x86_64",
                "operatingsystem": "darwin",
                "platform": "osx",
                "subdir": "osx-64",
                "target-triplet": "x86_64-any-darwin"
            },
            "basename": "osx-64/ucsc-fasize-332-0.tar.bz2",
            "dependencies": {
                "depends": []
            },
            "description": null,
            "distribution_type": "conda",
            "download_url": "//api.anaconda.org/download/bioconda/ucsc-fasize/332/osx-64/ucsc-fasize-332-0.tar.bz2",
            "full_name": "bioconda/ucsc-fasize/332/osx-64/ucsc-fasize-332-0.tar.bz2",
            "labels": [
                "main",
                "cf201901"
            ],
            "md5": "397636f819af39347501b12af3bcbde3",
            "ndownloads": 1549,
            "owner": "bioconda",
            "size": 203252,
            "type": "conda",
            "upload_time": "2016-06-03 11:29:46.089000+00:00",
            "version": "332"
        },
        {
            "attrs": {
                "arch": "x86_64",
                "build": "0",
                "build_number": 0,
                "depends": [
                    "libgcc",
                    "libpng",
                    "mysql",
                    "openssl",
                    "zlib"
                ],
                "license": "varies; see http://genome.ucsc.edu/license",
                "machine": "x86_64",
                "operatingsystem": "linux",
                "platform": "linux",
                "subdir": "linux-64",
                "target-triplet": "x86_64-any-linux"
            },
            "basename": "linux-64/ucsc-fasize-332-0.tar.bz2",
            "dependencies": {
                "depends": [
                    {
                        "name": "libgcc",
                        "specs": []
                    },
                    {
                        "name": "libpng",
                        "specs": []
                    },
                    {
                        "name": "mysql",
                        "specs": []
                    },
                    {
                        "name": "openssl",
                        "specs": []
                    },
                    {
                        "name": "zlib",
                        "specs": []
                    }
                ]
            },
            "description": null,
            "distribution_type": "conda",
            "download_url": "//api.anaconda.org/download/bioconda/ucsc-fasize/332/linux-64/ucsc-fasize-332-0.tar.bz2",
            "full_name": "bioconda/ucsc-fasize/332/linux-64/ucsc-fasize-332-0.tar.bz2",
            "labels": [
                "main",
                "cf201901"
            ],
            "md5": "d723f1a89eb9e45642c0dd65f223d6b5",
            "ndownloads": 950,
            "owner": "bioconda",
            "size": 375016,
            "type": "conda",
            "upload_time": "2016-06-03 11:19:51.094000+00:00",
            "version": "332"
        },
        {
            "attrs": {
                "arch": "x86_64",
                "build": "1",
                "build_number": 1,
                "depends": [],
                "has_prefix": false,
                "license": "varies; see http://genome.ucsc.edu/license",
                "machine": "x86_64",
                "operatingsystem": "darwin",
                "platform": "osx",
                "subdir": "osx-64",
                "target-triplet": "x86_64-any-darwin"
            },
            "basename": "osx-64/ucsc-fasize-357-1.tar.bz2",
            "dependencies": {
                "depends": []
            },
            "description": null,
            "distribution_type": "conda",
            "download_url": "//api.anaconda.org/download/bioconda/ucsc-fasize/357/osx-64/ucsc-fasize-357-1.tar.bz2",
            "full_name": "bioconda/ucsc-fasize/357/osx-64/ucsc-fasize-357-1.tar.bz2",
            "labels": [
                "main",
                "cf201901"
            ],
            "md5": "098fa5e197ffeb1bdaf54ed1ffffb613",
            "ndownloads": 26,
            "owner": "bioconda",
            "size": 390268,
            "type": "conda",
            "upload_time": "2018-02-04 02:37:28.582000+00:00",
            "version": "357"
        },
        {
            "attrs": {
                "arch": "x86_64",
                "build": "0",
                "build_number": 0,
                "depends": [],
                "has_prefix": false,
                "license": "varies; see http://genome.ucsc.edu/license",
                "machine": "x86_64",
                "operatingsystem": "darwin",
                "platform": "osx",
                "subdir": "osx-64",
                "target-triplet": "x86_64-any-darwin"
            },
            "basename": "osx-64/ucsc-fasize-357-0.tar.bz2",
            "dependencies": {
                "depends": []
            },
            "description": null,
            "distribution_type": "conda",
            "download_url": "//api.anaconda.org/download/bioconda/ucsc-fasize/357/osx-64/ucsc-fasize-357-0.tar.bz2",
            "full_name": "bioconda/ucsc-fasize/357/osx-64/ucsc-fasize-357-0.tar.bz2",
            "labels": [
                "main",
                "cf201901"
            ],
            "md5": "2ee4f5029f9fd19eb8bcb6af40e6f403",
            "ndownloads": 267,
            "owner": "bioconda",
            "size": 389168,
            "type": "conda",
            "upload_time": "2017-11-17 21:52:32.926000+00:00",
            "version": "357"
        },
        {
            "attrs": {
                "arch": "x86_64",
                "build": "0",
                "build_number": 0,
                "depends": [
                    "libgcc",
                    "libpng",
                    "libuuid",
                    "mysql-connector-c",
                    "openssl",
                    "zlib"
                ],
                "has_prefix": true,
                "license": "varies; see http://genome.ucsc.edu/license",
                "machine": "x86_64",
                "operatingsystem": "linux",
                "platform": "linux",
                "subdir": "linux-64",
                "target-triplet": "x86_64-any-linux"
            },
            "basename": "linux-64/ucsc-fasize-357-0.tar.bz2",
            "dependencies": {
                "depends": [
                    {
                        "name": "libgcc",
                        "specs": []
                    },
                    {
                        "name": "libpng",
                        "specs": []
                    },
                    {
                        "name": "libuuid",
                        "specs": []
                    },
                    {
                        "name": "mysql-connector-c",
                        "specs": []
                    },
                    {
                        "name": "openssl",
                        "specs": []
                    },
                    {
                        "name": "zlib",
                        "specs": []
                    }
                ]
            },
            "description": null,
            "distribution_type": "conda",
            "download_url": "//api.anaconda.org/download/bioconda/ucsc-fasize/357/linux-64/ucsc-fasize-357-0.tar.bz2",
            "full_name": "bioconda/ucsc-fasize/357/linux-64/ucsc-fasize-357-0.tar.bz2",
            "labels": [
                "main",
                "cf201901"
            ],
            "md5": "192223f51c1c30c6ffe5e79265f554db",
            "ndownloads": 516,
            "owner": "bioconda",
            "size": 968507,
            "type": "conda",
            "upload_time": "2017-11-18 09:49:54.567000+00:00",
            "version": "357"
        },
        {
            "attrs": {
                "arch": "x86_64",
                "build": "1",
                "build_number": 1,
                "depends": [
                    "libgcc",
                    "libpng",
                    "libuuid",
                    "mysql-connector-c",
                    "openssl",
                    "zlib 1.2.11*"
                ],
                "has_prefix": true,
                "license": "varies; see http://genome.ucsc.edu/license",
                "machine": "x86_64",
                "operatingsystem": "linux",
                "platform": "linux",
                "subdir": "linux-64",
                "target-triplet": "x86_64-any-linux"
            },
            "basename": "linux-64/ucsc-fasize-357-1.tar.bz2",
            "dependencies": {
                "depends": [
                    {
                        "name": "libgcc",
                        "specs": []
                    },
                    {
                        "name": "libpng",
                        "specs": []
                    },
                    {
                        "name": "libuuid",
                        "specs": []
                    },
                    {
                        "name": "mysql-connector-c",
                        "specs": []
                    },
                    {
                        "name": "openssl",
                        "specs": []
                    },
                    {
                        "name": "zlib",
                        "specs": [
                            [
                                "==",
                                "1.2.11"
                            ]
                        ]
                    }
                ]
            },
            "description": null,
            "distribution_type": "conda",
            "download_url": "//api.anaconda.org/download/bioconda/ucsc-fasize/357/linux-64/ucsc-fasize-357-1.tar.bz2",
            "full_name": "bioconda/ucsc-fasize/357/linux-64/ucsc-fasize-357-1.tar.bz2",
            "labels": [
                "main",
                "cf201901"
            ],
            "md5": "f0bb869c59117c0ade975cf9b0d59008",
            "ndownloads": 261,
            "owner": "bioconda",
            "size": 968676,
            "type": "conda",
            "upload_time": "2018-02-04 18:40:45.985000+00:00",
            "version": "357"
        },
        {
            "attrs": {
                "arch": "x86_64",
                "build": "h5eb252a_2",
                "build_number": 2,
                "depends": [
                    "zlib >=1.2.11,<1.3.0a0"
                ],
                "has_prefix": false,
                "license": "varies; see http://genome.ucsc.edu/license",
                "machine": "x86_64",
                "operatingsystem": "darwin",
                "platform": "osx",
                "subdir": "osx-64",
                "target-triplet": "x86_64-any-darwin",
                "timestamp": 1529388974246
            },
            "basename": "osx-64/ucsc-fasize-357-h5eb252a_2.tar.bz2",
            "dependencies": {
                "depends": [
                    {
                        "name": "zlib",
                        "specs": [
                            [
                                ">=",
                                "1.2.11,<1.3.0a0"
                            ]
                        ]
                    }
                ]
            },
            "description": null,
            "distribution_type": "conda",
            "download_url": "//api.anaconda.org/download/bioconda/ucsc-fasize/357/osx-64/ucsc-fasize-357-h5eb252a_2.tar.bz2",
            "full_name": "bioconda/ucsc-fasize/357/osx-64/ucsc-fasize-357-h5eb252a_2.tar.bz2",
            "labels": [
                "main",
                "cf201901"
            ],
            "md5": "6fabfb1d89099aec80366b5b0ab9056a",
            "ndownloads": 497,
            "owner": "bioconda",
            "size": 390479,
            "type": "conda",
            "upload_time": "2018-06-19 06:16:21.455000+00:00",
            "version": "357"
        },
        {
            "attrs": {
                "arch": "x86_64",
                "build": "h5eb252a_0",
                "build_number": 0,
                "depends": [
                    "libgcc-ng >=4.9",
                    "libpng >=1.6.34,<1.7.0a0",
                    "libuuid",
                    "mysql-connector-c",
                    "openssl >=1.0.2o,<1.0.3a",
                    "zlib >=1.2.11,<1.3.0a0"
                ],
                "has_prefix": true,
                "license": "varies; see http://genome.ucsc.edu/license",
                "machine": "x86_64",
                "operatingsystem": "linux",
                "platform": "linux",
                "subdir": "linux-64",
                "target-triplet": "x86_64-any-linux",
                "timestamp": 1529499597730
            },
            "basename": "linux-64/ucsc-fasize-366-h5eb252a_0.tar.bz2",
            "dependencies": {
                "depends": [
                    {
                        "name": "libgcc-ng",
                        "specs": [
                            [
                                ">=",
                                "4.9"
                            ]
                        ]
                    },
                    {
                        "name": "libpng",
                        "specs": [
                            [
                                ">=",
                                "1.6.34,<1.7.0a0"
                            ]
                        ]
                    },
                    {
                        "name": "libuuid",
                        "specs": []
                    },
                    {
                        "name": "mysql-connector-c",
                        "specs": []
                    },
                    {
                        "name": "openssl",
                        "specs": [
                            [
                                ">=",
                                "1.0.2o,<1.0.3a"
                            ]
                        ]
                    },
                    {
                        "name": "zlib",
                        "specs": [
                            [
                                ">=",
                                "1.2.11,<1.3.0a0"
                            ]
                        ]
                    }
                ]
            },
            "description": null,
            "distribution_type": "conda",
            "download_url": "//api.anaconda.org/download/bioconda/ucsc-fasize/366/linux-64/ucsc-fasize-366-h5eb252a_0.tar.bz2",
            "full_name": "bioconda/ucsc-fasize/366/linux-64/ucsc-fasize-366-h5eb252a_0.tar.bz2",
            "labels": [
                "main",
                "cf201901"
            ],
            "md5": "a2a8d9903d9fa995b93d161cb17d589c",
            "ndownloads": 319,
            "owner": "bioconda",
            "size": 977943,
            "type": "conda",
            "upload_time": "2018-06-20 13:01:20.243000+00:00",
            "version": "366"
        },
        {
            "attrs": {
                "arch": "x86_64",
                "build": "h8b15c51_0",
                "build_number": 0,
                "depends": [
                    "libpng >=1.6.35,<1.7.0a0",
                    "libuuid >=2.32.1,<3.0a0",
                    "mysql-connector-c >=6.1.11,<6.1.12.0a0",
                    "openssl >=1.0.2p,<1.0.3a",
                    "zlib >=1.2.11,<1.3.0a0"
                ],
                "has_prefix": false,
                "license": "varies; see http://genome.ucsc.edu/license",
                "machine": "x86_64",
                "operatingsystem": "darwin",
                "platform": "osx",
                "subdir": "osx-64",
                "target-triplet": "x86_64-any-darwin",
                "timestamp": 1550760622593
            },
            "basename": "osx-64/ucsc-fasize-377-h8b15c51_0.tar.bz2",
            "dependencies": {
                "depends": [
                    {
                        "name": "libpng",
                        "specs": [
                            [
                                ">=",
                                "1.6.35,<1.7.0a0"
                            ]
                        ]
                    },
                    {
                        "name": "libuuid",
                        "specs": [
                            [
                                ">=",
                                "2.32.1,<3.0a0"
                            ]
                        ]
                    },
                    {
                        "name": "mysql-connector-c",
                        "specs": [
                            [
                                ">=",
                                "6.1.11,<6.1.12.0a0"
                            ]
                        ]
                    },
                    {
                        "name": "openssl",
                        "specs": [
                            [
                                ">=",
                                "1.0.2p,<1.0.3a"
                            ]
                        ]
                    },
                    {
                        "name": "zlib",
                        "specs": [
                            [
                                ">=",
                                "1.2.11,<1.3.0a0"
                            ]
                        ]
                    }
                ]
            },
            "description": null,
            "distribution_type": "conda",
            "download_url": "//api.anaconda.org/download/bioconda/ucsc-fasize/377/osx-64/ucsc-fasize-377-h8b15c51_0.tar.bz2",
            "full_name": "bioconda/ucsc-fasize/377/osx-64/ucsc-fasize-377-h8b15c51_0.tar.bz2",
            "labels": [
                "main"
            ],
            "md5": "88a4c6a195fe50b9306cd2999f5a6a1e",
            "ndownloads": 634,
            "owner": "bioconda",
            "size": 289311,
            "type": "conda",
            "upload_time": "2019-02-21 14:50:37.379000+00:00",
            "version": "377"
        },
        {
            "attrs": {
                "arch": "x86_64",
                "build": "h199ee4e_0",
                "build_number": 0,
                "depends": [
                    "libgcc-ng >=7.3.0",
                    "libpng >=1.6.35,<1.7.0a0",
                    "libuuid >=2.32.1,<3.0a0",
                    "mysql-connector-c >=6.1.11,<6.1.12.0a0",
                    "openssl >=1.0.2p,<1.0.3a",
                    "zlib >=1.2.11,<1.3.0a0"
                ],
                "has_prefix": false,
                "license": "varies; see http://genome.ucsc.edu/license",
                "machine": "x86_64",
                "operatingsystem": "linux",
                "platform": "linux",
                "subdir": "linux-64",
                "target-triplet": "x86_64-any-linux",
                "timestamp": 1550781564231
            },
            "basename": "linux-64/ucsc-fasize-377-h199ee4e_0.tar.bz2",
            "dependencies": {
                "depends": [
                    {
                        "name": "libgcc-ng",
                        "specs": [
                            [
                                ">=",
                                "7.3.0"
                            ]
                        ]
                    },
                    {
                        "name": "libpng",
                        "specs": [
                            [
                                ">=",
                                "1.6.35,<1.7.0a0"
                            ]
                        ]
                    },
                    {
                        "name": "libuuid",
                        "specs": [
                            [
                                ">=",
                                "2.32.1,<3.0a0"
                            ]
                        ]
                    },
                    {
                        "name": "mysql-connector-c",
                        "specs": [
                            [
                                ">=",
                                "6.1.11,<6.1.12.0a0"
                            ]
                        ]
                    },
                    {
                        "name": "openssl",
                        "specs": [
                            [
                                ">=",
                                "1.0.2p,<1.0.3a"
                            ]
                        ]
                    },
                    {
                        "name": "zlib",
                        "specs": [
                            [
                                ">=",
                                "1.2.11,<1.3.0a0"
                            ]
                        ]
                    }
                ]
            },
            "description": null,
            "distribution_type": "conda",
            "download_url": "//api.anaconda.org/download/bioconda/ucsc-fasize/377/linux-64/ucsc-fasize-377-h199ee4e_0.tar.bz2",
            "full_name": "bioconda/ucsc-fasize/377/linux-64/ucsc-fasize-377-h199ee4e_0.tar.bz2",
            "labels": [
                "main"
            ],
            "md5": "d81675bf733e392a883d54346b0b0d65",
            "ndownloads": 126,
            "owner": "bioconda",
            "size": 317753,
            "type": "conda",
            "upload_time": "2019-02-21 20:40:46.764000+00:00",
            "version": "377"
        }
    ],
    "full_name": "bioconda/ucsc-fasize",
    "home": "None",
    "html_url": "http://anaconda.org/bioconda/ucsc-fasize",
    "id": "575167d61c0b535c1fa9f538",
    "latest_version": "377",
    "license": "varies; see http://genome.ucsc.edu/license",
    "license_url": null,
    "modified_at": "2019-02-21 20:40:47.344000+00:00",
    "name": "ucsc-fasize",
    "owner": {
        "company": "",
        "created_at": "2015-09-11 22:59:20.880000+00:00",
        "description": "Bioconda is a distribution of bioinformatics software realized as a channel for the versatile Conda package manager.",
        "location": "",
        "login": "bioconda",
        "name": "bioconda",
        "url": "",
        "user_type": "org"
    },
    "package_types": [
        "conda"
    ],
    "public": true,
    "releases": [
        {
            "distributions": [
                "linux-64/ucsc-fasize-332-0.tar.bz2",
                "osx-64/ucsc-fasize-332-0.tar.bz2"
            ],
            "full_name": "bioconda/ucsc-fasize/332",
            "version": "332"
        },
        {
            "distributions": [],
            "full_name": "bioconda/ucsc-fasize/357",
            "version": "357"
        },
        {
            "distributions": [],
            "full_name": "bioconda/ucsc-fasize/366",
            "version": "366"
        },
        {
            "distributions": [],
            "full_name": "bioconda/ucsc-fasize/377",
            "version": "377"
        }
    ],
    "revision": 9,
    "source_git_tag": null,
    "source_git_url": null,
    "summary": "print total base count in fa files.",
    "upvoted": 0,
    "url": "http://api.anaconda.org/packages/bioconda/ucsc-fasize",
    "versions": [
        "332",
        "357",
        "366",
        "377"
    ],
    "watchers": 1
}