{
    "app_entry": {},
    "app_summary": {},
    "app_type": {},
    "builds": [
        "1",
        "0",
        "h8b15c51_0",
        "h5eb252a_0",
        "h199ee4e_0"
    ],
    "conda_platforms": [
        "linux-64",
        "osx-64"
    ],
    "created_at": "2016-07-11 00:39:34.561000+00:00",
    "description": "",
    "dev_url": null,
    "doc_url": null,
    "files": [
        {
            "attrs": {
                "arch": "x86_64",
                "build": "0",
                "build_number": 0,
                "depends": [],
                "license": "varies; see http://genome.ucsc.edu/license",
                "machine": "x86_64",
                "operatingsystem": "darwin",
                "platform": "osx",
                "subdir": "osx-64",
                "target-triplet": "x86_64-any-darwin"
            },
            "basename": "osx-64/ucsc-netsyntenic-332-0.tar.bz2",
            "dependencies": {
                "depends": []
            },
            "description": null,
            "distribution_type": "conda",
            "download_url": "//api.anaconda.org/download/bioconda/ucsc-netsyntenic/332/osx-64/ucsc-netsyntenic-332-0.tar.bz2",
            "full_name": "bioconda/ucsc-netsyntenic/332/osx-64/ucsc-netsyntenic-332-0.tar.bz2",
            "labels": [
                "main",
                "cf201901"
            ],
            "md5": "40941601e80db6a5ee3df306e335c473",
            "ndownloads": 1473,
            "owner": "bioconda",
            "size": 194272,
            "type": "conda",
            "upload_time": "2016-07-11 00:44:24.426000+00:00",
            "version": "332"
        },
        {
            "attrs": {
                "arch": "x86_64",
                "build": "0",
                "build_number": 0,
                "depends": [
                    "libgcc",
                    "libpng",
                    "mysql",
                    "openssl",
                    "zlib"
                ],
                "license": "varies; see http://genome.ucsc.edu/license",
                "machine": "x86_64",
                "operatingsystem": "linux",
                "platform": "linux",
                "subdir": "linux-64",
                "target-triplet": "x86_64-any-linux"
            },
            "basename": "linux-64/ucsc-netsyntenic-332-0.tar.bz2",
            "dependencies": {
                "depends": [
                    {
                        "name": "libgcc",
                        "specs": []
                    },
                    {
                        "name": "libpng",
                        "specs": []
                    },
                    {
                        "name": "mysql",
                        "specs": []
                    },
                    {
                        "name": "openssl",
                        "specs": []
                    },
                    {
                        "name": "zlib",
                        "specs": []
                    }
                ]
            },
            "description": null,
            "distribution_type": "conda",
            "download_url": "//api.anaconda.org/download/bioconda/ucsc-netsyntenic/332/linux-64/ucsc-netsyntenic-332-0.tar.bz2",
            "full_name": "bioconda/ucsc-netsyntenic/332/linux-64/ucsc-netsyntenic-332-0.tar.bz2",
            "labels": [
                "main",
                "cf201901"
            ],
            "md5": "731202ca03e9e5f53e1c279f07594ca1",
            "ndownloads": 865,
            "owner": "bioconda",
            "size": 356908,
            "type": "conda",
            "upload_time": "2016-07-11 00:39:34.945000+00:00",
            "version": "332"
        },
        {
            "attrs": {
                "arch": "x86_64",
                "build": "h5eb252a_0",
                "build_number": 0,
                "depends": [
                    "zlib >=1.2.11,<1.3.0a0"
                ],
                "has_prefix": false,
                "license": "varies; see http://genome.ucsc.edu/license",
                "machine": "x86_64",
                "operatingsystem": "darwin",
                "platform": "osx",
                "subdir": "osx-64",
                "target-triplet": "x86_64-any-darwin",
                "timestamp": 1529449781372
            },
            "basename": "osx-64/ucsc-netsyntenic-366-h5eb252a_0.tar.bz2",
            "dependencies": {
                "depends": [
                    {
                        "name": "zlib",
                        "specs": [
                            [
                                ">=",
                                "1.2.11,<1.3.0a0"
                            ]
                        ]
                    }
                ]
            },
            "description": null,
            "distribution_type": "conda",
            "download_url": "//api.anaconda.org/download/bioconda/ucsc-netsyntenic/366/osx-64/ucsc-netsyntenic-366-h5eb252a_0.tar.bz2",
            "full_name": "bioconda/ucsc-netsyntenic/366/osx-64/ucsc-netsyntenic-366-h5eb252a_0.tar.bz2",
            "labels": [
                "main",
                "cf201901"
            ],
            "md5": "8b425ffbe93bac212088738691ff0843",
            "ndownloads": 749,
            "owner": "bioconda",
            "size": 389740,
            "type": "conda",
            "upload_time": "2018-06-19 23:09:49.422000+00:00",
            "version": "366"
        },
        {
            "attrs": {
                "arch": "x86_64",
                "build": "0",
                "build_number": 0,
                "depends": [
                    "libgcc",
                    "libpng",
                    "libuuid",
                    "mysql-connector-c",
                    "openssl",
                    "zlib"
                ],
                "has_prefix": true,
                "license": "varies; see http://genome.ucsc.edu/license",
                "machine": "x86_64",
                "operatingsystem": "linux",
                "platform": "linux",
                "subdir": "linux-64",
                "target-triplet": "x86_64-any-linux"
            },
            "basename": "linux-64/ucsc-netsyntenic-357-0.tar.bz2",
            "dependencies": {
                "depends": [
                    {
                        "name": "libgcc",
                        "specs": []
                    },
                    {
                        "name": "libpng",
                        "specs": []
                    },
                    {
                        "name": "libuuid",
                        "specs": []
                    },
                    {
                        "name": "mysql-connector-c",
                        "specs": []
                    },
                    {
                        "name": "openssl",
                        "specs": []
                    },
                    {
                        "name": "zlib",
                        "specs": []
                    }
                ]
            },
            "description": null,
            "distribution_type": "conda",
            "download_url": "//api.anaconda.org/download/bioconda/ucsc-netsyntenic/357/linux-64/ucsc-netsyntenic-357-0.tar.bz2",
            "full_name": "bioconda/ucsc-netsyntenic/357/linux-64/ucsc-netsyntenic-357-0.tar.bz2",
            "labels": [
                "main",
                "cf201901"
            ],
            "md5": "7a36e33ec1bba6fc19ddc98ba00fb105",
            "ndownloads": 753,
            "owner": "bioconda",
            "size": 966106,
            "type": "conda",
            "upload_time": "2017-11-17 15:47:45.557000+00:00",
            "version": "357"
        },
        {
            "attrs": {
                "arch": "x86_64",
                "build": "1",
                "build_number": 1,
                "depends": [
                    "libgcc",
                    "libpng",
                    "libuuid",
                    "mysql-connector-c",
                    "openssl",
                    "zlib 1.2.11*"
                ],
                "has_prefix": true,
                "license": "varies; see http://genome.ucsc.edu/license",
                "machine": "x86_64",
                "operatingsystem": "linux",
                "platform": "linux",
                "subdir": "linux-64",
                "target-triplet": "x86_64-any-linux"
            },
            "basename": "linux-64/ucsc-netsyntenic-357-1.tar.bz2",
            "dependencies": {
                "depends": [
                    {
                        "name": "libgcc",
                        "specs": []
                    },
                    {
                        "name": "libpng",
                        "specs": []
                    },
                    {
                        "name": "libuuid",
                        "specs": []
                    },
                    {
                        "name": "mysql-connector-c",
                        "specs": []
                    },
                    {
                        "name": "openssl",
                        "specs": []
                    },
                    {
                        "name": "zlib",
                        "specs": [
                            [
                                "==",
                                "1.2.11"
                            ]
                        ]
                    }
                ]
            },
            "description": null,
            "distribution_type": "conda",
            "download_url": "//api.anaconda.org/download/bioconda/ucsc-netsyntenic/357/linux-64/ucsc-netsyntenic-357-1.tar.bz2",
            "full_name": "bioconda/ucsc-netsyntenic/357/linux-64/ucsc-netsyntenic-357-1.tar.bz2",
            "labels": [
                "main",
                "cf201901"
            ],
            "md5": "0d625d672ec526cf0096baa21ca5b14b",
            "ndownloads": 672,
            "owner": "bioconda",
            "size": 966988,
            "type": "conda",
            "upload_time": "2018-02-04 09:10:55.699000+00:00",
            "version": "357"
        },
        {
            "attrs": {
                "arch": "x86_64",
                "build": "h5eb252a_0",
                "build_number": 0,
                "depends": [
                    "libgcc-ng >=4.9",
                    "libpng >=1.6.34,<1.7.0a0",
                    "libuuid",
                    "mysql-connector-c",
                    "openssl >=1.0.2o,<1.0.3a",
                    "zlib >=1.2.11,<1.3.0a0"
                ],
                "has_prefix": true,
                "license": "varies; see http://genome.ucsc.edu/license",
                "machine": "x86_64",
                "operatingsystem": "linux",
                "platform": "linux",
                "subdir": "linux-64",
                "target-triplet": "x86_64-any-linux",
                "timestamp": 1529462690669
            },
            "basename": "linux-64/ucsc-netsyntenic-366-h5eb252a_0.tar.bz2",
            "dependencies": {
                "depends": [
                    {
                        "name": "libgcc-ng",
                        "specs": [
                            [
                                ">=",
                                "4.9"
                            ]
                        ]
                    },
                    {
                        "name": "libpng",
                        "specs": [
                            [
                                ">=",
                                "1.6.34,<1.7.0a0"
                            ]
                        ]
                    },
                    {
                        "name": "libuuid",
                        "specs": []
                    },
                    {
                        "name": "mysql-connector-c",
                        "specs": []
                    },
                    {
                        "name": "openssl",
                        "specs": [
                            [
                                ">=",
                                "1.0.2o,<1.0.3a"
                            ]
                        ]
                    },
                    {
                        "name": "zlib",
                        "specs": [
                            [
                                ">=",
                                "1.2.11,<1.3.0a0"
                            ]
                        ]
                    }
                ]
            },
            "description": null,
            "distribution_type": "conda",
            "download_url": "//api.anaconda.org/download/bioconda/ucsc-netsyntenic/366/linux-64/ucsc-netsyntenic-366-h5eb252a_0.tar.bz2",
            "full_name": "bioconda/ucsc-netsyntenic/366/linux-64/ucsc-netsyntenic-366-h5eb252a_0.tar.bz2",
            "labels": [
                "main",
                "cf201901"
            ],
            "md5": "c567698da2a769d905dccadab4cf758b",
            "ndownloads": 280,
            "owner": "bioconda",
            "size": 975453,
            "type": "conda",
            "upload_time": "2018-06-20 02:46:09.694000+00:00",
            "version": "366"
        },
        {
            "attrs": {
                "arch": "x86_64",
                "build": "h8b15c51_0",
                "build_number": 0,
                "depends": [
                    "libpng >=1.6.35,<1.7.0a0",
                    "libuuid >=2.32.1,<3.0a0",
                    "mysql-connector-c >=6.1.11,<6.1.12.0a0",
                    "openssl >=1.0.2p,<1.0.3a",
                    "zlib >=1.2.11,<1.3.0a0"
                ],
                "has_prefix": false,
                "license": "varies; see http://genome.ucsc.edu/license",
                "machine": "x86_64",
                "operatingsystem": "darwin",
                "platform": "osx",
                "subdir": "osx-64",
                "target-triplet": "x86_64-any-darwin",
                "timestamp": 1550836518911
            },
            "basename": "osx-64/ucsc-netsyntenic-377-h8b15c51_0.tar.bz2",
            "dependencies": {
                "depends": [
                    {
                        "name": "libpng",
                        "specs": [
                            [
                                ">=",
                                "1.6.35,<1.7.0a0"
                            ]
                        ]
                    },
                    {
                        "name": "libuuid",
                        "specs": [
                            [
                                ">=",
                                "2.32.1,<3.0a0"
                            ]
                        ]
                    },
                    {
                        "name": "mysql-connector-c",
                        "specs": [
                            [
                                ">=",
                                "6.1.11,<6.1.12.0a0"
                            ]
                        ]
                    },
                    {
                        "name": "openssl",
                        "specs": [
                            [
                                ">=",
                                "1.0.2p,<1.0.3a"
                            ]
                        ]
                    },
                    {
                        "name": "zlib",
                        "specs": [
                            [
                                ">=",
                                "1.2.11,<1.3.0a0"
                            ]
                        ]
                    }
                ]
            },
            "description": null,
            "distribution_type": "conda",
            "download_url": "//api.anaconda.org/download/bioconda/ucsc-netsyntenic/377/osx-64/ucsc-netsyntenic-377-h8b15c51_0.tar.bz2",
            "full_name": "bioconda/ucsc-netsyntenic/377/osx-64/ucsc-netsyntenic-377-h8b15c51_0.tar.bz2",
            "labels": [
                "main"
            ],
            "md5": "8ca77727eced00c374bf7274459ede0e",
            "ndownloads": 624,
            "owner": "bioconda",
            "size": 288293,
            "type": "conda",
            "upload_time": "2019-02-22 11:55:32.598000+00:00",
            "version": "377"
        },
        {
            "attrs": {
                "arch": "x86_64",
                "build": "h199ee4e_0",
                "build_number": 0,
                "depends": [
                    "libgcc-ng >=7.3.0",
                    "libpng >=1.6.35,<1.7.0a0",
                    "libuuid >=2.32.1,<3.0a0",
                    "mysql-connector-c >=6.1.11,<6.1.12.0a0",
                    "openssl >=1.0.2p,<1.0.3a",
                    "zlib >=1.2.11,<1.3.0a0"
                ],
                "has_prefix": false,
                "license": "varies; see http://genome.ucsc.edu/license",
                "machine": "x86_64",
                "operatingsystem": "linux",
                "platform": "linux",
                "subdir": "linux-64",
                "target-triplet": "x86_64-any-linux",
                "timestamp": 1550845017032
            },
            "basename": "linux-64/ucsc-netsyntenic-377-h199ee4e_0.tar.bz2",
            "dependencies": {
                "depends": [
                    {
                        "name": "libgcc-ng",
                        "specs": [
                            [
                                ">=",
                                "7.3.0"
                            ]
                        ]
                    },
                    {
                        "name": "libpng",
                        "specs": [
                            [
                                ">=",
                                "1.6.35,<1.7.0a0"
                            ]
                        ]
                    },
                    {
                        "name": "libuuid",
                        "specs": [
                            [
                                ">=",
                                "2.32.1,<3.0a0"
                            ]
                        ]
                    },
                    {
                        "name": "mysql-connector-c",
                        "specs": [
                            [
                                ">=",
                                "6.1.11,<6.1.12.0a0"
                            ]
                        ]
                    },
                    {
                        "name": "openssl",
                        "specs": [
                            [
                                ">=",
                                "1.0.2p,<1.0.3a"
                            ]
                        ]
                    },
                    {
                        "name": "zlib",
                        "specs": [
                            [
                                ">=",
                                "1.2.11,<1.3.0a0"
                            ]
                        ]
                    }
                ]
            },
            "description": null,
            "distribution_type": "conda",
            "download_url": "//api.anaconda.org/download/bioconda/ucsc-netsyntenic/377/linux-64/ucsc-netsyntenic-377-h199ee4e_0.tar.bz2",
            "full_name": "bioconda/ucsc-netsyntenic/377/linux-64/ucsc-netsyntenic-377-h199ee4e_0.tar.bz2",
            "labels": [
                "main"
            ],
            "md5": "baaf2b3aa31d82c6ef61bc79138b774d",
            "ndownloads": 100,
            "owner": "bioconda",
            "size": 316550,
            "type": "conda",
            "upload_time": "2019-02-22 14:18:22.242000+00:00",
            "version": "377"
        }
    ],
    "full_name": "bioconda/ucsc-netsyntenic",
    "home": "None",
    "html_url": "http://anaconda.org/bioconda/ucsc-netsyntenic",
    "id": "5782eac690f99a632a5599e4",
    "latest_version": "377",
    "license": "varies; see http://genome.ucsc.edu/license",
    "license_url": null,
    "modified_at": "2019-02-22 14:18:23.565000+00:00",
    "name": "ucsc-netsyntenic",
    "owner": {
        "company": "",
        "created_at": "2015-09-11 22:59:20.880000+00:00",
        "description": "Bioconda is a distribution of bioinformatics software realized as a channel for the versatile Conda package manager.",
        "location": "",
        "login": "bioconda",
        "name": "bioconda",
        "url": "",
        "user_type": "org"
    },
    "package_types": [
        "conda"
    ],
    "public": true,
    "releases": [
        {
            "distributions": [],
            "full_name": "bioconda/ucsc-netsyntenic/332",
            "version": "332"
        },
        {
            "distributions": [],
            "full_name": "bioconda/ucsc-netsyntenic/357",
            "version": "357"
        },
        {
            "distributions": [],
            "full_name": "bioconda/ucsc-netsyntenic/366",
            "version": "366"
        },
        {
            "distributions": [],
            "full_name": "bioconda/ucsc-netsyntenic/377",
            "version": "377"
        }
    ],
    "revision": 7,
    "source_git_tag": null,
    "source_git_url": null,
    "summary": "Add synteny info to net.",
    "upvoted": 0,
    "url": "http://api.anaconda.org/packages/bioconda/ucsc-netsyntenic",
    "versions": [
        "332",
        "357",
        "366",
        "377"
    ],
    "watchers": 1
}