{
    "app_entry": {},
    "app_summary": {},
    "app_type": {},
    "builds": [
        "1",
        "0",
        "3",
        "2"
    ],
    "conda_platforms": [
        "linux-64",
        "noarch",
        "osx-64"
    ],
    "created_at": "2015-10-18 10:23:57.289000+00:00",
    "description": "",
    "dev_url": null,
    "doc_url": null,
    "files": [
        {
            "attrs": {
                "arch": "x86_64",
                "build": "0",
                "build_number": 0,
                "depends": [],
                "license": "The Non-Profit Open Software License version 3.0 (NPOSL-3.0)",
                "machine": "x86_64",
                "operatingsystem": "darwin",
                "platform": "osx",
                "subdir": "osx-64",
                "target-triplet": "x86_64-any-darwin"
            },
            "basename": "osx-64/varscan-2.4.0-0.tar.bz2",
            "dependencies": {
                "depends": []
            },
            "description": null,
            "distribution_type": "conda",
            "download_url": "//api.anaconda.org/download/bioconda/varscan/2.4.0/osx-64/varscan-2.4.0-0.tar.bz2",
            "full_name": "bioconda/varscan/2.4.0/osx-64/varscan-2.4.0-0.tar.bz2",
            "labels": [
                "main",
                "cf201901"
            ],
            "md5": "58c33a153e53e231afb785d7c072f78a",
            "ndownloads": 264,
            "owner": "bioconda",
            "size": 114738,
            "type": "conda",
            "upload_time": "2015-10-18 10:23:57.480000+00:00",
            "version": "2.4.0"
        },
        {
            "attrs": {
                "arch": "x86_64",
                "build": "0",
                "build_number": 0,
                "depends": [],
                "license": "The Non-Profit Open Software License version 3.0 (NPOSL-3.0)",
                "machine": "x86_64",
                "operatingsystem": "linux",
                "platform": "linux",
                "subdir": "linux-64",
                "target-triplet": "x86_64-any-linux"
            },
            "basename": "linux-64/varscan-2.4.0-0.tar.bz2",
            "dependencies": {
                "depends": []
            },
            "description": null,
            "distribution_type": "conda",
            "download_url": "//api.anaconda.org/download/bioconda/varscan/2.4.0/linux-64/varscan-2.4.0-0.tar.bz2",
            "full_name": "bioconda/varscan/2.4.0/linux-64/varscan-2.4.0-0.tar.bz2",
            "labels": [
                "main",
                "cf201901"
            ],
            "md5": "d2027c31d84f59e50015466bc0a37872",
            "ndownloads": 700,
            "owner": "bioconda",
            "size": 114747,
            "type": "conda",
            "upload_time": "2015-10-18 10:28:15.427000+00:00",
            "version": "2.4.0"
        },
        {
            "attrs": {
                "arch": "x86_64",
                "build": "1",
                "build_number": 1,
                "depends": [],
                "license": "The Non-Profit Open Software License version 3.0 (NPOSL-3.0)",
                "machine": "x86_64",
                "operatingsystem": "linux",
                "platform": "linux",
                "subdir": "linux-64",
                "target-triplet": "x86_64-any-linux"
            },
            "basename": "linux-64/varscan-2.4.0-1.tar.bz2",
            "dependencies": {
                "depends": []
            },
            "description": null,
            "distribution_type": "conda",
            "download_url": "//api.anaconda.org/download/bioconda/varscan/2.4.0/linux-64/varscan-2.4.0-1.tar.bz2",
            "full_name": "bioconda/varscan/2.4.0/linux-64/varscan-2.4.0-1.tar.bz2",
            "labels": [
                "main",
                "cf201901"
            ],
            "md5": "e77181ce8a777ee54f7494dd360640e3",
            "ndownloads": 998,
            "owner": "bioconda",
            "size": 114723,
            "type": "conda",
            "upload_time": "2015-12-02 14:47:54.923000+00:00",
            "version": "2.4.0"
        },
        {
            "attrs": {
                "arch": "x86_64",
                "build": "1",
                "build_number": 1,
                "depends": [],
                "license": "The Non-Profit Open Software License version 3.0 (NPOSL-3.0)",
                "machine": "x86_64",
                "operatingsystem": "darwin",
                "platform": "osx",
                "subdir": "osx-64",
                "target-triplet": "x86_64-any-darwin"
            },
            "basename": "osx-64/varscan-2.4.0-1.tar.bz2",
            "dependencies": {
                "depends": []
            },
            "description": null,
            "distribution_type": "conda",
            "download_url": "//api.anaconda.org/download/bioconda/varscan/2.4.0/osx-64/varscan-2.4.0-1.tar.bz2",
            "full_name": "bioconda/varscan/2.4.0/osx-64/varscan-2.4.0-1.tar.bz2",
            "labels": [
                "main",
                "cf201901"
            ],
            "md5": "cac21582bb8e889052e4c8e20bce3a33",
            "ndownloads": 503,
            "owner": "bioconda",
            "size": 114746,
            "type": "conda",
            "upload_time": "2015-12-02 14:48:59.438000+00:00",
            "version": "2.4.0"
        },
        {
            "attrs": {
                "arch": "x86_64",
                "build": "0",
                "build_number": 0,
                "depends": [
                    "openjdk"
                ],
                "has_prefix": false,
                "license": "The Non-Profit Open Software License version 3.0 (NPOSL-3.0)",
                "machine": "x86_64",
                "operatingsystem": "darwin",
                "platform": "osx",
                "subdir": "osx-64",
                "target-triplet": "x86_64-any-darwin"
            },
            "basename": "osx-64/varscan-2.4.3-0.tar.bz2",
            "dependencies": {
                "depends": [
                    {
                        "name": "openjdk",
                        "specs": []
                    }
                ]
            },
            "description": null,
            "distribution_type": "conda",
            "download_url": "//api.anaconda.org/download/bioconda/varscan/2.4.3/osx-64/varscan-2.4.3-0.tar.bz2",
            "full_name": "bioconda/varscan/2.4.3/osx-64/varscan-2.4.3-0.tar.bz2",
            "labels": [
                "main",
                "cf201901"
            ],
            "md5": "2c101e402d95b66e175ed55fa15c5ebc",
            "ndownloads": 774,
            "owner": "bioconda",
            "size": 121929,
            "type": "conda",
            "upload_time": "2017-08-29 20:20:24.309000+00:00",
            "version": "2.4.3"
        },
        {
            "attrs": {
                "arch": "x86_64",
                "build": "0",
                "build_number": 0,
                "depends": [
                    "java-jdk"
                ],
                "license": "The Non-Profit Open Software License version 3.0 (NPOSL-3.0)",
                "machine": "x86_64",
                "operatingsystem": "linux",
                "platform": "linux",
                "subdir": "linux-64",
                "target-triplet": "x86_64-any-linux"
            },
            "basename": "linux-64/varscan-2.4.1-0.tar.bz2",
            "dependencies": {
                "depends": [
                    {
                        "name": "java-jdk",
                        "specs": []
                    }
                ]
            },
            "description": null,
            "distribution_type": "conda",
            "download_url": "//api.anaconda.org/download/bioconda/varscan/2.4.1/linux-64/varscan-2.4.1-0.tar.bz2",
            "full_name": "bioconda/varscan/2.4.1/linux-64/varscan-2.4.1-0.tar.bz2",
            "labels": [
                "main",
                "cf201901"
            ],
            "md5": "50257ae61fdbde7179231a67603bea82",
            "ndownloads": 1379,
            "owner": "bioconda",
            "size": 116247,
            "type": "conda",
            "upload_time": "2016-03-23 09:54:22.086000+00:00",
            "version": "2.4.1"
        },
        {
            "attrs": {
                "arch": "x86_64",
                "build": "0",
                "build_number": 0,
                "depends": [
                    "java-jdk"
                ],
                "license": "The Non-Profit Open Software License version 3.0 (NPOSL-3.0)",
                "machine": "x86_64",
                "operatingsystem": "darwin",
                "platform": "osx",
                "subdir": "osx-64",
                "target-triplet": "x86_64-any-darwin"
            },
            "basename": "osx-64/varscan-2.4.1-0.tar.bz2",
            "dependencies": {
                "depends": [
                    {
                        "name": "java-jdk",
                        "specs": []
                    }
                ]
            },
            "description": null,
            "distribution_type": "conda",
            "download_url": "//api.anaconda.org/download/bioconda/varscan/2.4.1/osx-64/varscan-2.4.1-0.tar.bz2",
            "full_name": "bioconda/varscan/2.4.1/osx-64/varscan-2.4.1-0.tar.bz2",
            "labels": [
                "main",
                "cf201901"
            ],
            "md5": "21616f4cf89de8ab64f6b73f045f9699",
            "ndownloads": 876,
            "owner": "bioconda",
            "size": 116233,
            "type": "conda",
            "upload_time": "2016-03-23 10:04:52.742000+00:00",
            "version": "2.4.1"
        },
        {
            "attrs": {
                "arch": "x86_64",
                "build": "0",
                "build_number": 0,
                "depends": [
                    "java-jdk"
                ],
                "license": "The Non-Profit Open Software License version 3.0 (NPOSL-3.0)",
                "machine": "x86_64",
                "operatingsystem": "linux",
                "platform": "linux",
                "subdir": "linux-64",
                "target-triplet": "x86_64-any-linux"
            },
            "basename": "linux-64/varscan-2.4.2-0.tar.bz2",
            "dependencies": {
                "depends": [
                    {
                        "name": "java-jdk",
                        "specs": []
                    }
                ]
            },
            "description": null,
            "distribution_type": "conda",
            "download_url": "//api.anaconda.org/download/bioconda/varscan/2.4.2/linux-64/varscan-2.4.2-0.tar.bz2",
            "full_name": "bioconda/varscan/2.4.2/linux-64/varscan-2.4.2-0.tar.bz2",
            "labels": [
                "main",
                "cf201901"
            ],
            "md5": "65c3433bcd98eff874de835d7130b919",
            "ndownloads": 2788,
            "owner": "bioconda",
            "size": 117373,
            "type": "conda",
            "upload_time": "2016-07-20 11:20:33.180000+00:00",
            "version": "2.4.2"
        },
        {
            "attrs": {
                "arch": "x86_64",
                "build": "0",
                "build_number": 0,
                "depends": [
                    "java-jdk"
                ],
                "license": "The Non-Profit Open Software License version 3.0 (NPOSL-3.0)",
                "machine": "x86_64",
                "operatingsystem": "darwin",
                "platform": "osx",
                "subdir": "osx-64",
                "target-triplet": "x86_64-any-darwin"
            },
            "basename": "osx-64/varscan-2.4.2-0.tar.bz2",
            "dependencies": {
                "depends": [
                    {
                        "name": "java-jdk",
                        "specs": []
                    }
                ]
            },
            "description": null,
            "distribution_type": "conda",
            "download_url": "//api.anaconda.org/download/bioconda/varscan/2.4.2/osx-64/varscan-2.4.2-0.tar.bz2",
            "full_name": "bioconda/varscan/2.4.2/osx-64/varscan-2.4.2-0.tar.bz2",
            "labels": [
                "main",
                "cf201901"
            ],
            "md5": "019e59b47610410e294c89d626af5206",
            "ndownloads": 377,
            "owner": "bioconda",
            "size": 117396,
            "type": "conda",
            "upload_time": "2016-07-20 11:24:02.363000+00:00",
            "version": "2.4.2"
        },
        {
            "attrs": {
                "arch": "x86_64",
                "build": "0",
                "build_number": 0,
                "depends": [
                    "java-jdk"
                ],
                "license": "The Non-Profit Open Software License version 3.0 (NPOSL-3.0)",
                "machine": "x86_64",
                "operatingsystem": "linux",
                "platform": "linux",
                "subdir": "linux-64",
                "target-triplet": "x86_64-any-linux"
            },
            "basename": "linux-64/varscan-2.3.7-0.tar.bz2",
            "dependencies": {
                "depends": [
                    {
                        "name": "java-jdk",
                        "specs": []
                    }
                ]
            },
            "description": null,
            "distribution_type": "conda",
            "download_url": "//api.anaconda.org/download/bioconda/varscan/2.3.7/linux-64/varscan-2.3.7-0.tar.bz2",
            "full_name": "bioconda/varscan/2.3.7/linux-64/varscan-2.3.7-0.tar.bz2",
            "labels": [
                "main",
                "cf201901"
            ],
            "md5": "21f9bba136bdd14379321d6b292007f8",
            "ndownloads": 571,
            "owner": "bioconda",
            "size": 105444,
            "type": "conda",
            "upload_time": "2016-09-19 15:00:46.634000+00:00",
            "version": "2.3.7"
        },
        {
            "attrs": {
                "arch": "x86_64",
                "build": "0",
                "build_number": 0,
                "depends": [
                    "java-jdk"
                ],
                "license": "The Non-Profit Open Software License version 3.0 (NPOSL-3.0)",
                "machine": "x86_64",
                "operatingsystem": "darwin",
                "platform": "osx",
                "subdir": "osx-64",
                "target-triplet": "x86_64-any-darwin"
            },
            "basename": "osx-64/varscan-2.3.7-0.tar.bz2",
            "dependencies": {
                "depends": [
                    {
                        "name": "java-jdk",
                        "specs": []
                    }
                ]
            },
            "description": null,
            "distribution_type": "conda",
            "download_url": "//api.anaconda.org/download/bioconda/varscan/2.3.7/osx-64/varscan-2.3.7-0.tar.bz2",
            "full_name": "bioconda/varscan/2.3.7/osx-64/varscan-2.3.7-0.tar.bz2",
            "labels": [
                "main",
                "cf201901"
            ],
            "md5": "6cfe27735978bbc39084129202ad3b96",
            "ndownloads": 737,
            "owner": "bioconda",
            "size": 105459,
            "type": "conda",
            "upload_time": "2016-09-19 15:15:51.989000+00:00",
            "version": "2.3.7"
        },
        {
            "attrs": {
                "arch": null,
                "build": "2",
                "build_number": 2,
                "depends": [
                    "openjdk"
                ],
                "has_prefix": false,
                "license": "The Non-Profit Open Software License version 3.0 (NPOSL-3.0)",
                "machine": null,
                "noarch": "generic",
                "operatingsystem": null,
                "platform": null,
                "subdir": "noarch",
                "target-triplet": "None-any-None",
                "timestamp": 1529114485932
            },
            "basename": "noarch/varscan-2.4.2-2.tar.bz2",
            "dependencies": {
                "depends": [
                    {
                        "name": "openjdk",
                        "specs": []
                    }
                ]
            },
            "description": null,
            "distribution_type": "conda",
            "download_url": "//api.anaconda.org/download/bioconda/varscan/2.4.2/noarch/varscan-2.4.2-2.tar.bz2",
            "full_name": "bioconda/varscan/2.4.2/noarch/varscan-2.4.2-2.tar.bz2",
            "labels": [
                "main",
                "cf201901"
            ],
            "md5": "97fdcdba6f76c4986df35527825daf15",
            "ndownloads": 452,
            "owner": "bioconda",
            "size": 120679,
            "type": "conda",
            "upload_time": "2018-06-16 02:02:51.812000+00:00",
            "version": "2.4.2"
        },
        {
            "attrs": {
                "arch": null,
                "build": "1",
                "build_number": 1,
                "depends": [
                    "openjdk"
                ],
                "has_prefix": false,
                "license": "The Non-Profit Open Software License version 3.0 (NPOSL-3.0)",
                "machine": null,
                "noarch": "generic",
                "operatingsystem": null,
                "platform": null,
                "subdir": "noarch",
                "target-triplet": "None-any-None",
                "timestamp": 1529114600176
            },
            "basename": "noarch/varscan-2.4.3-1.tar.bz2",
            "dependencies": {
                "depends": [
                    {
                        "name": "openjdk",
                        "specs": []
                    }
                ]
            },
            "description": null,
            "distribution_type": "conda",
            "download_url": "//api.anaconda.org/download/bioconda/varscan/2.4.3/noarch/varscan-2.4.3-1.tar.bz2",
            "full_name": "bioconda/varscan/2.4.3/noarch/varscan-2.4.3-1.tar.bz2",
            "labels": [
                "main",
                "cf201901"
            ],
            "md5": "3501b841924ef50198c9191f0a0648b5",
            "ndownloads": 3049,
            "owner": "bioconda",
            "size": 122743,
            "type": "conda",
            "upload_time": "2018-06-16 02:04:46.874000+00:00",
            "version": "2.4.3"
        },
        {
            "attrs": {
                "arch": null,
                "build": "2",
                "build_number": 2,
                "depends": [
                    "openjdk",
                    "python"
                ],
                "has_prefix": false,
                "license": "The Non-Profit Open Software License version 3.0 (NPOSL-3.0)",
                "machine": null,
                "noarch": "generic",
                "operatingsystem": null,
                "platform": null,
                "subdir": "noarch",
                "target-triplet": "None-any-None",
                "timestamp": 1529258394236
            },
            "basename": "noarch/varscan-2.3.7-2.tar.bz2",
            "dependencies": {
                "depends": [
                    {
                        "name": "openjdk",
                        "specs": []
                    },
                    {
                        "name": "python",
                        "specs": []
                    }
                ]
            },
            "description": null,
            "distribution_type": "conda",
            "download_url": "//api.anaconda.org/download/bioconda/varscan/2.3.7/noarch/varscan-2.3.7-2.tar.bz2",
            "full_name": "bioconda/varscan/2.3.7/noarch/varscan-2.3.7-2.tar.bz2",
            "labels": [
                "main",
                "cf201901"
            ],
            "md5": "70d38ba3546f2a4fc7834e3a4e050e5d",
            "ndownloads": 124,
            "owner": "bioconda",
            "size": 108885,
            "type": "conda",
            "upload_time": "2018-06-17 18:01:42.903000+00:00",
            "version": "2.3.7"
        },
        {
            "attrs": {
                "arch": "x86_64",
                "build": "1",
                "build_number": 1,
                "depends": [
                    "openjdk"
                ],
                "has_prefix": false,
                "license": "The Non-Profit Open Software License version 3.0 (NPOSL-3.0)",
                "machine": "x86_64",
                "operatingsystem": "linux",
                "platform": "linux",
                "subdir": "linux-64",
                "target-triplet": "x86_64-any-linux"
            },
            "basename": "linux-64/varscan-2.4.2-1.tar.bz2",
            "dependencies": {
                "depends": [
                    {
                        "name": "openjdk",
                        "specs": []
                    }
                ]
            },
            "description": null,
            "distribution_type": "conda",
            "download_url": "//api.anaconda.org/download/bioconda/varscan/2.4.2/linux-64/varscan-2.4.2-1.tar.bz2",
            "full_name": "bioconda/varscan/2.4.2/linux-64/varscan-2.4.2-1.tar.bz2",
            "labels": [
                "main",
                "cf201901"
            ],
            "md5": "591899036fc87517f90bff9872cd062f",
            "ndownloads": 1311,
            "owner": "bioconda",
            "size": 121517,
            "type": "conda",
            "upload_time": "2017-07-19 12:42:25.642000+00:00",
            "version": "2.4.2"
        },
        {
            "attrs": {
                "arch": "x86_64",
                "build": "1",
                "build_number": 1,
                "depends": [
                    "openjdk"
                ],
                "has_prefix": false,
                "license": "The Non-Profit Open Software License version 3.0 (NPOSL-3.0)",
                "machine": "x86_64",
                "operatingsystem": "darwin",
                "platform": "osx",
                "subdir": "osx-64",
                "target-triplet": "x86_64-any-darwin"
            },
            "basename": "osx-64/varscan-2.4.2-1.tar.bz2",
            "dependencies": {
                "depends": [
                    {
                        "name": "openjdk",
                        "specs": []
                    }
                ]
            },
            "description": null,
            "distribution_type": "conda",
            "download_url": "//api.anaconda.org/download/bioconda/varscan/2.4.2/osx-64/varscan-2.4.2-1.tar.bz2",
            "full_name": "bioconda/varscan/2.4.2/osx-64/varscan-2.4.2-1.tar.bz2",
            "labels": [
                "main",
                "cf201901"
            ],
            "md5": "2fe93c9c9c7c821d90176a4c84e1b5fa",
            "ndownloads": 588,
            "owner": "bioconda",
            "size": 121157,
            "type": "conda",
            "upload_time": "2017-07-19 13:18:40.539000+00:00",
            "version": "2.4.2"
        },
        {
            "attrs": {
                "arch": "x86_64",
                "build": "0",
                "build_number": 0,
                "depends": [
                    "openjdk"
                ],
                "has_prefix": false,
                "license": "The Non-Profit Open Software License version 3.0 (NPOSL-3.0)",
                "machine": "x86_64",
                "operatingsystem": "linux",
                "platform": "linux",
                "subdir": "linux-64",
                "target-triplet": "x86_64-any-linux"
            },
            "basename": "linux-64/varscan-2.4.3-0.tar.bz2",
            "dependencies": {
                "depends": [
                    {
                        "name": "openjdk",
                        "specs": []
                    }
                ]
            },
            "description": null,
            "distribution_type": "conda",
            "download_url": "//api.anaconda.org/download/bioconda/varscan/2.4.3/linux-64/varscan-2.4.3-0.tar.bz2",
            "full_name": "bioconda/varscan/2.4.3/linux-64/varscan-2.4.3-0.tar.bz2",
            "labels": [
                "main",
                "cf201901"
            ],
            "md5": "43edfef7c9ab48223d7ce7c5ad7ef2ff",
            "ndownloads": 3195,
            "owner": "bioconda",
            "size": 122079,
            "type": "conda",
            "upload_time": "2017-08-29 19:35:00.055000+00:00",
            "version": "2.4.3"
        },
        {
            "attrs": {
                "arch": null,
                "build": "2",
                "build_number": 2,
                "depends": [
                    "openjdk",
                    "zlib"
                ],
                "has_prefix": false,
                "license": "The Non-Profit Open Software License version 3.0 (NPOSL-3.0)",
                "machine": null,
                "noarch": "generic",
                "operatingsystem": null,
                "platform": null,
                "subdir": "noarch",
                "target-triplet": "None-any-None",
                "timestamp": 1552152058538
            },
            "basename": "noarch/varscan-2.4.3-2.tar.bz2",
            "dependencies": {
                "depends": [
                    {
                        "name": "openjdk",
                        "specs": []
                    },
                    {
                        "name": "zlib",
                        "specs": []
                    }
                ]
            },
            "description": null,
            "distribution_type": "conda",
            "download_url": "//api.anaconda.org/download/bioconda/varscan/2.4.3/noarch/varscan-2.4.3-2.tar.bz2",
            "full_name": "bioconda/varscan/2.4.3/noarch/varscan-2.4.3-2.tar.bz2",
            "labels": [
                "main"
            ],
            "md5": "66fcd37a648ddc55673138b755e5aaae",
            "ndownloads": 2132,
            "owner": "bioconda",
            "size": 124168,
            "type": "conda",
            "upload_time": "2019-03-09 17:23:41.879000+00:00",
            "version": "2.4.3"
        },
        {
            "attrs": {
                "arch": null,
                "build": "0",
                "build_number": 0,
                "depends": [
                    "openjdk",
                    "zlib"
                ],
                "has_prefix": false,
                "license": "The Non-Profit Open Software License version 3.0 (NPOSL-3.0)",
                "machine": null,
                "noarch": "generic",
                "operatingsystem": null,
                "platform": null,
                "subdir": "noarch",
                "target-triplet": "None-any-None",
                "timestamp": 1571910351831
            },
            "basename": "noarch/varscan-2.4.4-0.tar.bz2",
            "dependencies": {
                "depends": [
                    {
                        "name": "openjdk",
                        "specs": []
                    },
                    {
                        "name": "zlib",
                        "specs": []
                    }
                ]
            },
            "description": null,
            "distribution_type": "conda",
            "download_url": "//api.anaconda.org/download/bioconda/varscan/2.4.4/noarch/varscan-2.4.4-0.tar.bz2",
            "full_name": "bioconda/varscan/2.4.4/noarch/varscan-2.4.4-0.tar.bz2",
            "labels": [
                "main"
            ],
            "md5": "3e786cc396590c5b85cc54d0e2e63fb2",
            "ndownloads": 228,
            "owner": "bioconda",
            "size": 125393,
            "type": "conda",
            "upload_time": "2019-10-24 09:49:13.080000+00:00",
            "version": "2.4.4"
        },
        {
            "attrs": {
                "arch": null,
                "build": "3",
                "build_number": 3,
                "depends": [
                    "openjdk",
                    "python"
                ],
                "has_prefix": false,
                "license": "The Non-Profit Open Software License version 3.0 (NPOSL-3.0)",
                "machine": null,
                "noarch": "generic",
                "operatingsystem": null,
                "platform": null,
                "subdir": "noarch",
                "target-triplet": "None-any-None",
                "timestamp": 1572096805299
            },
            "basename": "noarch/varscan-2.3.7-3.tar.bz2",
            "dependencies": {
                "depends": [
                    {
                        "name": "openjdk",
                        "specs": []
                    },
                    {
                        "name": "python",
                        "specs": []
                    }
                ]
            },
            "description": null,
            "distribution_type": "conda",
            "download_url": "//api.anaconda.org/download/bioconda/varscan/2.3.7/noarch/varscan-2.3.7-3.tar.bz2",
            "full_name": "bioconda/varscan/2.3.7/noarch/varscan-2.3.7-3.tar.bz2",
            "labels": [
                "main"
            ],
            "md5": "0dac8ea7a5f1e29796684738dd6cb43d",
            "ndownloads": 20,
            "owner": "bioconda",
            "size": 110251,
            "type": "conda",
            "upload_time": "2019-10-26 13:39:03.643000+00:00",
            "version": "2.3.7"
        }
    ],
    "full_name": "bioconda/varscan",
    "home": "None",
    "html_url": "http://anaconda.org/bioconda/varscan",
    "id": "5623733dab59360b0dd044d7",
    "latest_version": "2.4.4",
    "license": "The Non-Profit Open Software License version 3.0 (NPOSL-3.0)",
    "license_url": null,
    "modified_at": "2019-10-26 13:39:03.883000+00:00",
    "name": "varscan",
    "owner": {
        "company": "",
        "created_at": "2015-09-11 22:59:20.880000+00:00",
        "description": "Bioconda is a distribution of bioinformatics software realized as a channel for the versatile Conda package manager.",
        "location": "",
        "login": "bioconda",
        "name": "bioconda",
        "url": "",
        "user_type": "org"
    },
    "package_types": [
        "conda"
    ],
    "public": true,
    "releases": [
        {
            "distributions": [
                "osx-64/varscan-2.4.0-0.tar.bz2",
                "linux-64/varscan-2.4.0-0.tar.bz2",
                "linux-64/varscan-2.4.0-1.tar.bz2",
                "osx-64/varscan-2.4.0-1.tar.bz2"
            ],
            "full_name": "bioconda/varscan/2.4.0",
            "version": "2.4.0"
        },
        {
            "distributions": [
                "linux-64/varscan-2.4.1-0.tar.bz2",
                "osx-64/varscan-2.4.1-0.tar.bz2"
            ],
            "full_name": "bioconda/varscan/2.4.1",
            "version": "2.4.1"
        },
        {
            "distributions": [],
            "full_name": "bioconda/varscan/2.4.2",
            "version": "2.4.2"
        },
        {
            "distributions": [],
            "full_name": "bioconda/varscan/2.3.7",
            "version": "2.3.7"
        },
        {
            "distributions": [],
            "full_name": "bioconda/varscan/2.4.3",
            "version": "2.4.3"
        },
        {
            "distributions": [],
            "full_name": "bioconda/varscan/2.4.4",
            "version": "2.4.4"
        }
    ],
    "revision": 14,
    "source_git_tag": null,
    "source_git_url": null,
    "summary": "variant detection in massively parallel sequencing data",
    "upvoted": 0,
    "url": "http://api.anaconda.org/packages/bioconda/varscan",
    "versions": [
        "2.4.0",
        "2.4.1",
        "2.4.2",
        "2.3.7",
        "2.4.3",
        "2.4.4"
    ],
    "watchers": 1
}