{
    "app_entry": {},
    "app_summary": {},
    "app_type": {},
    "builds": [
        "py_0"
    ],
    "conda_platforms": [
        "noarch"
    ],
    "created_at": "2019-09-17 21:18:20.929000+00:00",
    "description": "",
    "dev_url": null,
    "doc_url": null,
    "files": [
        {
            "attrs": {
                "arch": null,
                "build": "py_0",
                "build_number": 0,
                "depends": [
                    "python"
                ],
                "has_prefix": false,
                "license": "GPL3",
                "machine": null,
                "noarch": "python",
                "operatingsystem": null,
                "platform": null,
                "subdir": "noarch",
                "target-triplet": "None-any-None",
                "timestamp": 1568754923027
            },
            "basename": "noarch/vpolo-0.1.0-py_0.tar.bz2",
            "dependencies": {
                "depends": [
                    {
                        "name": "python",
                        "specs": []
                    }
                ]
            },
            "description": null,
            "distribution_type": "conda",
            "download_url": "//api.anaconda.org/download/bioconda/vpolo/0.1.0/noarch/vpolo-0.1.0-py_0.tar.bz2",
            "full_name": "bioconda/vpolo/0.1.0/noarch/vpolo-0.1.0-py_0.tar.bz2",
            "labels": [
                "main"
            ],
            "md5": "6ea114b527dcdf42d2f98bb31a7662d9",
            "ndownloads": 19,
            "owner": "bioconda",
            "size": 31046,
            "type": "conda",
            "upload_time": "2019-09-17 21:18:21.842000+00:00",
            "version": "0.1.0"
        },
        {
            "attrs": {
                "arch": null,
                "build": "py_0",
                "build_number": 0,
                "depends": [
                    "python"
                ],
                "has_prefix": false,
                "license": "GPL3",
                "machine": null,
                "noarch": "python",
                "operatingsystem": null,
                "platform": null,
                "subdir": "noarch",
                "target-triplet": "None-any-None",
                "timestamp": 1568913086218
            },
            "basename": "noarch/vpolo-0.2.0-py_0.tar.bz2",
            "dependencies": {
                "depends": [
                    {
                        "name": "python",
                        "specs": []
                    }
                ]
            },
            "description": null,
            "distribution_type": "conda",
            "download_url": "//api.anaconda.org/download/bioconda/vpolo/0.2.0/noarch/vpolo-0.2.0-py_0.tar.bz2",
            "full_name": "bioconda/vpolo/0.2.0/noarch/vpolo-0.2.0-py_0.tar.bz2",
            "labels": [
                "main"
            ],
            "md5": "69ca9417e18b31dc19a666640ef03b5e",
            "ndownloads": 68,
            "owner": "bioconda",
            "size": 32179,
            "type": "conda",
            "upload_time": "2019-09-19 17:14:22.040000+00:00",
            "version": "0.2.0"
        }
    ],
    "full_name": "bioconda/vpolo",
    "home": "https://github.com/k3yavi/vpolo",
    "html_url": "http://anaconda.org/bioconda/vpolo",
    "id": "5d814d9c778a870c420c5f87",
    "latest_version": "0.2.0",
    "license": "GPL3",
    "license_url": null,
    "modified_at": "2019-09-19 17:14:22.458000+00:00",
    "name": "vpolo",
    "owner": {
        "company": "",
        "created_at": "2015-09-11 22:59:20.880000+00:00",
        "description": "Bioconda is a distribution of bioinformatics software realized as a channel for the versatile Conda package manager.",
        "location": "",
        "login": "bioconda",
        "name": "bioconda",
        "url": "",
        "user_type": "org"
    },
    "package_types": [
        "conda"
    ],
    "public": true,
    "releases": [
        {
            "distributions": [],
            "full_name": "bioconda/vpolo/0.1.0",
            "version": "0.1.0"
        },
        {
            "distributions": [],
            "full_name": "bioconda/vpolo/0.2.0",
            "version": "0.2.0"
        }
    ],
    "revision": 4,
    "source_git_tag": null,
    "source_git_url": null,
    "summary": "Support package for Alevin tools",
    "upvoted": 0,
    "url": "http://api.anaconda.org/packages/bioconda/vpolo",
    "versions": [
        "0.1.0",
        "0.2.0"
    ],
    "watchers": 1
}