{
    "app_entry": {},
    "app_summary": {},
    "app_type": {},
    "builds": [
        "py36_0",
        "py_1",
        "py34_0",
        "py35_0",
        "py27_0"
    ],
    "conda_platforms": [
        "linux-64",
        "noarch",
        "osx-64"
    ],
    "created_at": "2016-05-31 16:17:20.375000+00:00",
    "description": "None",
    "dev_url": {},
    "doc_url": {},
    "files": [
        {
            "attrs": {
                "arch": "x86_64",
                "build": "py27_0",
                "build_number": 0,
                "depends": [
                    "python 2.7*"
                ],
                "license": "MIT",
                "machine": "x86_64",
                "operatingsystem": "linux",
                "platform": "linux",
                "subdir": "linux-64",
                "target-triplet": "x86_64-any-linux"
            },
            "basename": "linux-64/zifa-0.1.0-py27_0.tar.bz2",
            "dependencies": {
                "depends": [
                    {
                        "name": "python",
                        "specs": [
                            [
                                "==",
                                "2.7"
                            ]
                        ]
                    }
                ]
            },
            "description": null,
            "distribution_type": "conda",
            "download_url": "//api.anaconda.org/download/bioconda/zifa/0.1.0/linux-64/zifa-0.1.0-py27_0.tar.bz2",
            "full_name": "bioconda/zifa/0.1.0/linux-64/zifa-0.1.0-py27_0.tar.bz2",
            "labels": [
                "main",
                "cf201901"
            ],
            "md5": "e003cefd5ea1c844e4308088486a8028",
            "ndownloads": 559,
            "owner": "bioconda",
            "size": 18311,
            "type": "conda",
            "upload_time": "2016-05-31 16:17:20.807000+00:00",
            "version": "0.1.0"
        },
        {
            "attrs": {
                "arch": "x86_64",
                "build": "py27_0",
                "build_number": 0,
                "depends": [
                    "python 2.7*"
                ],
                "license": "MIT",
                "machine": "x86_64",
                "operatingsystem": "darwin",
                "platform": "osx",
                "subdir": "osx-64",
                "target-triplet": "x86_64-any-darwin"
            },
            "basename": "osx-64/zifa-0.1.0-py27_0.tar.bz2",
            "dependencies": {
                "depends": [
                    {
                        "name": "python",
                        "specs": [
                            [
                                "==",
                                "2.7"
                            ]
                        ]
                    }
                ]
            },
            "description": null,
            "distribution_type": "conda",
            "download_url": "//api.anaconda.org/download/bioconda/zifa/0.1.0/osx-64/zifa-0.1.0-py27_0.tar.bz2",
            "full_name": "bioconda/zifa/0.1.0/osx-64/zifa-0.1.0-py27_0.tar.bz2",
            "labels": [
                "main",
                "cf201901"
            ],
            "md5": "449af9a66c2ec8955cdf981edb049323",
            "ndownloads": 240,
            "owner": "bioconda",
            "size": 18317,
            "type": "conda",
            "upload_time": "2016-05-31 16:24:44.106000+00:00",
            "version": "0.1.0"
        },
        {
            "attrs": {
                "arch": null,
                "build": "py_1",
                "build_number": 1,
                "depends": [
                    "python"
                ],
                "has_prefix": false,
                "license": "MIT",
                "license_family": "MIT",
                "machine": null,
                "noarch": "python",
                "operatingsystem": null,
                "platform": null,
                "subdir": "noarch",
                "target-triplet": "None-any-None",
                "timestamp": 1529224831730
            },
            "basename": "noarch/zifa-0.1.0-py_1.tar.bz2",
            "dependencies": {
                "depends": [
                    {
                        "name": "python",
                        "specs": []
                    }
                ]
            },
            "description": null,
            "distribution_type": "conda",
            "download_url": "//api.anaconda.org/download/bioconda/zifa/0.1.0/noarch/zifa-0.1.0-py_1.tar.bz2",
            "full_name": "bioconda/zifa/0.1.0/noarch/zifa-0.1.0-py_1.tar.bz2",
            "labels": [
                "main",
                "cf201901"
            ],
            "md5": "270fb244dfdb6272baf5ed709242fedd",
            "ndownloads": 89,
            "owner": "bioconda",
            "size": 12174,
            "type": "conda",
            "upload_time": "2018-06-17 08:42:16.226000+00:00",
            "version": "0.1.0"
        },
        {
            "attrs": {
                "arch": "x86_64",
                "build": "py34_0",
                "build_number": 0,
                "depends": [
                    "python 3.4*"
                ],
                "has_prefix": false,
                "license": "MIT",
                "machine": "x86_64",
                "operatingsystem": "linux",
                "platform": "linux",
                "subdir": "linux-64",
                "target-triplet": "x86_64-any-linux"
            },
            "basename": "linux-64/zifa-0.1.0-py34_0.tar.bz2",
            "dependencies": {
                "depends": [
                    {
                        "name": "python",
                        "specs": [
                            [
                                "==",
                                "3.4"
                            ]
                        ]
                    }
                ]
            },
            "description": null,
            "distribution_type": "conda",
            "download_url": "//api.anaconda.org/download/bioconda/zifa/0.1.0/linux-64/zifa-0.1.0-py34_0.tar.bz2",
            "full_name": "bioconda/zifa/0.1.0/linux-64/zifa-0.1.0-py34_0.tar.bz2",
            "labels": [
                "main",
                "cf201901"
            ],
            "md5": "03bfa234c56efcb37ed3db28f0dbdb87",
            "ndownloads": 340,
            "owner": "bioconda",
            "size": 20020,
            "type": "conda",
            "upload_time": "2017-04-24 08:47:16.459000+00:00",
            "version": "0.1.0"
        },
        {
            "attrs": {
                "arch": "x86_64",
                "build": "py35_0",
                "build_number": 0,
                "depends": [
                    "python 3.5*"
                ],
                "has_prefix": false,
                "license": "MIT",
                "machine": "x86_64",
                "operatingsystem": "darwin",
                "platform": "osx",
                "subdir": "osx-64",
                "target-triplet": "x86_64-any-darwin"
            },
            "basename": "osx-64/zifa-0.1.0-py35_0.tar.bz2",
            "dependencies": {
                "depends": [
                    {
                        "name": "python",
                        "specs": [
                            [
                                "==",
                                "3.5"
                            ]
                        ]
                    }
                ]
            },
            "description": null,
            "distribution_type": "conda",
            "download_url": "//api.anaconda.org/download/bioconda/zifa/0.1.0/osx-64/zifa-0.1.0-py35_0.tar.bz2",
            "full_name": "bioconda/zifa/0.1.0/osx-64/zifa-0.1.0-py35_0.tar.bz2",
            "labels": [
                "main",
                "cf201901"
            ],
            "md5": "b00f32a40dad7e35b8f307462ad1a2f7",
            "ndownloads": 25,
            "owner": "bioconda",
            "size": 19718,
            "type": "conda",
            "upload_time": "2017-04-22 08:43:39.550000+00:00",
            "version": "0.1.0"
        },
        {
            "attrs": {
                "arch": "x86_64",
                "build": "py34_0",
                "build_number": 0,
                "depends": [
                    "python 3.4*"
                ],
                "has_prefix": false,
                "license": "MIT",
                "machine": "x86_64",
                "operatingsystem": "darwin",
                "platform": "osx",
                "subdir": "osx-64",
                "target-triplet": "x86_64-any-darwin"
            },
            "basename": "osx-64/zifa-0.1.0-py34_0.tar.bz2",
            "dependencies": {
                "depends": [
                    {
                        "name": "python",
                        "specs": [
                            [
                                "==",
                                "3.4"
                            ]
                        ]
                    }
                ]
            },
            "description": null,
            "distribution_type": "conda",
            "download_url": "//api.anaconda.org/download/bioconda/zifa/0.1.0/osx-64/zifa-0.1.0-py34_0.tar.bz2",
            "full_name": "bioconda/zifa/0.1.0/osx-64/zifa-0.1.0-py34_0.tar.bz2",
            "labels": [
                "main",
                "cf201901"
            ],
            "md5": "8641f5ff6cbc88df2b00e1bc1cb4d9c4",
            "ndownloads": 80,
            "owner": "bioconda",
            "size": 19791,
            "type": "conda",
            "upload_time": "2017-04-22 08:43:41.873000+00:00",
            "version": "0.1.0"
        },
        {
            "attrs": {
                "arch": "x86_64",
                "build": "py35_0",
                "build_number": 0,
                "depends": [
                    "python 3.5*"
                ],
                "has_prefix": false,
                "license": "MIT",
                "machine": "x86_64",
                "operatingsystem": "linux",
                "platform": "linux",
                "subdir": "linux-64",
                "target-triplet": "x86_64-any-linux"
            },
            "basename": "linux-64/zifa-0.1.0-py35_0.tar.bz2",
            "dependencies": {
                "depends": [
                    {
                        "name": "python",
                        "specs": [
                            [
                                "==",
                                "3.5"
                            ]
                        ]
                    }
                ]
            },
            "description": null,
            "distribution_type": "conda",
            "download_url": "//api.anaconda.org/download/bioconda/zifa/0.1.0/linux-64/zifa-0.1.0-py35_0.tar.bz2",
            "full_name": "bioconda/zifa/0.1.0/linux-64/zifa-0.1.0-py35_0.tar.bz2",
            "labels": [
                "main",
                "cf201901"
            ],
            "md5": "efd9f13dc80fc867695b546c79e03078",
            "ndownloads": 339,
            "owner": "bioconda",
            "size": 19976,
            "type": "conda",
            "upload_time": "2017-04-24 08:47:14.630000+00:00",
            "version": "0.1.0"
        },
        {
            "attrs": {
                "arch": "x86_64",
                "build": "py36_0",
                "build_number": 0,
                "depends": [
                    "python 3.6*"
                ],
                "has_prefix": false,
                "license": "MIT",
                "machine": "x86_64",
                "operatingsystem": "darwin",
                "platform": "osx",
                "subdir": "osx-64",
                "target-triplet": "x86_64-any-darwin"
            },
            "basename": "osx-64/zifa-0.1.0-py36_0.tar.bz2",
            "dependencies": {
                "depends": [
                    {
                        "name": "python",
                        "specs": [
                            [
                                "==",
                                "3.6"
                            ]
                        ]
                    }
                ]
            },
            "description": null,
            "distribution_type": "conda",
            "download_url": "//api.anaconda.org/download/bioconda/zifa/0.1.0/osx-64/zifa-0.1.0-py36_0.tar.bz2",
            "full_name": "bioconda/zifa/0.1.0/osx-64/zifa-0.1.0-py36_0.tar.bz2",
            "labels": [
                "main",
                "cf201901"
            ],
            "md5": "e3ad34eb9868b1d17e32af6c16425413",
            "ndownloads": 506,
            "owner": "bioconda",
            "size": 19580,
            "type": "conda",
            "upload_time": "2017-05-04 08:12:18.900000+00:00",
            "version": "0.1.0"
        },
        {
            "attrs": {
                "arch": "x86_64",
                "build": "py36_0",
                "build_number": 0,
                "depends": [
                    "python 3.6*"
                ],
                "has_prefix": false,
                "license": "MIT",
                "machine": "x86_64",
                "operatingsystem": "linux",
                "platform": "linux",
                "subdir": "linux-64",
                "target-triplet": "x86_64-any-linux"
            },
            "basename": "linux-64/zifa-0.1.0-py36_0.tar.bz2",
            "dependencies": {
                "depends": [
                    {
                        "name": "python",
                        "specs": [
                            [
                                "==",
                                "3.6"
                            ]
                        ]
                    }
                ]
            },
            "description": null,
            "distribution_type": "conda",
            "download_url": "//api.anaconda.org/download/bioconda/zifa/0.1.0/linux-64/zifa-0.1.0-py36_0.tar.bz2",
            "full_name": "bioconda/zifa/0.1.0/linux-64/zifa-0.1.0-py36_0.tar.bz2",
            "labels": [
                "main",
                "cf201901"
            ],
            "md5": "73e4d864a6cad894b12ae1e53e3beed4",
            "ndownloads": 367,
            "owner": "bioconda",
            "size": 19910,
            "type": "conda",
            "upload_time": "2017-05-04 23:29:12.534000+00:00",
            "version": "0.1.0"
        }
    ],
    "full_name": "bioconda/zifa",
    "home": "None",
    "html_url": "http://anaconda.org/bioconda/zifa",
    "id": "574db9107a81972e97eecf78",
    "latest_version": "0.1.0",
    "license": "MIT",
    "license_url": {},
    "modified_at": "2018-06-17 08:42:17.036000+00:00",
    "name": "zifa",
    "owner": {
        "company": "",
        "created_at": "2015-09-11 22:59:20.880000+00:00",
        "description": "Bioconda is a distribution of bioinformatics software realized as a channel for the versatile Conda package manager.",
        "location": "",
        "login": "bioconda",
        "name": "bioconda",
        "url": "",
        "user_type": "org"
    },
    "package_types": [
        "conda"
    ],
    "public": true,
    "releases": [
        {
            "distributions": [
                "linux-64/zifa-0.1.0-py27_0.tar.bz2",
                "osx-64/zifa-0.1.0-py27_0.tar.bz2"
            ],
            "full_name": "bioconda/zifa/0.1.0",
            "version": "0.1.0"
        }
    ],
    "revision": 3,
    "source_git_tag": {},
    "source_git_url": {},
    "summary": "Dimensionality reduction for zero-inflated single-cell gene expression analysis",
    "upvoted": 0,
    "url": "http://api.anaconda.org/packages/bioconda/zifa",
    "versions": [
        "0.1.0"
    ],
    "watchers": 1
}